Datetime,Dispatch,Dispatch DA,LMP,LMP DA,Available headroom,LoadShedding,ReserveShortfall,RenewablesUsed,RenewablesCurtailment,Reserve
2020-01-01 00:00:00,398.0,400.0,0.0,-0.0,1382.0,0.0,0.0,1899.530156,737.969844,493.429523
2020-01-01 01:00:00,398.0,400.0,0.0,-0.0,1383.0,0.0,0.0,1808.859856,811.580144,479.678978
2020-01-01 02:00:00,398.0,400.0,0.0,-0.0,1383.0,0.0,0.0,1769.70306,815.15894,473.805459
2020-01-01 03:00:00,398.0,400.0,0.0,-0.0,1383.0,0.0,0.0,1758.837413,727.598587,472.175612
2020-01-01 04:00:00,398.0,400.0,0.0,-0.0,1383.0,0.0,0.0,1828.204182,747.559818,482.580627
2020-01-01 05:00:00,398.0,400.0,0.0,18.861019,1382.0,0.0,0.0,2020.536426,580.661574,511.580464
2020-01-01 06:00:00,400.0,400.0,17.392886,71.116714,1360.958786,0.0,0.0,2246.739073,300.356927,560.667043
2020-01-01 07:00:00,400.0,400.0,20.234035,-0.0,1192.276347,0.0,0.0,2289.589322,272.010678,580.396946
2020-01-01 08:00:00,400.0,400.0,0.0,-0.0,1370.0,0.0,0.0,2471.511843,984.090157,581.026776
2020-01-01 09:00:00,400.0,400.0,0.0,-0.0,1361.0,0.0,0.0,2514.476278,1096.491722,588.821442
2020-01-01 10:00:00,400.0,400.0,0.0,-0.0,1354.0,0.0,0.0,2511.035993,995.466007,589.355399
2020-01-01 11:00:00,400.0,400.0,0.0,18.708217,1352.0,0.0,0.0,2495.54527,486.78473,587.331791
2020-01-01 12:00:00,400.0,400.0,18.861019,18.861019,1230.449473,0.0,0.0,2347.738,0.0,583.393279
2020-01-01 13:00:00,400.0,400.0,19.034775,19.685338,1196.77453,0.0,0.0,2128.73,0.0,581.09332
2020-01-01 14:00:00,398.0,400.0,0.0,19.430296,1562.0,0.0,0.0,1934.064644,4.935356,575.859697
2020-01-01 15:00:00,400.0,400.0,0.0,21.287879,1919.0,0.0,0.0,1727.635557,126.596443,572.345334
2020-01-01 16:00:00,400.0,400.0,19.430296,29.202936,1875.616505,0.0,0.0,1342.086,0.0,574.270424
2020-01-01 17:00:00,400.0,400.0,21.096312,72.509479,1339.53801,0.0,0.0,1079.754,0.0,643.082398
2020-01-01 18:00:00,400.0,400.0,23.069973,70.94615,1255.310359,0.0,0.0,1217.998,0.0,676.453146
2020-01-01 19:00:00,400.0,400.0,22.96816,23.604566,1337.262415,0.0,0.0,1161.438,0.0,655.676338
2020-01-01 20:00:00,400.0,400.0,21.474047,21.647258,1607.144724,0.0,0.0,1320.332,0.0,639.028091
2020-01-01 21:00:00,400.0,400.0,20.419098,19.68943,1614.131689,0.0,0.0,1448.668,0.0,603.980447
2020-01-01 22:00:00,400.0,400.0,20.738013,19.430296,916.073004,0.0,0.0,1174.63,0.0,561.083549
2020-01-01 23:00:00,400.0,400.0,21.474047,19.68943,859.97759,0.0,0.0,1204.338,0.0,520.704061
2020-01-02 00:00:00,400.0,400.0,20.400003,19.034775,1114.138884,0.0,0.0,1269.102,0.0,492.294467
2020-01-02 01:00:00,400.0,400.0,21.288154,-0.0,909.844719,0.0,0.0,962.768,0.0,476.988492
2020-01-02 02:00:00,400.0,400.0,21.288154,-0.0,898.372124,0.0,0.0,909.332,0.0,470.693981
2020-01-02 03:00:00,400.0,400.0,21.647258,18.861019,845.178591,0.0,0.0,834.568,0.0,467.458411
2020-01-02 04:00:00,400.0,400.0,21.287879,19.034775,937.162834,0.0,0.0,978.432,0.0,475.240375
2020-01-02 05:00:00,400.0,400.0,19.68943,20.400003,1229.732924,0.0,0.0,1440.37,0.0,500.645561
2020-01-02 06:00:00,400.0,400.0,21.116411,66.467768,1005.55577,0.0,0.0,1532.22,0.0,548.049634
2020-01-02 07:00:00,400.0,400.0,73.069973,-0.0,414.311171,0.0,350.047853,1560.418,0.0,564.466024
2020-01-02 08:00:00,398.0,400.0,0.0,-0.0,1254.0,0.0,0.0,2414.710915,11.641085,566.656637
2020-01-02 09:00:00,400.0,400.0,0.0,-0.0,1247.0,0.0,0.0,2477.836877,524.313123,577.175532
2020-01-02 10:00:00,398.0,400.0,0.0,-0.0,1263.0,0.0,0.0,2532.240377,899.125623,582.936057
2020-01-02 11:00:00,398.0,400.0,0.0,-0.0,1262.0,0.0,0.0,2573.113167,1009.024833,589.216975
2020-01-02 12:00:00,398.0,400.0,0.0,-0.0,1261.0,0.0,0.0,2567.720064,987.817936,588.55801
2020-01-02 13:00:00,398.0,400.0,0.0,-0.0,1260.0,0.0,0.0,2583.707021,775.922979,591.106053
2020-01-02 14:00:00,400.0,400.0,0.0,-0.0,1258.0,0.0,0.0,2421.538029,859.591971,592.580704
2020-01-02 15:00:00,400.0,400.0,0.0,-0.0,1445.0,0.0,0.0,2373.543042,774.978958,585.081456
2020-01-02 16:00:00,400.0,400.0,0.0,20.419098,1449.0,0.0,0.0,2210.317588,371.920412,585.497638
2020-01-02 17:00:00,400.0,400.0,21.905537,72.96816,1131.062967,0.0,0.0,1913.788373,375.273627,640.758811
2020-01-02 18:00:00,400.0,400.0,22.23556,72.732362,1234.068399,0.0,0.0,2009.111781,427.772219,673.056507
2020-01-02 19:00:00,400.0,400.0,21.708134,43.600705,1315.535126,0.0,0.0,2042.484483,324.447517,647.842404
2020-01-02 20:00:00,400.0,400.0,20.547985,24.776655,1380.561439,0.0,0.0,2051.564922,184.301078,631.200522
2020-01-02 21:00:00,400.0,400.0,20.234035,21.287879,1306.086684,0.0,0.0,2143.322419,191.397581,595.38536
2020-01-02 22:00:00,400.0,400.0,19.533879,-0.0,1257.861153,0.0,0.0,2175.748841,111.983159,554.233153
2020-01-02 23:00:00,398.0,400.0,0.0,-0.0,1339.0,0.0,0.0,1982.417454,111.112546,513.062618
2020-01-03 00:00:00,398.0,400.0,0.0,0.0,1109.0,0.0,0.0,2000.102014,4.079986,485.565302
2020-01-03 01:00:00,400.0,400.0,0.0,0.0,1121.0,0.0,0.0,1927.882184,473.665816,472.932328
2020-01-03 02:00:00,400.0,400.0,0.0,0.0,1110.0,0.0,0.0,1851.666615,229.513385,463.149992
2020-01-03 03:00:00,398.0,400.0,0.0,0.0,1109.0,0.0,0.0,1850.851275,5.838725,463.177691
2020-01-03 04:00:00,400.0,400.0,19.68943,0.0,764.045431,0.0,0.0,1543.862,0.0,468.872485
2020-01-03 05:00:00,400.0,400.0,18.52187,19.899927,1055.836088,0.0,0.0,1993.02328,141.37672,492.478079
2020-01-03 06:00:00,400.0,400.0,46.219155,65.435568,709.550557,0.0,0.0,1961.054271,207.675729,539.625557
2020-01-03 07:00:00,400.0,400.0,21.122752,0.0,770.329074,0.0,0.0,2132.573279,307.556721,556.236631
2020-01-03 08:00:00,400.0,400.0,0.0,0.0,1103.0,0.0,0.0,2548.391892,613.376108,568.708784
2020-01-03 09:00:00,400.0,400.0,0.0,0.0,1103.0,0.0,0.0,2614.249893,1036.518107,578.587484
2020-01-03 10:00:00,400.0,400.0,0.0,0.0,1099.0,0.0,0.0,2672.158948,1049.261052,587.873842
2020-01-03 11:00:00,400.0,400.0,0.0,0.0,1099.0,0.0,0.0,2723.042195,988.473805,595.506329
2020-01-03 12:00:00,400.0,400.0,0.0,0.0,1097.0,0.0,0.0,2726.781029,917.180971,596.367154
2020-01-03 13:00:00,400.0,400.0,0.0,0.0,1097.0,0.0,0.0,2730.404375,907.697625,596.910656
2020-01-03 14:00:00,398.0,400.0,0.0,0.0,1099.0,0.0,0.0,2725.455441,803.944559,595.868316
2020-01-03 15:00:00,398.0,400.0,0.0,9.159303,1099.0,0.0,0.0,2714.994326,459.675674,594.299149
2020-01-03 16:00:00,398.0,400.0,0.0,26.555425,1100.0,0.0,0.0,1550.610429,998.687571,572.491564
2020-01-03 17:00:00,398.0,400.0,0.0,77.755129,2213.0,0.0,0.0,1822.341935,27.090065,624.80129
2020-01-03 18:00:00,400.0,400.0,18.861019,76.755559,2088.276723,0.0,0.0,1889.084,0.0,653.521092
2020-01-03 19:00:00,400.0,400.0,19.68943,32.872831,1833.394744,0.0,0.0,1574.18,0.0,624.267788
2020-01-03 20:00:00,400.0,400.0,22.576747,21.288154,1289.348479,0.0,0.0,1209.39,0.0,605.106228
2020-01-03 21:00:00,400.0,400.0,23.069973,19.430296,1166.716457,0.0,0.0,914.236,0.0,579.227931
2020-01-03 22:00:00,400.0,400.0,23.128644,0.0,1092.398655,0.0,0.0,639.872,0.0,549.221002
2020-01-03 23:00:00,400.0,400.0,22.576747,19.034775,1283.847804,0.0,0.0,599.33,0.0,514.422329
2020-01-04 00:00:00,400.0,400.0,23.128644,22.576747,875.947973,0.0,0.0,367.138,0.0,487.528504
2020-01-04 01:00:00,400.0,400.0,23.128644,23.069973,927.577374,0.0,0.0,314.68,0.0,471.915394
2020-01-04 02:00:00,400.0,400.0,23.069973,23.128644,940.202519,0.0,0.0,284.598,0.0,465.509322
2020-01-04 03:00:00,400.0,400.0,23.069973,23.069973,1001.721977,0.0,0.0,308.238,0.0,459.827403
2020-01-04 04:00:00,400.0,400.0,22.96816,23.069973,1013.376702,0.0,0.0,331.314,0.0,461.540595
2020-01-04 05:00:00,400.0,400.0,23.128644,23.206766,925.003422,0.0,0.0,320.086,0.0,473.112387
2020-01-04 06:00:00,400.0,400.0,23.206766,45.958994,827.441756,0.0,0.0,342.078,0.0,493.445437
2020-01-04 07:00:00,400.0,400.0,76.324557,21.116714,489.25304,0.0,154.663804,412.552,0.0,499.094844
2020-01-04 08:00:00,400.0,400.0,22.492854,19.034775,897.823803,0.0,0.0,1226.7,0.0,506.68143
2020-01-04 09:00:00,400.0,400.0,19.034775,0.0,1225.052201,0.0,0.0,1672.92,0.0,524.53017
2020-01-04 10:00:00,400.0,400.0,0.0,0.0,1441.0,0.0,0.0,1936.9433,467.0387,531.741495
2020-01-04 11:00:00,398.0,400.0,0.0,0.0,1437.0,0.0,0.0,1927.736396,1051.511604,530.960459
2020-01-04 12:00:00,398.0,400.0,0.0,0.0,1438.0,0.0,0.0,1908.728571,1624.841429,527.959286
2020-01-04 13:00:00,398.0,400.0,0.0,0.0,1438.0,0.0,0.0,1876.520539,1743.909461,523.128081
2020-01-04 14:00:00,398.0,400.0,0.0,0.0,1440.0,0.0,0.0,1826.6102,1879.5438,515.34153
2020-01-04 15:00:00,398.0,400.0,0.0,0.0,1439.0,0.0,0.0,1792.964588,1378.813412,510.444688
2020-01-04 16:00:00,398.0,400.0,0.0,73.657594,1443.0,0.0,0.0,1571.873858,1078.078142,512.381079
2020-01-04 17:00:00,400.0,400.0,17.392886,75.351493,1673.569263,0.0,0.0,1838.289542,123.026458,570.408042
2020-01-04 18:00:00,400.0,400.0,22.632352,29.587449,1174.692428,0.0,0.0,1703.688206,93.079794,606.449367
2020-01-04 19:00:00,400.0,400.0,74.762577,21.122752,680.863651,0.0,95.031154,1864.602346,117.375654,589.910804
2020-01-04 20:00:00,400.0,400.0,20.234035,25.153791,975.427029,0.0,0.0,2229.407196,291.330804,577.197025
2020-01-04 21:00:00,400.0,400.0,16.247117,19.958349,873.518168,0.0,0.0,2427.336445,298.831555,557.522742
2020-01-04 22:00:00,400.0,400.0,20.42044,10.190741,724.86354,0.0,0.0,2100.817953,319.144047,530.843162
2020-01-04 23:00:00,400.0,400.0,20.42044,11.325171,752.001637,0.0,0.0,1953.991623,303.774377,504.748498
2020-01-05 00:00:00,400.0,400.0,74.762577,19.533879,482.986092,0.0,153.832106,1901.767416,364.234584,484.017198
2020-01-05 01:00:00,400.0,400.0,74.060266,0.0,587.653147,0.0,30.714512,1909.477534,350.670466,469.473658
2020-01-05 02:00:00,400.0,400.0,20.42044,0.0,623.44608,0.0,0.0,1896.504808,348.595192,462.158809
2020-01-05 03:00:00,400.0,400.0,20.234035,0.0,642.531188,0.0,0.0,1901.348552,339.083448,460.022605
2020-01-05 04:00:00,398.0,400.0,0.0,0.0,802.0,0.0,0.0,2058.867945,356.732055,463.030192
2020-01-05 05:00:00,400.0,400.0,0.0,19.958349,834.0,0.0,0.0,2111.379568,459.720432,471.056935
2020-01-05 06:00:00,400.0,400.0,0.0,43.517648,834.0,0.0,0.0,2186.665052,412.054948,486.849758
2020-01-05 07:00:00,398.0,400.0,0.0,0.0,842.0,0.0,0.0,2210.751927,344.580073,487.912789
2020-01-05 08:00:00,398.0,400.0,-0.0,0.0,841.0,0.0,0.0,2226.577243,1312.224757,490.436586
2020-01-05 09:00:00,400.0,400.0,-0.0,0.0,841.0,0.0,0.0,2298.440496,1700.209504,501.216074
2020-01-05 10:00:00,400.0,400.0,0.0,0.0,837.0,0.0,0.0,2309.652367,1783.927633,504.697855
2020-01-05 11:00:00,400.0,400.0,0.0,0.0,836.0,0.0,0.0,2256.133117,1886.886883,504.919968
2020-01-05 12:00:00,400.0,400.0,-0.0,0.0,929.0,0.0,0.0,2260.741123,1948.958877,505.611168
2020-01-05 13:00:00,400.0,400.0,0.0,0.0,929.0,0.0,0.0,2230.431834,2045.734166,501.064775
2020-01-05 14:00:00,398.0,400.0,0.0,0.0,931.0,0.0,0.0,2212.14955,1918.15245,498.022433
2020-01-05 15:00:00,398.0,400.0,0.0,0.0,934.0,0.0,0.0,2045.760603,1865.305397,498.11409
2020-01-05 16:00:00,398.0,400.0,0.0,20.846138,1119.0,0.0,0.0,1189.804073,2045.865927,502.020611
2020-01-05 17:00:00,398.0,400.0,0.0,74.763978,2166.0,0.0,0.0,1558.891594,961.606406,560.383739
2020-01-05 18:00:00,398.0,400.0,0.0,76.28316,2198.0,0.0,0.0,1836.435924,582.964076,606.215389
2020-01-05 19:00:00,398.0,400.0,0.0,39.362448,2161.0,0.0,0.0,1820.429393,556.704607,596.764409
2020-01-05 20:00:00,398.0,400.0,0.0,22.732362,2065.0,0.0,0.0,1784.30658,475.89142,582.495987
2020-01-05 21:00:00,398.0,400.0,0.0,21.287879,2065.0,0.0,0.0,1607.292353,665.925647,555.943853
2020-01-05 22:00:00,400.0,400.0,0.0,15.613209,1975.0,0.0,0.0,1454.428929,886.191071,523.714339
2020-01-05 23:00:00,400.0,400.0,0.0,0.0,1788.0,0.0,0.0,1412.977432,846.306568,492.296615
2020-01-06 00:00:00,400.0,400.0,20.526636,0.0,771.614734,0.0,0.0,1694.043957,149.136043,473.914384
2020-01-06 01:00:00,400.0,400.0,19.533879,0.0,959.776218,0.0,0.0,1807.683419,107.416581,462.73608
2020-01-06 02:00:00,398.0,400.0,0.0,0.0,1047.0,0.0,0.0,1874.358213,240.143787,459.653732
2020-01-06 03:00:00,400.0,400.0,19.533879,0.0,957.079793,0.0,0.0,1781.958795,270.403205,459.28185
2020-01-06 04:00:00,400.0,400.0,20.42044,0.0,868.362225,0.0,0.0,1755.722509,177.977491,471.954043
2020-01-06 05:00:00,400.0,400.0,75.433611,24.096867,530.137195,0.0,119.539339,1567.454084,161.883916,503.897533
2020-01-06 06:00:00,400.0,400.0,78.389212,75.433611,269.703173,0.0,314.738645,1502.828628,292.039372,557.868818
2020-01-06 07:00:00,400.0,400.0,75.433611,0.0,515.856853,0.0,260.498384,1967.711766,252.266234,576.128237
2020-01-06 08:00:00,400.0,400.0,0.0,0.0,1136.0,0.0,0.0,2599.125392,910.842608,577.818809
2020-01-06 09:00:00,400.0,400.0,0.0,0.0,1140.0,0.0,0.0,2642.49711,1543.98689,583.724566
2020-01-06 10:00:00,400.0,400.0,0.0,0.0,1139.0,0.0,0.0,2668.575693,1781.640307,587.786354
2020-01-06 11:00:00,400.0,400.0,0.0,0.0,1135.0,0.0,0.0,2687.137055,1753.882945,591.170558
2020-01-06 12:00:00,400.0,400.0,0.0,0.0,1128.0,0.0,0.0,2656.200498,1599.449502,587.580075
2020-01-06 13:00:00,398.0,400.0,0.0,0.0,1126.0,0.0,0.0,2600.26214,1438.99986,579.489321
2020-01-06 14:00:00,398.0,400.0,0.0,0.0,1125.0,0.0,0.0,2567.40549,1235.44851,574.710824
2020-01-06 15:00:00,400.0,400.0,0.0,0.0,1124.0,0.0,0.0,2405.204023,1104.911977,576.030603
2020-01-06 16:00:00,398.0,400.0,0.0,20.234035,1311.0,0.0,0.0,2396.565793,425.416207,574.434869
2020-01-06 17:00:00,400.0,400.0,74.332639,68.724988,624.179174,0.0,76.866996,1989.333638,73.486362,635.87317
2020-01-06 18:00:00,400.0,400.0,72.905772,72.586697,690.523779,0.0,167.032254,2103.064,0.0,674.631033
2020-01-06 19:00:00,400.0,400.0,71.474047,45.977731,831.421647,0.0,27.112606,2137.61,0.0,656.278253
2020-01-06 20:00:00,400.0,400.0,20.761583,24.068952,984.774663,0.0,0.0,2289.24179,91.74021,638.770069
2020-01-06 21:00:00,400.0,400.0,20.234035,20.234035,939.30479,0.0,0.0,2433.263747,245.998253,606.443844
2020-01-06 22:00:00,398.0,400.0,0.0,0.0,1216.0,0.0,0.0,2397.896864,342.771136,559.63453
2020-01-06 23:00:00,400.0,400.0,0.0,0.0,1031.0,0.0,0.0,2308.489022,416.532978,520.723353
2020-01-07 00:00:00,400.0,400.0,0.0,0.0,1033.0,0.0,0.0,2122.986678,642.611322,492.598002
2020-01-07 01:00:00,400.0,400.0,0.0,0.0,1033.0,0.0,0.0,2012.884506,612.049494,476.082676
2020-01-07 02:00:00,400.0,400.0,0.0,0.0,1033.0,0.0,0.0,1987.909386,679.856614,472.336408
2020-01-07 03:00:00,400.0,400.0,0.0,0.0,1033.0,0.0,0.0,1988.843058,663.696942,472.476459
2020-01-07 04:00:00,400.0,400.0,0.0,0.0,1033.0,0.0,0.0,2078.601115,580.026885,485.940167
2020-01-07 05:00:00,398.0,400.0,0.0,49.262134,1033.0,0.0,0.0,2270.784261,382.083739,518.067639
2020-01-07 06:00:00,400.0,400.0,20.42044,74.060266,809.267384,0.0,0.0,2294.517314,344.782686,573.33749
2020-01-07 07:00:00,400.0,400.0,74.332639,0.0,593.339279,0.0,194.919082,2445.235024,274.114976,591.884362
2020-01-07 08:00:00,400.0,400.0,0.0,0.0,924.0,0.0,0.0,2795.21148,628.64052,586.531722
2020-01-07 09:00:00,400.0,400.0,0.0,0.0,929.0,0.0,0.0,2802.917121,1306.202879,586.937568
2020-01-07 10:00:00,400.0,400.0,0.0,0.0,929.0,0.0,0.0,2704.5527,1611.0013,572.182905
2020-01-07 11:00:00,400.0,400.0,0.0,0.0,929.0,0.0,0.0,2753.03916,1714.21084,579.455874
2020-01-07 12:00:00,400.0,400.0,-0.0,0.0,929.0,0.0,0.0,2801.792342,1688.337658,586.768851
2020-01-07 13:00:00,400.0,400.0,-0.0,0.0,928.0,0.0,0.0,2762.314649,1744.075351,580.997197
2020-01-07 14:00:00,400.0,400.0,0.0,0.0,928.0,0.0,0.0,2743.682987,1642.997013,578.202448
2020-01-07 15:00:00,400.0,400.0,0.0,0.0,927.0,0.0,0.0,2530.12859,1482.35541,571.819288
2020-01-07 16:00:00,398.0,400.0,0.0,20.540388,1111.0,0.0,0.0,2393.639251,837.958749,576.995888
2020-01-07 17:00:00,400.0,400.0,21.905537,47.897379,801.584742,0.0,0.0,2262.456818,223.361182,635.980811
2020-01-07 18:00:00,400.0,400.0,73.873861,66.432401,778.058028,0.0,65.030544,2410.755172,188.416828,670.904572
2020-01-07 19:00:00,400.0,400.0,59.827003,68.373199,848.206787,0.0,0.0,2352.005365,192.544635,655.169787
2020-01-07 20:00:00,400.0,400.0,76.141538,25.953799,472.429559,0.0,367.560852,1946.158968,178.589032,641.659411
2020-01-07 21:00:00,400.0,400.0,21.122752,23.826284,869.939528,0.0,0.0,2384.316189,263.031811,608.456499
2020-01-07 22:00:00,400.0,400.0,16.161667,0.0,1131.210811,0.0,0.0,2340.16895,232.46905,562.643721
2020-01-07 23:00:00,398.0,400.0,0.0,0.0,995.0,0.0,0.0,2288.986716,106.975284,522.148007
2020-01-08 00:00:00,398.0,400.0,0.0,20.234035,993.0,0.0,0.0,1950.367185,327.730815,497.155078
2020-01-08 01:00:00,398.0,400.0,0.0,0.0,1171.0,0.0,0.0,1849.998425,206.141575,483.149764
2020-01-08 02:00:00,398.0,400.0,0.0,0.0,1184.0,0.0,0.0,1842.047392,588.914608,480.007109
2020-01-08 03:00:00,398.0,400.0,0.0,20.234035,1185.0,0.0,0.0,1857.032065,574.603935,482.10481
2020-01-08 04:00:00,398.0,400.0,0.0,26.905326,1183.0,0.0,0.0,1693.269132,703.894868,495.64037
2020-01-08 05:00:00,398.0,400.0,0.0,75.545362,1495.0,0.0,0.0,1724.212084,839.785916,532.081813
2020-01-08 06:00:00,398.0,400.0,0.0,85.292165,1743.0,0.0,0.0,2042.489125,565.406875,594.673369
2020-01-08 07:00:00,400.0,400.0,14.627865,0.0,1629.090819,0.0,0.0,2296.357256,367.742744,615.789966
2020-01-08 08:00:00,398.0,400.0,0.0,0.0,1211.0,0.0,0.0,2623.09487,748.50713,604.51423
2020-01-08 09:00:00,398.0,400.0,0.0,0.0,1222.0,0.0,0.0,2616.038234,1322.229766,601.805735
2020-01-08 10:00:00,398.0,400.0,0.0,0.0,1222.0,0.0,0.0,2591.399025,1822.602975,598.109854
2020-01-08 11:00:00,398.0,400.0,0.0,0.0,1223.0,0.0,0.0,2565.512307,1997.217693,594.076846
2020-01-08 12:00:00,398.0,400.0,0.0,0.0,1223.0,0.0,0.0,2515.082868,2083.455132,586.51243
2020-01-08 13:00:00,398.0,400.0,0.0,0.0,1221.0,0.0,0.0,2480.143742,2113.886258,581.571561
2020-01-08 14:00:00,398.0,400.0,0.0,0.0,1221.0,0.0,0.0,2436.902488,1899.097511,575.085373
2020-01-08 15:00:00,398.0,400.0,0.0,0.0,1205.0,0.0,0.0,2395.266657,1394.065343,571.239999
2020-01-08 16:00:00,398.0,400.0,0.0,19.958349,1204.0,0.0,0.0,2302.24451,728.14149,582.936677
2020-01-08 17:00:00,400.0,400.0,20.234035,41.65898,1176.502343,0.0,0.0,2498.579117,292.374883,644.261516
2020-01-08 18:00:00,400.0,400.0,21.368347,71.673368,990.889022,0.0,0.0,2505.675241,283.222759,679.167933
2020-01-08 19:00:00,400.0,400.0,21.368347,55.030613,998.23117,0.0,0.0,2442.022994,179.615006,662.518774
2020-01-08 20:00:00,400.0,400.0,20.547985,26.345042,1070.169969,0.0,0.0,2429.828119,281.603881,649.898722
2020-01-08 21:00:00,400.0,400.0,20.42044,21.190895,961.092847,0.0,0.0,2426.411952,212.156048,612.497866
2020-01-08 22:00:00,400.0,400.0,16.247117,16.161667,906.634379,0.0,0.0,2426.202657,112.127343,567.385242
2020-01-08 23:00:00,398.0,400.0,0.0,0.0,1043.0,0.0,0.0,2289.11031,216.52769,526.366546
2020-01-09 00:00:00,398.0,400.0,0.0,-0.0,1045.0,0.0,0.0,2128.982364,308.419636,502.047355
2020-01-09 01:00:00,398.0,400.0,0.0,-0.0,1046.0,0.0,0.0,2017.987042,429.680958,485.248056
2020-01-09 02:00:00,398.0,400.0,0.0,-0.0,1046.0,0.0,0.0,1993.900696,501.431304,481.635104
2020-01-09 03:00:00,398.0,400.0,0.0,-0.0,1048.0,0.0,0.0,2018.3828,551.2852,485.00742
2020-01-09 04:00:00,398.0,400.0,0.0,-0.0,1045.0,0.0,0.0,2099.100111,378.831889,497.565017
2020-01-09 05:00:00,398.0,400.0,0.0,45.008031,1039.0,0.0,0.0,2168.096545,170.473455,534.314482
2020-01-09 06:00:00,400.0,400.0,16.325521,71.868788,1060.537956,0.0,0.0,2355.912454,44.707546,590.606175
2020-01-09 07:00:00,400.0,400.0,20.234035,-0.0,996.642234,0.0,0.0,2435.671167,142.546833,608.55434
2020-01-09 08:00:00,398.0,400.0,0.0,-0.0,1211.0,0.0,0.0,2623.937908,791.914092,604.640686
2020-01-09 09:00:00,398.0,400.0,0.0,-0.0,1216.0,0.0,0.0,2629.777344,1089.272656,604.766602
2020-01-09 10:00:00,398.0,400.0,0.0,-0.0,1206.0,0.0,0.0,2558.630571,1016.535429,595.594586
2020-01-09 11:00:00,398.0,400.0,0.0,-0.0,1205.0,0.0,0.0,2486.70755,893.53045,584.956132
2020-01-09 12:00:00,398.0,400.0,0.0,-0.0,1205.0,0.0,0.0,2453.811996,1058.226004,580.021799
2020-01-09 13:00:00,398.0,400.0,0.0,18.861019,1206.0,0.0,0.0,2430.547226,498.582774,576.382084
2020-01-09 14:00:00,398.0,400.0,0.0,19.034775,1207.0,0.0,0.0,2068.759263,654.870737,572.963889
2020-01-09 15:00:00,400.0,400.0,0.0,20.846138,1576.0,0.0,0.0,1740.255318,545.366682,570.338298
2020-01-09 16:00:00,398.0,400.0,0.0,76.324557,1970.0,0.0,0.0,1519.528544,301.309456,572.179282
2020-01-09 17:00:00,400.0,400.0,19.685338,80.530112,1927.083709,0.0,0.0,1517.062,0.0,634.346744
2020-01-09 18:00:00,400.0,400.0,20.419098,23.814127,1731.234432,0.0,0.0,1655.884,0.0,670.147435
2020-01-09 19:00:00,400.0,400.0,22.656017,22.576747,1200.516353,0.0,0.0,1733.898115,60.333885,654.957264
2020-01-09 20:00:00,400.0,400.0,21.116714,20.419098,1346.743445,0.0,0.0,1758.266,0.0,636.678383
2020-01-09 21:00:00,400.0,400.0,19.983547,18.861019,1548.73355,0.0,0.0,1728.52,0.0,601.917967
2020-01-09 22:00:00,400.0,400.0,19.034775,19.034775,1355.624822,0.0,0.0,1963.632,0.0,559.651077
2020-01-09 23:00:00,400.0,400.0,18.52187,-0.0,1281.945827,0.0,0.0,1974.525612,105.004388,519.086968
2020-01-10 00:00:00,400.0,400.0,19.533879,-0.0,1247.015956,0.0,0.0,1757.619641,227.262359,491.790553
2020-01-10 01:00:00,398.0,400.0,0.0,-0.0,1333.0,0.0,0.0,1765.057403,252.390597,480.00861
2020-01-10 02:00:00,398.0,400.0,0.0,-0.0,1333.0,0.0,0.0,1731.089233,159.990767,474.913385
2020-01-10 03:00:00,400.0,400.0,18.072542,-0.0,1275.644654,0.0,0.0,1683.09,0.0,476.316802
2020-01-10 04:00:00,400.0,400.0,19.034775,19.034775,1164.690673,0.0,0.0,1648.062,0.0,487.705699
2020-01-10 05:00:00,400.0,400.0,20.234035,39.014892,1124.164332,0.0,0.0,1844.580261,134.019739,523.262389
2020-01-10 06:00:00,400.0,400.0,21.122752,74.060266,949.391156,0.0,0.0,2015.240592,234.789408,575.077415
2020-01-10 07:00:00,400.0,400.0,21.708134,-0.0,871.692793,0.0,0.0,2061.071284,249.058716,593.606774
2020-01-10 08:00:00,398.0,400.0,0.0,-0.0,1327.0,0.0,0.0,2487.307726,649.860274,589.246159
2020-01-10 09:00:00,398.0,400.0,0.0,-0.0,1328.0,0.0,0.0,2507.186031,1175.181969,592.077905
2020-01-10 10:00:00,400.0,400.0,0.0,-0.0,1323.0,0.0,0.0,2509.580736,1184.039264,593.18711
2020-01-10 11:00:00,400.0,400.0,0.0,-0.0,1322.0,0.0,0.0,2498.132589,1010.583411,591.619888
2020-01-10 12:00:00,400.0,400.0,0.0,-0.0,1321.0,0.0,0.0,2450.05898,958.70302,584.558847
2020-01-10 13:00:00,400.0,400.0,0.0,-0.0,1319.0,0.0,0.0,2423.380162,847.121838,580.857024
2020-01-10 14:00:00,400.0,400.0,0.0,-0.0,1320.0,0.0,0.0,2372.228261,835.971739,573.034239
2020-01-10 15:00:00,398.0,400.0,0.0,-0.0,1324.0,0.0,0.0,2329.953986,759.916014,566.093098
2020-01-10 16:00:00,398.0,400.0,0.0,24.67616,1324.0,0.0,0.0,2085.586329,442.511671,562.737949
2020-01-10 17:00:00,400.0,400.0,22.972766,73.214159,908.788156,0.0,0.0,1627.854118,151.277882,614.859894
2020-01-10 18:00:00,400.0,400.0,22.517588,72.675885,1028.28413,0.0,0.0,1873.126391,301.357609,638.226339
2020-01-10 19:00:00,400.0,400.0,22.335927,22.23556,991.977987,0.0,0.0,1808.246189,340.933811,621.94023
2020-01-10 20:00:00,400.0,400.0,22.23556,37.094446,1053.348515,0.0,0.0,1776.120523,367.369477,607.915801
2020-01-10 21:00:00,400.0,400.0,19.958349,27.01371,1492.080123,0.0,0.0,2042.622852,279.113148,582.081409
2020-01-10 22:00:00,400.0,400.0,20.234035,-0.0,1178.250805,0.0,0.0,2029.233031,87.638969,550.647334
2020-01-10 23:00:00,400.0,400.0,18.861019,-0.0,1223.637386,0.0,0.0,1836.53,0.0,514.933892
2020-01-11 00:00:00,398.0,400.0,0.0,-0.0,1366.0,0.0,0.0,1801.442135,209.795865,488.31632
2020-01-11 01:00:00,398.0,400.0,0.0,18.861019,1365.0,0.0,0.0,1706.445391,168.634609,474.216809
2020-01-11 02:00:00,400.0,400.0,18.861019,18.861019,1224.371824,0.0,0.0,1514.598,0.0,466.533926
2020-01-11 03:00:00,400.0,400.0,0.0,-0.0,1363.0,0.0,0.0,1626.209234,131.528766,462.481385
2020-01-11 04:00:00,400.0,400.0,17.392886,19.034775,1340.678014,0.0,0.0,1613.460255,128.753745,463.917336
2020-01-11 05:00:00,400.0,400.0,20.419098,20.419098,886.337111,0.0,0.0,1218.786,0.0,472.867333
2020-01-11 06:00:00,400.0,400.0,21.647258,30.835635,745.223316,0.0,0.0,991.478,0.0,494.738203
2020-01-11 07:00:00,400.0,400.0,23.069973,22.492854,714.197709,0.0,0.0,746.152,0.0,504.293144
2020-01-11 08:00:00,400.0,400.0,19.68943,25.355213,1350.464525,0.0,0.0,1292.2,0.0,516.260321
2020-01-11 09:00:00,398.0,400.0,0.0,25.280784,1812.0,0.0,0.0,1707.578359,201.141641,537.086754
2020-01-11 10:00:00,398.0,400.0,0.0,73.128644,1794.0,0.0,0.0,1766.762262,334.819738,548.664339
2020-01-11 11:00:00,398.0,400.0,0.0,22.492854,1794.0,0.0,0.0,1749.063778,188.484222,546.009567
2020-01-11 12:00:00,398.0,400.0,0.0,10.562874,1796.0,0.0,0.0,1697.697186,57.272814,538.004578
2020-01-11 13:00:00,398.0,400.0,0.0,-0.0,1804.0,0.0,0.0,1642.415893,142.914107,528.512384
2020-01-11 14:00:00,398.0,400.0,0.0,-0.0,1801.0,0.0,0.0,1571.193281,380.860719,518.278992
2020-01-11 15:00:00,398.0,400.0,0.0,19.983547,1800.0,0.0,0.0,1551.448006,151.829994,515.467201
2020-01-11 16:00:00,398.0,400.0,0.0,22.732362,1793.0,0.0,0.0,1566.164831,115.087169,518.724725
2020-01-11 17:00:00,400.0,400.0,20.419098,73.206766,1335.21719,0.0,0.0,1420.716,0.0,575.174821
2020-01-11 18:00:00,400.0,400.0,20.400003,53.360916,1379.711746,0.0,0.0,1752.468,0.0,608.663438
2020-01-11 19:00:00,400.0,400.0,20.234035,26.414568,1654.647196,0.0,0.0,1953.136128,52.741872,597.52334
2020-01-11 20:00:00,400.0,400.0,20.42044,23.116861,1372.485676,0.0,0.0,1938.265103,231.872897,584.366914
2020-01-11 21:00:00,400.0,400.0,20.547985,26.221833,1087.850324,0.0,0.0,1861.312945,190.055055,562.269393
2020-01-11 22:00:00,400.0,400.0,20.234035,21.97631,1082.348955,0.0,0.0,2009.09519,203.16681,532.011935
2020-01-11 23:00:00,400.0,400.0,19.533879,21.963947,1010.164366,0.0,0.0,2060.274201,232.691799,504.016475
2020-01-12 00:00:00,400.0,400.0,17.392886,20.234035,920.774749,0.0,0.0,2059.588354,87.413646,482.672041
2020-01-12 01:00:00,398.0,400.0,0.0,-0.0,958.0,0.0,0.0,1998.050664,231.897336,467.8576
2020-01-12 02:00:00,400.0,400.0,0.0,-0.0,963.0,0.0,0.0,1948.388475,484.011525,459.658271
2020-01-12 03:00:00,400.0,400.0,0.0,-0.0,960.0,0.0,0.0,1894.740512,385.491488,452.061077
2020-01-12 04:00:00,400.0,400.0,0.0,-0.0,959.0,0.0,0.0,1904.381206,367.418794,453.657181
2020-01-12 05:00:00,400.0,400.0,0.0,-0.0,956.0,0.0,0.0,1962.442939,240.957061,462.816441
2020-01-12 06:00:00,400.0,400.0,18.52187,20.234035,883.060246,0.0,0.0,1985.334716,134.085284,477.191171
2020-01-12 07:00:00,400.0,400.0,70.419098,-0.0,616.309268,0.0,48.477142,1758.332,0.0,483.15341
2020-01-12 08:00:00,398.0,400.0,0.0,-0.0,934.0,0.0,0.0,2132.765859,658.136141,491.664879
2020-01-12 09:00:00,400.0,400.0,-0.0,-0.0,941.0,0.0,0.0,2217.141191,1129.208809,503.271179
2020-01-12 10:00:00,400.0,400.0,0.0,-0.0,939.0,0.0,0.0,2252.227232,1165.852768,508.834085
2020-01-12 11:00:00,400.0,400.0,0.0,-0.0,939.0,0.0,0.0,2265.095394,1139.124606,510.764309
2020-01-12 12:00:00,400.0,400.0,0.0,-0.0,939.0,0.0,0.0,2244.334937,1333.465063,507.65024
2020-01-12 13:00:00,398.0,400.0,0.0,-0.0,939.0,0.0,0.0,2227.485445,1222.380555,505.122817
2020-01-12 14:00:00,398.0,400.0,0.0,-0.0,939.0,0.0,0.0,2191.494547,1078.107453,499.724182
2020-01-12 15:00:00,398.0,400.0,0.0,-0.0,940.0,0.0,0.0,2195.391922,792.574078,500.158788
2020-01-12 16:00:00,398.0,400.0,0.0,25.527289,940.0,0.0,0.0,1590.747972,845.422028,504.562196
2020-01-12 17:00:00,400.0,400.0,21.287879,72.932798,1078.593759,0.0,0.0,1460.698,0.0,576.615636
2020-01-12 18:00:00,400.0,400.0,74.617414,73.058816,594.120028,0.0,213.908968,1284.5,0.0,625.856996
2020-01-12 19:00:00,400.0,400.0,76.755559,23.69582,406.621863,0.0,412.925958,1122.334,0.0,625.456821
2020-01-12 20:00:00,400.0,400.0,76.429316,22.709794,431.067596,0.0,367.816965,1043.098,0.0,609.904561
2020-01-12 21:00:00,400.0,400.0,73.437807,21.905537,675.305302,0.0,96.468603,1136.718,0.0,587.311905
2020-01-12 22:00:00,400.0,400.0,22.96816,20.234035,885.485997,0.0,0.0,1158.22,0.0,559.0101
2020-01-12 23:00:00,400.0,400.0,21.287879,19.68943,1055.587111,0.0,0.0,1109.784,0.0,526.229533
2020-01-13 00:00:00,400.0,400.0,21.647258,19.034775,1050.745541,0.0,0.0,950.998,0.0,503.137869
2020-01-13 01:00:00,400.0,400.0,15.731586,16.029625,1634.669384,0.0,0.0,1439.15,0.0,488.772092
2020-01-13 02:00:00,400.0,400.0,0.0,0.0,1685.0,0.0,0.0,1449.098264,87.267736,482.71474
2020-01-13 03:00:00,398.0,400.0,0.0,0.0,1689.0,0.0,0.0,1465.869726,371.532274,484.630459
2020-01-13 04:00:00,398.0,400.0,0.0,18.861019,1689.0,0.0,0.0,1535.932719,357.767281,495.139908
2020-01-13 05:00:00,400.0,400.0,15.731586,21.287879,1657.263159,0.0,0.0,1687.866,0.0,522.690426
2020-01-13 06:00:00,400.0,400.0,20.419098,76.429316,1159.076649,0.0,0.0,1385.002,0.0,566.388803
2020-01-13 07:00:00,400.0,400.0,76.755559,21.116714,369.677099,0.0,405.109036,841.718,0.0,580.656135
2020-01-13 08:00:00,400.0,400.0,73.128644,19.034775,590.735293,0.0,191.820348,1446.01,0.0,587.129641
2020-01-13 09:00:00,400.0,400.0,20.419098,18.92525,1039.480381,0.0,0.0,2004.884,0.0,601.410543
2020-01-13 10:00:00,400.0,400.0,19.034775,0.0,1287.851592,0.0,0.0,2282.962,0.0,605.866561
2020-01-13 11:00:00,400.0,400.0,18.463561,0.0,1396.51057,0.0,0.0,2341.17,0.0,598.298915
2020-01-13 12:00:00,400.0,400.0,0.0,0.0,1475.0,0.0,0.0,2335.898698,78.753302,585.734805
2020-01-13 13:00:00,400.0,400.0,0.0,0.0,1469.0,0.0,0.0,2264.994733,251.571267,575.99921
2020-01-13 14:00:00,400.0,400.0,0.0,0.0,1463.0,0.0,0.0,2197.348096,322.103904,566.752214
2020-01-13 15:00:00,398.0,400.0,0.0,18.861019,1462.0,0.0,0.0,2145.670535,359.111465,559.15058
2020-01-13 16:00:00,400.0,400.0,16.970947,27.883373,1439.566174,0.0,0.0,1988.398,0.0,567.724774
2020-01-13 17:00:00,400.0,400.0,74.617414,59.895404,577.988405,0.0,263.583334,1410.5,0.0,642.976739
2020-01-13 18:00:00,400.0,400.0,77.51719,22.709794,513.077447,0.0,378.419014,1611.847185,40.588815,682.915461
2020-01-13 19:00:00,400.0,400.0,23.592361,75.545362,809.638893,0.0,0.0,1788.195341,182.106659,679.283467
2020-01-13 20:00:00,400.0,400.0,22.709794,26.848045,972.454498,0.0,0.0,1951.79919,276.23281,665.001704
2020-01-13 21:00:00,400.0,400.0,22.23556,22.187127,863.385812,0.0,0.0,1964.502139,360.993861,630.017449
2020-01-13 22:00:00,400.0,400.0,74.332639,21.122752,641.021088,0.0,132.873222,1818.663157,205.508843,588.24631
2020-01-13 23:00:00,400.0,400.0,20.234035,19.958349,1060.652749,0.0,0.0,2107.905507,329.962493,549.037914
2020-01-14 00:00:00,400.0,400.0,19.958349,0.0,1080.301999,0.0,0.0,1942.024344,298.509656,521.208352
2020-01-14 01:00:00,400.0,400.0,0.0,0.0,1253.0,0.0,0.0,2013.836526,366.829474,506.075479
2020-01-14 02:00:00,398.0,400.0,0.0,0.0,1257.0,0.0,0.0,1997.209591,513.128409,502.981439
2020-01-14 03:00:00,398.0,400.0,0.0,0.0,1257.0,0.0,0.0,2011.608976,494.429024,505.141346
2020-01-14 04:00:00,398.0,400.0,0.0,14.762624,1256.0,0.0,0.0,2102.540064,453.997936,518.93101
2020-01-14 05:00:00,400.0,400.0,14.316166,35.154425,1130.748495,0.0,0.0,2246.729323,2.932677,559.347124
2020-01-14 06:00:00,400.0,400.0,19.983547,75.433611,851.482357,0.0,0.0,2233.17,0.0,626.203146
2020-01-14 07:00:00,400.0,400.0,21.368347,0.0,867.175853,0.0,0.0,2327.758551,85.709449,645.687405
2020-01-14 08:00:00,398.0,400.0,0.0,0.0,1374.0,0.0,0.0,2763.67858,542.82342,635.051787
2020-01-14 09:00:00,398.0,400.0,0.0,0.0,1385.0,0.0,0.0,2692.41043,1159.88757,622.711565
2020-01-14 10:00:00,398.0,400.0,0.0,0.0,1386.0,0.0,0.0,2649.185675,1513.114325,616.077851
2020-01-14 11:00:00,398.0,400.0,0.0,0.0,1383.0,0.0,0.0,2568.147981,1619.252019,604.372197
2020-01-14 12:00:00,398.0,400.0,0.0,0.0,1381.0,0.0,0.0,2502.565095,1634.102905,594.834764
2020-01-14 13:00:00,398.0,400.0,0.0,0.0,1375.0,0.0,0.0,2425.476831,1528.591169,584.171525
2020-01-14 14:00:00,398.0,400.0,0.0,0.0,1371.0,0.0,0.0,2375.065413,1297.866587,577.209812
2020-01-14 15:00:00,398.0,400.0,0.0,0.0,1371.0,0.0,0.0,2341.077674,921.490326,572.111651
2020-01-14 16:00:00,398.0,400.0,0.0,14.623197,1370.0,0.0,0.0,1489.403331,960.494669,572.0105
2020-01-14 17:00:00,400.0,400.0,18.573789,77.128505,2161.010039,0.0,0.0,1645.9,0.0,651.883494
2020-01-14 18:00:00,400.0,400.0,19.983547,76.429316,2120.332174,0.0,0.0,1646.434,0.0,696.015274
2020-01-14 19:00:00,400.0,400.0,19.68943,43.87775,2102.557911,0.0,0.0,1690.332,0.0,684.266113
2020-01-14 20:00:00,400.0,400.0,22.732362,23.437807,1390.936635,0.0,0.0,1212.762,0.0,666.123805
2020-01-14 21:00:00,400.0,400.0,23.657594,23.069973,1032.647863,0.0,0.0,767.902,0.0,629.888121
2020-01-14 22:00:00,400.0,400.0,23.657594,19.68943,1045.1764,0.0,0.0,472.9,0.0,583.75854
2020-01-14 23:00:00,400.0,400.0,22.732362,0.0,1410.098775,0.0,0.0,533.4,0.0,538.095184
2020-01-15 00:00:00,400.0,400.0,22.576747,0.0,1055.043539,0.0,0.0,708.15,0.0,511.065969
2020-01-15 01:00:00,400.0,400.0,21.647258,0.0,1211.261017,0.0,0.0,765.718,0.0,496.268547
2020-01-15 02:00:00,400.0,400.0,19.034775,0.0,1640.079183,0.0,0.0,1150.982,0.0,489.735423
2020-01-15 03:00:00,400.0,400.0,18.861019,0.0,1715.546118,0.0,0.0,1230.18,0.0,490.295082
2020-01-15 04:00:00,400.0,400.0,22.23556,20.419098,1299.084309,0.0,0.0,924.121594,56.980406,506.855593
2020-01-15 05:00:00,400.0,400.0,20.42044,38.574795,1601.680775,0.0,0.0,1376.424935,162.107065,543.111624
2020-01-15 06:00:00,400.0,400.0,22.335927,73.070881,1333.588491,0.0,0.0,1366.240947,204.927053,606.247868
2020-01-15 07:00:00,400.0,400.0,22.335927,19.983547,1336.34506,0.0,0.0,1528.448374,177.579626,626.565497
2020-01-15 08:00:00,400.0,400.0,0.0,0.0,1775.0,0.0,0.0,2261.531094,464.672906,617.479664
2020-01-15 09:00:00,398.0,400.0,0.0,0.0,1787.0,0.0,0.0,2209.680006,1110.417994,607.902001
2020-01-15 10:00:00,398.0,400.0,0.0,0.0,1786.0,0.0,0.0,2189.898213,1259.901787,605.084732
2020-01-15 11:00:00,398.0,400.0,0.0,0.0,1784.0,0.0,0.0,2165.973215,985.528785,601.795982
2020-01-15 12:00:00,398.0,400.0,0.0,17.876195,1771.0,0.0,0.0,2095.942149,845.305851,593.241322
2020-01-15 13:00:00,398.0,400.0,0.0,0.0,1772.0,0.0,0.0,2065.921182,596.798818,588.588177
2020-01-15 14:00:00,398.0,400.0,0.0,19.983547,1772.0,0.0,0.0,2010.552245,506.417755,580.282837
2020-01-15 15:00:00,398.0,400.0,0.0,21.647258,1769.0,0.0,0.0,1975.51505,118.74695,575.477257
2020-01-15 16:00:00,398.0,400.0,0.0,23.437807,1763.0,0.0,0.0,1171.003775,526.894225,583.200566
2020-01-15 17:00:00,400.0,400.0,19.430296,72.993289,2416.521712,0.0,0.0,1374.002,0.0,655.572043
2020-01-15 18:00:00,400.0,400.0,20.846138,77.050889,2128.838156,0.0,0.0,1255.098,0.0,686.288977
2020-01-15 19:00:00,400.0,400.0,21.647258,28.725581,1935.799943,0.0,0.0,1061.236,0.0,679.565409
2020-01-15 20:00:00,400.0,400.0,21.116714,26.429316,2086.094668,0.0,0.0,1079.398,0.0,659.7455
2020-01-15 21:00:00,400.0,400.0,19.68943,23.908517,2325.237701,0.0,0.0,1043.172,0.0,618.440145
2020-01-15 22:00:00,400.0,400.0,18.861019,23.069973,2487.915465,0.0,0.0,953.702,0.0,569.21798
2020-01-15 23:00:00,400.0,400.0,0.0,21.647258,2667.0,0.0,0.0,830.639807,404.928193,523.895971
2020-01-16 00:00:00,398.0,400.0,0.0,23.657594,1931.0,0.0,0.0,1324.757095,19.340905,495.413564
2020-01-16 01:00:00,400.0,400.0,0.0,23.206766,1930.0,0.0,0.0,1231.722083,319.179917,481.608312
2020-01-16 02:00:00,398.0,400.0,0.0,22.732362,1933.0,0.0,0.0,1202.837333,476.594667,476.8256
2020-01-16 03:00:00,400.0,400.0,0.0,20.419098,1930.0,0.0,0.0,1188.015984,331.184016,475.052398
2020-01-16 04:00:00,400.0,400.0,0.0,21.116714,1929.0,0.0,0.0,1261.258296,3.809704,486.188744
2020-01-16 05:00:00,400.0,400.0,18.52187,22.576747,1823.97951,0.0,0.0,1357.269135,54.520865,516.343444
2020-01-16 06:00:00,400.0,400.0,20.42044,45.472325,1586.734957,0.0,0.0,1462.220518,274.689482,571.272834
2020-01-16 07:00:00,400.0,400.0,20.42044,19.68943,1628.81168,0.0,0.0,1690.197428,225.102572,595.557862
2020-01-16 08:00:00,398.0,400.0,0.0,0.0,1369.0,0.0,0.0,2503.522393,68.907607,596.778359
2020-01-16 09:00:00,400.0,400.0,0.0,0.0,1368.0,0.0,0.0,2512.670105,659.731895,598.300516
2020-01-16 10:00:00,398.0,400.0,0.0,0.0,1369.0,0.0,0.0,2503.697989,741.522011,596.804698
2020-01-16 11:00:00,398.0,400.0,-0.0,0.0,1370.0,0.0,0.0,2493.671024,931.612976,595.150654
2020-01-16 12:00:00,398.0,400.0,0.0,0.0,1369.0,0.0,0.0,2450.740668,1055.727332,588.8611
2020-01-16 13:00:00,398.0,400.0,0.0,0.0,1359.0,0.0,0.0,2408.252261,1124.877739,583.987839
2020-01-16 14:00:00,398.0,400.0,0.0,0.0,1359.0,0.0,0.0,2363.544079,1010.357921,577.281612
2020-01-16 15:00:00,400.0,400.0,0.0,0.0,1352.0,0.0,0.0,1978.866062,985.363938,571.629909
2020-01-16 16:00:00,398.0,400.0,0.0,31.147907,1730.0,0.0,0.0,1825.780007,910.487993,572.967001
2020-01-16 17:00:00,400.0,400.0,20.526636,74.617414,1574.740373,0.0,0.0,1881.718868,205.049132,644.396774
2020-01-16 18:00:00,400.0,400.0,21.905537,74.354187,1323.90483,0.0,0.0,1964.483299,107.584701,682.43677
2020-01-16 19:00:00,400.0,400.0,20.547985,23.648519,1302.467256,0.0,0.0,2291.631393,226.930607,681.474621
2020-01-16 20:00:00,400.0,400.0,20.526636,23.774369,1341.109757,0.0,0.0,2225.381584,252.818416,665.740774
2020-01-16 21:00:00,400.0,400.0,21.122752,22.656017,1142.760836,0.0,0.0,2152.927894,269.372106,632.125059
2020-01-16 22:00:00,400.0,400.0,0.0,16.492333,1550.0,0.0,0.0,2241.553982,246.548018,584.333097
2020-01-16 23:00:00,400.0,400.0,0.0,0.0,1182.0,0.0,0.0,2277.984664,202.977336,538.4977
2020-01-17 00:00:00,400.0,400.0,0.0,0.0,1183.0,0.0,0.0,2122.025623,447.626377,514.953844
2020-01-17 01:00:00,400.0,400.0,0.0,0.0,1184.0,0.0,0.0,2023.669227,451.860773,500.050384
2020-01-17 02:00:00,400.0,400.0,0.0,0.0,1184.0,0.0,0.0,1992.479225,495.382775,495.371884
2020-01-17 03:00:00,400.0,400.0,0.0,0.0,1184.0,0.0,0.0,1997.882772,543.247228,496.182416
2020-01-17 04:00:00,400.0,400.0,0.0,14.762624,1183.0,0.0,0.0,2094.278424,335.221576,510.791764
2020-01-17 05:00:00,400.0,400.0,16.477525,38.004327,1000.354601,0.0,0.0,2127.212518,213.739482,549.728688
2020-01-17 06:00:00,400.0,400.0,21.368347,75.545362,741.87062,0.0,0.0,2086.823312,209.344688,611.242904
2020-01-17 07:00:00,400.0,400.0,74.680437,14.762624,593.332517,0.0,246.490017,2134.576078,172.055922,633.186534
2020-01-17 08:00:00,398.0,400.0,0.0,0.0,972.0,0.0,0.0,2902.304387,406.895613,620.582908
2020-01-17 09:00:00,398.0,400.0,0.0,0.0,970.0,0.0,0.0,2960.934162,713.563838,615.890124
2020-01-17 10:00:00,398.0,400.0,0.0,0.0,962.0,0.0,0.0,2885.180338,813.519662,605.727051
2020-01-17 11:00:00,398.0,400.0,0.0,0.0,974.0,0.0,0.0,2833.091804,1402.994196,596.113771
2020-01-17 12:00:00,398.0,400.0,0.0,0.0,975.0,0.0,0.0,2759.285462,1569.396538,584.892819
2020-01-17 13:00:00,398.0,400.0,0.0,0.0,975.0,0.0,0.0,2699.93749,1685.69451,575.990624
2020-01-17 14:00:00,398.0,400.0,0.0,0.0,977.0,0.0,0.0,2657.076047,1774.191953,569.261407
2020-01-17 15:00:00,398.0,400.0,0.0,0.0,978.0,0.0,0.0,2600.787965,1512.380035,560.668195
2020-01-17 16:00:00,398.0,400.0,0.0,19.430296,978.0,0.0,0.0,2241.437724,1232.160276,557.765659
2020-01-17 17:00:00,400.0,400.0,20.234035,33.071489,1093.947951,0.0,0.0,2347.091182,152.958818,621.021485
2020-01-17 18:00:00,400.0,400.0,21.122752,73.873861,1026.077998,0.0,0.0,2405.26666,135.36734,655.078299
2020-01-17 19:00:00,400.0,400.0,21.368347,21.708134,980.610817,0.0,0.0,2351.892874,93.237126,652.692309
2020-01-17 20:00:00,400.0,400.0,20.419098,60.533308,969.290889,0.0,0.0,2250.168,0.0,639.131567
2020-01-17 21:00:00,400.0,400.0,21.287879,21.122752,814.600898,0.0,0.0,2017.752,0.0,619.222665
2020-01-17 22:00:00,400.0,400.0,19.68943,19.034775,1029.927923,0.0,0.0,2018.432,0.0,587.025612
2020-01-17 23:00:00,400.0,400.0,18.52187,18.861019,1310.869433,0.0,0.0,2063.894318,89.675682,551.703733
2020-01-18 00:00:00,400.0,400.0,18.072542,0.0,1284.998845,0.0,0.0,1874.0,0.0,527.100173
2020-01-18 01:00:00,400.0,400.0,19.034775,0.0,1117.602361,0.0,0.0,1608.866,0.0,512.439546
2020-01-18 02:00:00,400.0,400.0,18.861019,18.861019,1199.704208,0.0,0.0,1632.704,0.0,503.699969
2020-01-18 03:00:00,400.0,400.0,19.430296,20.400003,1091.067957,0.0,0.0,1518.396,0.0,502.849206
2020-01-18 04:00:00,400.0,400.0,19.68943,20.846138,1037.059495,0.0,0.0,1508.768,0.0,509.506276
2020-01-18 05:00:00,400.0,400.0,19.034775,57.135934,1156.879528,0.0,0.0,1643.0,0.0,527.268071
2020-01-18 06:00:00,400.0,400.0,19.68943,73.128644,1180.211781,0.0,0.0,1604.916,0.0,556.155633
2020-01-18 07:00:00,400.0,400.0,20.846138,18.861019,1028.375836,0.0,0.0,1648.714,0.0,571.100725
2020-01-18 08:00:00,398.0,400.0,0.0,0.0,1178.0,0.0,0.0,2513.5817,5.6563,571.887255
2020-01-18 09:00:00,400.0,400.0,0.0,0.0,1176.0,0.0,0.0,2537.618762,419.013238,575.792814
2020-01-18 10:00:00,400.0,400.0,0.0,0.0,1177.0,0.0,0.0,2508.176765,276.821235,571.226515
2020-01-18 11:00:00,400.0,400.0,0.0,0.0,1178.0,0.0,0.0,2406.782229,487.103771,555.867334
2020-01-18 12:00:00,400.0,400.0,0.0,0.0,1179.0,0.0,0.0,2311.017348,567.096652,541.352602
2020-01-18 13:00:00,400.0,400.0,0.0,0.0,1180.0,0.0,0.0,2219.471264,503.998736,527.47069
2020-01-18 14:00:00,400.0,400.0,0.0,18.463561,1185.0,0.0,0.0,2141.985575,306.482425,515.097836
2020-01-18 15:00:00,400.0,400.0,0.0,20.419098,1188.0,0.0,0.0,1778.050033,281.427967,511.057505
2020-01-18 16:00:00,398.0,400.0,0.0,30.400654,1561.0,0.0,0.0,1092.374027,311.709973,509.756104
2020-01-18 17:00:00,400.0,400.0,22.576747,26.639622,1496.219527,0.0,0.0,702.336,0.0,571.967471
2020-01-18 18:00:00,400.0,400.0,23.069973,75.004411,1305.760784,0.0,0.0,767.03,0.0,612.640382
2020-01-18 19:00:00,400.0,400.0,23.206766,65.776144,1172.811496,0.0,0.0,660.862,0.0,614.257576
2020-01-18 20:00:00,400.0,400.0,23.206766,25.9087,1132.898748,0.0,0.0,640.37,0.0,600.670688
2020-01-18 21:00:00,400.0,400.0,23.069973,23.87513,1229.811132,0.0,0.0,638.552,0.0,585.86113
2020-01-18 22:00:00,400.0,400.0,22.732362,23.128644,1353.161541,0.0,0.0,605.684,0.0,562.428369
2020-01-18 23:00:00,400.0,400.0,22.492854,22.732362,1483.187344,0.0,0.0,595.298,0.0,541.366598
2020-01-19 00:00:00,400.0,400.0,22.576747,23.069973,1213.427058,0.0,0.0,542.234,0.0,520.621041
2020-01-19 01:00:00,400.0,400.0,22.492854,23.069973,1303.187845,0.0,0.0,515.032,0.0,503.076623
2020-01-19 02:00:00,400.0,400.0,22.516066,22.96816,1276.069003,0.0,0.0,447.332,0.0,496.98945
2020-01-19 03:00:00,400.0,400.0,22.516066,22.732362,1274.864593,0.0,0.0,427.368,0.0,494.175511
2020-01-19 04:00:00,400.0,400.0,22.576747,23.128644,1244.468721,0.0,0.0,417.898,0.0,497.314392
2020-01-19 05:00:00,400.0,400.0,22.96816,23.444698,1119.162222,0.0,0.0,371.502,0.0,509.150967
2020-01-19 06:00:00,400.0,400.0,23.128644,46.021843,1007.4015,0.0,0.0,393.078,0.0,529.151475
2020-01-19 07:00:00,400.0,400.0,23.657594,19.685338,759.233133,0.0,0.0,543.89,0.0,535.74853
2020-01-19 08:00:00,400.0,400.0,20.400003,18.641702,1126.283089,0.0,0.0,1617.262,0.0,535.196837
2020-01-19 09:00:00,400.0,400.0,0.0,-0.0,1471.0,0.0,0.0,1997.968028,88.331972,540.595204
2020-01-19 10:00:00,400.0,400.0,0.0,-0.0,1493.0,0.0,0.0,1984.548042,293.601958,535.282206
2020-01-19 11:00:00,400.0,400.0,0.0,-0.0,1499.0,0.0,0.0,1942.992637,372.391363,528.148896
2020-01-19 12:00:00,400.0,400.0,0.0,-0.0,1500.0,0.0,0.0,1893.628159,416.219841,520.594224
2020-01-19 13:00:00,400.0,400.0,0.0,-0.0,1501.0,0.0,0.0,1840.325259,461.106741,512.448789
2020-01-19 14:00:00,400.0,400.0,0.0,-0.0,1502.0,0.0,0.0,1781.508802,328.975198,503.47632
2020-01-19 15:00:00,400.0,400.0,0.0,19.034775,1506.0,0.0,0.0,1609.065516,210.944484,502.509827
2020-01-19 16:00:00,400.0,400.0,16.970947,26.060996,1654.942913,0.0,0.0,1116.39,0.0,506.017063
2020-01-19 17:00:00,400.0,400.0,23.87513,71.329919,908.19016,0.0,0.0,215.638,0.0,569.917176
2020-01-19 18:00:00,400.0,400.0,76.429316,73.352091,675.282979,0.0,82.495774,266.068,0.0,614.817753
2020-01-19 19:00:00,400.0,400.0,75.9087,25.887566,779.476437,0.0,19.694397,443.982,0.0,623.475834
2020-01-19 20:00:00,400.0,400.0,76.429316,25.785807,595.086889,0.0,192.953812,530.468,0.0,611.700701
2020-01-19 21:00:00,400.0,400.0,80.530112,21.982763,238.207686,0.0,513.080661,467.91,0.0,585.240347
2020-01-19 22:00:00,400.0,400.0,77.274563,19.68943,399.574178,0.0,308.033295,442.604,0.0,550.504473
2020-01-19 23:00:00,400.0,400.0,74.617414,19.68943,468.224019,0.0,204.712578,634.768,0.0,515.781597
2020-01-20 00:00:00,400.0,400.0,19.034775,19.430296,1392.855178,0.0,0.0,1408.716,0.0,493.179123
2020-01-20 01:00:00,400.0,400.0,19.034775,0.0,1389.426833,0.0,0.0,1323.082,0.0,480.848275
2020-01-20 02:00:00,400.0,400.0,19.68943,0.0,1295.380054,0.0,0.0,1207.938,0.0,477.683692
2020-01-20 03:00:00,400.0,400.0,21.647258,0.0,908.479953,0.0,0.0,838.162,0.0,480.252307
2020-01-20 04:00:00,400.0,400.0,23.069973,18.861019,745.123218,0.0,0.0,761.638,0.0,493.277217
2020-01-20 05:00:00,400.0,400.0,73.437807,25.638804,615.756635,0.0,81.18157,871.198,0.0,529.116205
2020-01-20 06:00:00,400.0,400.0,73.206766,73.437807,647.976665,0.0,18.604535,1229.418,0.0,588.8162
2020-01-20 07:00:00,400.0,400.0,73.206766,18.373335,634.608099,0.0,192.763686,1409.12,0.0,606.976785
2020-01-20 08:00:00,400.0,400.0,19.430296,0.0,1185.280674,0.0,0.0,2268.33,0.0,600.007399
2020-01-20 09:00:00,398.0,400.0,0.0,0.0,1414.0,0.0,0.0,2510.210661,10.659339,601.981599
2020-01-20 10:00:00,400.0,400.0,18.573789,0.0,1330.563372,0.0,0.0,2406.362,0.0,598.919794
2020-01-20 11:00:00,400.0,400.0,18.573789,0.0,1336.865444,0.0,0.0,2384.316,0.0,594.667583
2020-01-20 12:00:00,400.0,400.0,18.861019,0.0,1326.648672,0.0,0.0,2332.122,0.0,588.370999
2020-01-20 13:00:00,400.0,400.0,19.034775,18.072542,1248.108785,0.0,0.0,2216.046,0.0,582.740582
2020-01-20 14:00:00,400.0,400.0,19.68943,19.983547,1128.373078,0.0,0.0,2047.554,0.0,575.427138
2020-01-20 15:00:00,400.0,400.0,19.68943,21.288154,1123.927053,0.0,0.0,1781.648,0.0,571.008142
2020-01-20 16:00:00,398.0,400.0,0.0,28.373249,1717.0,0.0,0.0,1227.566874,16.953126,568.135031
2020-01-20 17:00:00,400.0,400.0,23.657594,66.1409,1247.08312,0.0,0.0,242.03,0.0,629.542032
2020-01-20 18:00:00,400.0,400.0,26.324557,75.004411,989.724594,0.0,0.0,232.688,0.0,666.744511
2020-01-20 19:00:00,400.0,400.0,25.9087,27.727999,1084.181715,0.0,0.0,290.52,0.0,661.250743
2020-01-20 20:00:00,400.0,400.0,26.324557,26.324557,823.949141,0.0,0.0,266.32,0.0,643.405629
2020-01-20 21:00:00,400.0,400.0,23.444698,23.206766,1077.586632,0.0,0.0,270.516,0.0,605.989405
2020-01-20 22:00:00,400.0,400.0,22.96816,21.647258,1366.067255,0.0,0.0,249.432,0.0,559.554712
2020-01-20 23:00:00,400.0,400.0,22.732362,20.846138,1291.218387,0.0,0.0,254.552,0.0,518.300042
2020-01-21 00:00:00,400.0,400.0,22.732362,21.288154,1099.556973,0.0,0.0,234.684,0.0,490.819054
2020-01-21 01:00:00,400.0,400.0,22.576747,21.287879,1146.974734,0.0,0.0,183.768,0.0,476.06899
2020-01-21 02:00:00,400.0,400.0,22.576747,21.116411,1183.345107,0.0,0.0,178.32,0.0,469.796234
2020-01-21 03:00:00,400.0,400.0,22.492854,21.288154,1229.004649,0.0,0.0,236.15,0.0,471.621803
2020-01-21 04:00:00,400.0,400.0,22.576747,21.474047,1158.394201,0.0,0.0,244.27,0.0,483.43137
2020-01-21 05:00:00,400.0,400.0,23.128644,22.492854,940.966295,0.0,0.0,246.168,0.0,516.330256
2020-01-21 06:00:00,400.0,400.0,75.9087,47.848285,589.542462,0.0,136.690869,270.498,0.0,572.693331
2020-01-21 07:00:00,400.0,400.0,500.0,19.983547,0.0,222.491888,777.635083,287.362,0.0,590.528083
2020-01-21 08:00:00,400.0,400.0,73.437807,0.0,420.815252,0.0,353.87316,1173.818,0.0,589.740412
2020-01-21 09:00:00,400.0,400.0,21.116411,0.0,968.728217,0.0,0.0,1847.462,0.0,592.610067
2020-01-21 10:00:00,400.0,400.0,19.034775,0.0,1303.861032,0.0,0.0,2190.838,0.0,593.846545
2020-01-21 11:00:00,400.0,400.0,18.861019,0.0,1367.734895,0.0,0.0,2252.5,0.0,593.514766
2020-01-21 12:00:00,400.0,400.0,19.034775,0.0,1342.92828,0.0,0.0,2223.162,0.0,592.835058
2020-01-21 13:00:00,400.0,400.0,19.034775,0.0,1295.313704,0.0,0.0,2158.2,0.0,590.232944
2020-01-21 14:00:00,400.0,400.0,19.68943,0.0,1176.000949,0.0,0.0,2010.75,0.0,586.012358
2020-01-21 15:00:00,400.0,400.0,19.68943,18.573789,1192.112829,0.0,0.0,1827.752,0.0,581.645876
2020-01-21 16:00:00,400.0,400.0,19.983547,24.119771,1307.657445,0.0,0.0,1525.85,0.0,572.278883
2020-01-21 17:00:00,400.0,400.0,22.808576,72.297397,670.462289,0.0,0.0,974.102,0.0,627.845957
2020-01-21 18:00:00,400.0,400.0,72.768635,69.567624,666.80732,0.0,203.828282,1222.798,0.0,667.198602
2020-01-21 19:00:00,400.0,400.0,71.152212,26.598258,831.407579,0.0,32.663984,1350.918,0.0,661.726563
2020-01-21 20:00:00,400.0,400.0,23.128644,23.737152,881.512858,0.0,0.0,1371.432,0.0,634.037871
2020-01-21 21:00:00,400.0,400.0,72.297397,21.719273,653.681148,0.0,131.52298,1256.162,0.0,597.672128
2020-01-21 22:00:00,400.0,400.0,22.516066,19.68943,892.490886,0.0,0.0,1190.098,0.0,551.941067
2020-01-21 23:00:00,400.0,400.0,23.437807,19.034775,677.486665,0.0,0.0,687.55,0.0,508.8095
2020-01-22 00:00:00,400.0,400.0,23.128644,0.0,713.5608,0.0,0.0,559.102,0.0,484.13118
2020-01-22 01:00:00,400.0,400.0,23.128644,0.0,715.97895,0.0,0.0,469.9,0.0,470.388158
2020-01-22 02:00:00,400.0,400.0,23.437807,0.0,665.430853,0.0,0.0,386.716,0.0,465.492772
2020-01-22 03:00:00,400.0,400.0,23.437807,0.0,653.540142,0.0,0.0,372.684,0.0,465.171579
2020-01-22 04:00:00,400.0,400.0,73.657594,19.983547,594.044489,0.0,12.295837,369.5,0.0,473.618327
2020-01-22 05:00:00,400.0,400.0,74.617414,36.945689,549.601052,0.0,109.07899,549.148,0.0,507.232042
2020-01-22 06:00:00,400.0,400.0,74.617414,73.437807,579.666762,0.0,43.972824,898.984,0.0,567.197586
2020-01-22 07:00:00,400.0,400.0,21.647258,19.430296,951.218932,0.0,0.0,1625.3,0.0,591.91216
2020-01-22 08:00:00,400.0,400.0,0.0,0.0,1412.0,0.0,0.0,2406.456945,336.511055,586.718542
2020-01-22 09:00:00,400.0,400.0,0.0,0.0,1413.0,0.0,0.0,2412.610057,831.137943,587.491509
2020-01-22 10:00:00,400.0,400.0,0.0,0.0,1411.0,0.0,0.0,2396.835509,729.416491,585.425326
2020-01-22 11:00:00,400.0,400.0,0.0,0.0,1414.0,0.0,0.0,2381.764385,420.535615,582.714658
2020-01-22 12:00:00,398.0,400.0,0.0,0.0,1425.0,0.0,0.0,2372.909974,56.268026,579.736496
2020-01-22 13:00:00,400.0,400.0,16.970947,0.0,1396.849012,0.0,0.0,2316.59,0.0,575.511148
2020-01-22 14:00:00,400.0,400.0,18.072542,18.345888,1346.698889,0.0,0.0,2224.13,0.0,569.164667
2020-01-22 15:00:00,400.0,400.0,0.0,1.038963,1398.0,0.0,0.0,1908.544241,323.693759,565.131636
2020-01-22 16:00:00,400.0,400.0,18.861019,24.980894,1667.533948,0.0,0.0,1634.418,0.0,564.582608
2020-01-22 17:00:00,400.0,400.0,23.128644,76.324557,943.03013,0.0,0.0,1021.518,0.0,619.873181
2020-01-22 18:00:00,400.0,400.0,23.437807,24.67644,918.894373,0.0,0.0,1317.454,0.0,657.083944
2020-01-22 19:00:00,400.0,400.0,22.96816,75.433611,1100.026679,0.0,0.0,1477.668,0.0,653.946198
2020-01-22 20:00:00,400.0,400.0,21.647258,25.506833,1068.650649,0.0,0.0,1674.782,0.0,634.969703
2020-01-22 21:00:00,400.0,400.0,22.709794,21.122752,919.331012,0.0,0.0,1710.844223,147.665777,598.876982
2020-01-22 22:00:00,400.0,400.0,21.122752,20.526636,1146.247982,0.0,0.0,1649.386208,92.023792,555.620734
2020-01-22 23:00:00,400.0,400.0,0.0,0.503809,1177.0,0.0,0.0,2124.455318,251.148682,515.768298
2020-01-23 00:00:00,400.0,400.0,0.0,0.0,1184.0,0.0,0.0,1968.254263,630.961737,491.288139
2020-01-23 01:00:00,400.0,400.0,0.0,20.335597,1184.0,0.0,0.0,1890.254739,825.765261,479.588211
2020-01-23 02:00:00,400.0,400.0,0.0,18.52187,1184.0,0.0,0.0,1877.00279,806.42921,477.600419
2020-01-23 03:00:00,400.0,400.0,0.0,0.0,1184.0,0.0,0.0,1887.911514,791.098486,479.236727
2020-01-23 04:00:00,400.0,400.0,0.0,0.0,1184.0,0.0,0.0,1970.384044,699.105956,491.607607
2020-01-23 05:00:00,400.0,400.0,0.0,18.239848,1182.0,0.0,0.0,2197.773626,462.258374,526.016044
2020-01-23 06:00:00,400.0,400.0,20.234035,74.060266,970.72154,0.0,0.0,2338.731622,280.838378,583.651512
2020-01-23 07:00:00,400.0,400.0,20.42044,0.0,899.971299,0.0,0.0,2428.91349,294.56651,602.991329
2020-01-23 08:00:00,400.0,400.0,-0.0,0.0,1162.0,0.0,0.0,2665.541987,937.178013,599.181298
2020-01-23 09:00:00,400.0,400.0,-0.0,0.0,1156.0,0.0,0.0,2649.676603,1423.591397,597.70149
2020-01-23 10:00:00,400.0,400.0,-0.0,0.0,1174.0,0.0,0.0,2629.637133,1754.910867,591.99557
2020-01-23 11:00:00,400.0,400.0,-0.0,0.0,1173.0,0.0,0.0,2587.851577,1796.516423,585.877737
2020-01-23 12:00:00,400.0,400.0,0.0,0.0,1169.0,0.0,0.0,2578.432064,1733.447936,585.06481
2020-01-23 13:00:00,400.0,400.0,0.0,0.0,1166.0,0.0,0.0,2518.422708,1727.179292,576.513406
2020-01-23 14:00:00,400.0,400.0,0.0,0.0,1165.0,0.0,0.0,2461.067312,1556.480688,568.060097
2020-01-23 15:00:00,398.0,400.0,0.0,0.0,1168.0,0.0,0.0,2435.275936,1318.628064,563.74139
2020-01-23 16:00:00,398.0,400.0,0.0,19.034775,1168.0,0.0,0.0,1868.790102,1380.075898,561.868515
2020-01-23 17:00:00,398.0,400.0,0.0,77.51719,1789.0,0.0,0.0,2072.578836,232.573164,614.936825
2020-01-23 18:00:00,400.0,400.0,13.352779,76.429316,1988.957833,0.0,0.0,2325.595279,139.756721,657.845617
2020-01-23 19:00:00,400.0,400.0,20.42044,41.654613,1494.446896,0.0,0.0,2163.389575,183.322425,656.991402
2020-01-23 20:00:00,400.0,400.0,21.122752,23.753763,1341.285718,0.0,0.0,2061.565727,77.454273,641.892001
2020-01-23 21:00:00,400.0,400.0,21.522799,19.68943,1045.478156,0.0,0.0,1872.018,0.0,604.580977
2020-01-23 22:00:00,400.0,400.0,20.846138,0.0,1088.896018,0.0,0.0,1633.086,0.0,562.228497
2020-01-23 23:00:00,400.0,400.0,19.68943,0.0,1201.318722,0.0,0.0,1472.732,0.0,521.311992
2020-01-24 00:00:00,398.0,400.0,0.0,0.0,1353.0,0.0,0.0,1805.387513,35.342487,495.208127
2020-01-24 01:00:00,398.0,400.0,0.0,0.0,1354.0,0.0,0.0,1721.457806,328.832194,482.468671
2020-01-24 02:00:00,398.0,400.0,0.0,0.0,1354.0,0.0,0.0,1689.048656,313.731344,477.607298
2020-01-24 03:00:00,400.0,400.0,17.392886,0.0,1329.762554,0.0,0.0,1689.800967,27.851033,481.355762
2020-01-24 04:00:00,400.0,400.0,19.958349,0.0,1229.655248,0.0,0.0,1653.108476,121.471524,490.867984
2020-01-24 05:00:00,400.0,400.0,22.656017,49.569824,840.448481,0.0,0.0,1449.027723,255.922277,523.136886
2020-01-24 06:00:00,400.0,400.0,27.496177,78.322967,618.681807,0.0,0.0,1457.033855,301.864145,578.902807
2020-01-24 07:00:00,400.0,400.0,22.656017,0.0,849.274561,0.0,0.0,1910.074747,319.689253,597.870028
2020-01-24 08:00:00,400.0,400.0,0.0,0.0,1219.0,0.0,0.0,2572.576359,1080.341641,588.536454
2020-01-24 09:00:00,400.0,400.0,-0.0,0.0,1221.0,0.0,0.0,2602.942178,1623.389822,592.791327
2020-01-24 10:00:00,400.0,400.0,-0.0,0.0,1221.0,0.0,0.0,2590.515368,1892.464632,590.927305
2020-01-24 11:00:00,400.0,400.0,-0.0,0.0,1220.0,0.0,0.0,2549.188761,1941.399239,584.878314
2020-01-24 12:00:00,400.0,400.0,0.0,0.0,1220.0,0.0,0.0,2507.015043,2094.466957,578.552256
2020-01-24 13:00:00,400.0,400.0,0.0,0.0,1220.0,0.0,0.0,2460.098145,2259.047855,571.514722
2020-01-24 14:00:00,398.0,400.0,0.0,0.0,1221.0,0.0,0.0,2415.617441,2072.784559,564.692616
2020-01-24 15:00:00,398.0,400.0,0.0,0.0,1220.0,0.0,0.0,2383.194256,1635.359744,559.979138
2020-01-24 16:00:00,398.0,400.0,0.0,21.122752,1203.0,0.0,0.0,1956.050988,1518.129012,552.757648
2020-01-24 17:00:00,398.0,400.0,0.0,76.141538,1630.0,0.0,0.0,2285.109266,437.722734,607.81639
2020-01-24 18:00:00,398.0,400.0,0.0,75.557295,1722.0,0.0,0.0,2460.599624,344.518376,634.289944
2020-01-24 19:00:00,400.0,400.0,14.762624,21.368347,1462.425664,0.0,0.0,2505.905074,244.666926,633.521911
2020-01-24 20:00:00,400.0,400.0,20.42044,21.122752,1047.060951,0.0,0.0,2394.692175,283.537825,617.644684
2020-01-24 21:00:00,400.0,400.0,20.234035,20.547985,1087.759614,0.0,0.0,2268.997415,154.168585,592.68567
2020-01-24 22:00:00,400.0,400.0,16.970947,19.899927,1249.54052,0.0,0.0,2234.748,0.0,563.281122
2020-01-24 23:00:00,400.0,400.0,18.573789,1.796008,1173.498141,0.0,0.0,1926.368,0.0,528.430479
2020-01-25 00:00:00,400.0,400.0,13.352779,0.0,1270.487056,0.0,0.0,1840.138328,48.259672,500.947691
2020-01-25 01:00:00,400.0,400.0,0.0,19.533879,1304.0,0.0,0.0,1803.74992,22.38808,490.462488
2020-01-25 02:00:00,398.0,400.0,0.0,0.0,1306.0,0.0,0.0,1757.16202,77.74798,483.174303
2020-01-25 03:00:00,398.0,400.0,0.0,57.085114,1307.0,0.0,0.0,1714.751053,299.380947,479.962658
2020-01-25 04:00:00,400.0,400.0,13.352779,19.68943,1134.038834,0.0,0.0,1912.338973,135.997027,487.245021
2020-01-25 05:00:00,400.0,400.0,17.392886,25.587951,1096.320554,0.0,0.0,1968.41156,204.12044,501.313651
2020-01-25 06:00:00,400.0,400.0,19.958349,22.260936,926.217115,0.0,0.0,2036.781041,299.182959,525.684589
2020-01-25 07:00:00,400.0,400.0,20.234035,0.0,745.958634,0.0,0.0,2285.095438,344.652562,536.720521
2020-01-25 08:00:00,400.0,400.0,-0.0,0.0,921.0,0.0,0.0,2495.985458,1126.634542,542.097819
2020-01-25 09:00:00,398.0,400.0,-0.0,0.0,916.0,0.0,0.0,2573.997519,1481.418481,554.549628
2020-01-25 10:00:00,400.0,400.0,0.0,0.0,931.0,0.0,0.0,2569.326781,1908.757219,551.599017
2020-01-25 11:00:00,400.0,400.0,-0.0,0.0,932.0,0.0,0.0,2540.072251,2207.745749,547.060838
2020-01-25 12:00:00,400.0,400.0,0.0,0.0,932.0,0.0,0.0,2473.721912,2341.916088,537.108287
2020-01-25 13:00:00,400.0,400.0,0.0,0.0,931.0,0.0,0.0,2393.452767,2385.801233,525.217915
2020-01-25 14:00:00,398.0,400.0,0.0,0.0,933.0,0.0,0.0,2325.471666,2244.808335,514.72075
2020-01-25 15:00:00,398.0,400.0,0.0,0.0,934.0,0.0,0.0,2291.251812,1851.600188,509.437772
2020-01-25 16:00:00,398.0,400.0,0.0,0.0,913.0,0.0,0.0,1953.522899,1608.937101,508.428435
2020-01-25 17:00:00,398.0,400.0,0.0,74.332639,1333.0,0.0,0.0,2298.129741,579.686259,562.369461
2020-01-25 18:00:00,398.0,400.0,0.0,71.60793,1331.0,0.0,0.0,2581.054997,321.985003,599.10825
2020-01-25 19:00:00,400.0,400.0,17.392886,22.451114,1217.687199,0.0,0.0,2588.051612,297.416388,605.754662
2020-01-25 20:00:00,400.0,400.0,17.392886,22.81864,1222.962807,0.0,0.0,2502.44425,283.96975,592.122216
2020-01-25 21:00:00,400.0,400.0,18.52187,21.945694,1104.14473,0.0,0.0,2410.355401,296.864599,572.881601
2020-01-25 22:00:00,400.0,400.0,16.247117,16.477525,1067.150824,0.0,0.0,2374.308866,304.861134,550.223706
2020-01-25 23:00:00,398.0,400.0,0.0,0.494378,1104.0,0.0,0.0,2226.153832,409.648168,522.473075
2020-01-26 00:00:00,398.0,400.0,0.0,0.0,920.0,0.0,0.0,2254.731966,373.366034,501.109795
2020-01-26 01:00:00,398.0,400.0,0.0,0.0,921.0,0.0,0.0,2149.98014,470.21986,485.247021
2020-01-26 02:00:00,398.0,400.0,0.0,0.0,921.0,0.0,0.0,2099.40239,528.26561,477.660358
2020-01-26 03:00:00,398.0,400.0,0.0,0.0,921.0,0.0,0.0,2097.860302,605.655698,477.429045
2020-01-26 04:00:00,398.0,400.0,0.0,0.0,921.0,0.0,0.0,2112.127644,549.774356,479.569147
2020-01-26 05:00:00,400.0,400.0,0.0,0.0,918.0,0.0,0.0,2187.341105,358.276895,491.301166
2020-01-26 06:00:00,399.036,400.0,0.0,20.234035,912.964,0.0,0.0,2298.143968,96.108032,508.676995
2020-01-26 07:00:00,398.0,400.0,0.0,0.0,913.0,0.0,0.0,2297.647487,365.430513,513.097123
2020-01-26 08:00:00,400.0,400.0,0.0,0.0,955.0,0.0,0.0,2297.176619,1294.355381,513.626493
2020-01-26 09:00:00,398.0,400.0,0.0,0.0,956.0,0.0,0.0,2342.489012,1722.592988,520.273352
2020-01-26 10:00:00,398.821,400.0,0.0,0.0,943.179,0.0,0.0,2312.158132,1506.657868,517.64687
2020-01-26 11:00:00,398.0,400.0,0.0,0.0,941.0,0.0,0.0,2273.028737,1285.173263,512.104311
2020-01-26 12:00:00,398.0,400.0,0.0,0.0,942.0,0.0,0.0,2234.77031,1500.74369,506.215547
2020-01-26 13:00:00,398.0,400.0,0.0,0.0,940.0,0.0,0.0,2192.046264,1035.171736,500.10694
2020-01-26 14:00:00,398.0,400.0,0.0,0.0,942.0,0.0,0.0,2161.274203,808.595797,495.19113
2020-01-26 15:00:00,398.0,400.0,0.0,0.0,940.0,0.0,0.0,1981.230124,916.241876,493.984519
2020-01-26 16:00:00,398.0,400.0,0.0,0.0,1125.0,0.0,0.0,1678.206306,768.895694,495.930946
2020-01-26 17:00:00,400.0,400.0,21.116714,94.44569,997.575903,0.0,0.0,1365.06,0.0,556.272615
2020-01-26 18:00:00,400.0,400.0,22.96816,73.437807,881.575479,0.0,0.0,1475.08,0.0,595.575678
2020-01-26 19:00:00,400.0,400.0,76.546344,31.856736,612.145446,0.0,183.34739,1691.211021,83.398979,605.409836
2020-01-26 20:00:00,400.0,400.0,75.545362,23.670371,619.829265,0.0,159.244686,1818.242269,100.021731,592.561951
2020-01-26 21:00:00,400.0,400.0,21.708134,19.351565,875.679559,0.0,0.0,1932.996727,231.569273,571.397575
2020-01-26 22:00:00,400.0,400.0,0.0,0.0,1299.0,0.0,0.0,2119.75057,327.03143,535.912585
2020-01-26 23:00:00,399.79,400.0,0.0,0.0,1123.21,0.0,0.0,2089.875283,534.806717,504.549792
2020-01-27 00:00:00,400.0,400.0,0.0,0.0,1126.0,0.0,0.0,1952.670506,706.095494,483.550576
2020-01-27 01:00:00,400.0,400.0,0.0,0.0,1126.0,0.0,0.0,1877.062214,784.017786,472.209332
2020-01-27 02:00:00,400.0,400.0,0.0,0.0,1127.0,0.0,0.0,1852.92824,852.06976,468.439236
2020-01-27 03:00:00,400.0,400.0,0.0,0.0,1126.0,0.0,0.0,1873.274246,732.325754,471.641137
2020-01-27 04:00:00,400.0,400.0,0.0,0.0,1126.0,0.0,0.0,1957.235091,718.194909,484.235264
2020-01-27 05:00:00,400.0,400.0,0.0,46.043803,1124.0,0.0,0.0,2195.919007,486.318993,520.337851
2020-01-27 06:00:00,400.0,400.0,20.42044,74.762577,908.407356,0.0,0.0,2314.774257,336.937743,581.305035
2020-01-27 07:00:00,400.0,400.0,74.060266,0.0,754.361398,0.0,55.267765,2510.289153,347.324847,599.689163
2020-01-27 08:00:00,400.0,400.0,0.0,0.0,1021.0,0.0,0.0,2744.845983,1055.670017,594.876897
2020-01-27 09:00:00,400.0,400.0,-0.0,0.0,1022.0,0.0,0.0,2746.643003,1599.726997,594.99645
2020-01-27 10:00:00,398.0,400.0,0.0,0.0,1025.0,0.0,0.0,2726.233787,1905.518213,591.485068
2020-01-27 11:00:00,398.266,400.0,0.0,0.0,1024.734,0.0,0.0,2711.609661,2040.408339,589.331349
2020-01-27 12:00:00,399.307,400.0,0.0,0.0,1023.693,0.0,0.0,2664.245863,2128.706137,582.382929
2020-01-27 13:00:00,398.5,400.0,0.0,0.0,1022.5,0.0,0.0,2685.92945,2113.63255,585.814417
2020-01-27 14:00:00,398.0,400.0,0.0,0.0,1024.0,0.0,0.0,2483.132754,2206.755246,555.169913
2020-01-27 15:00:00,398.0,400.0,0.0,0.0,1023.0,0.0,0.0,2609.426414,1797.069586,574.263962
2020-01-27 16:00:00,398.0,400.0,0.0,0.0,1025.0,0.0,0.0,2383.03299,1503.10101,565.504948
2020-01-27 17:00:00,398.0,400.0,0.0,74.762577,1214.0,0.0,0.0,2567.218581,344.911419,615.632787
2020-01-27 18:00:00,400.0,400.0,20.234035,73.141753,1249.077591,0.0,0.0,2591.250601,283.217399,651.025952
2020-01-27 19:00:00,400.0,400.0,20.761583,45.253265,989.088015,0.0,0.0,2532.04683,284.95517,652.493822
2020-01-27 20:00:00,400.0,400.0,20.234035,26.47926,1088.551702,0.0,0.0,2547.917897,305.544103,631.704929
2020-01-27 21:00:00,400.0,400.0,19.958349,20.42044,940.182695,0.0,0.0,2556.815715,285.986285,593.794953
2020-01-27 22:00:00,400.0,400.0,0.0,0.0,1090.0,0.0,0.0,2435.53917,417.59083,553.130876
2020-01-27 23:00:00,400.0,400.0,0.0,0.0,1092.0,0.0,0.0,2140.333761,671.166239,508.550064
2020-01-28 00:00:00,400.0,400.0,0.0,0.0,1093.0,0.0,0.0,1963.410852,744.935148,481.861628
2020-01-28 01:00:00,400.0,400.0,0.0,0.0,1094.0,0.0,0.0,1875.776227,763.125773,468.566434
2020-01-28 02:00:00,400.0,400.0,0.0,0.0,1094.0,0.0,0.0,1857.293218,872.004782,465.793983
2020-01-28 03:00:00,400.0,400.0,0.0,0.0,1094.0,0.0,0.0,1855.780234,869.921766,465.567035
2020-01-28 04:00:00,398.0,400.0,0.0,0.0,1095.0,0.0,0.0,1905.541285,799.626715,472.881193
2020-01-28 05:00:00,398.0,400.0,0.0,16.247117,1094.0,0.0,0.0,2136.036967,563.663033,507.605545
2020-01-28 06:00:00,398.0,400.0,0.0,73.873861,1092.0,0.0,0.0,2392.951824,312.886176,546.442774
2020-01-28 07:00:00,400.0,400.0,13.352779,0.0,1074.904078,0.0,0.0,2511.440625,249.061375,566.780482
2020-01-28 08:00:00,398.0,400.0,0.0,0.0,1074.0,0.0,0.0,2678.132942,877.583058,591.919941
2020-01-28 09:00:00,398.0,400.0,0.0,0.0,1068.0,0.0,0.0,2499.690431,1532.613569,566.053565
2020-01-28 10:00:00,398.0,400.0,0.0,0.0,1079.0,0.0,0.0,2580.472215,1748.455785,576.520832
2020-01-28 11:00:00,398.0,400.0,0.0,0.0,1074.0,0.0,0.0,2567.711792,1725.390208,575.356769
2020-01-28 12:00:00,398.0,400.0,0.0,0.0,1073.0,0.0,0.0,2547.252525,1807.379475,572.437879
2020-01-28 13:00:00,399.961,400.0,0.0,0.0,1069.039,0.0,0.0,2528.240643,1700.381357,570.180246
2020-01-28 14:00:00,400.0,400.0,0.0,0.0,1066.0,0.0,0.0,2288.584884,1579.433116,560.187733
2020-01-28 15:00:00,400.0,400.0,0.0,0.0,1251.0,0.0,0.0,2089.369752,1551.668248,555.805463
2020-01-28 16:00:00,398.0,400.0,0.0,21.905537,1439.0,0.0,0.0,1883.542154,1098.385846,549.981323
2020-01-28 17:00:00,400.0,400.0,21.708134,73.87513,1225.733693,0.0,0.0,1721.685663,203.212337,598.642795
2020-01-28 18:00:00,400.0,400.0,22.709794,47.48391,1163.63138,0.0,0.0,1700.56707,226.97093,627.890354
2020-01-28 19:00:00,400.0,400.0,22.709794,78.16661,1197.904777,0.0,0.0,1645.845611,257.494389,633.891125
2020-01-28 20:00:00,400.0,400.0,20.547985,22.517176,1361.142875,0.0,0.0,1987.020914,272.715086,613.181706
2020-01-28 21:00:00,400.0,400.0,21.70426,11.324585,1283.313776,0.0,0.0,2193.454363,349.841637,579.321088
2020-01-28 22:00:00,398.0,400.0,0.0,0.0,1217.0,0.0,0.0,2207.596862,460.471138,538.139529
2020-01-28 23:00:00,398.0,400.0,0.0,0.0,1034.0,0.0,0.0,2127.593283,462.238717,500.338992
2020-01-29 00:00:00,398.0,400.0,0.0,-0.0,850.0,0.0,0.0,2153.041203,608.858797,478.50618
2020-01-29 01:00:00,398.0,400.0,0.0,-0.0,851.0,0.0,0.0,2095.058114,588.439886,469.658717
2020-01-29 02:00:00,398.0,400.0,0.0,-0.0,851.0,0.0,0.0,2059.983786,647.148214,464.397568
2020-01-29 03:00:00,398.0,400.0,0.0,-0.0,851.0,0.0,0.0,2068.171244,640.078756,465.625687
2020-01-29 04:00:00,400.0,400.0,0.0,-0.0,848.0,0.0,0.0,2141.395178,541.250822,477.059277
2020-01-29 05:00:00,400.0,400.0,0.0,42.01508,847.0,0.0,0.0,2274.044006,410.253994,506.406601
2020-01-29 06:00:00,400.0,400.0,20.234035,74.060266,819.89529,0.0,0.0,2361.374188,345.363812,551.921835
2020-01-29 07:00:00,400.0,400.0,73.873861,-0.0,720.543048,0.0,28.26097,2516.343172,350.446828,575.670019
2020-01-29 08:00:00,400.0,400.0,0.0,-0.0,920.0,0.0,0.0,2716.694319,946.183681,575.804148
2020-01-29 09:00:00,400.0,400.0,-0.0,-0.0,914.0,0.0,0.0,2739.196788,1355.673212,580.079518
2020-01-29 10:00:00,398.0,400.0,-0.0,-0.0,933.0,0.0,0.0,2787.088961,1690.095039,584.413344
2020-01-29 11:00:00,398.647,400.0,-0.0,-0.0,932.353,0.0,0.0,2778.362862,2008.221138,583.201479
2020-01-29 12:00:00,399.19,400.0,-0.0,-0.0,931.81,0.0,0.0,2752.044423,2132.745577,579.335163
2020-01-29 13:00:00,399.706,400.0,0.0,-0.0,929.294,0.0,0.0,2748.037965,2178.344035,579.111595
2020-01-29 14:00:00,399.91,400.0,0.0,-0.0,929.09,0.0,0.0,2718.616044,2046.581956,574.728907
2020-01-29 15:00:00,398.0,400.0,0.0,-0.0,932.0,0.0,0.0,2699.561098,1797.378902,571.434165
2020-01-29 16:00:00,398.0,400.0,0.0,-0.0,933.0,0.0,0.0,2335.120298,1600.075702,563.118045
2020-01-29 17:00:00,398.0,400.0,0.0,72.491495,1332.0,0.0,0.0,2579.061953,315.342047,608.109293
2020-01-29 18:00:00,400.0,400.0,20.526636,71.371814,1118.091991,0.0,0.0,2468.11,294.59,638.252701
2020-01-29 19:00:00,400.0,400.0,20.526636,51.984587,1060.395964,0.0,0.0,2508.819741,293.480259,647.013567
2020-01-29 20:00:00,400.0,400.0,20.42044,24.624248,1073.972143,0.0,0.0,2436.13005,124.70795,624.623686
2020-01-29 21:00:00,400.0,400.0,19.983547,20.526636,883.428894,0.0,0.0,2242.902,0.0,592.720966
2020-01-29 22:00:00,400.0,400.0,15.731586,-0.0,1220.342276,0.0,0.0,2290.02,0.0,549.251659
2020-01-29 23:00:00,398.0,400.0,0.0,-0.0,1236.0,0.0,0.0,2053.745664,301.956336,511.46185
2020-01-30 00:00:00,400.0,400.0,0.0,0.0,1058.0,0.0,0.0,2047.818618,534.381382,484.022793
2020-01-30 01:00:00,400.0,400.0,0.0,0.0,1058.0,0.0,0.0,1967.874959,685.723041,472.031244
2020-01-30 02:00:00,400.0,400.0,0.0,0.0,1059.0,0.0,0.0,1937.340455,716.231545,467.301068
2020-01-30 03:00:00,400.0,400.0,0.0,0.0,1059.0,0.0,0.0,1948.19245,661.36955,468.928867
2020-01-30 04:00:00,400.0,400.0,0.0,0.0,1058.0,0.0,0.0,2013.142222,629.887778,478.821333
2020-01-30 05:00:00,398.337,400.0,0.0,20.42044,1058.663,0.0,0.0,2206.381533,405.518467,512.20778
2020-01-30 06:00:00,400.0,400.0,20.234035,74.9512,960.56318,0.0,0.0,2319.148239,338.899761,562.737759
2020-01-30 07:00:00,400.0,400.0,20.526636,0.0,826.160788,0.0,0.0,2400.198698,348.453302,583.055687
2020-01-30 08:00:00,400.0,400.0,0.0,0.0,1069.0,0.0,0.0,2618.141533,863.374467,579.32123
2020-01-30 09:00:00,400.0,400.0,0.0,0.0,1061.0,0.0,0.0,2621.695839,1080.058161,581.054376
2020-01-30 10:00:00,400.0,400.0,0.0,0.0,1089.0,0.0,0.0,2647.40654,1501.60346,580.710981
2020-01-30 11:00:00,398.0,400.0,0.0,0.0,1073.0,0.0,0.0,2635.954194,1457.027806,581.393129
2020-01-30 12:00:00,398.0,400.0,0.0,0.0,1077.0,0.0,0.0,2625.276576,1547.269424,579.191486
2020-01-30 13:00:00,400.0,400.0,0.0,0.0,1092.0,0.0,0.0,2636.402944,1847.251056,578.610442
2020-01-30 14:00:00,400.0,400.0,0.0,0.0,1079.0,0.0,0.0,2613.525235,1651.036765,577.128785
2020-01-30 15:00:00,400.0,400.0,0.0,0.0,1074.0,0.0,0.0,2172.388029,1778.401971,572.008204
2020-01-30 16:00:00,398.0,400.0,-0.0,76.324557,1539.0,0.0,0.0,1874.312799,1658.949201,564.49692
2020-01-30 17:00:00,398.0,400.0,0.0,43.781225,1748.0,0.0,0.0,2297.299501,461.568499,612.344925
2020-01-30 18:00:00,400.0,400.0,18.52187,72.906478,1638.858245,0.0,0.0,2408.835506,266.186494,645.446589
2020-01-30 19:00:00,400.0,400.0,20.42044,23.240861,1419.836295,0.0,0.0,2288.556666,295.923334,652.008056
2020-01-30 20:00:00,400.0,400.0,20.234035,21.122752,1258.727045,0.0,0.0,2293.733894,266.954106,624.451027
2020-01-30 21:00:00,400.0,400.0,13.352779,19.958349,1495.264752,0.0,0.0,2286.190748,268.907252,587.838899
2020-01-30 22:00:00,400.0,400.0,0.0,0.0,1504.0,0.0,0.0,2004.879515,499.488485,544.331927
2020-01-30 23:00:00,400.0,400.0,0.0,0.0,1138.0,0.0,0.0,2090.296661,556.233339,505.544499
2020-01-31 00:00:00,400.0,400.0,0.0,-0.0,1139.0,0.0,0.0,1910.327403,622.762597,478.39911
2020-01-31 01:00:00,400.0,400.0,0.0,-0.0,1128.0,0.0,0.0,1807.761691,366.318309,464.664254
2020-01-31 02:00:00,400.0,400.0,0.0,-0.0,1140.0,0.0,0.0,1780.727723,767.792277,458.809158
2020-01-31 03:00:00,400.0,400.0,0.0,-0.0,1138.0,0.0,0.0,1796.931514,679.846486,461.539727
2020-01-31 04:00:00,398.005,400.0,0.0,19.430296,1130.995,0.0,0.0,1831.753898,388.748102,471.113835
2020-01-31 05:00:00,400.0,400.0,0.0,44.472075,1158.0,0.0,0.0,1636.05674,491.26326,496.958511
2020-01-31 06:00:00,400.0,400.0,18.072542,76.755559,1463.814692,0.0,0.0,1751.848,0.0,547.804996
2020-01-31 07:00:00,400.0,400.0,21.287879,21.116714,980.711745,0.0,0.0,1495.832,0.0,566.118038
2020-01-31 08:00:00,400.0,400.0,20.419098,-0.0,1097.027758,0.0,0.0,1673.084,0.0,567.008436
2020-01-31 09:00:00,400.0,400.0,19.685338,-0.0,1218.23558,0.0,0.0,1853.416,0.0,575.877063
2020-01-31 10:00:00,400.0,400.0,18.463561,-0.0,1422.316977,0.0,0.0,2104.57,0.0,582.937953
2020-01-31 11:00:00,398.0,400.0,0.0,-0.0,1553.0,0.0,0.0,2263.668329,8.597671,587.200249
2020-01-31 12:00:00,400.0,400.0,0.0,-0.0,1551.0,0.0,0.0,2247.45294,102.01506,585.067941
2020-01-31 13:00:00,400.0,400.0,0.0,18.861019,1544.0,0.0,0.0,2246.943248,214.406752,586.041487
2020-01-31 14:00:00,400.0,400.0,0.0,19.034775,1529.0,0.0,0.0,2048.158688,740.919312,583.973803
2020-01-31 15:00:00,400.0,400.0,0.0,19.68943,1711.0,0.0,0.0,1849.58304,933.37896,580.137456
2020-01-31 16:00:00,398.0,400.0,0.0,23.128644,1897.0,0.0,0.0,1606.615167,775.714833,569.042275
2020-01-31 17:00:00,400.0,400.0,18.861019,81.163769,1906.087011,0.0,0.0,1569.89,0.0,604.320448
2020-01-31 18:00:00,400.0,400.0,18.861019,72.169574,1902.457506,0.0,0.0,1797.816,0.0,624.653774
2020-01-31 19:00:00,400.0,400.0,21.122752,22.516066,1396.797788,0.0,0.0,2038.573913,47.624087,630.116419
2020-01-31 20:00:00,400.0,400.0,20.234035,21.116714,1314.755759,0.0,0.0,2109.766503,152.555497,599.851612
2020-01-31 21:00:00,400.0,400.0,0.0,19.68943,1550.0,0.0,0.0,2168.078087,380.339913,573.311713
2020-01-31 22:00:00,400.0,400.0,0.0,19.034775,1367.0,0.0,0.0,2117.231108,444.606892,539.884666
2020-01-31 23:00:00,400.0,400.0,0.0,18.861019,1184.0,0.0,0.0,2070.516748,509.851252,507.077512
2020-02-01 00:00:00,400.0,400.0,18.926085,3.739998,735.959462,0.0,0.182,2083.027865,285.272135,477.16026
2020-02-01 01:00:00,400.0,400.0,0.0,0.0,822.0,0.0,0.0,2040.016288,509.415712,458.852443
2020-02-01 02:00:00,400.0,400.0,0.0,0.0,822.0,0.0,0.0,1987.175405,538.262595,450.926311
2020-02-01 03:00:00,400.0,400.0,0.0,0.0,823.0,0.0,0.0,1965.479043,555.282957,447.521856
2020-02-01 04:00:00,400.0,400.0,0.0,0.0,822.0,0.0,0.0,1971.295763,633.106237,448.544365
2020-02-01 05:00:00,400.0,400.0,0.0,0.0,822.0,0.0,0.0,2056.936333,569.953667,461.39045
2020-02-01 06:00:00,400.0,400.0,0.0,0.0,821.0,0.0,0.0,2190.495803,468.950197,481.57437
2020-02-01 07:00:00,398.0,400.0,0.0,0.0,815.0,0.0,0.0,2271.166877,467.963123,494.575032
2020-02-01 08:00:00,398.0,400.0,0.0,0.0,783.0,0.0,0.0,2294.388512,1162.295488,504.358277
2020-02-01 09:00:00,398.0,400.0,0.0,0.0,808.0,0.0,0.0,2407.633235,1502.214765,522.544985
2020-02-01 10:00:00,400.0,400.0,0.0,0.0,817.0,0.0,0.0,2451.812304,1395.755696,527.821846
2020-02-01 11:00:00,398.0,400.0,0.0,0.0,823.0,0.0,0.0,2450.896096,1736.593904,526.784414
2020-02-01 12:00:00,400.0,400.0,0.0,0.0,840.0,0.0,0.0,2377.392318,2040.087682,522.508848
2020-02-01 13:00:00,398.0,400.0,0.0,0.0,933.0,0.0,0.0,2345.723307,2350.846693,517.758496
2020-02-01 14:00:00,398.0,400.0,0.0,0.0,932.0,0.0,0.0,2294.187327,2069.626673,510.178099
2020-02-01 15:00:00,400.0,400.0,0.0,0.0,914.0,0.0,0.0,2254.702204,995.895796,506.955331
2020-02-01 16:00:00,398.0,400.0,0.0,0.0,899.0,0.0,0.0,2216.002279,149.259721,503.400342
2020-02-01 17:00:00,400.0,400.0,500.0,26.339096,0.0,210.443381,616.488007,1145.93,0.0,547.406007
2020-02-01 18:00:00,400.0,400.0,500.0,70.332291,0.0,433.027319,753.780598,811.75,0.0,577.316598
2020-02-01 19:00:00,400.0,400.0,500.0,40.385452,0.0,564.206364,759.976955,748.32,0.0,587.478955
2020-02-01 20:00:00,400.0,400.0,500.0,70.846138,0.0,312.102546,665.930382,765.72,0.0,558.273382
2020-02-01 21:00:00,400.0,400.0,500.0,20.911832,0.0,365.592134,708.93132,718.37,0.0,544.94432
2020-02-01 22:00:00,400.0,400.0,502.723482,19.192657,0.0,114.271059,684.525359,950.198,0.0,518.770359
2020-02-01 23:00:00,400.0,400.0,90.382001,0.0,162.328,0.0,491.62687,1045.840466,171.729534,491.62687
2020-02-02 00:00:00,400.0,400.0,77.464999,-0.0,348.581534,0.0,275.261412,1070.37451,179.72549,467.368946
2020-02-02 01:00:00,400.0,400.0,75.545362,-0.0,418.529757,0.0,187.040502,1287.204815,256.625185,452.141259
2020-02-02 02:00:00,400.0,400.0,21.122752,-0.0,601.642615,0.0,0.0,1513.177431,316.892569,442.580222
2020-02-02 03:00:00,400.0,400.0,20.42044,-0.0,708.612865,0.0,0.0,1592.942136,329.189864,438.499391
2020-02-02 04:00:00,400.0,400.0,20.42044,-0.0,722.274763,0.0,0.0,1607.042751,140.095249,438.565198
2020-02-02 05:00:00,400.0,400.0,14.544199,-0.0,914.5075,0.0,0.0,1839.979966,54.920034,444.67087
2020-02-02 06:00:00,400.0,400.0,19.533879,-0.0,832.556875,0.0,0.0,1832.746055,146.685945,455.878377
2020-02-02 07:00:00,400.0,400.0,0.0,-0.0,875.0,0.0,0.0,1910.163358,333.286642,461.124504
2020-02-02 08:00:00,398.0,400.0,0.0,-0.0,896.0,0.0,0.0,2007.33746,950.11454,472.550619
2020-02-02 09:00:00,398.0,400.0,0.0,-0.0,896.0,0.0,0.0,2132.539188,1255.038812,491.330878
2020-02-02 10:00:00,398.0,400.0,0.0,-0.0,891.0,0.0,0.0,2186.412094,1344.677906,500.161814
2020-02-02 11:00:00,398.0,400.0,0.0,-0.0,904.0,0.0,0.0,2236.531525,1440.148475,505.729729
2020-02-02 12:00:00,398.0,400.0,0.0,-0.0,918.0,0.0,0.0,2254.083675,1424.500325,506.262551
2020-02-02 13:00:00,400.0,400.0,0.0,-0.0,914.0,0.0,0.0,2259.24214,1421.36786,507.636321
2020-02-02 14:00:00,400.0,400.0,0.0,18.573789,913.0,0.0,0.0,2231.8591,1148.9549,503.678865
2020-02-02 15:00:00,400.0,400.0,0.0,19.68943,912.0,0.0,0.0,1877.27088,976.41512,501.640632
2020-02-02 16:00:00,398.0,400.0,0.0,23.62788,1288.0,0.0,0.0,1169.499884,871.584116,492.074983
2020-02-02 17:00:00,400.0,400.0,19.68943,26.884571,1797.329846,0.0,0.0,1145.58,0.0,526.837523
2020-02-02 18:00:00,400.0,400.0,20.846138,69.058226,1563.676545,0.0,0.0,1117.89,0.0,557.732018
2020-02-02 19:00:00,400.0,400.0,22.576747,74.617414,1310.8004,0.0,0.0,993.48,0.0,580.60194
2020-02-02 20:00:00,400.0,400.0,22.96816,26.896039,1181.146125,0.0,0.0,813.984,0.0,569.525681
2020-02-02 21:00:00,400.0,400.0,23.069973,22.576747,1163.28271,0.0,0.0,649.23,0.0,547.492094
2020-02-02 22:00:00,400.0,400.0,22.732362,21.287879,1208.47527,0.0,0.0,463.802,0.0,512.899009
2020-02-02 23:00:00,400.0,400.0,76.324557,20.419098,525.43054,0.0,91.259679,291.932,0.0,483.075219
2020-02-03 00:00:00,400.0,400.0,74.617414,19.430296,561.748347,0.0,22.301701,174.702,0.0,460.043048
2020-02-03 01:00:00,400.0,400.0,23.437807,-0.0,639.121268,0.0,0.0,229.768,0.0,448.44701
2020-02-03 02:00:00,400.0,400.0,23.437807,-0.0,656.215269,0.0,0.0,212.378,0.0,443.27441
2020-02-03 03:00:00,400.0,400.0,23.206766,-0.0,699.388716,0.0,0.0,258.62,0.0,443.734693
2020-02-03 04:00:00,400.0,400.0,23.437807,19.430296,636.774059,0.0,0.0,261.116,0.0,453.501291
2020-02-03 05:00:00,400.0,400.0,76.429316,27.403464,426.591028,0.0,193.857518,285.648,0.0,488.708546
2020-02-03 06:00:00,400.0,400.0,83.035526,73.437807,107.528452,0.0,506.05508,316.872,0.0,549.651532
2020-02-03 07:00:00,400.0,400.0,500.0,19.034775,0.0,256.32306,733.506959,390.33,0.0,569.587959
2020-02-03 08:00:00,400.0,400.0,124.617414,-0.0,151.279765,0.0,590.54877,1149.17,0.0,569.023535
2020-02-03 09:00:00,400.0,400.0,73.069973,-0.0,462.287303,0.0,289.104102,1603.23,0.0,574.491405
2020-02-03 10:00:00,400.0,400.0,19.430296,-0.0,1031.729254,0.0,0.0,2190.278,0.0,577.132312
2020-02-03 11:00:00,400.0,400.0,18.072542,-0.0,1247.615653,0.0,0.0,2424.922,0.0,579.945952
2020-02-03 12:00:00,400.0,400.0,18.072542,-0.0,1238.499198,0.0,0.0,2389.57,0.0,576.01062
2020-02-03 13:00:00,400.0,400.0,19.430296,-0.0,1057.236576,0.0,0.0,2212.71,0.0,576.671014
2020-02-03 14:00:00,400.0,400.0,18.861019,19.430296,1126.834264,0.0,0.0,2279.15,0.0,576.19736
2020-02-03 15:00:00,400.0,400.0,19.034775,23.862643,1071.510165,0.0,0.0,2134.29,0.0,572.066975
2020-02-03 16:00:00,400.0,400.0,0.0,24.574377,1388.0,0.0,0.0,1451.055934,170.812066,563.55839
2020-02-03 17:00:00,400.0,400.0,22.516066,30.212683,1463.868064,0.0,0.0,738.564,0.0,609.55439
2020-02-03 18:00:00,400.0,400.0,23.069973,76.755559,1455.10298,0.0,0.0,738.566,0.0,641.019453
2020-02-03 19:00:00,400.0,400.0,23.206766,63.924334,1331.552416,0.0,0.0,683.772,0.0,648.932938
2020-02-03 20:00:00,400.0,400.0,23.128644,25.9087,1387.801585,0.0,0.0,565.228,0.0,622.713962
2020-02-03 21:00:00,400.0,400.0,23.437807,23.437807,1044.234979,0.0,0.0,362.828,0.0,590.638953
2020-02-03 22:00:00,400.0,400.0,23.069973,22.96816,1278.002533,0.0,0.0,290.27,0.0,544.69012
2020-02-03 23:00:00,400.0,400.0,22.516066,22.576747,1469.942744,0.0,0.0,212.482,0.0,504.230888
2020-02-04 00:00:00,400.0,400.0,21.116714,21.843654,1675.05026,0.0,0.0,232.596,0.0,476.481861
2020-02-04 01:00:00,400.0,400.0,20.400003,21.287879,1809.214008,0.0,0.0,257.352,0.0,460.070699
2020-02-04 02:00:00,400.0,400.0,19.68943,21.116714,1908.286006,0.0,0.0,327.298,0.0,455.701799
2020-02-04 03:00:00,400.0,400.0,19.68943,21.287879,1931.687017,0.0,0.0,342.884,0.0,454.529547
2020-02-04 04:00:00,400.0,400.0,19.983547,22.492854,1824.429281,0.0,0.0,302.046,0.0,464.492508
2020-02-04 05:00:00,400.0,400.0,21.843654,23.128644,1524.317541,0.0,0.0,257.6,0.0,502.842369
2020-02-04 06:00:00,400.0,400.0,23.206766,50.333717,1140.858645,0.0,0.0,277.16,0.0,563.295203
2020-02-04 07:00:00,400.0,400.0,24.617414,21.474047,797.314848,0.0,0.0,406.782,0.0,581.020073
2020-02-04 08:00:00,400.0,400.0,21.116714,18.861019,1386.89123,0.0,0.0,1299.978,0.0,573.313016
2020-02-04 09:00:00,400.0,400.0,18.573789,0.0,1866.314367,0.0,0.0,1813.022,0.0,578.356145
2020-02-04 10:00:00,400.0,400.0,0.0,0.0,1951.0,0.0,0.0,1903.940245,177.507755,579.291037
2020-02-04 11:00:00,400.0,400.0,0.0,0.0,1951.0,0.0,0.0,1926.477412,273.512588,582.671612
2020-02-04 12:00:00,400.0,400.0,0.0,0.0,1949.0,0.0,0.0,1919.803783,389.312217,581.970567
2020-02-04 13:00:00,400.0,400.0,0.0,0.0,1949.0,0.0,0.0,1920.737604,337.682396,582.110641
2020-02-04 14:00:00,400.0,400.0,0.0,18.573789,1948.0,0.0,0.0,1932.112784,252.397216,583.966918
2020-02-04 15:00:00,400.0,400.0,0.0,19.685338,1950.0,0.0,0.0,1849.665648,103.766352,571.299847
2020-02-04 16:00:00,400.0,400.0,0.0,22.732362,1951.0,0.0,0.0,1337.164055,105.465945,545.274608
2020-02-04 17:00:00,400.0,400.0,22.808576,76.308435,1106.7401,0.0,0.0,474.382,0.0,603.996285
2020-02-04 18:00:00,400.0,400.0,76.429316,59.144487,766.124166,0.0,47.403709,422.27,0.0,641.271875
2020-02-04 19:00:00,400.0,400.0,76.790897,25.742696,680.072951,0.0,146.927606,405.53,0.0,651.668557
2020-02-04 20:00:00,400.0,400.0,80.277405,24.569393,431.815443,0.0,356.643098,296.432,0.0,621.216541
2020-02-04 21:00:00,400.0,400.0,80.277405,23.069973,284.25713,0.0,458.467201,279.286,0.0,585.60433
2020-02-04 22:00:00,400.0,400.0,76.324557,20.419098,564.63756,0.0,125.514506,278.698,0.0,543.459066
2020-02-04 23:00:00,400.0,400.0,23.437807,19.983547,849.182018,0.0,0.0,282.68,0.0,501.374697
2020-02-05 00:00:00,400.0,400.0,23.437807,19.430296,657.525264,0.0,0.0,243.866,0.0,471.05111
2020-02-05 01:00:00,400.0,400.0,73.87513,18.861019,419.761202,0.0,164.486717,272.134,0.0,457.70592
2020-02-05 02:00:00,400.0,400.0,73.437807,0.0,505.736367,0.0,72.924378,315.968,0.0,451.384745
2020-02-05 03:00:00,400.0,400.0,73.128644,0.0,564.131206,0.0,16.167313,372.348,0.0,451.082519
2020-02-05 04:00:00,400.0,400.0,22.732362,15.653704,709.487085,0.0,0.0,562.65,0.0,457.824437
2020-02-05 05:00:00,400.0,400.0,73.128644,20.400003,591.011274,0.0,54.629235,684.448,0.0,493.865509
2020-02-05 06:00:00,400.0,400.0,74.617414,69.759556,368.469243,0.0,354.796871,843.15,0.0,551.052114
2020-02-05 07:00:00,400.0,400.0,73.657594,0.0,468.132732,0.0,299.966258,1064.146,0.0,569.25199
2020-02-05 08:00:00,400.0,400.0,19.685338,0.0,1288.465691,0.0,0.0,1864.282,0.0,566.222446
2020-02-05 09:00:00,398.0,400.0,0.0,0.0,1544.0,0.0,0.0,2171.55234,139.15766,573.982851
2020-02-05 10:00:00,400.0,400.0,0.0,0.0,1563.0,0.0,0.0,2239.01343,268.24857,581.252014
2020-02-05 11:00:00,400.0,400.0,0.0,0.0,1573.0,0.0,0.0,2285.761549,150.092451,586.764232
2020-02-05 12:00:00,400.0,400.0,0.0,0.0,1575.0,0.0,0.0,2311.694635,109.955365,590.354195
2020-02-05 13:00:00,398.0,400.0,0.0,18.861019,1579.0,0.0,0.0,2317.120778,12.433222,590.568117
2020-02-05 14:00:00,400.0,400.0,18.861019,20.400003,1429.570572,0.0,0.0,2181.752,0.0,592.677214
2020-02-05 15:00:00,400.0,400.0,19.68943,22.412663,1253.849886,0.0,0.0,1945.698,0.0,592.627217
2020-02-05 16:00:00,400.0,400.0,16.970947,26.903907,1653.947122,0.0,0.0,1502.632,0.0,581.952732
2020-02-05 17:00:00,400.0,400.0,22.317043,66.341362,1230.214731,0.0,0.0,593.266,0.0,620.10769
2020-02-05 18:00:00,400.0,400.0,22.292889,76.429316,1118.76617,0.0,0.0,598.262,0.0,645.974374
2020-02-05 19:00:00,400.0,400.0,23.160439,27.512649,921.862728,0.0,0.0,486.602,0.0,650.360891
2020-02-05 20:00:00,400.0,400.0,23.437807,24.617414,1082.632754,0.0,0.0,461.52,0.0,622.483087
2020-02-05 21:00:00,400.0,400.0,23.657594,23.069973,922.413108,0.0,0.0,392.52,0.0,582.916034
2020-02-05 22:00:00,400.0,400.0,22.96816,22.576747,1215.760304,0.0,0.0,387.05,0.0,538.093454
2020-02-05 23:00:00,400.0,400.0,21.287879,21.647258,1526.80508,0.0,0.0,420.862,0.0,496.508538
2020-02-06 00:00:00,400.0,400.0,21.647258,21.647258,1037.578626,0.0,0.0,464.768,0.0,469.978406
2020-02-06 01:00:00,400.0,400.0,21.474047,20.846138,1100.572634,0.0,0.0,420.168,0.0,453.839305
2020-02-06 02:00:00,400.0,400.0,21.116411,19.983547,1214.106034,0.0,0.0,479.866,0.0,445.763995
2020-02-06 03:00:00,400.0,400.0,19.983547,20.42044,1362.832913,0.0,0.0,619.146,0.0,444.346963
2020-02-06 04:00:00,400.0,400.0,19.430296,20.526636,1537.785628,0.0,0.0,836.538,0.0,450.712856
2020-02-06 05:00:00,400.0,400.0,20.400003,22.335927,1354.66328,0.0,0.0,855.282,0.0,480.992808
2020-02-06 06:00:00,400.0,400.0,22.709794,45.673349,991.111947,0.0,0.0,833.115419,15.284581,532.200521
2020-02-06 07:00:00,400.0,400.0,22.709794,20.234035,990.080006,0.0,0.0,977.222798,41.155202,553.971419
2020-02-06 08:00:00,400.0,400.0,20.526636,0.0,1178.847298,0.0,0.0,1846.451831,45.800169,555.048679
2020-02-06 09:00:00,398.0,400.0,0.0,0.0,1465.0,0.0,0.0,2262.562551,158.185449,569.034383
2020-02-06 10:00:00,400.0,400.0,0.0,0.0,1469.0,0.0,0.0,2357.838181,166.281819,582.725727
2020-02-06 11:00:00,398.0,400.0,0.0,0.0,1376.0,0.0,0.0,2468.940755,228.577245,590.091113
2020-02-06 12:00:00,398.0,400.0,0.0,0.0,1374.0,0.0,0.0,2536.918556,287.831444,600.587783
2020-02-06 13:00:00,398.0,400.0,0.0,0.0,1370.0,0.0,0.0,2516.023521,392.444479,598.053528
2020-02-06 14:00:00,398.0,400.0,0.0,0.0,1369.0,0.0,0.0,2494.520742,367.749258,594.978111
2020-02-06 15:00:00,398.0,400.0,0.0,19.034775,1372.0,0.0,0.0,2496.456828,21.659172,594.818524
2020-02-06 16:00:00,400.0,400.0,0.0,21.905537,1372.0,0.0,0.0,1577.191026,427.938974,584.428654
2020-02-06 17:00:00,400.0,400.0,22.709794,74.892045,1504.424331,0.0,0.0,997.582695,104.055305,616.373755
2020-02-06 18:00:00,400.0,400.0,23.20063,73.917269,1353.210218,0.0,0.0,1018.281865,78.784135,644.560747
2020-02-06 19:00:00,400.0,400.0,23.592361,26.568418,1295.765508,0.0,0.0,1017.525213,81.360787,650.663956
2020-02-06 20:00:00,400.0,400.0,23.128644,23.576273,1052.418197,0.0,0.0,920.802,0.0,619.40757
2020-02-06 21:00:00,400.0,400.0,23.069973,22.576747,1129.728923,0.0,0.0,728.264,0.0,578.930262
2020-02-06 22:00:00,400.0,400.0,21.287879,21.122752,1479.667843,0.0,0.0,779.5,0.0,534.124824
2020-02-06 23:00:00,400.0,400.0,20.42044,19.034775,1813.154396,0.0,0.0,855.698311,138.063689,495.531587
2020-02-07 00:00:00,400.0,400.0,54.199846,21.905537,625.569477,0.0,0.0,915.499321,187.130679,469.639477
2020-02-07 01:00:00,400.0,400.0,20.547985,20.547985,962.914338,0.0,0.0,1150.006833,295.055167,454.213874
2020-02-07 02:00:00,400.0,400.0,18.926085,19.533879,1261.982594,0.0,0.0,1399.253916,334.946084,446.740698
2020-02-07 03:00:00,398.0,400.0,0.0,0.0,1378.0,0.0,0.0,1514.538105,398.909895,446.630716
2020-02-07 04:00:00,400.0,400.0,13.352779,0.0,1349.638945,0.0,0.0,1520.170703,335.261297,451.729764
2020-02-07 05:00:00,400.0,400.0,18.52187,20.526636,1266.049767,0.0,0.0,1640.449555,338.352445,482.309968
2020-02-07 06:00:00,400.0,400.0,20.234035,68.731625,1134.106927,0.0,0.0,1826.343634,271.208366,536.885506
2020-02-07 07:00:00,400.0,400.0,21.368347,0.0,792.805327,0.0,0.0,1973.670078,287.599922,558.279713
2020-02-07 08:00:00,398.0,400.0,0.0,0.0,1216.0,0.0,0.0,2367.706007,428.227993,553.905901
2020-02-07 09:00:00,398.0,400.0,0.0,0.0,1217.0,0.0,0.0,2454.028888,633.757112,566.704333
2020-02-07 10:00:00,398.0,400.0,0.0,0.0,1216.0,0.0,0.0,2494.35953,997.59247,572.90393
2020-02-07 11:00:00,398.0,400.0,0.0,0.0,1216.0,0.0,0.0,2511.281034,1123.350966,575.442155
2020-02-07 12:00:00,398.0,400.0,0.0,0.0,1216.0,0.0,0.0,2522.697703,1112.118297,577.154655
2020-02-07 13:00:00,398.0,400.0,0.0,0.0,1215.0,0.0,0.0,2529.525209,1059.374791,578.328781
2020-02-07 14:00:00,398.0,400.0,0.0,0.0,1215.0,0.0,0.0,2515.451401,1026.438599,576.21771
2020-02-07 15:00:00,398.0,400.0,0.0,0.0,1215.0,0.0,0.0,2502.917708,742.330292,574.337656
2020-02-07 16:00:00,398.0,400.0,0.0,20.547985,1216.0,0.0,0.0,2253.601771,406.486229,562.290266
2020-02-07 17:00:00,400.0,400.0,21.905537,29.160524,880.74753,0.0,0.0,1663.232918,78.235082,586.572808
2020-02-07 18:00:00,400.0,400.0,22.23556,74.060266,1036.10345,0.0,0.0,1700.644094,139.659906,614.181097
2020-02-07 19:00:00,400.0,400.0,22.656017,22.656017,903.111711,0.0,0.0,1637.586435,47.115565,621.071209
2020-02-07 20:00:00,400.0,400.0,72.96816,54.325599,748.806349,0.0,26.377299,1288.264,0.0,591.818648
2020-02-07 21:00:00,400.0,400.0,73.87513,22.517588,563.375178,0.0,178.934245,942.418,0.0,567.756423
2020-02-07 22:00:00,400.0,400.0,73.437807,21.905537,609.585498,0.0,89.284377,769.518,0.0,534.889875
2020-02-07 23:00:00,400.0,400.0,22.516066,22.23556,793.825777,0.0,0.0,707.004,0.0,497.876733
2020-02-08 00:00:00,400.0,400.0,22.516066,21.287879,769.466979,0.0,0.0,519.43,0.0,473.394453
2020-02-08 01:00:00,400.0,400.0,22.492854,21.288154,828.221496,0.0,0.0,466.13,0.0,456.586276
2020-02-08 02:00:00,400.0,400.0,21.843654,21.288154,855.380456,0.0,0.0,429.098,0.0,446.957632
2020-02-08 03:00:00,400.0,400.0,21.474047,21.116714,935.856973,0.0,0.0,482.49,0.0,442.894954
2020-02-08 04:00:00,400.0,400.0,21.288154,21.288154,966.015435,0.0,0.0,536.512,0.0,446.474485
2020-02-08 05:00:00,400.0,400.0,21.843654,21.647258,851.293169,0.0,0.0,496.65,0.0,457.703525
2020-02-08 06:00:00,400.0,400.0,23.069973,52.073493,698.106305,0.0,0.0,479.346,0.0,478.085954
2020-02-08 07:00:00,400.0,400.0,73.437807,18.861019,479.724577,0.0,140.678236,680.97,0.0,487.836813
2020-02-08 08:00:00,400.0,400.0,19.983547,-0.0,927.608237,0.0,0.0,1569.732,0.0,500.718564
2020-02-08 09:00:00,400.0,400.0,18.861019,-0.0,1181.745562,0.0,0.0,1971.048,0.0,522.795366
2020-02-08 10:00:00,400.0,400.0,0.0,-0.0,1338.0,0.0,0.0,2173.927773,78.694227,529.789166
2020-02-08 11:00:00,400.0,400.0,0.0,-0.0,1338.0,0.0,0.0,2185.627261,243.402739,531.544089
2020-02-08 12:00:00,400.0,400.0,0.0,-0.0,1339.0,0.0,0.0,2145.532075,338.783925,525.379811
2020-02-08 13:00:00,400.0,400.0,0.0,-0.0,1337.0,0.0,0.0,2102.647375,348.036625,519.247106
2020-02-08 14:00:00,400.0,400.0,0.0,-0.0,1337.0,0.0,0.0,2060.751717,231.996283,512.962758
2020-02-08 15:00:00,400.0,400.0,18.072542,19.983547,1275.552044,0.0,0.0,1984.17,0.0,510.692693
2020-02-08 16:00:00,400.0,400.0,16.970947,21.647258,1322.663115,0.0,0.0,1486.802,0.0,505.520833
2020-02-08 17:00:00,400.0,400.0,22.96816,29.272075,930.998646,0.0,0.0,538.066,0.0,534.760103
2020-02-08 18:00:00,400.0,400.0,23.206766,72.413002,893.571065,0.0,0.0,523.922,0.0,576.80264
2020-02-08 19:00:00,400.0,400.0,23.437807,62.043486,825.406612,0.0,0.0,568.48,0.0,590.111008
2020-02-08 20:00:00,400.0,400.0,23.206766,27.70573,914.210146,0.0,0.0,513.904,0.0,567.404078
2020-02-08 21:00:00,400.0,400.0,23.437807,23.437807,787.277604,0.0,0.0,400.366,0.0,551.113259
2020-02-08 22:00:00,400.0,400.0,23.206766,23.069973,801.366144,0.0,0.0,399.15,0.0,525.567578
2020-02-08 23:00:00,400.0,400.0,23.069973,23.069973,951.451208,0.0,0.0,368.952,0.0,498.525119
2020-02-09 00:00:00,400.0,400.0,73.657594,25.038491,590.930298,0.0,11.557458,209.302,0.0,475.405755
2020-02-09 01:00:00,400.0,400.0,23.069973,23.437807,729.924932,0.0,0.0,229.11,0.0,457.52776
2020-02-09 02:00:00,400.0,400.0,23.069973,23.069973,775.558087,0.0,0.0,229.898,0.0,450.800987
2020-02-09 03:00:00,400.0,400.0,22.516066,22.96816,906.933218,0.0,0.0,328.052,0.0,445.817817
2020-02-09 04:00:00,400.0,400.0,22.492854,23.069973,931.236049,0.0,0.0,365.898,0.0,447.849293
2020-02-09 05:00:00,400.0,400.0,22.732362,23.128644,886.991465,0.0,0.0,384.582,0.0,457.28858
2020-02-09 06:00:00,400.0,400.0,23.069973,41.020404,760.136949,0.0,0.0,353.302,0.0,471.624758
2020-02-09 07:00:00,400.0,400.0,23.069973,19.430296,652.740817,0.0,0.0,603.5,0.0,472.013877
2020-02-09 08:00:00,400.0,400.0,19.034775,18.072542,1170.037904,0.0,0.0,1545.94,0.0,482.535314
2020-02-09 09:00:00,400.0,400.0,0.0,0.0,1400.0,0.0,0.0,1845.922333,145.963667,493.03835
2020-02-09 10:00:00,400.0,400.0,0.0,0.0,1400.0,0.0,0.0,1878.411536,451.286464,497.91173
2020-02-09 11:00:00,400.0,400.0,0.0,0.0,1399.0,0.0,0.0,1903.870363,556.927637,501.880554
2020-02-09 12:00:00,400.0,400.0,0.0,0.0,1399.0,0.0,0.0,1908.05264,595.14936,502.507896
2020-02-09 13:00:00,400.0,400.0,0.0,0.0,1397.0,0.0,0.0,1891.352819,636.275181,500.302923
2020-02-09 14:00:00,400.0,400.0,0.0,0.0,1389.0,0.0,0.0,1884.987474,680.894526,500.548121
2020-02-09 15:00:00,400.0,400.0,0.0,19.983547,1381.0,0.0,0.0,1895.049362,576.986638,503.257404
2020-02-09 16:00:00,398.0,400.0,0.0,22.383976,1388.0,0.0,0.0,1544.331311,290.914689,500.599697
2020-02-09 17:00:00,400.0,400.0,20.419098,27.201412,1325.396324,0.0,0.0,989.904,0.0,533.326151
2020-02-09 18:00:00,400.0,400.0,21.288154,72.144354,1422.080519,0.0,0.0,1019.528,0.0,578.767122
2020-02-09 19:00:00,400.0,400.0,22.576747,69.003384,1207.297511,0.0,0.0,933.368,0.0,598.060573
2020-02-09 20:00:00,400.0,400.0,22.732362,23.768633,1172.343918,0.0,0.0,744.948,0.0,575.040612
2020-02-09 21:00:00,400.0,400.0,22.27085,23.206766,763.516138,0.0,0.0,523.09,0.0,549.836079
2020-02-09 22:00:00,400.0,400.0,22.558218,22.576747,990.40889,0.0,0.0,520.47,0.0,515.409166
2020-02-09 23:00:00,400.0,400.0,21.843654,22.576747,1162.971994,0.0,0.0,492.61,0.0,485.345701
2020-02-10 00:00:00,400.0,400.0,21.843654,21.647258,1148.72062,0.0,0.0,309.018,0.0,459.944607
2020-02-10 01:00:00,400.0,400.0,20.419098,21.647258,1400.976828,0.0,0.0,482.354,0.0,448.106576
2020-02-10 02:00:00,400.0,400.0,20.400003,20.419098,1480.272303,0.0,0.0,527.446,0.0,442.976054
2020-02-10 03:00:00,400.0,400.0,19.430296,20.419098,1645.587818,0.0,0.0,688.4,0.0,442.321827
2020-02-10 04:00:00,400.0,400.0,19.983547,21.116714,1546.096763,0.0,0.0,645.068,0.0,450.745686
2020-02-10 05:00:00,400.0,400.0,21.116714,22.516066,1308.434188,0.0,0.0,662.714,0.0,489.041972
2020-02-10 06:00:00,400.0,400.0,23.069973,73.200451,950.03752,0.0,0.0,651.018,0.0,543.447072
2020-02-10 07:00:00,400.0,400.0,23.206766,19.68943,800.476265,0.0,0.0,632.602,0.0,560.71886
2020-02-10 08:00:00,400.0,400.0,72.492854,18.072542,567.084598,0.0,178.563212,1501.89,0.0,566.37081
2020-02-10 09:00:00,400.0,400.0,19.034775,0.0,1127.487432,0.0,0.0,1999.548,0.0,556.959085
2020-02-10 10:00:00,400.0,400.0,0.0,0.0,1391.0,0.0,0.0,2207.967794,124.596206,548.695169
2020-02-10 11:00:00,398.0,400.0,0.0,0.0,1390.0,0.0,0.0,2418.25315,222.34685,580.387972
2020-02-10 12:00:00,398.0,400.0,0.0,0.0,1378.0,0.0,0.0,2508.361758,460.686242,595.704264
2020-02-10 13:00:00,398.0,400.0,0.0,0.0,1380.0,0.0,0.0,2544.556852,257.561148,600.833528
2020-02-10 14:00:00,400.0,400.0,0.0,0.0,1380.0,0.0,0.0,2422.261145,177.078855,582.489172
2020-02-10 15:00:00,400.0,400.0,19.034775,0.0,1144.301477,0.0,0.0,2213.18,0.0,586.481778
2020-02-10 16:00:00,400.0,400.0,21.287879,23.683532,742.015174,0.0,0.0,1649.28,0.0,587.739724
2020-02-10 17:00:00,400.0,400.0,463.530297,72.492854,0.0,35.451225,699.914684,772.74,0.0,609.928684
2020-02-10 18:00:00,400.0,400.0,463.530297,73.406926,0.0,204.023874,831.864081,844.23,0.0,644.888081
2020-02-10 19:00:00,400.0,400.0,463.530297,21.368347,0.0,330.399215,845.529882,1008.84,0.0,651.275882
2020-02-10 20:00:00,400.0,400.0,463.530297,21.156721,0.0,178.492693,803.395404,1033.27,0.0,616.164404
2020-02-10 21:00:00,400.0,400.0,463.530297,20.526636,0.0,5.994348,761.689152,985.16,0.0,583.073152
2020-02-10 22:00:00,396.0,400.0,41.416246,20.234035,243.249268,0.0,460.166441,927.334,0.0,537.01271
2020-02-10 23:00:00,400.0,400.0,72.240598,19.034775,392.02984,0.0,260.729584,811.366,0.0,497.300424
2020-02-11 00:00:00,400.0,400.0,73.437807,19.68943,431.510781,0.0,181.519702,652.354,0.0,467.526483
2020-02-11 01:00:00,400.0,400.0,73.128644,20.846138,458.295028,0.0,133.745618,595.846,0.0,455.032646
2020-02-11 02:00:00,400.0,400.0,73.128644,21.116714,458.388125,0.0,118.207156,543.47,0.0,447.162281
2020-02-11 03:00:00,400.0,400.0,73.128644,20.846138,450.995908,0.0,123.124506,533.432,0.0,446.765414
2020-02-11 04:00:00,400.0,400.0,73.128644,21.116411,485.226769,0.0,102.218016,625.032,0.0,455.370785
2020-02-11 05:00:00,400.0,400.0,76.324557,50.497457,273.87532,0.0,330.732882,615.27,0.0,488.009202
2020-02-11 06:00:00,400.0,400.0,197.879451,71.843654,8.794793,0.0,546.984788,610.452,0.0,542.948581
2020-02-11 07:00:00,400.0,400.0,156.857535,0.0,42.842514,0.0,680.535509,876.716,0.0,559.481023
2020-02-11 08:00:00,400.0,400.0,21.287879,0.0,812.183377,0.0,0.0,1656.43,0.0,561.036993
2020-02-11 09:00:00,400.0,400.0,19.983547,0.0,1063.880983,0.0,0.0,1986.162,0.0,572.742153
2020-02-11 10:00:00,400.0,400.0,0.0,0.0,1412.0,0.0,0.0,2352.652346,135.145654,575.497852
2020-02-11 11:00:00,400.0,400.0,0.0,0.0,1418.0,0.0,0.0,2373.30446,199.06554,577.695669
2020-02-11 12:00:00,400.0,400.0,0.0,0.0,1420.0,0.0,0.0,2362.273179,328.824821,575.740977
2020-02-11 13:00:00,400.0,400.0,0.0,18.072542,1421.0,0.0,0.0,2350.539525,259.928475,573.830929
2020-02-11 14:00:00,400.0,400.0,0.0,19.68943,1422.0,0.0,0.0,2329.627022,128.412978,570.544053
2020-02-11 15:00:00,400.0,400.0,16.970947,20.419098,1408.623634,0.0,0.0,2142.268,0.0,569.946655
2020-02-11 16:00:00,398.0,400.0,0.0,23.832724,1611.0,0.0,0.0,1573.333933,98.866067,558.50009
2020-02-11 17:00:00,400.0,400.0,23.069973,70.571165,1073.86705,0.0,0.0,661.932,0.0,585.609743
2020-02-11 18:00:00,400.0,400.0,23.437807,76.429316,957.731608,0.0,0.0,714.752,0.0,620.553059
2020-02-11 19:00:00,400.0,400.0,23.657594,25.057001,900.289381,0.0,0.0,847.648,0.0,631.253793
2020-02-11 20:00:00,400.0,400.0,22.96816,23.128644,1105.921191,0.0,0.0,882.982,0.0,605.709121
2020-02-11 21:00:00,400.0,400.0,21.843654,21.843654,1330.451915,0.0,0.0,899.812,0.0,574.554013
2020-02-11 22:00:00,400.0,400.0,20.400003,20.562244,1660.857131,0.0,0.0,949.454,0.0,532.43953
2020-02-11 23:00:00,400.0,400.0,20.547985,21.905537,1527.720074,0.0,0.0,914.642862,27.889138,493.938418
2020-02-12 00:00:00,400.0,400.0,21.122752,21.122752,1302.851531,0.0,0.0,862.757434,97.042566,466.635885
2020-02-12 01:00:00,400.0,400.0,20.526636,20.547985,1426.598434,0.0,0.0,888.560449,157.371551,451.944302
2020-02-12 02:00:00,400.0,400.0,20.42044,20.526636,1447.164045,0.0,0.0,866.602589,202.649411,445.565782
2020-02-12 03:00:00,400.0,400.0,20.234035,20.526636,1512.12622,0.0,0.0,914.739277,246.192723,443.041959
2020-02-12 04:00:00,400.0,400.0,20.234035,21.122752,1557.744843,0.0,0.0,999.709387,251.458613,448.944682
2020-02-12 05:00:00,400.0,400.0,21.122752,22.709794,1307.246182,0.0,0.0,964.59787,274.30413,481.252753
2020-02-12 06:00:00,400.0,400.0,22.709794,47.65257,978.33647,0.0,0.0,920.158749,256.081251,525.123342
2020-02-12 07:00:00,400.0,400.0,47.202579,20.526636,750.763486,0.0,0.0,1192.333397,229.994603,545.635487
2020-02-12 08:00:00,400.0,400.0,20.234035,0.0,1222.847446,0.0,0.0,1989.243626,286.926374,547.844427
2020-02-12 09:00:00,398.0,400.0,0.0,0.0,1342.0,0.0,0.0,2222.22046,347.91154,558.183069
2020-02-12 10:00:00,398.0,400.0,0.0,0.0,1355.0,0.0,0.0,2264.561702,541.870298,562.584255
2020-02-12 11:00:00,398.0,400.0,0.0,0.0,1355.0,0.0,0.0,2297.832983,704.267017,567.574947
2020-02-12 12:00:00,398.0,400.0,0.0,0.0,1354.0,0.0,0.0,2288.964521,792.667479,566.394678
2020-02-12 13:00:00,398.0,400.0,0.0,0.0,1357.0,0.0,0.0,2291.586479,732.653521,566.337972
2020-02-12 14:00:00,398.0,400.0,0.0,19.034775,1358.0,0.0,0.0,2272.600688,622.699312,563.340103
2020-02-12 15:00:00,400.0,400.0,0.0,21.864909,1358.0,0.0,0.0,2231.93538,243.49462,559.190307
2020-02-12 16:00:00,398.0,400.0,0.0,22.492854,1364.0,0.0,0.0,1300.476008,690.993992,545.921401
2020-02-12 17:00:00,400.0,400.0,21.116411,30.482716,1736.112519,0.0,0.0,998.3,0.0,583.528122
2020-02-12 18:00:00,400.0,400.0,22.96816,76.245579,1314.178469,0.0,0.0,845.24,0.0,629.85923
2020-02-12 19:00:00,400.0,400.0,23.206766,68.830337,1133.520501,0.0,0.0,864.88,0.0,655.103925
2020-02-12 20:00:00,400.0,400.0,23.069973,24.617414,1267.684591,0.0,0.0,825.27,0.0,626.037811
2020-02-12 21:00:00,400.0,400.0,23.069973,23.069973,1034.715692,0.0,0.0,723.086,0.0,592.405546
2020-02-12 22:00:00,400.0,400.0,22.576747,21.288154,1200.086396,0.0,0.0,598.488,0.0,548.910241
2020-02-12 23:00:00,400.0,400.0,19.430296,22.492854,1816.519596,0.0,0.0,935.52,0.0,507.000061
2020-02-13 00:00:00,400.0,400.0,20.234035,21.287879,1898.655528,0.0,0.0,845.166169,30.685831,481.126596
2020-02-13 01:00:00,398.0,400.0,0.0,21.116714,2117.0,0.0,0.0,961.300612,104.277388,465.795092
2020-02-13 02:00:00,398.0,400.0,0.0,20.846138,2114.0,0.0,0.0,922.193787,270.478213,460.379068
2020-02-13 03:00:00,398.0,400.0,0.0,20.400003,2115.0,0.0,0.0,908.47622,380.18978,458.171433
2020-02-13 04:00:00,400.0,400.0,0.0,21.116714,2112.0,0.0,0.0,975.281212,293.270788,468.642182
2020-02-13 05:00:00,400.0,400.0,19.68943,23.069973,1766.843837,0.0,0.0,895.89,0.0,508.506924
2020-02-13 06:00:00,400.0,400.0,22.576747,52.299229,1244.516789,0.0,0.0,750.504,0.0,565.048082
2020-02-13 07:00:00,400.0,400.0,22.576747,19.983547,1018.189844,0.0,0.0,1002.322,0.0,583.519823
2020-02-13 08:00:00,400.0,400.0,19.983547,19.034775,964.557918,0.0,0.0,1995.148,0.0,580.738512
2020-02-13 09:00:00,400.0,400.0,0.0,-0.0,1378.0,0.0,0.0,2439.67271,52.07929,585.400906
2020-02-13 10:00:00,400.0,400.0,0.0,-0.0,1379.0,0.0,0.0,2431.781934,230.566066,584.06729
2020-02-13 11:00:00,400.0,400.0,0.0,-0.0,1378.0,0.0,0.0,2403.062832,363.857168,579.909425
2020-02-13 12:00:00,400.0,400.0,0.0,-0.0,1378.0,0.0,0.0,2375.272211,366.907789,575.740832
2020-02-13 13:00:00,400.0,400.0,0.0,-0.0,1371.0,0.0,0.0,2325.1977,462.9543,569.279655
2020-02-13 14:00:00,400.0,400.0,0.0,-0.0,1367.0,0.0,0.0,2268.715443,750.634557,561.407316
2020-02-13 15:00:00,398.0,400.0,0.0,-0.0,1366.0,0.0,0.0,2245.727306,580.402694,558.109096
2020-02-13 16:00:00,398.0,400.0,0.0,20.526636,1351.0,0.0,0.0,1881.108091,200.695909,556.666214
2020-02-13 17:00:00,400.0,400.0,23.080108,75.223528,910.530564,0.0,0.0,1277.053934,119.494066,597.228505
2020-02-13 18:00:00,400.0,400.0,75.223528,74.332639,850.448176,0.0,0.0,1589.729352,167.520648,649.542176
2020-02-13 19:00:00,400.0,400.0,22.972766,22.415944,929.87061,0.0,0.0,1829.246949,255.589051,667.556451
2020-02-13 20:00:00,400.0,400.0,74.9512,22.630771,795.369129,0.0,48.985382,1856.332534,192.733466,645.294511
2020-02-13 21:00:00,400.0,400.0,23.20063,21.298826,810.292568,0.0,0.0,1677.921712,233.974288,610.294372
2020-02-13 22:00:00,400.0,400.0,21.368347,18.52187,1108.114277,0.0,0.0,1662.36732,244.36268,563.287956
2020-02-13 23:00:00,400.0,400.0,13.352779,14.073307,1511.014275,0.0,0.0,1795.475627,254.954373,522.819203
2020-02-14 00:00:00,400.0,400.0,18.52187,19.533879,1245.416197,0.0,0.0,1684.381105,272.628895,492.744736
2020-02-14 01:00:00,398.0,400.0,0.0,0.0,1355.0,0.0,0.0,1657.702522,389.883478,472.305378
2020-02-14 02:00:00,398.0,400.0,0.0,0.0,1357.0,0.0,0.0,1615.49999,533.94001,465.674999
2020-02-14 03:00:00,398.0,400.0,0.0,0.0,1357.0,0.0,0.0,1580.368266,616.801734,460.40524
2020-02-14 04:00:00,398.0,400.0,0.0,0.0,1358.0,0.0,0.0,1650.717609,554.750391,470.807641
2020-02-14 05:00:00,400.0,400.0,13.352779,34.126933,1329.74671,0.0,0.0,1858.793964,302.976036,506.257088
2020-02-14 06:00:00,400.0,400.0,20.42044,75.223528,1050.918635,0.0,0.0,1870.255808,313.106192,560.600576
2020-02-14 07:00:00,400.0,400.0,21.368347,0.0,920.652519,0.0,0.0,1986.93578,320.70222,586.842489
2020-02-14 08:00:00,398.0,400.0,0.0,0.0,1336.0,0.0,0.0,2400.873841,616.840159,586.631076
2020-02-14 09:00:00,398.0,400.0,0.0,0.0,1317.0,0.0,0.0,2428.029534,882.488466,593.55443
2020-02-14 10:00:00,398.0,400.0,0.0,0.0,1330.0,0.0,0.0,2422.443244,1173.006756,590.766487
2020-02-14 11:00:00,398.0,400.0,0.0,0.0,1330.0,0.0,0.0,2368.769467,1264.978533,582.71542
2020-02-14 12:00:00,398.0,400.0,0.0,0.0,1330.0,0.0,0.0,2313.729559,1311.502441,574.459434
2020-02-14 13:00:00,398.0,400.0,0.0,20.399052,1332.0,0.0,0.0,2272.612951,1156.677049,567.991943
2020-02-14 14:00:00,398.0,400.0,0.0,23.882469,1329.0,0.0,0.0,2223.905323,909.540677,561.135798
2020-02-14 15:00:00,398.0,400.0,0.0,24.226847,1322.0,0.0,0.0,2180.253543,464.586457,555.638031
2020-02-14 16:00:00,400.0,400.0,0.0,22.335927,1324.0,0.0,0.0,1857.77782,587.48218,557.966673
2020-02-14 17:00:00,400.0,400.0,22.656017,36.078371,1080.455666,0.0,0.0,1468.319679,267.634321,594.879602
2020-02-14 18:00:00,400.0,400.0,23.388687,75.545362,917.304653,0.0,0.0,1441.234929,257.301071,627.439541
2020-02-14 19:00:00,400.0,400.0,76.141538,54.257174,763.808742,0.0,79.806232,1450.681905,199.288095,644.680974
2020-02-14 20:00:00,400.0,400.0,76.141538,23.080108,680.037419,0.0,131.446943,1248.953167,173.818833,618.737362
2020-02-14 21:00:00,400.0,400.0,76.141538,22.709794,725.629027,0.0,59.666988,1154.602462,127.433538,597.746015
2020-02-14 22:00:00,400.0,400.0,23.388687,22.709794,911.152551,0.0,0.0,1100.742105,175.539895,561.838433
2020-02-14 23:00:00,400.0,400.0,22.709794,22.709794,1039.954999,0.0,0.0,1010.253497,170.400503,528.944775
2020-02-15 00:00:00,400.0,400.0,22.632352,22.709794,1133.960565,0.0,0.0,896.939318,187.770682,497.846813
2020-02-15 01:00:00,400.0,400.0,22.335927,22.709794,1207.776744,0.0,0.0,842.494927,195.159073,478.607728
2020-02-15 02:00:00,400.0,400.0,21.368347,22.656017,1283.065304,0.0,0.0,869.6103,168.0397,471.381749
2020-02-15 03:00:00,400.0,400.0,21.122752,22.632352,1323.752334,0.0,0.0,884.624656,174.945344,467.530848
2020-02-15 04:00:00,400.0,400.0,21.122752,22.709794,1348.101484,0.0,0.0,930.268677,133.279323,470.725079
2020-02-15 05:00:00,400.0,400.0,22.335927,23.388687,1213.530722,0.0,0.0,912.434764,93.165236,488.235606
2020-02-15 06:00:00,400.0,400.0,22.632352,41.037225,1139.725928,0.0,0.0,963.046165,77.221835,506.898036
2020-02-15 07:00:00,400.0,400.0,78.322967,20.234035,303.447797,0.0,411.751444,1269.102734,86.867266,518.498241
2020-02-15 08:00:00,400.0,400.0,18.463561,0.0,1081.724415,0.0,0.0,2093.318,0.0,525.389038
2020-02-15 09:00:00,400.0,400.0,0.0,0.0,1149.0,0.0,0.0,2279.645217,126.904783,543.246783
2020-02-15 10:00:00,400.0,400.0,0.0,0.0,1153.0,0.0,0.0,2291.987909,182.442091,544.498186
2020-02-15 11:00:00,400.0,400.0,0.0,0.0,1154.0,0.0,0.0,2254.984466,105.885534,538.79767
2020-02-15 12:00:00,400.0,400.0,19.034775,0.0,957.597343,0.0,0.0,1980.898,0.0,527.145099
2020-02-15 13:00:00,400.0,400.0,0.0,14.830146,1153.0,0.0,0.0,2104.062662,114.127338,516.309399
2020-02-15 14:00:00,400.0,400.0,0.0,22.43428,1154.0,0.0,0.0,1871.657213,297.588787,506.798582
2020-02-15 15:00:00,400.0,400.0,0.0,22.169806,1326.0,0.0,0.0,1816.013529,114.448471,500.402029
2020-02-15 16:00:00,398.0,400.0,0.0,22.877057,1323.0,0.0,0.0,1468.857571,319.760429,499.778636
2020-02-15 17:00:00,400.0,400.0,19.958349,28.691571,1555.151847,0.0,0.0,1372.193288,14.396712,540.756216
2020-02-15 18:00:00,400.0,400.0,21.708134,75.004411,1517.694834,0.0,0.0,1354.999384,109.016616,591.495682
2020-02-15 19:00:00,400.0,400.0,22.335927,61.932139,1460.011056,0.0,0.0,1409.024593,133.437407,611.252031
2020-02-15 20:00:00,400.0,400.0,22.335927,26.70709,1432.141347,0.0,0.0,1280.454086,153.849914,587.146911
2020-02-15 21:00:00,400.0,400.0,22.335927,26.051791,1405.641132,0.0,0.0,1143.357086,290.052914,570.557393
2020-02-15 22:00:00,400.0,400.0,22.709794,24.749386,1072.385985,0.0,0.0,990.561991,246.758009,544.376401
2020-02-15 23:00:00,400.0,400.0,22.632352,24.209571,1178.915829,0.0,0.0,897.228306,264.787694,514.396872
2020-02-16 00:00:00,400.0,400.0,21.905537,22.972766,1251.649986,0.0,0.0,838.693521,78.654479,494.70653
2020-02-16 01:00:00,400.0,400.0,21.122752,22.656017,1375.870699,0.0,0.0,837.285299,153.100701,475.86219
2020-02-16 02:00:00,400.0,400.0,19.68943,22.335927,1440.405616,0.0,0.0,846.902,0.0,467.624458
2020-02-16 03:00:00,400.0,400.0,21.287879,21.474047,1194.850357,0.0,0.0,568.748,0.0,462.734646
2020-02-16 04:00:00,400.0,400.0,21.474047,23.069973,1145.825916,0.0,0.0,522.8,0.0,463.196113
2020-02-16 05:00:00,400.0,400.0,21.288154,23.657594,1176.432115,0.0,0.0,617.584,0.0,472.822783
2020-02-16 06:00:00,400.0,400.0,23.069973,44.424436,889.789208,0.0,0.0,432.68,0.0,488.083619
2020-02-16 07:00:00,400.0,400.0,73.87513,20.846138,527.213419,0.0,108.684368,825.652,0.0,494.915787
2020-02-16 08:00:00,400.0,400.0,21.116714,13.460822,736.445682,0.0,0.0,1417.002,0.0,498.983448
2020-02-16 09:00:00,398.0,400.0,0.0,-0.0,1230.0,0.0,0.0,1992.436908,50.417092,511.265536
2020-02-16 10:00:00,400.0,400.0,18.861019,-0.0,1102.055195,0.0,0.0,1901.418,0.0,516.804421
2020-02-16 11:00:00,400.0,400.0,0.0,-0.0,1237.0,0.0,0.0,2024.962084,159.767916,515.094313
2020-02-16 12:00:00,400.0,400.0,0.0,-0.0,1230.0,0.0,0.0,1964.668983,420.793017,507.100347
2020-02-16 13:00:00,400.0,400.0,0.0,-0.0,1249.0,0.0,0.0,1937.859553,166.378447,500.228933
2020-02-16 14:00:00,400.0,400.0,0.0,19.034775,1254.0,0.0,0.0,1884.77938,151.92062,491.516907
2020-02-16 15:00:00,400.0,400.0,18.072542,23.259369,1208.353974,0.0,0.0,1683.478,0.0,489.168604
2020-02-16 16:00:00,398.0,400.0,0.0,22.743507,1466.0,0.0,0.0,1224.409303,47.774697,489.661395
2020-02-16 17:00:00,400.0,400.0,21.474047,29.044778,1292.516835,0.0,0.0,564.798,0.0,525.492175
2020-02-16 18:00:00,400.0,400.0,22.732362,76.755559,1212.944714,0.0,0.0,569.61,0.0,577.899793
2020-02-16 19:00:00,400.0,400.0,21.368347,61.555276,1697.936424,0.0,0.0,1322.583859,135.498141,606.097115
2020-02-16 20:00:00,400.0,400.0,22.576747,22.709794,1078.85442,0.0,0.0,952.236,0.0,590.157237
2020-02-16 21:00:00,400.0,400.0,21.843654,25.54833,1183.546541,0.0,0.0,930.072,0.0,571.128819
2020-02-16 22:00:00,400.0,400.0,22.23556,23.128644,1350.618337,0.0,0.0,914.694451,292.737549,543.761417
2020-02-16 23:00:00,400.0,400.0,21.647258,23.45052,1265.246509,0.0,0.0,639.2,0.0,515.243024
2020-02-17 00:00:00,400.0,400.0,23.437807,24.716239,627.910443,0.0,0.0,201.666,0.0,491.963334
2020-02-17 01:00:00,400.0,400.0,23.128644,23.128644,696.225968,0.0,0.0,162.032,0.0,475.770905
2020-02-17 02:00:00,400.0,400.0,23.128644,23.069973,742.376555,0.0,0.0,180.98,0.0,471.690517
2020-02-17 03:00:00,400.0,400.0,23.069973,22.576747,786.00623,0.0,0.0,209.42,0.0,469.412066
2020-02-17 04:00:00,400.0,400.0,23.069973,22.516066,808.976035,0.0,0.0,302.032,0.0,479.858395
2020-02-17 05:00:00,400.0,400.0,23.128644,22.576747,757.039003,0.0,0.0,458.732,0.0,511.15395
2020-02-17 06:00:00,400.0,400.0,74.617414,48.499041,537.158189,0.0,148.032283,440.868,0.0,542.656472
2020-02-17 07:00:00,400.0,400.0,133.946708,-0.0,91.339266,0.0,665.963344,824.79,0.0,559.41761
2020-02-17 08:00:00,400.0,400.0,20.419098,-0.0,946.360976,0.0,0.0,1882.386,0.0,566.553754
2020-02-17 09:00:00,400.0,400.0,0.0,-0.0,1372.0,0.0,0.0,2348.298351,246.831649,572.594753
2020-02-17 10:00:00,400.0,400.0,0.0,-0.0,1379.0,0.0,0.0,2341.633661,275.450339,570.545049
2020-02-17 11:00:00,400.0,400.0,0.0,-0.0,1378.0,0.0,0.0,2303.155585,495.566415,564.923338
2020-02-17 12:00:00,400.0,400.0,0.0,-0.0,1373.0,0.0,0.0,2242.032043,642.985957,556.504806
2020-02-17 13:00:00,400.0,400.0,0.0,-0.0,1377.0,0.0,0.0,2180.608132,524.711868,546.69122
2020-02-17 14:00:00,400.0,400.0,0.0,-0.0,1379.0,0.0,0.0,2153.916566,269.631434,542.387485
2020-02-17 15:00:00,400.0,400.0,18.463561,-0.0,1290.43548,0.0,0.0,2017.254,0.0,535.172778
2020-02-17 16:00:00,400.0,400.0,20.419098,18.861019,908.845789,0.0,0.0,1457.146,0.0,533.895032
2020-02-17 17:00:00,400.0,400.0,158.035526,25.395567,30.199172,0.0,688.656052,460.054,0.0,569.378224
2020-02-17 18:00:00,400.0,400.0,463.530297,73.069973,0.0,89.00047,681.42957,456.61,0.0,626.19157
2020-02-17 19:00:00,400.0,400.0,463.530297,67.78349,0.0,340.102435,840.075465,448.754,0.0,659.228465
2020-02-17 20:00:00,396.0,400.0,126.013965,29.798655,28.597148,0.0,792.00648,664.848,0.0,636.337628
2020-02-17 21:00:00,400.0,400.0,80.358078,21.647258,227.669725,0.0,556.328916,666.114,0.0,606.666641
2020-02-17 22:00:00,400.0,400.0,127.274616,19.68943,122.807157,0.0,602.168669,576.766,0.0,562.478826
2020-02-17 23:00:00,400.0,400.0,86.124055,18.861019,160.112259,0.0,508.463402,395.65,0.0,522.980661
2020-02-18 00:00:00,400.0,400.0,500.0,19.034775,0.0,173.308847,627.055427,151.268,0.0,494.214427
2020-02-18 01:00:00,400.0,400.0,500.0,0.0,0.0,113.552698,607.057005,179.654,0.0,478.381005
2020-02-18 02:00:00,400.0,400.0,73.128644,0.0,463.863636,0.0,161.700519,732.098,0.0,474.635155
2020-02-18 03:00:00,400.0,400.0,73.069973,0.0,565.353386,0.0,64.837406,842.652,0.0,475.994792
2020-02-18 04:00:00,400.0,400.0,19.68943,19.68943,1137.568318,0.0,0.0,1500.79,0.0,488.883252
2020-02-18 05:00:00,400.0,400.0,18.861019,22.597104,1296.208119,0.0,0.0,1984.78,0.0,537.685782
2020-02-18 06:00:00,400.0,400.0,21.647258,71.116411,765.705116,0.0,0.0,1783.432,0.0,597.859033
2020-02-18 07:00:00,400.0,400.0,71.116411,0.0,704.177897,0.0,138.046018,2292.184,0.0,619.350915
2020-02-18 08:00:00,398.0,400.0,0.0,0.0,1220.0,0.0,0.0,2710.667654,818.232346,604.750148
2020-02-18 09:00:00,400.0,400.0,0.0,0.0,1228.0,0.0,0.0,2688.231101,1442.090899,600.184665
2020-02-18 10:00:00,398.0,400.0,0.0,0.0,1232.0,0.0,0.0,2667.383055,1860.846945,596.457458
2020-02-18 11:00:00,398.0,400.0,0.0,0.0,1234.0,0.0,0.0,2610.991925,2130.158075,587.698789
2020-02-18 12:00:00,400.0,400.0,0.0,0.0,1222.0,0.0,0.0,2539.171182,1904.960818,578.725677
2020-02-18 13:00:00,400.0,400.0,0.0,0.0,1214.0,0.0,0.0,2492.375647,1530.226353,572.906347
2020-02-18 14:00:00,400.0,400.0,0.0,0.0,1214.0,0.0,0.0,2440.212559,1315.649441,565.081884
2020-02-18 15:00:00,398.0,400.0,0.0,0.0,1217.0,0.0,0.0,2239.117273,1317.812727,559.967591
2020-02-18 16:00:00,398.0,400.0,0.0,0.0,1402.0,0.0,0.0,2204.233691,889.200309,554.735054
2020-02-18 17:00:00,400.0,400.0,18.861019,48.712682,1282.281411,0.0,0.0,2147.448,0.0,589.674988
2020-02-18 18:00:00,400.0,400.0,21.287879,72.22807,933.697748,0.0,0.0,1992.252,0.0,651.233138
2020-02-18 19:00:00,400.0,400.0,73.128644,67.803986,595.816727,0.0,296.923764,1959.5,0.0,683.952491
2020-02-18 20:00:00,400.0,400.0,72.492854,25.427599,754.193817,0.0,106.29011,1944.22,0.0,657.903927
2020-02-18 21:00:00,400.0,400.0,72.492854,20.547985,692.908873,0.0,122.639596,1948.832,0.0,621.288469
2020-02-18 22:00:00,400.0,400.0,19.430296,10.105593,1052.345742,0.0,0.0,2018.052,0.0,571.755939
2020-02-18 23:00:00,400.0,400.0,19.68943,0.0,827.60749,0.0,0.0,1872.48,0.0,530.380877
2020-02-19 00:00:00,400.0,400.0,19.034775,0.0,903.259542,0.0,0.0,1736.62,0.0,498.654069
2020-02-19 01:00:00,400.0,400.0,0.0,0.0,1169.0,0.0,0.0,1905.259307,93.008693,484.088896
2020-02-19 02:00:00,400.0,400.0,0.0,0.0,1174.0,0.0,0.0,1860.769798,322.376202,476.66547
2020-02-19 03:00:00,400.0,400.0,0.0,0.0,1166.0,0.0,0.0,1859.076111,123.975889,477.611417
2020-02-19 04:00:00,400.0,400.0,0.0,0.0,1172.0,0.0,0.0,1946.456778,223.489222,489.818517
2020-02-19 05:00:00,398.0,400.0,0.0,26.356194,1180.0,0.0,0.0,2269.929761,148.868239,537.139464
2020-02-19 06:00:00,400.0,400.0,20.42044,73.873861,889.033352,0.0,0.0,2343.604136,217.847864,596.635618
2020-02-19 07:00:00,400.0,400.0,14.627865,0.0,1157.731318,0.0,0.0,2780.639477,308.478523,617.086224
2020-02-19 08:00:00,398.0,400.0,0.0,0.0,1174.0,0.0,0.0,2690.306507,1251.855493,601.095976
2020-02-19 09:00:00,398.0,400.0,0.0,0.0,1175.0,0.0,0.0,2637.727799,1782.542201,593.05917
2020-02-19 10:00:00,398.0,400.0,0.0,0.0,1173.0,0.0,0.0,2600.639477,1990.330523,587.795922
2020-02-19 11:00:00,398.0,400.0,0.0,0.0,1167.0,0.0,0.0,2538.417091,1938.014909,579.362564
2020-02-19 12:00:00,398.0,400.0,0.0,0.0,1162.0,0.0,0.0,2495.16124,1847.92276,573.624186
2020-02-19 13:00:00,398.0,400.0,0.0,0.0,1161.0,0.0,0.0,2472.873271,1811.406729,570.430991
2020-02-19 14:00:00,398.0,400.0,0.0,0.0,1162.0,0.0,0.0,2422.131305,1731.036695,562.669696
2020-02-19 15:00:00,398.0,400.0,0.0,0.0,1164.0,0.0,0.0,2397.074735,1579.393265,558.61121
2020-02-19 16:00:00,398.0,400.0,0.0,0.0,1166.0,0.0,0.0,2363.288558,1144.673442,553.243284
2020-02-19 17:00:00,398.0,400.0,0.0,46.95339,1161.0,0.0,0.0,2306.903969,260.382031,580.335595
2020-02-19 18:00:00,400.0,400.0,19.430296,71.288154,1135.950177,0.0,0.0,2286.432,0.0,632.322273
2020-02-19 19:00:00,400.0,400.0,21.116411,71.116411,891.207508,0.0,0.0,2295.848,0.0,660.846074
2020-02-19 20:00:00,400.0,400.0,71.288154,24.474067,798.615093,0.0,31.494143,2020.43,0.0,633.422236
2020-02-19 21:00:00,400.0,400.0,73.069973,19.68943,436.616429,0.0,355.510107,1884.0,0.0,602.607536
2020-02-19 22:00:00,400.0,400.0,71.474047,0.0,632.432213,0.0,104.579356,1784.716,0.0,558.342568
2020-02-19 23:00:00,400.0,400.0,20.400003,0.0,836.701796,0.0,0.0,1709.502,0.0,516.420031
2020-02-20 00:00:00,400.0,400.0,19.034775,0.0,1000.154251,0.0,0.0,1683.532,0.0,488.006662
2020-02-20 01:00:00,400.0,400.0,0.0,0.0,1213.0,0.0,0.0,1809.269909,123.630091,474.940486
2020-02-20 02:00:00,400.0,400.0,0.0,0.0,1214.0,0.0,0.0,1780.731172,162.320828,470.509676
2020-02-20 03:00:00,398.0,400.0,0.0,0.0,1223.0,0.0,0.0,1780.798151,398.617849,469.169723
2020-02-20 04:00:00,400.0,400.0,0.0,0.0,1226.0,0.0,0.0,1866.151303,477.816697,481.522695
2020-02-20 05:00:00,398.0,400.0,0.0,33.489314,1229.0,0.0,0.0,2182.905918,239.194082,528.585888
2020-02-20 06:00:00,400.0,400.0,20.547985,74.332639,918.35643,0.0,0.0,2216.799157,217.432843,584.766409
2020-02-20 07:00:00,400.0,400.0,72.620878,0.0,796.031159,0.0,14.326717,2683.016996,232.017004,600.297876
2020-02-20 08:00:00,400.0,400.0,-0.0,0.0,974.0,0.0,0.0,2771.35076,1100.29524,586.852614
2020-02-20 09:00:00,400.0,400.0,-0.0,0.0,976.0,0.0,0.0,2764.036739,1583.701261,585.455511
2020-02-20 10:00:00,400.0,400.0,-0.0,0.0,976.0,0.0,0.0,2746.434936,1888.017064,582.81524
2020-02-20 11:00:00,400.0,400.0,-0.0,0.0,976.0,0.0,0.0,2715.251665,2061.658335,578.13775
2020-02-20 12:00:00,400.0,400.0,-0.0,0.0,976.0,0.0,0.0,2680.942615,2126.211385,572.991392
2020-02-20 13:00:00,400.0,400.0,-0.0,0.0,975.0,0.0,0.0,2679.615217,2103.500783,572.942283
2020-02-20 14:00:00,398.0,400.0,-0.0,0.0,977.0,0.0,0.0,2657.611576,1995.740424,569.341736
2020-02-20 15:00:00,398.0,400.0,-0.0,0.0,978.0,0.0,0.0,2635.327351,1820.988649,565.849103
2020-02-20 16:00:00,398.0,400.0,0.0,0.0,978.0,0.0,0.0,2598.410176,1284.157824,560.311526
2020-02-20 17:00:00,398.0,400.0,0.0,26.822222,971.0,0.0,0.0,2310.561024,596.090976,578.484154
2020-02-20 18:00:00,400.0,400.0,19.958349,25.706664,1282.481375,0.0,0.0,2275.060054,329.601946,621.386802
2020-02-20 19:00:00,400.0,400.0,20.42044,70.642918,1339.974197,0.0,0.0,2312.508345,345.491655,646.130122
2020-02-20 20:00:00,400.0,400.0,19.533879,56.724308,1542.52414,0.0,0.0,2320.856477,339.243523,616.999851
2020-02-20 21:00:00,398.0,400.0,0.0,21.287879,1631.0,0.0,0.0,2216.591236,436.522764,588.088685
2020-02-20 22:00:00,400.0,400.0,0.0,19.68943,1631.0,0.0,0.0,1923.068561,722.953439,544.060284
2020-02-20 23:00:00,400.0,400.0,0.0,19.034775,1633.0,0.0,0.0,1661.846927,1007.685073,504.577039
2020-02-21 00:00:00,400.0,400.0,0.0,-0.0,1601.0,0.0,0.0,1524.398215,1072.431785,480.509732
2020-02-21 01:00:00,400.0,400.0,0.0,-0.0,1602.0,0.0,0.0,1416.305045,1177.622955,464.145757
2020-02-21 02:00:00,400.0,400.0,0.0,-0.0,1602.0,0.0,0.0,1384.358295,1280.975705,459.353744
2020-02-21 03:00:00,400.0,400.0,0.0,-0.0,1602.0,0.0,0.0,1380.549451,1263.220549,458.782418
2020-02-21 04:00:00,398.0,400.0,0.0,19.685338,1604.0,0.0,0.0,1449.384223,1093.147777,468.807633
2020-02-21 05:00:00,400.0,400.0,0.0,31.191977,1597.0,0.0,0.0,1549.576023,848.407977,510.386403
2020-02-21 06:00:00,398.0,400.0,0.0,76.324557,1841.0,0.0,0.0,1747.096781,326.619219,560.714517
2020-02-21 07:00:00,400.0,400.0,16.970947,20.846138,1850.34025,0.0,0.0,1928.032,0.0,578.953762
2020-02-21 08:00:00,400.0,400.0,0.0,19.034775,1688.0,0.0,0.0,2078.812189,438.617811,572.671828
2020-02-21 09:00:00,400.0,400.0,0.0,-0.0,1693.0,0.0,0.0,2101.452293,572.585707,575.317844
2020-02-21 10:00:00,400.0,400.0,0.0,-0.0,1702.0,0.0,0.0,2121.260051,385.871949,576.939008
2020-02-21 11:00:00,400.0,400.0,0.0,-0.0,1713.0,0.0,0.0,2114.562554,350.137446,574.284383
2020-02-21 12:00:00,400.0,400.0,0.0,-0.0,1713.0,0.0,0.0,2097.701382,343.666618,571.755207
2020-02-21 13:00:00,400.0,400.0,0.0,-0.0,1714.0,0.0,0.0,2092.79613,245.35587,570.86942
2020-02-21 14:00:00,400.0,400.0,0.0,18.861019,1712.0,0.0,0.0,2038.684027,248.393973,563.052604
2020-02-21 15:00:00,398.0,400.0,0.0,20.419098,1716.0,0.0,0.0,2009.494466,34.735534,558.07417
2020-02-21 16:00:00,400.0,400.0,16.970947,22.492854,1679.364968,0.0,0.0,1605.08,0.0,553.907255
2020-02-21 17:00:00,400.0,400.0,21.647258,30.135733,1250.336907,0.0,0.0,683.482,0.0,565.221764
2020-02-21 18:00:00,400.0,400.0,23.437807,76.429316,1039.421265,0.0,0.0,426.81,0.0,598.70831
2020-02-21 19:00:00,400.0,400.0,23.657594,66.180032,949.306132,0.0,0.0,523.066,0.0,617.06398
2020-02-21 20:00:00,400.0,400.0,22.96816,23.206766,1195.050205,0.0,0.0,595.68,0.0,591.094469
2020-02-21 21:00:00,400.0,400.0,22.516066,22.732362,1326.755288,0.0,0.0,622.866,0.0,568.216607
2020-02-21 22:00:00,400.0,400.0,22.576747,22.484063,1307.980096,0.0,0.0,383.738,0.0,535.163686
2020-02-21 23:00:00,400.0,400.0,22.576747,21.647258,1127.278469,0.0,0.0,350.038,0.0,503.96393
2020-02-22 00:00:00,400.0,400.0,21.843654,22.576747,1233.541339,0.0,0.0,285.602,0.0,478.359099
2020-02-22 01:00:00,400.0,400.0,22.732362,22.185841,877.18149,0.0,0.0,249.598,0.0,461.762476
2020-02-22 02:00:00,400.0,400.0,22.576747,22.492854,948.503982,0.0,0.0,265.9,0.0,453.509403
2020-02-22 03:00:00,400.0,400.0,22.732362,22.576747,919.887995,0.0,0.0,223.484,0.0,451.439401
2020-02-22 04:00:00,400.0,400.0,22.732362,23.069973,912.549341,0.0,0.0,236.08,0.0,454.429599
2020-02-22 05:00:00,400.0,400.0,23.069973,37.785536,759.876417,0.0,0.0,198.0,0.0,471.618537
2020-02-22 06:00:00,400.0,400.0,23.437807,24.735641,690.898615,0.0,0.0,236.532,0.0,487.745008
2020-02-22 07:00:00,400.0,400.0,74.617414,19.983547,304.481545,0.0,377.142723,650.83,0.0,501.352268
2020-02-22 08:00:00,400.0,400.0,20.400003,18.072542,1029.096125,0.0,0.0,1418.254,0.0,507.773681
2020-02-22 09:00:00,400.0,400.0,18.072542,0.0,1420.905285,0.0,0.0,1904.68,0.0,521.966207
2020-02-22 10:00:00,400.0,400.0,0.0,0.0,1490.0,0.0,0.0,1993.029091,145.002909,524.854364
2020-02-22 11:00:00,400.0,400.0,0.0,0.0,1490.0,0.0,0.0,1999.691566,259.876434,525.853735
2020-02-22 12:00:00,400.0,400.0,0.0,0.0,1489.0,0.0,0.0,1965.032704,342.897296,520.804906
2020-02-22 13:00:00,400.0,400.0,0.0,0.0,1491.0,0.0,0.0,1925.952819,291.417181,514.642923
2020-02-22 14:00:00,400.0,400.0,0.0,9.215887,1489.0,0.0,0.0,1883.802662,166.097338,508.620399
2020-02-22 15:00:00,400.0,400.0,18.861019,19.68943,1358.688012,0.0,0.0,1728.568,0.0,504.881998
2020-02-22 16:00:00,400.0,400.0,18.861019,21.843654,1322.945677,0.0,0.0,1153.552,0.0,500.490949
2020-02-22 17:00:00,400.0,400.0,23.128644,75.9087,972.031383,0.0,0.0,361.516,0.0,524.472693
2020-02-22 18:00:00,400.0,400.0,75.9087,68.069418,678.684933,0.0,43.292827,323.67,0.0,564.14776
2020-02-22 19:00:00,400.0,400.0,23.437807,23.95354,848.312713,0.0,0.0,624.4,0.0,583.813093
2020-02-22 20:00:00,400.0,400.0,21.664152,23.802241,756.566883,0.0,0.0,720.762,0.0,558.779268
2020-02-22 21:00:00,400.0,400.0,20.641403,22.492854,1014.817489,0.0,0.0,868.722,0.0,542.235677
2020-02-22 22:00:00,400.0,400.0,20.36868,21.287879,1131.396144,0.0,0.0,809.4,0.0,515.850578
2020-02-22 23:00:00,400.0,400.0,21.287879,21.116714,1239.036403,0.0,0.0,739.5,0.0,489.21954
2020-02-23 00:00:00,400.0,400.0,14.999805,21.288154,1068.049915,0.0,0.0,784.716,0.0,468.399913
2020-02-23 01:00:00,400.0,400.0,19.059701,20.846138,1102.330327,0.0,0.0,710.4,0.0,452.110451
2020-02-23 02:00:00,400.0,400.0,21.116411,19.983547,1134.885436,0.0,0.0,691.9,0.0,444.452185
2020-02-23 03:00:00,400.0,400.0,19.983547,20.846138,1288.069348,0.0,0.0,818.2,0.0,440.419598
2020-02-23 04:00:00,400.0,400.0,0.0,21.116411,1685.0,0.0,0.0,1219.689985,206.882015,441.103498
2020-02-23 05:00:00,400.0,400.0,0.0,42.99485,1685.0,0.0,0.0,1284.431152,163.996848,450.814673
2020-02-23 06:00:00,400.0,400.0,0.0,24.456516,1501.0,0.0,0.0,1471.809693,1.270307,453.271454
2020-02-23 07:00:00,400.0,400.0,0.0,19.983547,1318.0,0.0,0.0,1693.68809,324.11391,460.753213
2020-02-23 08:00:00,400.0,400.0,0.0,-0.0,1278.0,0.0,0.0,1713.204756,712.443244,469.680713
2020-02-23 09:00:00,400.0,400.0,0.0,-0.0,1282.0,0.0,0.0,1828.575886,666.186114,486.386383
2020-02-23 10:00:00,400.0,400.0,0.0,-0.0,1282.0,0.0,0.0,1869.603476,873.528524,492.540521
2020-02-23 11:00:00,400.0,400.0,0.0,-0.0,1281.0,0.0,0.0,1905.393538,802.390462,498.059031
2020-02-23 12:00:00,400.0,400.0,0.0,-0.0,1280.0,0.0,0.0,1906.642868,575.367132,498.39643
2020-02-23 13:00:00,400.0,400.0,0.0,-0.0,1287.0,0.0,0.0,1902.034296,786.035704,496.655144
2020-02-23 14:00:00,400.0,400.0,0.0,18.861019,1294.0,0.0,0.0,1898.070319,748.461681,495.010548
2020-02-23 15:00:00,400.0,400.0,0.0,-0.0,1288.0,0.0,0.0,1722.534196,736.161804,495.080129
2020-02-23 16:00:00,400.0,400.0,0.0,18.861019,1472.0,0.0,0.0,1543.156312,266.681688,493.823447
2020-02-23 17:00:00,400.0,400.0,16.970947,76.127113,1631.438164,0.0,0.0,1565.318,0.0,517.481975
2020-02-23 18:00:00,400.0,400.0,18.861019,67.06067,1575.57943,0.0,0.0,1947.316,0.0,566.660485
2020-02-23 19:00:00,400.0,400.0,20.234035,19.68943,1468.943323,0.0,0.0,2155.178343,202.821657,590.585253
2020-02-23 20:00:00,400.0,400.0,17.392886,20.419098,1573.865694,0.0,0.0,2109.610596,342.941404,568.011735
2020-02-23 21:00:00,400.0,400.0,0.0,38.90963,1609.0,0.0,0.0,1988.571052,617.190948,544.585658
2020-02-23 22:00:00,400.0,400.0,0.0,18.861019,1309.0,0.0,0.0,1974.574829,646.163171,512.186224
2020-02-23 23:00:00,400.0,400.0,0.0,-0.0,1125.0,0.0,0.0,1944.689327,601.312673,482.053399
2020-02-24 00:00:00,400.0,400.0,0.0,0.0,941.0,0.0,0.0,1946.135922,529.146078,456.620388
2020-02-24 01:00:00,400.0,400.0,0.0,0.0,940.0,0.0,0.0,1843.618174,534.021826,441.392726
2020-02-24 02:00:00,400.0,400.0,0.0,0.0,939.0,0.0,0.0,1810.557961,576.902039,436.583694
2020-02-24 03:00:00,400.0,400.0,0.0,0.0,928.0,0.0,0.0,1801.653707,277.594293,436.898056
2020-02-24 04:00:00,400.0,400.0,0.0,40.014513,923.0,0.0,0.0,1737.115145,233.954855,442.967272
2020-02-24 05:00:00,400.0,400.0,20.547985,74.060266,819.062445,0.0,0.0,1667.579842,161.218158,474.52761
2020-02-24 06:00:00,400.0,400.0,75.545362,20.234035,448.005493,0.0,234.638958,1682.808499,189.691501,513.870451
2020-02-24 07:00:00,400.0,400.0,74.762577,0.0,603.148492,0.0,137.015894,2029.7244,342.3436,542.636386
2020-02-24 08:00:00,400.0,400.0,0.0,0.0,983.0,0.0,0.0,2436.51949,510.58051,546.677923
2020-02-24 09:00:00,400.0,400.0,0.0,0.0,984.0,0.0,0.0,2547.05056,644.64944,563.107584
2020-02-24 10:00:00,398.0,400.0,0.0,0.0,973.0,0.0,0.0,2585.080135,411.317865,570.46202
2020-02-24 11:00:00,400.0,400.0,17.392886,0.0,959.346038,0.0,0.0,2612.830326,376.639674,576.672643
2020-02-24 12:00:00,400.0,400.0,74.762577,0.0,602.763637,0.0,168.313743,2273.312832,378.519168,579.232379
2020-02-24 13:00:00,400.0,400.0,78.389212,0.0,273.589893,0.0,496.775317,1956.831293,404.198707,581.13621
2020-02-24 14:00:00,400.0,400.0,80.049301,16.874621,192.877013,0.0,533.788896,1693.349738,342.888262,579.220909
2020-02-24 15:00:00,400.0,400.0,74.060266,-0.0,706.205843,0.0,19.669003,1847.28482,296.05318,578.561847
2020-02-24 16:00:00,400.0,400.0,21.905537,18.861019,926.824783,0.0,0.0,1490.269677,125.930323,577.266734
2020-02-24 17:00:00,400.0,400.0,21.122752,77.882646,1410.599451,0.0,0.0,1583.357877,153.040123,606.263764
2020-02-24 18:00:00,400.0,400.0,20.42044,76.755559,1710.843955,0.0,0.0,1902.571487,166.710513,646.00913
2020-02-24 19:00:00,400.0,400.0,20.547985,32.940341,1472.054322,0.0,0.0,2114.232709,299.903291,661.226758
2020-02-24 20:00:00,400.0,400.0,17.392886,21.843654,1775.829525,0.0,0.0,2176.732341,300.867659,625.035422
2020-02-24 21:00:00,400.0,400.0,0.0,20.419098,1860.0,0.0,0.0,2043.830183,596.019817,592.474527
2020-02-24 22:00:00,400.0,400.0,0.0,19.029184,1677.0,0.0,0.0,1916.856596,638.955404,547.628489
2020-02-24 23:00:00,400.0,400.0,0.0,0.0,1488.0,0.0,0.0,1793.240925,531.421075,504.186139
2020-02-25 00:00:00,400.0,400.0,0.0,0.0,1455.0,0.0,0.0,1612.776019,620.055981,473.816403
2020-02-25 01:00:00,400.0,400.0,0.0,0.0,1457.0,0.0,0.0,1505.511008,735.188992,457.426651
2020-02-25 02:00:00,400.0,400.0,0.0,0.0,1458.0,0.0,0.0,1436.163867,907.516133,446.87458
2020-02-25 03:00:00,400.0,400.0,0.0,0.0,1460.0,0.0,0.0,1432.434894,958.665106,446.015234
2020-02-25 04:00:00,400.0,400.0,0.0,0.0,1445.0,0.0,0.0,1398.18577,488.76623,443.127866
2020-02-25 05:00:00,400.0,400.0,0.0,47.61566,1445.0,0.0,0.0,1540.868574,359.817426,464.530286
2020-02-25 06:00:00,400.0,400.0,20.547985,71.474047,1141.836096,0.0,0.0,1486.340399,363.389601,501.825645
2020-02-25 07:00:00,400.0,400.0,23.080108,24.089634,779.815443,0.0,0.0,1452.311518,295.156482,527.774411
2020-02-25 08:00:00,400.0,400.0,21.116411,0.0,720.141864,0.0,0.0,1821.652,0.0,538.87652
2020-02-25 09:00:00,400.0,400.0,20.846138,0.0,751.975912,0.0,0.0,1959.61,0.0,554.795113
2020-02-25 10:00:00,398.0,400.0,0.0,0.0,1131.0,0.0,0.0,2435.06647,461.67153,569.259971
2020-02-25 11:00:00,398.0,400.0,0.0,0.0,1131.0,0.0,0.0,2477.017873,475.202127,575.552681
2020-02-25 12:00:00,400.0,400.0,0.0,0.0,1130.0,0.0,0.0,2467.362742,606.817258,574.254411
2020-02-25 13:00:00,399.0,400.0,-0.0,0.0,1143.0,0.0,0.0,2464.516472,690.583528,571.877471
2020-02-25 14:00:00,400.0,400.0,0.0,0.0,1141.0,0.0,0.0,2446.093524,249.488476,569.414029
2020-02-25 15:00:00,398.0,400.0,0.0,0.0,1143.0,0.0,0.0,2430.659298,247.270702,566.798895
2020-02-25 16:00:00,398.0,400.0,0.0,20.234035,1142.0,0.0,0.0,2208.466059,200.251941,559.119909
2020-02-25 17:00:00,400.0,400.0,22.656017,20.234035,772.949162,0.0,0.0,1742.938869,213.713131,572.398456
2020-02-25 18:00:00,400.0,400.0,80.049301,73.873861,199.729384,0.0,586.614556,1456.322321,277.915679,617.788941
2020-02-25 19:00:00,400.0,400.0,77.464999,73.696725,396.657114,0.0,439.672177,1808.039051,228.370949,638.607291
2020-02-25 20:00:00,400.0,400.0,76.141538,23.574006,418.366181,0.0,379.598325,1698.169558,131.084442,607.470507
2020-02-25 21:00:00,400.0,400.0,20.547985,19.533879,798.323526,0.0,0.0,2133.972107,75.443893,575.571387
2020-02-25 22:00:00,400.0,396.0,20.42044,7.898642,817.345035,0.0,0.0,1935.008852,28.023148,529.899573
2020-02-25 23:00:00,0.0,0.0,74.060266,1.162927,640.461566,0.0,17.004703,1916.956694,44.179306,493.724269
2020-02-26 00:00:00,0.0,0.0,20.547985,-0.0,781.976138,0.0,0.0,1863.38184,30.03816,464.460855
2020-02-26 01:00:00,0.0,0.0,21.905537,-0.0,653.761639,0.0,0.0,1634.746385,0.369615,449.397712
2020-02-26 02:00:00,0.0,0.0,75.557295,18.52187,370.683999,0.0,222.986297,1303.845974,91.968026,442.224296
2020-02-26 03:00:00,0.0,0.0,500.0,21.122752,0.0,17.094968,585.942545,900.902,0.0,439.949545
2020-02-26 04:00:00,0.0,0.0,500.0,20.400003,0.0,69.989575,501.118836,580.116,0.0,446.265836
2020-02-26 05:00:00,0.0,0.0,83.035526,52.033824,147.541566,0.0,367.7412,508.22,0.0,474.401765
2020-02-26 06:00:00,0.0,0.0,83.752662,73.069973,141.091359,0.0,403.020937,552.38,0.0,512.593296
2020-02-26 07:00:00,0.0,0.0,86.124055,20.846138,199.759698,0.0,529.369647,894.482,0.0,540.108345
2020-02-26 08:00:00,0.0,0.0,21.843654,-0.0,793.611338,0.0,0.0,1644.502,0.0,547.033599
2020-02-26 09:00:00,0.0,0.0,19.983547,10.025358,1165.495879,0.0,0.0,2100.904,0.0,559.711218
2020-02-26 10:00:00,0.0,0.0,19.034775,-0.0,1336.437637,0.0,0.0,2263.582,0.0,558.471654
2020-02-26 11:00:00,0.0,0.0,18.072542,-0.0,1487.596038,0.0,0.0,2569.42,0.0,581.673594
2020-02-26 12:00:00,0.0,0.0,0.0,-0.0,1572.0,0.0,0.0,2568.899508,57.482492,568.934926
2020-02-26 13:00:00,0.0,0.0,15.731586,-0.0,1554.577647,0.0,0.0,2538.018,0.0,566.916053
2020-02-26 14:00:00,0.0,0.0,18.861019,18.861019,1355.773859,0.0,0.0,2315.548,0.0,563.366121
2020-02-26 15:00:00,0.0,0.0,15.731586,19.983547,1550.158972,0.0,0.0,2149.062,0.0,560.235454
2020-02-26 16:00:00,0.0,0.0,18.861019,21.647258,1725.114375,0.0,0.0,1742.57,0.0,554.018344
2020-02-26 17:00:00,0.0,0.0,22.732362,74.617414,1166.289509,0.0,0.0,1043.23,0.0,563.991074
2020-02-26 18:00:00,0.0,0.0,23.206766,76.790897,1005.461815,0.0,0.0,1038.2,0.0,606.710728
2020-02-26 19:00:00,0.0,0.0,21.647258,25.13098,1391.791118,0.0,0.0,1695.938,0.0,633.022032
2020-02-26 20:00:00,0.0,0.0,21.287879,21.647258,1206.063101,0.0,0.0,2069.22,0.0,610.373535
2020-02-26 21:00:00,0.0,0.0,21.116411,20.400003,1269.256468,0.0,0.0,1933.78,0.0,580.57853
2020-02-26 22:00:00,0.0,0.0,20.846138,19.034775,1290.48797,0.0,0.0,1628.318,0.0,531.574504
2020-02-26 23:00:00,0.0,0.0,22.492854,19.983547,674.353233,0.0,0.0,1482.102,0.0,495.562315
2020-02-27 00:00:00,0.0,0.0,22.516066,19.68943,637.276431,0.0,0.0,1274.498,0.0,469.983235
2020-02-27 01:00:00,0.0,0.0,21.647258,-0.0,708.431296,0.0,0.0,1238.7,0.0,453.940306
2020-02-27 02:00:00,0.0,0.0,21.288154,-0.0,792.444226,0.0,0.0,1262.6,0.0,444.923366
2020-02-27 03:00:00,0.0,0.0,21.116714,19.430296,841.960374,0.0,0.0,1315.9,0.0,445.490944
2020-02-27 04:00:00,0.0,0.0,21.647258,21.116411,748.105129,0.0,0.0,1264.622,0.0,451.877531
2020-02-27 05:00:00,0.0,0.0,74.617414,63.673133,295.012666,0.0,320.190134,982.578,0.0,486.8348
2020-02-27 06:00:00,0.0,0.0,500.0,71.288154,0.0,216.528526,647.984079,613.932,0.0,525.819079
2020-02-27 07:00:00,0.0,0.0,500.0,19.68943,0.0,79.384352,750.657053,1188.316,0.0,550.545053
2020-02-27 08:00:00,0.0,0.0,20.400003,-0.0,870.465904,0.0,0.0,2253.62,0.0,551.873114
2020-02-27 09:00:00,0.0,0.0,18.573789,-0.0,1222.606401,0.0,0.0,2651.6,0.0,558.74904
2020-02-27 10:00:00,0.0,0.0,19.430296,-0.0,1067.762913,0.0,0.0,2535.1,0.0,564.500563
2020-02-27 11:00:00,0.0,0.0,19.034775,-0.0,1112.250391,0.0,0.0,2604.668,0.0,568.262641
2020-02-27 12:00:00,0.0,0.0,18.861019,-0.0,1200.603455,0.0,0.0,2691.33,0.0,568.008982
2020-02-27 13:00:00,0.0,0.0,0.0,-0.0,1311.0,0.0,0.0,2797.8955,77.5025,567.434325
2020-02-27 14:00:00,0.0,0.0,0.0,-0.0,1304.0,0.0,0.0,2794.693497,239.336503,568.004025
2020-02-27 15:00:00,0.0,0.0,0.0,16.982556,1303.0,0.0,0.0,2754.891876,219.146124,562.183781
2020-02-27 16:00:00,0.0,0.0,0.0,20.42044,1305.0,0.0,0.0,2003.529417,610.540583,557.779413
2020-02-27 17:00:00,0.0,0.0,0.0,32.076154,2108.0,0.0,0.0,1544.726097,488.535903,565.908915
2020-02-27 18:00:00,0.0,0.0,0.0,77.259498,2672.0,0.0,0.0,1818.387406,156.942594,610.408111
2020-02-27 19:00:00,0.0,0.0,13.352779,72.790004,2639.143663,0.0,0.0,1963.878386,242.869614,632.360208
2020-02-27 20:00:00,0.0,0.0,0.0,26.625948,2582.0,0.0,0.0,1954.134584,319.443416,614.720188
2020-02-27 21:00:00,0.0,0.0,0.0,23.437807,2581.0,0.0,0.0,1765.7122,449.8898,586.60683
2020-02-27 22:00:00,0.0,0.0,0.0,23.128644,2588.0,0.0,0.0,1475.57981,906.60219,542.036971
2020-02-27 23:00:00,396.0,396.0,0.0,20.419098,2593.0,0.0,0.0,817.550168,1631.249832,501.982525
2020-02-28 00:00:00,398.0,400.0,0.0,21.843654,1859.0,0.0,0.0,1325.359974,1274.402026,475.853996
2020-02-28 01:00:00,398.0,400.0,0.0,21.647258,1860.0,0.0,0.0,1224.314224,1413.285776,460.547134
2020-02-28 02:00:00,400.0,400.0,-0.0,19.685338,1858.0,0.0,0.0,1163.944158,1345.739842,451.791624
2020-02-28 03:00:00,400.0,400.0,0.0,19.430296,1839.0,0.0,0.0,1142.82983,607.17217,451.474474
2020-02-28 04:00:00,400.0,400.0,20.526636,21.116411,1513.966939,0.0,0.0,857.837578,111.060422,457.480596
2020-02-28 05:00:00,400.0,400.0,22.492854,22.96816,1029.773316,0.0,0.0,591.116,0.0,490.101403
2020-02-28 06:00:00,400.0,400.0,73.657594,22.732362,595.117163,0.0,85.480863,425.784,0.0,530.500026
2020-02-28 07:00:00,400.0,400.0,73.437807,21.474047,692.938603,0.0,51.215307,698.898,0.0,556.79391
2020-02-28 08:00:00,400.0,400.0,21.474047,20.846138,1157.866065,0.0,0.0,1229.362,0.0,566.62439
2020-02-28 09:00:00,400.0,400.0,20.846138,20.419098,1301.472231,0.0,0.0,1411.078,0.0,572.340865
2020-02-28 10:00:00,400.0,400.0,21.116411,19.685338,1275.961739,0.0,0.0,1432.452,0.0,579.373539
2020-02-28 11:00:00,400.0,400.0,20.846138,0.0,1301.78434,0.0,0.0,1479.862,0.0,582.611649
2020-02-28 12:00:00,400.0,400.0,20.846138,0.0,1311.494375,0.0,0.0,1446.93,0.0,576.215344
2020-02-28 13:00:00,400.0,400.0,20.846138,6.338599,1306.120362,0.0,0.0,1420.368,0.0,573.037146
2020-02-28 14:00:00,400.0,400.0,21.474047,19.685338,1174.99598,0.0,0.0,1262.916,0.0,569.088003
2020-02-28 15:00:00,400.0,400.0,21.474047,21.287879,1169.262778,0.0,0.0,1218.984,0.0,563.358183
2020-02-28 16:00:00,400.0,400.0,21.647258,23.128644,1080.589995,0.0,0.0,944.068,0.0,560.921701
2020-02-28 17:00:00,400.0,400.0,23.128644,28.111048,993.149221,0.0,0.0,529.48,0.0,569.599617
2020-02-28 18:00:00,400.0,400.0,22.509479,75.9087,917.928033,0.0,0.0,425.698,0.0,611.965495
2020-02-28 19:00:00,400.0,400.0,72.450437,63.222593,710.372348,0.0,93.5378,360.1,0.0,633.259148
2020-02-28 20:00:00,400.0,400.0,22.488604,26.537882,782.03121,0.0,0.0,327.884,0.0,605.677918
2020-02-28 21:00:00,400.0,400.0,76.281085,25.368196,555.513166,0.0,185.492059,318.548,0.0,585.005225
2020-02-28 22:00:00,400.0,400.0,23.160439,23.128644,780.843955,0.0,0.0,310.252,0.0,549.961207
2020-02-28 23:00:00,400.0,400.0,23.069973,23.069973,991.761163,0.0,0.0,295.266,0.0,516.075726
2020-02-29 00:00:00,400.0,400.0,73.681702,23.715298,361.198493,0.0,257.487533,188.012,0.0,488.072026
2020-02-29 01:00:00,400.0,400.0,73.437807,25.550504,561.448488,0.0,31.548139,251.086,0.0,467.495627
2020-02-29 02:00:00,400.0,400.0,23.069973,25.133602,616.267241,0.0,0.0,222.232,0.0,454.944714
2020-02-29 03:00:00,400.0,400.0,74.617414,23.778638,288.694484,0.0,284.404343,222.8,0.0,450.915827
2020-02-29 04:00:00,400.0,400.0,500.0,21.287879,0.0,6.004443,540.692666,264.4,0.0,451.410666
2020-02-29 05:00:00,400.0,400.0,500.0,24.73492,0.0,71.778717,590.698808,260.1,0.0,465.581808
2020-02-29 06:00:00,400.0,400.0,500.0,19.68943,0.0,138.829035,601.278055,251.818,0.0,474.397055
2020-02-29 07:00:00,400.0,400.0,74.617414,-0.0,187.3407,0.0,481.155895,690.318,0.0,491.246595
2020-02-29 08:00:00,400.0,400.0,20.400003,-0.0,938.778344,0.0,0.0,1561.232,0.0,509.168048
2020-02-29 09:00:00,400.0,400.0,0.0,-0.0,1382.0,0.0,0.0,2098.383145,103.464855,523.257472
2020-02-29 10:00:00,400.0,400.0,0.0,-0.0,1384.0,0.0,0.0,2144.286077,228.765923,529.842912
2020-02-29 11:00:00,400.0,400.0,0.0,-0.0,1383.0,0.0,0.0,2110.618926,387.629074,524.942839
2020-02-29 12:00:00,400.0,400.0,0.0,-0.0,1385.0,0.0,0.0,2036.306522,506.445478,513.495978
2020-02-29 13:00:00,400.0,400.0,0.0,-0.0,1383.0,0.0,0.0,1986.257319,491.058681,506.288598
2020-02-29 14:00:00,400.0,400.0,0.0,-0.0,1386.0,0.0,0.0,1929.634243,378.879757,497.345136
2020-02-29 15:00:00,400.0,400.0,0.0,18.861019,1385.0,0.0,0.0,1715.196175,410.189825,490.829426
2020-02-29 16:00:00,400.0,400.0,0.0,20.419098,1570.0,0.0,0.0,1377.516703,151.051297,491.177505
2020-02-29 17:00:00,400.0,400.0,21.116714,25.669726,1319.703126,0.0,0.0,690.452,0.0,506.662331
2020-02-29 18:00:00,400.0,400.0,21.526062,75.642067,932.212967,0.0,0.0,404.08,0.0,557.980055
2020-02-29 19:00:00,400.0,400.0,21.522988,72.496538,1118.071079,0.0,0.0,854.62,0.0,592.282338
2020-02-29 20:00:00,400.0,400.0,20.846138,23.206766,1524.361917,0.0,0.0,1279.882,0.0,568.878012
2020-02-29 21:00:00,400.0,400.0,19.430296,22.492854,1512.205244,0.0,0.0,1589.018,0.0,553.171913
2020-02-29 22:00:00,400.0,400.0,18.861019,19.034775,1623.633876,0.0,0.0,1523.5,0.0,526.629919
2020-02-29 23:00:00,400.0,400.0,19.034775,18.861019,1376.762311,0.0,0.0,1493.416,0.0,505.898053
2020-03-01 00:00:00,396.0,400.0,-1.560226,18.621636,699.449355,0.0,0.0,555.732083,207.589917,466.842409
2020-03-01 01:00:00,400.0,400.0,14.430724,20.746285,1018.287337,0.0,0.0,715.462,0.0,442.976199
2020-03-01 02:00:00,400.0,400.0,21.288154,20.400003,1015.30942,0.0,0.0,674.97,0.0,437.349087
2020-03-01 03:00:00,400.0,400.0,20.419098,21.116714,1179.23752,0.0,0.0,815.678,0.0,433.866072
2020-03-01 04:00:00,398.0,400.0,0.0,21.287879,1569.0,0.0,0.0,1212.576862,193.445138,434.936529
2020-03-01 05:00:00,400.0,400.0,0.0,43.644475,1567.0,0.0,0.0,1281.479139,157.982861,445.571871
2020-03-01 06:00:00,400.0,400.0,0.0,26.962875,1568.0,0.0,0.0,1315.066199,173.765801,450.45993
2020-03-01 07:00:00,400.0,400.0,0.0,21.015769,1200.0,0.0,0.0,1718.774326,319.603674,459.716149
2020-03-01 08:00:00,398.0,400.0,0.0,0.0,1162.0,0.0,0.0,1733.30245,748.98755,467.595367
2020-03-01 09:00:00,398.0,400.0,0.0,0.0,1166.0,0.0,0.0,1817.550981,751.165019,479.632647
2020-03-01 10:00:00,400.0,400.0,0.0,0.0,1165.0,0.0,0.0,1865.970601,1017.813399,487.04559
2020-03-01 11:00:00,400.0,400.0,0.0,0.0,1163.0,0.0,0.0,1889.794219,971.687781,490.919133
2020-03-01 12:00:00,400.0,400.0,0.0,0.0,1162.0,0.0,0.0,1888.109997,741.786003,490.8165
2020-03-01 13:00:00,400.0,400.0,0.0,0.0,1169.0,0.0,0.0,1880.087558,973.974442,488.563134
2020-03-01 14:00:00,400.0,400.0,0.0,14.591422,1176.0,0.0,0.0,1887.702554,892.187446,488.655383
2020-03-01 15:00:00,400.0,400.0,0.0,0.0,1170.0,0.0,0.0,1871.423785,676.030215,487.113568
2020-03-01 16:00:00,398.0,400.0,0.0,0.0,1171.0,0.0,0.0,1532.804121,365.577879,487.170618
2020-03-01 17:00:00,398.0,400.0,0.0,77.050889,1538.0,0.0,0.0,1590.390409,71.739591,510.658561
2020-03-01 18:00:00,400.0,400.0,14.191367,51.1695,1511.299415,0.0,0.0,2093.968,0.0,564.400288
2020-03-01 19:00:00,398.0,400.0,0.0,19.034775,1533.0,0.0,0.0,2283.241697,234.858303,589.536255
2020-03-01 20:00:00,398.0,400.0,0.0,21.719273,1537.0,0.0,0.0,2127.706577,480.273423,565.605987
2020-03-01 21:00:00,398.0,400.0,0.0,77.49145,1540.0,0.0,0.0,1964.105305,781.646695,540.615796
2020-03-01 22:00:00,398.0,396.0,0.0,7.747284,1357.0,0.0,0.0,1908.074287,846.109713,506.411143
2020-03-01 23:00:00,0.0,0.0,0.0,0.0,1354.0,0.0,0.0,2082.928936,579.705064,473.08934
2020-03-02 00:00:00,0.0,0.0,0.0,0.0,1170.0,0.0,0.0,2093.947874,542.902126,449.092181
2020-03-02 01:00:00,0.0,0.0,0.0,0.0,1169.0,0.0,0.0,1993.139772,478.730228,434.120966
2020-03-02 02:00:00,0.0,0.0,0.0,0.0,1169.0,0.0,0.0,1967.304966,500.427034,430.245745
2020-03-02 03:00:00,0.0,0.0,0.0,20.234035,1157.0,0.0,0.0,1913.273624,208.858376,428.441044
2020-03-02 04:00:00,0.0,0.0,20.234035,25.43278,1043.764511,0.0,0.0,1797.71396,211.53404,438.292417
2020-03-02 05:00:00,0.0,0.0,21.905537,75.545362,822.120156,0.0,0.0,1737.924401,160.375599,472.320637
2020-03-02 06:00:00,0.0,0.0,75.975774,20.547985,545.716408,0.0,130.408348,1739.841449,165.558551,509.268756
2020-03-02 07:00:00,0.0,0.0,75.405189,0.0,692.984863,0.0,37.813863,2112.543037,346.788963,534.833726
2020-03-02 08:00:00,0.0,0.0,0.0,0.0,1166.0,0.0,0.0,2644.911398,490.688602,543.73671
2020-03-02 09:00:00,0.0,0.0,0.0,0.0,1167.0,0.0,0.0,2733.458277,636.241723,556.868742
2020-03-02 10:00:00,0.0,0.0,18.52187,0.0,1092.051123,0.0,0.0,2722.646757,421.235243,566.489345
2020-03-02 11:00:00,0.0,0.0,19.958349,0.0,1057.790316,0.0,0.0,2744.007788,388.794212,574.832621
2020-03-02 12:00:00,0.0,0.0,75.545362,16.462122,616.550389,0.0,153.057324,2323.921813,392.510187,578.005714
2020-03-02 13:00:00,0.0,0.0,79.695472,20.234035,311.315859,0.0,455.515189,2019.936179,418.293821,578.193048
2020-03-02 14:00:00,0.0,0.0,80.049301,19.958349,205.343119,0.0,520.825395,1748.059881,356.990119,578.807514
2020-03-02 15:00:00,0.0,0.0,54.199846,18.429253,721.110559,0.0,0.0,1880.747622,314.336378,574.595559
2020-03-02 16:00:00,0.0,0.0,21.905537,19.68943,1077.263492,0.0,0.0,1553.570616,144.209384,576.346069
2020-03-02 17:00:00,0.0,0.0,22.517588,74.213656,1566.416048,0.0,0.0,1660.813484,180.838516,605.909615
2020-03-02 18:00:00,0.0,0.0,21.905537,76.429316,1692.197216,0.0,0.0,2035.207406,182.424594,654.601529
2020-03-02 19:00:00,0.0,0.0,21.122752,26.843479,1682.98578,0.0,0.0,2249.848408,296.797592,664.929394
2020-03-02 20:00:00,0.0,0.0,20.42044,24.871966,1633.876168,0.0,0.0,2312.667572,297.970428,628.468711
2020-03-02 21:00:00,0.0,0.0,-0.0,24.222335,1917.0,0.0,0.0,2349.425046,415.406954,591.513757
2020-03-02 22:00:00,0.0,0.0,-0.0,21.042449,1734.0,0.0,0.0,2184.205638,494.004362,540.930846
2020-03-02 23:00:00,0.0,0.0,0.0,19.430296,1546.0,0.0,0.0,2049.588886,321.979114,495.688333
2020-03-03 00:00:00,0.0,0.0,0.0,-0.0,1314.0,0.0,0.0,2048.269707,226.898293,465.640456
2020-03-03 01:00:00,0.0,0.0,0.0,-0.0,1316.0,0.0,0.0,1927.511679,388.750321,447.226752
2020-03-03 02:00:00,0.0,0.0,0.0,-0.0,1317.0,0.0,0.0,1870.418026,535.713974,438.512704
2020-03-03 03:00:00,0.0,0.0,0.0,-0.0,1319.0,0.0,0.0,1859.490346,599.655654,436.573552
2020-03-03 04:00:00,0.0,0.0,18.52187,-0.0,1244.427957,0.0,0.0,1786.509707,181.640293,436.812263
2020-03-03 05:00:00,0.0,0.0,18.926085,48.038217,1226.353112,0.0,0.0,1756.654497,296.795503,459.645208
2020-03-03 06:00:00,0.0,0.0,21.368347,70.384767,1095.040889,0.0,0.0,1681.997286,383.132714,496.04346
2020-03-03 07:00:00,0.0,0.0,22.656017,25.663849,895.148687,0.0,0.0,1661.277533,311.054467,522.919327
2020-03-03 08:00:00,0.0,0.0,21.116714,19.68943,797.1903,0.0,0.0,1978.732,0.0,531.981255
2020-03-03 09:00:00,0.0,0.0,21.116714,-0.0,796.304136,0.0,0.0,2088.87,0.0,548.63488
2020-03-03 10:00:00,0.0,0.0,0.0,-0.0,1291.0,0.0,0.0,2687.093028,338.090972,564.163954
2020-03-03 11:00:00,0.0,0.0,0.0,-0.0,1291.0,0.0,0.0,2754.426717,329.305283,574.264008
2020-03-03 12:00:00,0.0,0.0,0.0,-0.0,1292.0,0.0,0.0,2742.135121,391.718879,572.270268
2020-03-03 13:00:00,0.0,0.0,-0.0,-0.0,1304.0,0.0,0.0,2731.122699,457.161301,568.818405
2020-03-03 14:00:00,0.0,0.0,0.0,-0.0,1303.0,0.0,0.0,2705.357058,58.740942,565.103559
2020-03-03 15:00:00,0.0,0.0,18.52187,-0.0,1232.497529,0.0,0.0,2622.455082,73.482918,563.243633
2020-03-03 16:00:00,0.0,0.0,18.573789,27.387255,1208.670383,0.0,0.0,2365.0,0.0,553.699443
2020-03-03 17:00:00,0.0,0.0,74.9512,21.905537,691.276022,0.0,74.384899,1747.168832,164.559168,566.383921
2020-03-03 18:00:00,0.0,0.0,90.382001,71.155471,135.897,0.0,619.490761,1507.835408,192.916592,619.490761
2020-03-03 19:00:00,0.0,0.0,77.464999,74.332639,452.707073,0.0,370.043006,1878.32093,234.47507,637.292079
2020-03-03 20:00:00,0.0,0.0,77.464999,25.721757,418.046202,0.0,380.990776,1698.799389,142.000611,608.362978
2020-03-03 21:00:00,0.0,0.0,21.905537,21.122752,824.809518,0.0,0.0,2121.707148,89.342852,573.524644
2020-03-03 22:00:00,0.0,0.0,29.666399,19.533879,695.681013,0.0,0.0,1928.91443,34.05357,524.735013
2020-03-03 23:00:00,0.0,0.0,20.526636,5.992214,952.789284,0.0,0.0,1919.502974,84.317026,484.757054
2020-03-04 00:00:00,0.0,0.0,20.234035,-0.0,997.78855,0.0,0.0,1827.60814,25.13986,455.972938
2020-03-04 01:00:00,0.0,0.0,19.983547,-0.0,810.434859,0.0,0.0,1538.432,0.0,440.699571
2020-03-04 02:00:00,0.0,0.0,74.9512,-0.0,542.327649,0.0,39.469652,1220.082989,79.485011,433.163301
2020-03-04 03:00:00,396.0,396.0,71.647258,7.915886,567.368888,0.0,5.337279,843.07,0.0,432.255167
2020-03-04 04:00:00,400.0,400.0,76.755559,18.573789,193.329757,0.0,380.81828,511.93,0.0,439.290036
2020-03-04 05:00:00,400.0,400.0,133.035526,54.644577,62.655705,0.0,502.738639,409.298,0.0,468.996344
2020-03-04 06:00:00,400.0,400.0,77.274616,71.647258,158.598121,0.0,447.951161,531.32,0.0,505.458282
2020-03-04 07:00:00,400.0,400.0,74.617414,19.68943,356.694994,0.0,364.583457,948.798,0.0,533.565451
2020-03-04 08:00:00,400.0,400.0,19.68943,-0.0,1094.436773,0.0,0.0,1741.432,0.0,541.799284
2020-03-04 09:00:00,400.0,400.0,0.0,-0.0,1430.0,0.0,0.0,2151.725745,87.908255,553.008862
2020-03-04 10:00:00,400.0,400.0,0.0,-0.0,1437.0,0.0,0.0,2235.040614,139.877386,564.456092
2020-03-04 11:00:00,400.0,400.0,0.0,-0.0,1436.0,0.0,0.0,2284.235392,272.132608,571.985309
2020-03-04 12:00:00,400.0,400.0,0.0,-0.0,1435.0,0.0,0.0,2250.784129,357.383871,567.117619
2020-03-04 13:00:00,400.0,400.0,0.0,-0.0,1436.0,0.0,0.0,2221.734149,296.795851,562.610122
2020-03-04 14:00:00,400.0,400.0,0.0,-0.0,1436.0,0.0,0.0,2207.632393,99.719607,560.494859
2020-03-04 15:00:00,400.0,400.0,0.0,19.266072,1435.0,0.0,0.0,2002.86697,127.06503,555.430046
2020-03-04 16:00:00,400.0,400.0,16.970947,21.287879,1558.961425,0.0,0.0,1730.098,0.0,549.170486
2020-03-04 17:00:00,400.0,400.0,21.647258,76.755559,1134.401369,0.0,0.0,1089.482,0.0,558.612095
2020-03-04 18:00:00,400.0,400.0,23.069973,78.711079,970.975544,0.0,0.0,1015.118,0.0,607.371368
2020-03-04 19:00:00,400.0,400.0,20.846138,29.454589,1391.406842,0.0,0.0,1699.154,0.0,632.512074
2020-03-04 20:00:00,400.0,400.0,20.400003,22.793178,1159.629589,0.0,0.0,2032.7,0.0,611.560562
2020-03-04 21:00:00,400.0,400.0,21.116714,19.68943,865.626848,0.0,0.0,1894.87,0.0,578.136473
2020-03-04 22:00:00,400.0,400.0,20.846138,0.041515,912.624504,0.0,0.0,1604.69,0.0,527.559824
2020-03-04 23:00:00,400.0,400.0,20.846138,18.861019,726.432832,0.0,0.0,1498.716,0.0,486.342475
2020-03-05 00:00:00,400.0,400.0,20.846138,0.0,728.24448,0.0,0.0,1329.37,0.0,460.668828
2020-03-05 01:00:00,400.0,400.0,20.400003,0.0,820.858949,0.0,0.0,1316.698,0.0,444.875858
2020-03-05 02:00:00,400.0,400.0,20.419098,0.0,800.303493,0.0,0.0,1247.0,0.0,437.504476
2020-03-05 03:00:00,400.0,400.0,20.400003,0.0,833.67159,0.0,0.0,1287.368,0.0,438.554461
2020-03-05 04:00:00,400.0,400.0,20.846138,19.68943,729.750513,0.0,0.0,1240.538,0.0,447.118123
2020-03-05 05:00:00,400.0,400.0,74.617414,73.797814,270.629414,0.0,336.268474,973.162,0.0,481.579888
2020-03-05 06:00:00,400.0,400.0,500.0,70.846138,0.0,242.632194,578.226529,578.618,0.0,517.687529
2020-03-05 07:00:00,400.0,400.0,500.0,0.0,0.0,187.497135,739.54757,1123.5,0.0,541.28957
2020-03-05 08:00:00,400.0,400.0,19.034775,0.0,847.042439,0.0,0.0,2316.764,0.0,549.108234
2020-03-05 09:00:00,400.0,400.0,0.0,0.0,1009.0,0.0,0.0,2508.371125,236.278875,553.555669
2020-03-05 10:00:00,400.0,400.0,0.0,0.0,1020.0,0.0,0.0,2556.028972,61.461028,559.054346
2020-03-05 11:00:00,398.0,400.0,0.0,0.0,1028.0,0.0,0.0,2597.240888,15.637112,564.036133
2020-03-05 12:00:00,400.0,400.0,0.0,0.0,1023.0,0.0,0.0,2596.112548,116.841452,564.616882
2020-03-05 13:00:00,400.0,400.0,0.0,0.0,1010.0,0.0,0.0,2577.361049,368.916951,563.754157
2020-03-05 14:00:00,400.0,400.0,0.0,0.0,1003.0,0.0,0.0,2572.819213,539.542787,564.122882
2020-03-05 15:00:00,400.0,400.0,0.0,0.0,1003.0,0.0,0.0,2532.497215,523.752785,558.074582
2020-03-05 16:00:00,400.0,400.0,0.0,0.0,1004.0,0.0,0.0,1814.744436,932.787564,552.261665
2020-03-05 17:00:00,400.0,400.0,0.0,50.838114,1741.0,0.0,0.0,1335.669515,837.598485,560.650427
2020-03-05 18:00:00,400.0,400.0,0.0,75.377354,2338.0,0.0,0.0,1653.922264,477.409736,611.83834
2020-03-05 19:00:00,398.0,400.0,0.0,65.339344,2358.0,0.0,0.0,1831.096491,536.305509,633.614474
2020-03-05 20:00:00,400.0,400.0,0.0,26.429316,2281.0,0.0,0.0,1767.530004,643.581996,616.129501
2020-03-05 21:00:00,400.0,400.0,0.0,23.069973,2280.0,0.0,0.0,1553.87958,779.15842,584.231937
2020-03-05 22:00:00,400.0,400.0,0.0,22.732362,2287.0,0.0,0.0,1238.922525,1242.279475,535.938379
2020-03-05 23:00:00,400.0,400.0,0.0,20.419098,2292.0,0.0,0.0,966.660644,1591.669356,494.349097
2020-03-06 00:00:00,398.0,400.0,0.0,22.576747,1927.0,0.0,0.0,1124.274568,1574.825432,466.241185
2020-03-06 01:00:00,400.0,400.0,-0.0,22.576747,1925.0,0.0,0.0,1026.582153,1672.349847,451.887323
2020-03-06 02:00:00,398.0,400.0,-0.0,19.430296,1927.0,0.0,0.0,988.392198,1511.307802,445.85883
2020-03-06 03:00:00,398.0,400.0,0.0,19.430296,1908.0,0.0,0.0,958.649058,779.650942,444.247359
2020-03-06 04:00:00,400.0,400.0,19.958349,21.288154,1806.611678,0.0,0.0,904.346668,55.453332,451.310249
2020-03-06 05:00:00,400.0,400.0,22.576747,23.206766,1241.536736,0.0,0.0,572.47,0.0,486.28999
2020-03-06 06:00:00,400.0,400.0,26.324557,28.622551,803.406718,0.0,0.0,384.982,0.0,523.886292
2020-03-06 07:00:00,400.0,400.0,24.617414,21.288154,880.713274,0.0,0.0,651.17,0.0,552.218509
2020-03-06 08:00:00,400.0,400.0,20.846138,20.419098,1493.854971,0.0,0.0,1325.232,0.0,561.356554
2020-03-06 09:00:00,400.0,400.0,19.68943,20.419098,1639.358131,0.0,0.0,1529.602,0.0,570.18658
2020-03-06 10:00:00,400.0,400.0,19.68943,18.861019,1610.462063,0.0,0.0,1552.23,0.0,577.915191
2020-03-06 11:00:00,400.0,400.0,19.430296,0.0,1668.075909,0.0,0.0,1623.584,0.0,579.976214
2020-03-06 12:00:00,400.0,400.0,19.430296,0.0,1667.088996,0.0,0.0,1587.48,0.0,574.708651
2020-03-06 13:00:00,400.0,400.0,19.034775,0.0,1718.693376,0.0,0.0,1537.684,0.0,559.498594
2020-03-06 14:00:00,400.0,400.0,20.419098,18.861019,1539.211043,0.0,0.0,1396.548,0.0,565.250544
2020-03-06 15:00:00,400.0,400.0,20.419098,21.116411,1527.73217,0.0,0.0,1349.07,0.0,559.850674
2020-03-06 16:00:00,400.0,400.0,21.116411,23.206766,1446.771693,0.0,0.0,1073.114,0.0,556.101346
2020-03-06 17:00:00,400.0,400.0,23.069973,29.478038,1252.400021,0.0,0.0,587.416,0.0,565.652397
2020-03-06 18:00:00,400.0,400.0,26.324557,76.790897,1013.594377,0.0,0.0,468.57,0.0,616.196343
2020-03-06 19:00:00,400.0,400.0,76.790897,61.382506,777.945114,0.0,28.054419,390.282,0.0,635.000533
2020-03-06 20:00:00,400.0,400.0,26.429316,28.153319,926.18683,0.0,0.0,355.51,0.0,607.548475
2020-03-06 21:00:00,400.0,400.0,76.755559,26.624138,721.347668,0.0,17.634882,344.138,0.0,583.31855
2020-03-06 22:00:00,400.0,400.0,76.755559,26.058582,604.133114,0.0,87.391419,329.37,0.0,545.435533
2020-03-06 23:00:00,400.0,400.0,24.617414,23.206766,800.61685,0.0,0.0,271.698,0.0,507.312173
2020-03-07 00:00:00,400.0,400.0,23.206766,25.901918,897.567032,0.0,0.0,183.888,0.0,479.598145
2020-03-07 01:00:00,400.0,400.0,76.790897,25.242994,344.119996,0.0,238.047005,199.6,0.0,458.472001
2020-03-07 02:00:00,400.0,400.0,75.9087,25.488194,486.808659,0.0,82.532942,271.046,0.0,447.785601
2020-03-07 03:00:00,400.0,400.0,83.946708,25.128003,156.388158,0.0,408.128919,268.822,0.0,443.765076
2020-03-07 04:00:00,400.0,400.0,83.946708,24.836269,149.298293,0.0,417.741763,275.752,0.0,445.868056
2020-03-07 05:00:00,400.0,400.0,136.124055,24.546783,33.090829,0.0,551.098947,254.816,0.0,460.158776
2020-03-07 06:00:00,400.0,400.0,500.0,24.081573,0.0,262.784004,594.500776,286.412,0.0,468.750776
2020-03-07 07:00:00,400.0,400.0,500.0,-0.0,0.0,21.393126,658.761769,714.052,0.0,483.966769
2020-03-07 08:00:00,400.0,400.0,21.116411,-0.0,722.041998,0.0,0.0,1583.316,0.0,502.8411
2020-03-07 09:00:00,400.0,400.0,0.0,-0.0,1185.0,0.0,0.0,2147.04488,46.05512,517.956732
2020-03-07 10:00:00,400.0,400.0,0.0,-0.0,1187.0,0.0,0.0,2189.332673,208.079327,523.999901
2020-03-07 11:00:00,400.0,400.0,0.0,-0.0,1186.0,0.0,0.0,2149.359873,316.726127,518.153981
2020-03-07 12:00:00,400.0,400.0,0.0,-0.0,1188.0,0.0,0.0,2080.277866,395.176134,507.49168
2020-03-07 13:00:00,400.0,400.0,0.0,-0.0,1187.0,0.0,0.0,2014.991532,417.670468,497.84873
2020-03-07 14:00:00,400.0,400.0,0.0,-0.0,1190.0,0.0,0.0,1969.725436,317.044564,490.608815
2020-03-07 15:00:00,400.0,400.0,0.0,18.861019,1189.0,0.0,0.0,1759.456163,381.641837,484.718424
2020-03-07 16:00:00,398.0,400.0,0.0,20.846138,1375.0,0.0,0.0,1245.069548,268.700452,483.910432
2020-03-07 17:00:00,400.0,400.0,21.287879,25.829939,1389.337759,0.0,0.0,664.332,0.0,498.899136
2020-03-07 18:00:00,400.0,400.0,23.206766,77.274563,976.61384,0.0,0.0,370.166,0.0,557.482824
2020-03-07 19:00:00,400.0,400.0,23.069973,72.494584,1163.752029,0.0,0.0,775.848,0.0,589.214396
2020-03-07 20:00:00,400.0,400.0,20.400003,23.128644,1762.844592,0.0,0.0,1231.672,0.0,567.724111
2020-03-07 21:00:00,400.0,400.0,18.861019,20.653614,1712.92046,0.0,0.0,1559.784,0.0,548.379531
2020-03-07 22:00:00,400.0,400.0,16.970947,18.861019,1849.76841,0.0,0.0,1508.648,0.0,520.181938
2020-03-07 23:00:00,400.0,400.0,18.463561,18.861019,1611.251245,0.0,0.0,1452.684,0.0,494.314913
2020-03-08 00:00:00,400.0,400.0,20.846138,21.702054,637.355701,0.0,0.0,1391.136,0.0,471.417045
2020-03-08 01:00:00,400.0,400.0,71.116714,19.034775,537.595014,0.0,71.774733,1339.0,0.0,455.310748
2020-03-08 02:00:00,400.0,400.0,70.846138,18.861019,590.9493,0.0,10.073805,1345.97,0.0,448.353105
2020-03-08 03:00:00,400.0,400.0,19.983547,18.861019,722.145439,0.0,0.0,1441.13,0.0,442.947684
2020-03-08 04:00:00,400.0,400.0,19.68943,18.861019,757.188826,0.0,0.0,1501.63,0.0,446.766176
2020-03-08 05:00:00,400.0,400.0,71.647258,19.455746,454.508012,0.0,159.321386,1280.664,0.0,459.023398
2020-03-08 06:00:00,400.0,400.0,71.647258,0.0,496.854713,0.0,123.255381,1357.902,0.0,464.257093
2020-03-08 07:00:00,398.0,400.0,0.0,0.0,1029.0,0.0,0.0,1926.333843,133.780157,469.700076
2020-03-08 08:00:00,400.0,400.0,0.0,0.0,1031.0,0.0,0.0,1957.878003,933.411997,474.1317
2020-03-08 09:00:00,400.0,400.0,0.0,0.0,1033.0,0.0,0.0,2023.688134,1367.459866,483.70322
2020-03-08 10:00:00,400.0,400.0,0.0,0.0,1034.0,0.0,0.0,2066.717145,1586.168855,490.007572
2020-03-08 11:00:00,400.0,400.0,0.0,0.0,1032.0,0.0,0.0,2057.386717,1277.913283,488.908008
2020-03-08 12:00:00,400.0,400.0,0.0,0.0,1031.0,0.0,0.0,2053.629444,1195.002556,488.494417
2020-03-08 13:00:00,400.0,400.0,0.0,0.0,1030.0,0.0,0.0,2026.783128,1340.718872,484.617469
2020-03-08 14:00:00,400.0,400.0,0.0,0.0,1032.0,0.0,0.0,2003.391647,1778.390353,480.808747
2020-03-08 15:00:00,400.0,400.0,0.0,0.0,1032.0,0.0,0.0,1836.319111,1535.826889,481.247867
2020-03-08 16:00:00,398.0,400.0,0.0,19.983547,1202.0,0.0,0.0,1661.472245,902.575755,482.770837
2020-03-08 17:00:00,398.0,400.0,0.0,21.647258,1398.0,0.0,0.0,1809.841795,81.188205,503.376269
2020-03-08 18:00:00,400.0,400.0,19.68943,72.516066,1101.364621,0.0,0.0,1828.272,0.0,563.536107
2020-03-08 19:00:00,400.0,400.0,19.034775,73.069973,1324.550278,0.0,0.0,2031.63,0.0,588.311958
2020-03-08 20:00:00,400.0,400.0,19.68943,46.520593,1247.855726,0.0,0.0,1934.418,0.0,567.834341
2020-03-08 21:00:00,398.0,400.0,0.0,20.864728,1502.0,0.0,0.0,2026.679834,29.552166,543.551975
2020-03-08 22:00:00,398.0,400.0,0.0,0.0,1301.0,0.0,0.0,1917.796333,360.371667,504.86945
2020-03-08 23:00:00,398.0,400.0,0.0,0.0,1123.0,0.0,0.0,1873.059116,581.308884,471.608867
2020-03-09 00:00:00,400.0,400.0,0.0,0.0,1113.0,0.0,0.0,1724.620078,368.779922,450.843012
2020-03-09 01:00:00,400.0,400.0,0.0,18.861019,1109.0,0.0,0.0,1650.314045,343.887955,440.297107
2020-03-09 02:00:00,400.0,400.0,0.0,19.68943,1111.0,0.0,0.0,1610.624587,529.737413,434.043688
2020-03-09 03:00:00,400.0,400.0,0.0,20.419098,1113.0,0.0,0.0,1619.528128,567.155872,435.079219
2020-03-09 04:00:00,400.0,400.0,0.0,26.395652,1117.0,0.0,0.0,1505.394232,753.673768,442.859135
2020-03-09 05:00:00,400.0,400.0,0.0,72.516066,1304.0,0.0,0.0,1747.027393,578.974607,478.804109
2020-03-09 06:00:00,400.0,400.0,0.0,28.320371,1270.0,0.0,0.0,1998.568697,425.101303,513.385305
2020-03-09 07:00:00,400.0,400.0,0.0,0.0,1274.0,0.0,0.0,2220.788102,542.411898,546.118215
2020-03-09 08:00:00,398.0,400.0,0.0,0.0,1231.0,0.0,0.0,2249.524734,923.441266,556.87871
2020-03-09 09:00:00,398.0,400.0,0.0,19.034775,1230.0,0.0,0.0,2336.447513,893.772487,570.067127
2020-03-09 10:00:00,398.0,400.0,0.0,26.969114,1213.0,0.0,0.0,2371.247177,440.740823,577.837077
2020-03-09 11:00:00,398.0,400.0,0.0,0.0,1213.0,0.0,0.0,2363.583928,524.212072,576.687589
2020-03-09 12:00:00,398.0,400.0,0.0,18.861019,1223.0,0.0,0.0,2378.83192,811.70008,577.474788
2020-03-09 13:00:00,398.0,400.0,0.0,0.0,1232.0,0.0,0.0,2355.959174,1025.392826,572.693876
2020-03-09 14:00:00,398.0,400.0,0.0,20.234035,1231.0,0.0,0.0,2322.944675,1030.025325,567.891701
2020-03-09 15:00:00,400.0,400.0,0.0,21.368347,1232.0,0.0,0.0,1959.928369,1058.921631,564.289255
2020-03-09 16:00:00,398.0,400.0,0.0,21.016963,1627.0,0.0,0.0,1818.765653,721.804347,564.864848
2020-03-09 17:00:00,398.0,400.0,0.0,25.782147,1814.0,0.0,0.0,1964.398725,532.001275,589.709809
2020-03-09 18:00:00,400.0,400.0,20.234035,64.737415,1650.940363,0.0,0.0,2142.610402,239.255598,647.050506
2020-03-09 19:00:00,400.0,400.0,5.115439,76.141538,1700.209478,0.0,0.0,2185.865759,283.572241,662.048442
2020-03-09 20:00:00,400.0,400.0,18.926085,31.687163,1771.972535,0.0,0.0,2053.728046,143.569954,625.763327
2020-03-09 21:00:00,400.0,400.0,21.122752,21.122752,1278.88499,0.0,0.0,1706.967524,198.116476,586.21238
2020-03-09 22:00:00,400.0,400.0,21.905537,20.234035,1049.159856,0.0,0.0,1490.901533,76.568467,535.011252
2020-03-09 23:00:00,400.0,400.0,18.463561,20.234035,1002.053756,0.0,0.0,1861.2,0.0,491.121937
2020-03-10 00:00:00,398.0,400.0,0.0,0.0,1122.0,0.0,0.0,1788.356622,151.343378,462.203493
2020-03-10 01:00:00,398.0,400.0,0.0,0.0,1123.0,0.0,0.0,1686.491647,274.776353,446.773747
2020-03-10 02:00:00,400.0,400.0,0.0,0.0,1129.0,0.0,0.0,1634.336162,595.243838,438.050424
2020-03-10 03:00:00,398.0,400.0,0.0,0.0,1127.0,0.0,0.0,1624.270545,477.081455,436.840582
2020-03-10 04:00:00,398.0,400.0,0.0,0.0,1123.0,0.0,0.0,1673.849253,288.766747,444.877388
2020-03-10 05:00:00,400.0,400.0,19.958349,71.371814,962.555617,0.0,0.0,1726.744123,264.253877,476.878276
2020-03-10 06:00:00,400.0,400.0,73.873861,18.861019,675.145521,0.0,0.0,1649.842327,246.595673,508.454521
2020-03-10 07:00:00,400.0,400.0,14.544199,0.0,1067.726011,0.0,0.0,2226.91167,264.82033,536.127849
2020-03-10 08:00:00,398.0,400.0,0.0,0.0,1109.0,0.0,0.0,2317.861971,989.336029,543.579296
2020-03-10 09:00:00,398.0,400.0,0.0,0.0,1106.0,0.0,0.0,2392.976608,1492.127392,555.296491
2020-03-10 10:00:00,398.0,400.0,-0.0,0.0,1125.0,0.0,0.0,2468.784523,1864.497477,563.817678
2020-03-10 11:00:00,398.0,400.0,-0.0,0.0,1125.0,0.0,0.0,2489.492344,1942.819656,566.923852
2020-03-10 12:00:00,398.0,400.0,-0.0,0.0,1124.0,0.0,0.0,2498.226007,1911.693993,568.383901
2020-03-10 13:00:00,398.0,400.0,0.0,0.0,1107.0,0.0,0.0,2460.003815,1595.158185,565.200572
2020-03-10 14:00:00,398.0,400.0,0.0,0.0,1102.0,0.0,0.0,2438.026223,1322.805777,562.653933
2020-03-10 15:00:00,398.0,400.0,0.0,0.0,1100.0,0.0,0.0,2404.674238,934.745762,557.951136
2020-03-10 16:00:00,398.0,400.0,0.0,0.0,1098.0,0.0,0.0,2205.575746,801.594254,553.886362
2020-03-10 17:00:00,398.0,400.0,0.0,19.68943,1296.0,0.0,0.0,2240.802896,101.231104,582.720434
2020-03-10 18:00:00,400.0,400.0,19.68943,76.324557,1152.485281,0.0,0.0,1980.652,0.0,623.875008
2020-03-10 19:00:00,400.0,400.0,76.324557,72.576747,594.386047,0.0,256.474046,1532.5,0.0,650.717093
2020-03-10 20:00:00,400.0,400.0,22.576747,45.67482,906.121752,0.0,0.0,1745.972,0.0,624.577537
2020-03-10 21:00:00,400.0,400.0,76.324557,21.122752,337.682905,0.0,439.236159,1603.13,0.0,590.767064
2020-03-10 22:00:00,400.0,400.0,21.122752,19.958349,892.767063,0.0,0.0,1889.949607,116.282393,539.127382
2020-03-10 23:00:00,400.0,400.0,16.970947,0.0,1158.401925,0.0,0.0,1884.314,0.0,498.436811
2020-03-11 00:00:00,400.0,400.0,19.958349,0.0,926.433277,0.0,0.0,1810.54956,51.93044,468.917442
2020-03-11 01:00:00,400.0,400.0,20.234035,0.0,707.474141,0.0,0.0,1829.515482,309.714518,451.356201
2020-03-11 02:00:00,398.0,400.0,0.0,0.0,837.0,0.0,0.0,1907.538149,172.399851,443.630722
2020-03-11 03:00:00,400.0,400.0,0.0,0.0,845.0,0.0,0.0,1905.158906,494.739094,442.073836
2020-03-11 04:00:00,400.0,400.0,0.0,0.0,847.0,0.0,0.0,1959.051157,487.034843,449.857673
2020-03-11 05:00:00,400.0,400.0,0.0,22.214913,847.0,0.0,0.0,2170.111142,334.538858,486.016671
2020-03-11 06:00:00,400.0,400.0,17.392886,0.0,859.552025,0.0,0.0,2351.628203,333.791797,518.261427
2020-03-11 07:00:00,398.0,400.0,0.0,0.0,889.0,0.0,0.0,2574.946458,795.003542,547.341969
2020-03-11 08:00:00,399.374,400.0,-0.0,0.0,884.626,0.0,0.0,2620.714448,1574.863552,554.863267
2020-03-11 09:00:00,398.611,400.0,0.0,0.0,886.389,0.0,0.0,2699.01859,1920.88341,567.544438
2020-03-11 10:00:00,398.0,400.0,0.0,0.0,874.0,0.0,0.0,2730.741516,1595.156484,572.961227
2020-03-11 11:00:00,399.607,400.0,0.0,0.0,867.393,0.0,0.0,2527.503998,1354.266002,568.96665
2020-03-11 12:00:00,400.0,400.0,0.0,0.0,1051.0,0.0,0.0,2508.904832,1302.079168,566.385725
2020-03-11 13:00:00,398.0,400.0,0.0,0.0,1052.0,0.0,0.0,2515.435987,1144.082013,567.215398
2020-03-11 14:00:00,398.0,400.0,0.0,0.0,1052.0,0.0,0.0,2488.163833,1053.532167,563.124575
2020-03-11 15:00:00,398.0,400.0,0.0,0.0,1054.0,0.0,0.0,2266.506684,1263.727316,555.076003
2020-03-11 16:00:00,398.0,400.0,0.0,0.0,1240.0,0.0,0.0,2243.919235,904.760765,551.537885
2020-03-11 17:00:00,398.0,400.0,0.0,69.197424,1235.0,0.0,0.0,2136.238753,317.313247,563.735813
2020-03-11 18:00:00,400.0,400.0,21.750606,74.9512,1016.334213,0.0,0.0,1944.542008,237.295992,623.581169
2020-03-11 19:00:00,400.0,400.0,22.23556,47.693532,884.690995,0.0,0.0,2100.362936,224.875064,652.300791
2020-03-11 20:00:00,400.0,400.0,74.060266,23.757036,694.681924,0.0,118.60347,2206.037887,228.764113,626.903394
2020-03-11 21:00:00,400.0,400.0,20.42044,20.42044,1013.301078,0.0,0.0,2319.875552,276.154448,596.186171
2020-03-11 22:00:00,398.0,400.0,0.0,7.888177,1078.0,0.0,0.0,2378.128469,327.205531,542.71927
2020-03-11 23:00:00,398.0,400.0,0.0,0.0,895.0,0.0,0.0,2269.736696,388.215304,500.660504
2020-03-12 00:00:00,398.0,400.0,0.0,0.0,896.0,0.0,0.0,2086.16265,486.36935,472.974398
2020-03-12 01:00:00,398.0,400.0,0.0,0.0,897.0,0.0,0.0,1985.156357,559.309643,457.673454
2020-03-12 02:00:00,398.0,400.0,0.0,0.0,897.0,0.0,0.0,1933.793097,650.440903,449.968965
2020-03-12 03:00:00,398.0,400.0,0.0,0.0,897.0,0.0,0.0,1950.081687,601.320313,452.412253
2020-03-12 04:00:00,398.0,400.0,0.0,0.0,897.0,0.0,0.0,2004.589136,569.876864,460.58837
2020-03-12 05:00:00,398.0,400.0,0.0,21.719168,895.0,0.0,0.0,2260.133729,328.086271,499.220059
2020-03-12 06:00:00,400.0,400.0,19.533879,0.0,802.4322,0.0,0.0,2371.752488,311.779512,532.248043
2020-03-12 07:00:00,400.0,400.0,18.926085,0.0,814.182099,0.0,0.0,2574.999346,285.100654,558.572587
2020-03-12 08:00:00,398.0,400.0,-0.0,0.0,848.0,0.0,0.0,2643.324437,735.909563,563.748666
2020-03-12 09:00:00,398.0,400.0,0.0,0.0,850.0,0.0,0.0,2709.405064,1046.412936,573.36076
2020-03-12 10:00:00,398.0,400.0,0.0,0.0,851.0,0.0,0.0,2703.959293,1156.188707,572.393894
2020-03-12 11:00:00,398.0,400.0,0.0,0.0,850.0,0.0,0.0,2690.576227,1065.359773,570.536434
2020-03-12 12:00:00,398.0,400.0,0.0,0.0,860.0,0.0,0.0,2702.698614,1269.521386,570.854792
2020-03-12 13:00:00,398.0,400.0,0.0,0.0,860.0,0.0,0.0,2659.585471,1426.714529,565.587821
2020-03-12 14:00:00,398.0,400.0,0.0,0.0,870.0,0.0,0.0,2623.228748,1172.239252,561.634312
2020-03-12 15:00:00,398.0,400.0,0.0,0.0,858.0,0.0,0.0,2437.523881,1113.928119,556.878582
2020-03-12 16:00:00,398.0,400.0,0.0,0.0,1038.0,0.0,0.0,2401.459001,806.592999,552.21885
2020-03-12 17:00:00,398.0,400.0,0.0,26.009923,1053.0,0.0,0.0,2186.942173,251.455827,568.791326
2020-03-12 18:00:00,400.0,400.0,21.813467,72.516066,952.673178,0.0,0.0,2033.356123,35.491877,629.502442
2020-03-12 19:00:00,400.0,400.0,78.264041,73.216989,788.903383,0.0,68.10991,2007.652,0.0,655.012293
2020-03-12 20:00:00,400.0,400.0,23.51059,34.409896,830.050697,0.0,0.0,1996.158925,18.373075,629.116234
2020-03-12 21:00:00,400.0,400.0,73.128644,19.983547,686.207915,0.0,95.972098,1756.868,0.0,595.149013
2020-03-12 22:00:00,400.0,400.0,21.647258,20.318233,806.645145,0.0,0.0,1544.902,0.0,545.288528
2020-03-12 23:00:00,400.0,400.0,72.492854,0.0,607.694399,0.0,58.669241,1412.152,0.0,501.96864
2020-03-13 00:00:00,400.0,400.0,76.324557,21.287879,385.69589,0.0,240.618026,989.882,0.0,471.927916
2020-03-13 01:00:00,400.0,400.0,131.727779,21.971366,103.050405,0.0,468.273334,560.622,0.0,454.435739
2020-03-13 02:00:00,400.0,400.0,80.277405,21.647258,201.722208,0.0,359.23546,536.8,0.0,447.461669
2020-03-13 03:00:00,400.0,400.0,22.516066,25.918222,607.313273,0.0,0.0,656.7,0.0,447.208009
2020-03-13 04:00:00,400.0,400.0,21.647258,22.492854,938.563706,0.0,0.0,613.6,0.0,456.905444
2020-03-13 05:00:00,400.0,400.0,23.206766,60.835055,826.774495,0.0,0.0,560.73,0.0,493.493326
2020-03-13 06:00:00,400.0,400.0,76.790897,21.647258,437.631811,0.0,238.540017,404.804,0.0,528.475828
2020-03-13 07:00:00,400.0,400.0,22.516066,20.846138,1020.033794,0.0,0.0,1161.568,0.0,554.630131
2020-03-13 08:00:00,400.0,400.0,19.034775,19.68943,1618.303601,0.0,0.0,1850.066,0.0,568.16436
2020-03-13 09:00:00,400.0,400.0,0.0,19.430296,1740.0,0.0,0.0,2026.882189,164.689811,576.432328
2020-03-13 10:00:00,400.0,400.0,0.0,21.116411,1720.0,0.0,0.0,2085.816371,83.749629,588.272456
2020-03-13 11:00:00,400.0,400.0,19.983547,20.846138,1408.532783,0.0,0.0,1790.632,0.0,590.714883
2020-03-13 12:00:00,400.0,400.0,20.419098,20.846138,1361.505792,0.0,0.0,1677.168,0.0,580.749331
2020-03-13 13:00:00,400.0,400.0,19.983547,20.846138,1463.368823,0.0,0.0,1726.618,0.0,572.887377
2020-03-13 14:00:00,400.0,400.0,19.68943,21.843654,1521.493029,0.0,0.0,1729.43,0.0,564.590546
2020-03-13 15:00:00,400.0,400.0,20.400003,21.843654,1382.10667,0.0,0.0,1529.27,0.0,555.474499
2020-03-13 16:00:00,400.0,400.0,21.843654,26.012309,1081.4247,0.0,0.0,1068.238,0.0,556.921995
2020-03-13 17:00:00,400.0,400.0,22.732362,26.504525,1064.011374,0.0,0.0,674.814,0.0,579.270394
2020-03-13 18:00:00,400.0,400.0,26.429316,77.274563,935.427785,0.0,0.0,510.472,0.0,642.606632
2020-03-13 19:00:00,400.0,400.0,76.755559,61.714252,805.52418,0.0,30.142693,571.55,0.0,658.053873
2020-03-13 20:00:00,400.0,400.0,26.429316,27.512649,940.351818,0.0,0.0,542.85,0.0,633.524727
2020-03-13 21:00:00,400.0,400.0,26.429316,28.122454,986.190039,0.0,0.0,444.77,0.0,611.936994
2020-03-13 22:00:00,400.0,400.0,26.324557,25.9087,851.093979,0.0,0.0,391.252,0.0,570.923703
2020-03-13 23:00:00,400.0,400.0,22.732362,23.437807,1201.706527,0.0,0.0,471.964,0.0,530.438621
2020-03-14 00:00:00,400.0,400.0,23.128644,22.96816,915.893405,0.0,0.0,352.25,0.0,502.103489
2020-03-14 01:00:00,400.0,400.0,23.437807,23.128644,728.769464,0.0,0.0,395.33,0.0,483.38408
2020-03-14 02:00:00,400.0,400.0,23.437807,22.516066,765.426523,0.0,0.0,338.234,0.0,469.321122
2020-03-14 03:00:00,400.0,400.0,23.437807,22.576747,741.005533,0.0,0.0,285.412,0.0,465.06097
2020-03-14 04:00:00,400.0,400.0,23.437807,22.576747,766.174181,0.0,0.0,318.088,0.0,466.187073
2020-03-14 05:00:00,400.0,400.0,23.657594,22.576747,691.063764,0.0,0.0,360.496,0.0,483.814835
2020-03-14 06:00:00,400.0,400.0,23.128644,21.647258,783.975516,0.0,0.0,544.798,0.0,497.523373
2020-03-14 07:00:00,400.0,400.0,22.732362,19.983547,911.525765,0.0,0.0,794.13,0.0,515.790635
2020-03-14 08:00:00,400.0,400.0,21.288154,19.68943,1168.301442,0.0,0.0,1266.168,0.0,548.079984
2020-03-14 09:00:00,400.0,400.0,20.419098,10.714579,1371.457493,0.0,0.0,1641.282,0.0,573.873676
2020-03-14 10:00:00,400.0,400.0,21.287879,0.0,1209.828894,0.0,0.0,1537.886,0.0,582.608566
2020-03-14 11:00:00,400.0,400.0,19.68943,20.419098,1519.059249,0.0,0.0,1786.432,0.0,573.505913
2020-03-14 12:00:00,400.0,400.0,19.983547,19.983547,1420.885593,0.0,0.0,1617.004,0.0,562.817761
2020-03-14 13:00:00,400.0,400.0,19.983547,19.983547,1459.811965,0.0,0.0,1615.182,0.0,556.705505
2020-03-14 14:00:00,400.0,400.0,19.983547,0.0,1455.150441,0.0,0.0,1551.012,0.0,547.779234
2020-03-14 15:00:00,400.0,400.0,21.287879,19.034775,1209.093563,0.0,0.0,1274.068,0.0,543.146166
2020-03-14 16:00:00,400.0,400.0,22.492854,21.287879,1033.218893,0.0,0.0,1014.32,0.0,551.565166
2020-03-14 17:00:00,400.0,400.0,20.846138,25.9087,1437.365651,0.0,0.0,835.712,0.0,572.151952
2020-03-14 18:00:00,400.0,400.0,22.732362,63.230686,1512.744854,0.0,0.0,743.268,0.0,630.228472
2020-03-14 19:00:00,400.0,400.0,23.128644,76.755559,1350.325875,0.0,0.0,721.448,0.0,656.118319
2020-03-14 20:00:00,400.0,400.0,23.128644,28.109957,1357.484079,0.0,0.0,635.746,0.0,637.389288
2020-03-14 21:00:00,400.0,400.0,23.206766,26.81015,1150.427089,0.0,0.0,641.93,0.0,616.125437
2020-03-14 22:00:00,400.0,400.0,23.206766,25.833478,1012.584994,0.0,0.0,592.84,0.0,576.188251
2020-03-14 23:00:00,400.0,400.0,23.128644,25.026408,943.946496,0.0,0.0,653.7,0.0,542.363026
2020-03-15 00:00:00,400.0,400.0,21.647258,23.069973,1175.28575,0.0,0.0,688.08,0.0,512.819137
2020-03-15 01:00:00,400.0,400.0,21.647258,25.569182,998.643462,0.0,0.0,737.548,0.0,493.485681
2020-03-15 02:00:00,400.0,400.0,21.647258,25.466029,807.930098,0.0,0.0,789.566,0.0,479.945385
2020-03-15 03:00:00,400.0,400.0,21.843654,25.466029,801.595342,0.0,0.0,735.268,0.0,477.700899
2020-03-15 04:00:00,400.0,400.0,22.96816,24.681964,722.963638,0.0,0.0,678.14,0.0,480.926454
2020-03-15 05:00:00,400.0,400.0,73.128644,28.081034,627.126395,0.0,13.846646,653.76,0.0,491.645041
2020-03-15 06:00:00,400.0,400.0,83.752662,19.983547,149.679742,0.0,493.658297,577.78,0.0,498.615039
2020-03-15 07:00:00,400.0,400.0,73.657594,0.0,247.582845,0.0,413.067517,1005.502,0.0,503.874362
2020-03-15 08:00:00,400.0,400.0,19.983547,0.0,904.27768,0.0,0.0,1817.998,0.0,518.208048
2020-03-15 09:00:00,398.0,400.0,0.0,0.0,1223.0,0.0,0.0,2155.123408,40.946592,520.968511
2020-03-15 10:00:00,400.0,400.0,0.0,0.0,1242.0,0.0,0.0,2169.208729,201.209271,520.231309
2020-03-15 11:00:00,400.0,400.0,0.0,0.0,1243.0,0.0,0.0,2151.002363,451.131637,517.350354
2020-03-15 12:00:00,400.0,400.0,0.0,0.0,1207.0,0.0,0.0,2077.351307,158.076693,511.702696
2020-03-15 13:00:00,398.0,400.0,0.0,0.0,1214.0,0.0,0.0,2028.84934,39.79066,503.377401
2020-03-15 14:00:00,400.0,400.0,14.191367,0.0,1204.40533,0.0,0.0,1972.788,0.0,496.407401
2020-03-15 15:00:00,400.0,400.0,19.983547,19.983547,867.969425,0.0,0.0,1609.912,0.0,492.441386
2020-03-15 16:00:00,400.0,400.0,19.68943,22.621771,951.919352,0.0,0.0,1367.166,0.0,494.436997
2020-03-15 17:00:00,400.0,400.0,19.430296,26.849321,1370.978636,0.0,0.0,881.534,0.0,516.233305
2020-03-15 18:00:00,400.0,400.0,21.288154,26.868546,1655.1114,0.0,0.0,916.3,0.0,589.82829
2020-03-15 19:00:00,400.0,400.0,21.647258,76.308435,1618.569237,0.0,0.0,1108.31,0.0,626.511114
2020-03-15 20:00:00,400.0,400.0,21.647258,67.683291,1629.302682,0.0,0.0,1055.39,0.0,614.563098
2020-03-15 21:00:00,400.0,400.0,21.287879,24.617414,1666.946925,0.0,0.0,999.816,0.0,592.330361
2020-03-15 22:00:00,400.0,400.0,18.861019,23.069973,2107.968539,0.0,0.0,1163.938,0.0,550.795419
2020-03-15 23:00:00,398.0,400.0,0.0,22.576747,2300.0,0.0,0.0,1128.065538,12.954462,516.609831
2020-03-16 00:00:00,400.0,400.0,15.731586,22.732362,2083.205068,0.0,0.0,1077.252,0.0,488.25704
2020-03-16 01:00:00,398.0,400.0,0.0,22.492854,2115.0,0.0,0.0,1017.014705,44.465295,474.452206
2020-03-16 02:00:00,400.0,400.0,0.0,21.647258,2112.0,0.0,0.0,990.158561,203.625439,470.873784
2020-03-16 03:00:00,400.0,400.0,0.0,22.576747,2112.0,0.0,0.0,1008.316638,210.437362,473.597496
2020-03-16 04:00:00,400.0,400.0,0.0,22.732362,2112.0,0.0,0.0,1099.288572,79.311428,487.243286
2020-03-16 05:00:00,398.0,400.0,0.0,39.743761,2113.0,0.0,0.0,1389.607581,21.754419,530.641137
2020-03-16 06:00:00,400.0,400.0,20.234035,27.616171,1791.137515,0.0,0.0,1656.877502,3.322498,569.060998
2020-03-16 07:00:00,400.0,400.0,0.0,21.731871,1587.0,0.0,0.0,2257.109131,651.438869,588.16637
2020-03-16 08:00:00,400.0,400.0,0.0,19.68943,1584.0,0.0,0.0,2264.099144,1212.614856,589.664872
2020-03-16 09:00:00,400.0,400.0,0.0,-0.0,1551.0,0.0,0.0,2305.921816,1308.516184,592.638272
2020-03-16 10:00:00,398.0,400.0,0.0,-0.0,1553.0,0.0,0.0,2299.151251,1527.496749,591.322688
2020-03-16 11:00:00,398.0,400.0,0.0,-0.0,1552.0,0.0,0.0,2237.94475,1527.30725,582.291713
2020-03-16 12:00:00,398.0,400.0,0.0,-0.0,1550.0,0.0,0.0,2213.595503,1467.454497,578.939325
2020-03-16 13:00:00,398.0,400.0,0.0,-0.0,1559.0,0.0,0.0,2197.507566,863.710434,575.176135
2020-03-16 14:00:00,400.0,400.0,0.0,-0.0,1562.0,0.0,0.0,2104.451424,788.518576,560.767714
2020-03-16 15:00:00,400.0,400.0,0.0,-0.0,1565.0,0.0,0.0,2037.472125,639.959875,550.270819
2020-03-16 16:00:00,400.0,400.0,0.0,19.983547,1572.0,0.0,0.0,1699.748192,238.447808,549.562229
2020-03-16 17:00:00,400.0,400.0,19.983547,30.358268,1560.536858,0.0,0.0,1018.07,0.0,555.529971
2020-03-16 18:00:00,400.0,400.0,26.324557,77.274563,912.966319,0.0,0.0,446.736,0.0,631.765452
2020-03-16 19:00:00,400.0,400.0,26.429316,79.278337,873.365197,0.0,0.0,469.534,0.0,663.47532
2020-03-16 20:00:00,400.0,400.0,26.324557,27.476329,947.653824,0.0,0.0,606.762,0.0,649.516226
2020-03-16 21:00:00,400.0,400.0,76.324557,20.400003,745.716902,0.0,59.073363,925.752,0.0,616.490265
2020-03-16 22:00:00,400.0,400.0,21.843654,18.861019,1161.758954,0.0,0.0,1280.218,0.0,564.518857
2020-03-16 23:00:00,400.0,400.0,19.430296,0.407412,1475.763777,0.0,0.0,1402.23,0.0,519.219933
2020-03-17 00:00:00,400.0,400.0,19.68943,18.861019,1226.703612,0.0,0.0,1374.07,0.0,490.854958
2020-03-17 01:00:00,400.0,400.0,18.861019,0.0,1163.085027,0.0,0.0,1564.302,0.0,475.682546
2020-03-17 02:00:00,400.0,400.0,16.970947,0.0,1272.262423,0.0,0.0,1636.898,0.0,470.195337
2020-03-17 03:00:00,400.0,400.0,18.573789,4.495813,1210.057065,0.0,0.0,1593.42,0.0,473.00444
2020-03-17 04:00:00,400.0,400.0,19.68943,19.430296,1035.228125,0.0,0.0,1513.286,0.0,487.208681
2020-03-17 05:00:00,400.0,400.0,21.116411,69.98132,865.527881,0.0,0.0,1538.47,0.0,529.341318
2020-03-17 06:00:00,400.0,400.0,21.288154,19.68943,796.507365,0.0,0.0,1725.398,0.0,566.233595
2020-03-17 07:00:00,400.0,400.0,19.034775,0.0,966.903029,0.0,0.0,2360.452,0.0,582.682346
2020-03-17 08:00:00,400.0,400.0,0.0,0.0,1154.0,0.0,0.0,2542.003842,343.610158,581.850576
2020-03-17 09:00:00,400.0,400.0,0.0,0.0,1169.0,0.0,0.0,2547.189596,134.328404,580.378439
2020-03-17 10:00:00,400.0,400.0,0.0,0.0,1171.0,0.0,0.0,2528.063421,343.550579,577.209513
2020-03-17 11:00:00,400.0,400.0,0.0,0.0,1172.0,0.0,0.0,2512.131867,564.318133,574.66978
2020-03-17 12:00:00,400.0,400.0,0.0,0.0,1176.0,0.0,0.0,2485.256917,541.093083,570.038538
2020-03-17 13:00:00,400.0,400.0,0.0,24.000314,1178.0,0.0,0.0,2444.332214,443.415786,563.599832
2020-03-17 14:00:00,400.0,400.0,0.0,23.138462,1177.0,0.0,0.0,2244.224627,429.997373,559.233694
2020-03-17 15:00:00,400.0,400.0,0.0,20.419098,1352.0,0.0,0.0,2188.858863,352.669137,552.42883
2020-03-17 16:00:00,400.0,400.0,18.072542,23.881785,1303.067175,0.0,0.0,1935.604,0.0,547.280524
2020-03-17 17:00:00,398.0,400.0,0.0,26.958557,1531.0,0.0,0.0,1370.491338,33.888662,558.073701
2020-03-17 18:00:00,400.0,400.0,20.419098,65.734043,1809.728609,0.0,0.0,1358.612,0.0,625.482509
2020-03-17 19:00:00,400.0,400.0,19.68943,75.200156,1941.298097,0.0,0.0,1603.31,0.0,643.651785
2020-03-17 20:00:00,400.0,400.0,18.861019,28.254381,2118.615738,0.0,0.0,1660.612,0.0,627.449439
2020-03-17 21:00:00,400.0,400.0,18.861019,26.821156,1916.537611,0.0,0.0,1600.552,0.0,592.502158
2020-03-17 22:00:00,400.0,400.0,20.419098,22.732362,1649.402257,0.0,0.0,984.268,0.0,540.129861
2020-03-17 23:00:00,400.0,400.0,22.576747,21.843654,1180.85691,0.0,0.0,579.864,0.0,496.501064
2020-03-18 00:00:00,400.0,400.0,21.287879,21.773655,1325.789208,0.0,0.0,536.468,0.0,468.251819
2020-03-18 01:00:00,400.0,400.0,22.516066,21.116714,843.350418,0.0,0.0,652.48,0.0,451.519437
2020-03-18 02:00:00,400.0,400.0,15.731586,21.116714,1501.167539,0.0,0.0,1264.466,0.0,444.644769
2020-03-18 03:00:00,398.0,400.0,0.0,0.0,1538.0,0.0,0.0,1311.75696,447.81104,446.213544
2020-03-18 04:00:00,398.0,400.0,0.0,20.419098,1542.0,0.0,0.0,1370.925935,728.334065,454.48889
2020-03-18 05:00:00,398.0,400.0,0.0,52.827369,1542.0,0.0,0.0,1596.497309,587.392691,488.324596
2020-03-18 06:00:00,400.0,400.0,16.970947,20.42044,1112.536994,0.0,0.0,2098.55,0.0,521.551951
2020-03-18 07:00:00,400.0,400.0,0.0,0.0,1151.0,0.0,0.0,2263.201494,631.080506,540.480224
2020-03-18 08:00:00,398.0,400.0,0.0,0.0,1160.0,0.0,0.0,2352.562503,1180.807497,552.534375
2020-03-18 09:00:00,400.0,400.0,0.0,0.0,1157.0,0.0,0.0,2421.581783,1229.018217,563.337267
2020-03-18 10:00:00,400.0,400.0,0.0,0.0,1156.0,0.0,0.0,2436.919047,1229.360953,565.787857
2020-03-18 11:00:00,400.0,400.0,0.0,0.0,1156.0,0.0,0.0,2457.360487,1419.877513,568.854073
2020-03-18 12:00:00,400.0,400.0,0.0,0.0,1156.0,0.0,0.0,2449.800026,1475.931974,567.720004
2020-03-18 13:00:00,400.0,400.0,0.0,0.0,1156.0,0.0,0.0,2405.465279,1166.836721,561.069792
2020-03-18 14:00:00,398.0,400.0,0.0,0.0,1156.0,0.0,0.0,2395.176479,1284.123521,559.526472
2020-03-18 15:00:00,398.0,400.0,0.0,0.0,1158.0,0.0,0.0,2349.383627,1294.366373,552.357544
2020-03-18 16:00:00,398.0,400.0,0.0,0.0,1158.0,0.0,0.0,1980.38918,1163.00882,548.008377
2020-03-18 17:00:00,398.0,400.0,0.0,45.412113,1531.0,0.0,0.0,1460.14905,856.70095,549.322357
2020-03-18 18:00:00,398.0,400.0,0.0,76.790897,2121.0,0.0,0.0,1806.061459,316.086541,608.109219
2020-03-18 19:00:00,400.0,400.0,13.352779,76.324557,2117.449785,0.0,0.0,1996.109013,106.958987,632.948884
2020-03-18 20:00:00,398.0,400.0,0.0,32.886457,2120.0,0.0,0.0,1911.170263,77.079737,616.825539
2020-03-18 21:00:00,400.0,400.0,19.68943,22.516066,1681.069923,0.0,0.0,1618.972,0.0,585.585312
2020-03-18 22:00:00,400.0,400.0,19.034775,0.0,1693.018955,0.0,0.0,1388.648,0.0,537.844357
2020-03-18 23:00:00,400.0,400.0,21.116714,0.0,1419.267017,0.0,0.0,824.866,0.0,494.339847
2020-03-19 00:00:00,400.0,400.0,76.324557,-0.0,539.898049,0.0,73.177144,515.866,0.0,473.395193
2020-03-19 01:00:00,400.0,400.0,500.0,19.68943,0.0,195.445907,569.822586,305.798,0.0,445.686586
2020-03-19 02:00:00,400.0,400.0,500.0,20.400003,0.0,10.997449,556.842117,401.45,0.0,432.367117
2020-03-19 03:00:00,400.0,400.0,74.617414,20.400003,316.47903,0.0,259.946216,748.834,0.0,435.353246
2020-03-19 04:00:00,400.0,400.0,73.069973,19.034775,473.737645,0.0,123.240109,992.496,0.0,448.313753
2020-03-19 05:00:00,400.0,400.0,73.657594,36.659179,340.266583,0.0,283.356529,1001.514,0.0,469.687113
2020-03-19 06:00:00,400.0,400.0,500.0,23.431872,0.0,64.811517,680.341128,911.536,0.0,516.952128
2020-03-19 07:00:00,400.0,400.0,127.050889,-0.0,116.09395,0.0,618.201957,1573.9,0.0,551.910907
2020-03-19 08:00:00,400.0,400.0,71.287879,-0.0,465.82609,0.0,279.284396,2079.216,0.0,559.258486
2020-03-19 09:00:00,400.0,400.0,16.970947,-0.0,913.089391,0.0,0.0,2581.03,0.0,567.441091
2020-03-19 10:00:00,400.0,400.0,18.072542,-0.0,901.415043,0.0,0.0,2583.228,0.0,569.521944
2020-03-19 11:00:00,400.0,400.0,0.0,-0.0,979.0,0.0,0.0,2660.495432,133.464568,570.674315
2020-03-19 12:00:00,400.0,400.0,0.0,-0.0,979.0,0.0,0.0,2648.289125,255.580875,567.643369
2020-03-19 13:00:00,400.0,400.0,0.0,-0.0,970.0,0.0,0.0,2617.978309,396.451691,564.446746
2020-03-19 14:00:00,400.0,400.0,0.0,-0.0,970.0,0.0,0.0,2606.224213,290.043787,562.683632
2020-03-19 15:00:00,400.0,400.0,0.0,-0.0,963.0,0.0,0.0,2542.267966,200.500034,554.140195
2020-03-19 16:00:00,398.0,400.0,0.0,18.861019,946.0,0.0,0.0,2157.485575,151.246425,549.972836
2020-03-19 17:00:00,398.0,400.0,0.0,25.941685,1325.0,0.0,0.0,1876.878405,156.241595,554.531761
2020-03-19 18:00:00,400.0,400.0,18.861019,73.069973,1594.900975,0.0,0.0,2035.4,0.0,615.074854
2020-03-19 19:00:00,400.0,400.0,22.368155,72.928335,1161.099572,0.0,0.0,1590.016902,50.413098,637.187599
2020-03-19 20:00:00,400.0,400.0,21.99028,35.252505,1314.822864,0.0,0.0,1716.425277,12.942723,618.090362
2020-03-19 21:00:00,400.0,400.0,18.573789,19.430296,1588.807116,0.0,0.0,2025.438,0.0,583.594633
2020-03-19 22:00:00,400.0,400.0,19.983547,19.034775,1325.409624,0.0,0.0,1421.718,0.0,532.546256
2020-03-19 23:00:00,400.0,400.0,19.430296,-0.0,1451.426375,0.0,0.0,1284.67,0.0,493.086544
2020-03-20 00:00:00,400.0,400.0,19.034775,19.983547,1466.389361,0.0,0.0,1171.468,0.0,465.611796
2020-03-20 01:00:00,400.0,400.0,21.647258,21.647258,1012.691235,0.0,0.0,619.948,0.0,450.938515
2020-03-20 02:00:00,400.0,400.0,21.843654,23.128644,999.245957,0.0,0.0,553.502,0.0,442.988406
2020-03-20 03:00:00,400.0,400.0,22.492854,22.576747,967.128918,0.0,0.0,515.016,0.0,442.033062
2020-03-20 04:00:00,400.0,400.0,22.96816,22.576747,835.214986,0.0,0.0,432.928,0.0,449.506952
2020-03-20 05:00:00,400.0,400.0,23.657594,23.891536,609.779604,0.0,0.0,384.088,0.0,480.496259
2020-03-20 06:00:00,400.0,400.0,23.069973,21.647258,825.895677,0.0,0.0,733.832,0.0,507.440448
2020-03-20 07:00:00,400.0,400.0,21.287879,19.68943,1124.568677,0.0,0.0,1172.58,0.0,528.451698
2020-03-20 08:00:00,400.0,400.0,19.68943,18.861019,1408.992717,0.0,0.0,1584.732,0.0,547.610892
2020-03-20 09:00:00,400.0,400.0,20.419098,19.034775,1223.559998,0.0,0.0,1512.384,0.0,564.5736
2020-03-20 10:00:00,400.0,400.0,19.034775,19.68943,1483.141434,0.0,0.0,1819.484,0.0,571.701385
2020-03-20 11:00:00,400.0,400.0,16.970947,19.983547,1652.031095,0.0,0.0,2005.038,0.0,574.201036
2020-03-20 12:00:00,400.0,400.0,16.970947,21.287879,1647.575005,0.0,0.0,2001.632,0.0,574.358549
2020-03-20 13:00:00,400.0,400.0,18.573789,21.647258,1592.282309,0.0,0.0,1919.202,0.0,570.287954
2020-03-20 14:00:00,400.0,400.0,19.034775,21.843654,1531.957552,0.0,0.0,1808.68,0.0,562.758367
2020-03-20 15:00:00,400.0,400.0,20.419098,20.419098,1277.617047,0.0,0.0,1500.4,0.0,554.667443
2020-03-20 16:00:00,400.0,400.0,19.983547,21.288154,1337.238261,0.0,0.0,1360.37,0.0,550.219761
2020-03-20 17:00:00,400.0,400.0,19.983547,23.437807,1481.175943,0.0,0.0,998.862,0.0,553.152909
2020-03-20 18:00:00,400.0,400.0,22.732362,71.210712,1339.98467,0.0,0.0,809.482,0.0,603.824599
2020-03-20 19:00:00,400.0,400.0,23.128644,75.004411,1221.622868,0.0,0.0,744.39,0.0,617.81507
2020-03-20 20:00:00,400.0,400.0,22.732362,23.769152,1305.345741,0.0,0.0,787.188,0.0,603.276339
2020-03-20 21:00:00,400.0,400.0,23.069973,26.514044,1067.553242,0.0,0.0,721.86,0.0,575.896014
2020-03-20 22:00:00,400.0,400.0,23.069973,23.982575,901.730113,0.0,0.0,634.77,0.0,534.455983
2020-03-20 23:00:00,400.0,400.0,22.96816,21.647258,800.682698,0.0,0.0,663.67,0.0,500.698095
2020-03-21 00:00:00,400.0,400.0,22.732362,19.983547,854.667121,0.0,0.0,526.73,0.0,472.059432
2020-03-21 01:00:00,400.0,400.0,22.492854,19.983547,914.852793,0.0,0.0,469.022,0.0,454.375381
2020-03-21 02:00:00,400.0,400.0,21.116411,19.68943,1119.378927,0.0,0.0,596.048,0.0,442.750361
2020-03-21 03:00:00,400.0,400.0,21.116714,21.116714,1107.682117,0.0,0.0,568.352,0.0,440.350482
2020-03-21 04:00:00,400.0,400.0,19.68943,22.492854,1359.061232,0.0,0.0,835.31,0.0,442.687315
2020-03-21 05:00:00,400.0,400.0,15.731586,50.729173,1661.126298,0.0,0.0,1205.204,0.0,456.161655
2020-03-21 06:00:00,400.0,400.0,18.861019,20.419098,1439.677197,0.0,0.0,1344.212,0.0,461.93022
2020-03-21 07:00:00,400.0,400.0,0.0,13.607685,1150.0,0.0,0.0,1797.693589,256.704411,466.904038
2020-03-21 08:00:00,400.0,400.0,0.0,0.0,1162.0,0.0,0.0,1964.719017,790.230983,490.157853
2020-03-21 09:00:00,400.0,400.0,0.0,0.0,1170.0,0.0,0.0,2089.97532,1245.15268,507.746298
2020-03-21 10:00:00,400.0,400.0,0.0,0.0,1170.0,0.0,0.0,2156.158272,1292.643728,517.673741
2020-03-21 11:00:00,400.0,400.0,0.0,0.0,1156.0,0.0,0.0,2158.238861,1371.829139,520.085829
2020-03-21 12:00:00,400.0,400.0,0.0,0.0,1142.0,0.0,0.0,2100.766095,1096.761905,513.564914
2020-03-21 13:00:00,400.0,400.0,0.0,0.0,1154.0,0.0,0.0,2054.917131,1175.046869,504.88757
2020-03-21 14:00:00,400.0,400.0,0.0,0.0,1157.0,0.0,0.0,2001.154267,803.705732,496.37314
2020-03-21 15:00:00,400.0,400.0,0.0,0.0,1159.0,0.0,0.0,1965.959031,485.844969,490.793855
2020-03-21 16:00:00,398.0,400.0,0.0,18.861019,1163.0,0.0,0.0,1769.949513,371.580487,486.292427
2020-03-21 17:00:00,400.0,400.0,16.970947,24.788306,1323.80234,0.0,0.0,1321.818,0.0,499.202349
2020-03-21 18:00:00,400.0,400.0,22.903093,73.118998,954.70202,0.0,0.0,737.05,0.0,560.602197
2020-03-21 19:00:00,400.0,400.0,22.768635,73.147848,772.429306,0.0,0.0,638.902,0.0,579.970904
2020-03-21 20:00:00,400.0,400.0,23.437807,23.128644,834.571444,0.0,0.0,682.966,0.0,568.259183
2020-03-21 21:00:00,400.0,400.0,23.069973,22.96816,1011.570062,0.0,0.0,728.5,0.0,548.539491
2020-03-21 22:00:00,400.0,400.0,22.576747,21.647258,1141.082797,0.0,0.0,666.632,0.0,519.83238
2020-03-21 23:00:00,400.0,400.0,21.647258,20.846138,1342.294486,0.0,0.0,671.138,0.0,490.326527
2020-03-22 00:00:00,400.0,400.0,22.576747,21.647258,914.978596,0.0,0.0,517.87,0.0,469.933711
2020-03-22 01:00:00,400.0,400.0,22.576747,23.069973,950.626482,0.0,0.0,450.498,0.0,454.480728
2020-03-22 02:00:00,400.0,400.0,21.843654,23.069973,1056.040875,0.0,0.0,506.82,0.0,447.116869
2020-03-22 03:00:00,400.0,400.0,21.287879,22.96816,1166.274374,0.0,0.0,603.67,0.0,445.109344
2020-03-22 04:00:00,400.0,400.0,21.116411,23.069973,1215.848298,0.0,0.0,653.398,0.0,445.132455
2020-03-22 05:00:00,400.0,400.0,21.287879,37.961028,1172.10772,0.0,0.0,681.152,0.0,455.856642
2020-03-22 06:00:00,400.0,400.0,22.656017,20.419098,873.39038,0.0,0.0,772.381382,33.656618,461.09865
2020-03-22 07:00:00,400.0,400.0,20.234035,19.034775,987.355572,0.0,0.0,1624.486929,7.245071,465.319703
2020-03-22 08:00:00,400.0,400.0,0.0,0.0,1181.0,0.0,0.0,1955.99421,194.43579,485.999131
2020-03-22 09:00:00,400.0,400.0,0.0,0.0,1188.0,0.0,0.0,2054.716312,490.911688,499.757447
2020-03-22 10:00:00,400.0,400.0,0.0,0.0,1191.0,0.0,0.0,2083.431399,442.870601,503.61471
2020-03-22 11:00:00,400.0,400.0,0.0,0.0,1175.0,0.0,0.0,2059.817487,514.178513,502.472623
2020-03-22 12:00:00,398.0,400.0,0.0,0.0,1161.0,0.0,0.0,2031.910591,340.191409,500.386589
2020-03-22 13:00:00,400.0,400.0,0.0,0.0,1166.0,0.0,0.0,2013.077144,144.084856,496.811572
2020-03-22 14:00:00,400.0,400.0,18.463561,18.861019,1091.583021,0.0,0.0,1909.3,0.0,492.407547
2020-03-22 15:00:00,400.0,400.0,19.983547,19.430296,817.302149,0.0,0.0,1631.968,0.0,491.949878
2020-03-22 16:00:00,400.0,400.0,19.68943,20.846138,918.241023,0.0,0.0,1412.118,0.0,494.831546
2020-03-22 17:00:00,400.0,400.0,19.68943,27.309137,1246.313571,0.0,0.0,949.748,0.0,508.265164
2020-03-22 18:00:00,400.0,400.0,23.437807,71.329919,984.090139,0.0,0.0,547.98,0.0,570.583479
2020-03-22 19:00:00,400.0,400.0,24.617414,73.917269,850.115193,0.0,0.0,588.35,0.0,597.935221
2020-03-22 20:00:00,400.0,400.0,23.437807,24.848316,925.415832,0.0,0.0,627.996,0.0,591.387025
2020-03-22 21:00:00,400.0,400.0,23.206766,23.069973,999.725468,0.0,0.0,520.382,0.0,564.09848
2020-03-22 22:00:00,400.0,400.0,22.96816,21.843654,1194.929588,0.0,0.0,451.984,0.0,524.558162
2020-03-22 23:00:00,400.0,400.0,22.516066,21.116714,1342.466907,0.0,0.0,390.622,0.0,493.223264
2020-03-23 00:00:00,400.0,400.0,23.069973,21.116714,1004.129327,0.0,0.0,302.846,0.0,469.307501
2020-03-23 01:00:00,400.0,400.0,22.732362,21.647258,1085.60301,0.0,0.0,289.2,0.0,455.039549
2020-03-23 02:00:00,400.0,400.0,22.516066,22.516066,1130.771666,0.0,0.0,297.954,0.0,449.57735
2020-03-23 03:00:00,400.0,400.0,22.732362,22.732362,1119.243405,0.0,0.0,294.53,0.0,450.792989
2020-03-23 04:00:00,400.0,400.0,22.732362,23.128644,1059.854027,0.0,0.0,317.698,0.0,463.176596
2020-03-23 05:00:00,400.0,400.0,23.206766,40.66012,847.578425,0.0,0.0,350.48,0.0,499.935236
2020-03-23 06:00:00,400.0,400.0,76.324557,21.116411,402.33101,0.0,275.311638,453.122,0.0,528.868649
2020-03-23 07:00:00,400.0,400.0,72.732362,0.0,705.020153,0.0,18.518824,1243.56,0.0,548.780977
2020-03-23 08:00:00,400.0,400.0,19.034775,0.0,1317.618434,0.0,0.0,1955.184,0.0,563.634835
2020-03-23 09:00:00,400.0,400.0,0.0,0.0,1534.0,0.0,0.0,2232.423223,197.386777,572.763483
2020-03-23 10:00:00,400.0,400.0,0.0,0.0,1534.0,0.0,0.0,2252.86745,322.15255,575.830118
2020-03-23 11:00:00,400.0,400.0,0.0,0.0,1514.0,0.0,0.0,2218.351303,292.898697,573.652695
2020-03-23 12:00:00,400.0,400.0,0.0,18.463561,1498.0,0.0,0.0,2166.839565,150.290435,568.325935
2020-03-23 13:00:00,400.0,400.0,0.0,18.53224,1512.0,0.0,0.0,2159.028201,0.525799,565.05423
2020-03-23 14:00:00,398.0,400.0,0.0,19.430296,1512.0,0.0,0.0,2118.706696,43.453304,559.006004
2020-03-23 15:00:00,400.0,400.0,0.0,19.983547,1506.0,0.0,0.0,1902.837879,305.264121,553.025682
2020-03-23 16:00:00,400.0,400.0,18.861019,21.288154,1496.628091,0.0,0.0,1684.622,0.0,549.449086
2020-03-23 17:00:00,400.0,400.0,19.034775,26.242693,1471.937498,0.0,0.0,1247.75,0.0,564.121875
2020-03-23 18:00:00,400.0,400.0,22.732362,74.941555,1343.494902,0.0,0.0,981.854,0.0,629.153865
2020-03-23 19:00:00,400.0,400.0,23.206766,71.04305,1149.675956,0.0,0.0,944.2,0.0,653.178607
2020-03-23 20:00:00,400.0,400.0,22.732362,28.155784,1318.740547,0.0,0.0,1019.998,0.0,636.188618
2020-03-23 21:00:00,400.0,400.0,22.492854,23.943953,1293.339516,0.0,0.0,1110.28,0.0,600.291073
2020-03-23 22:00:00,400.0,400.0,22.516066,21.288154,1071.131797,0.0,0.0,875.082,0.0,545.09253
2020-03-23 23:00:00,400.0,400.0,21.647258,19.983547,1049.584108,0.0,0.0,915.586,0.0,501.150284
2020-03-24 00:00:00,400.0,400.0,21.287879,19.983547,1129.78304,0.0,0.0,807.27,0.0,472.873044
2020-03-24 01:00:00,400.0,400.0,21.647258,20.400003,1031.241153,0.0,0.0,609.314,0.0,457.960927
2020-03-24 02:00:00,400.0,400.0,21.647258,20.846138,1082.209594,0.0,0.0,608.232,0.0,450.153361
2020-03-24 03:00:00,400.0,400.0,21.843654,21.647258,1014.692553,0.0,0.0,549.302,0.0,451.441417
2020-03-24 04:00:00,400.0,400.0,22.96816,22.96816,843.084845,0.0,0.0,457.032,0.0,463.342073
2020-03-24 05:00:00,400.0,400.0,23.437807,73.209505,642.801741,0.0,0.0,447.18,0.0,494.306739
2020-03-24 06:00:00,400.0,400.0,76.429316,23.453435,556.126912,0.0,147.541051,618.18,0.0,530.557963
2020-03-24 07:00:00,400.0,400.0,73.069973,19.983547,493.799056,0.0,234.289186,1401.514,0.0,550.907242
2020-03-24 08:00:00,400.0,400.0,19.983547,19.034775,990.172433,0.0,0.0,1975.88,0.0,562.606135
2020-03-24 09:00:00,400.0,400.0,18.573789,0.0,1236.398995,0.0,0.0,2294.3,0.0,573.435151
2020-03-24 10:00:00,398.0,400.0,0.0,0.0,1331.0,0.0,0.0,2407.702348,34.297652,576.255352
2020-03-24 11:00:00,400.0,400.0,0.0,0.0,1349.0,0.0,0.0,2415.580936,192.901064,574.73714
2020-03-24 12:00:00,400.0,400.0,0.0,0.0,1347.0,0.0,0.0,2436.091995,203.804005,578.113799
2020-03-24 13:00:00,400.0,400.0,0.0,0.0,1331.0,0.0,0.0,2420.283898,77.036102,578.142585
2020-03-24 14:00:00,400.0,400.0,0.0,9.164013,1346.0,0.0,0.0,2405.866831,98.931169,573.730025
2020-03-24 15:00:00,400.0,400.0,0.0,19.067233,1345.0,0.0,0.0,2177.384705,230.977295,565.107706
2020-03-24 16:00:00,398.0,400.0,0.0,21.287879,1526.0,0.0,0.0,1979.554385,138.247615,561.533158
2020-03-24 17:00:00,400.0,400.0,18.072542,22.656017,1642.59698,0.0,0.0,1589.404,0.0,564.271053
2020-03-24 18:00:00,400.0,400.0,23.069973,74.617414,1091.783558,0.0,0.0,1107.032,0.0,633.637266
2020-03-24 19:00:00,400.0,400.0,24.074771,72.574308,1045.492329,0.0,0.0,1235.797771,67.604229,662.295816
2020-03-24 20:00:00,400.0,400.0,22.972766,25.771649,1235.439988,0.0,0.0,1376.255061,156.846939,648.872261
2020-03-24 21:00:00,400.0,400.0,20.42044,23.20063,1535.494676,0.0,0.0,1816.475338,139.304662,611.997099
2020-03-24 22:00:00,400.0,400.0,17.392886,20.42044,1751.651282,0.0,0.0,1719.693511,69.644489,559.056334
2020-03-24 23:00:00,400.0,400.0,17.392886,19.958349,1542.118916,0.0,0.0,1572.499446,12.754554,515.157079
2020-03-25 00:00:00,400.0,400.0,15.731586,20.234035,1408.496414,0.0,0.0,1616.128,0.0,488.494738
2020-03-25 01:00:00,398.0,400.0,0.0,-0.0,1443.0,0.0,0.0,1561.227225,41.292775,475.084084
2020-03-25 02:00:00,398.0,400.0,0.0,-0.0,1444.0,0.0,0.0,1526.090138,291.277862,469.663521
2020-03-25 03:00:00,398.0,400.0,0.0,-0.0,1444.0,0.0,0.0,1516.954862,218.145138,468.293229
2020-03-25 04:00:00,400.0,400.0,18.072542,20.419098,1339.973672,0.0,0.0,1493.968,0.0,480.449149
2020-03-25 05:00:00,400.0,400.0,20.419098,73.128644,979.954593,0.0,0.0,1313.912,0.0,519.143611
2020-03-25 06:00:00,400.0,400.0,73.657594,25.618775,623.169921,0.0,122.747991,1175.496,0.0,551.598912
2020-03-25 07:00:00,400.0,400.0,81.727779,10.148052,188.783172,0.0,559.632352,1531.66,0.0,563.681524
2020-03-25 08:00:00,400.0,400.0,19.68943,-0.0,852.529659,0.0,0.0,2214.97,0.0,566.616051
2020-03-25 09:00:00,400.0,400.0,0.0,-0.0,1135.0,0.0,0.0,2509.851356,102.150644,568.477703
2020-03-25 10:00:00,400.0,400.0,0.0,-0.0,1136.0,0.0,0.0,2523.227672,326.134328,570.334151
2020-03-25 11:00:00,400.0,400.0,0.0,-0.0,1129.0,0.0,0.0,2481.327309,634.420691,565.099096
2020-03-25 12:00:00,400.0,400.0,0.0,-0.0,1125.0,0.0,0.0,2454.75789,697.27811,561.713684
2020-03-25 13:00:00,400.0,400.0,0.0,-0.0,1126.0,0.0,0.0,2434.89417,660.80583,558.584125
2020-03-25 14:00:00,400.0,400.0,0.0,-0.0,1131.0,0.0,0.0,2413.182916,490.537084,554.577437
2020-03-25 15:00:00,400.0,400.0,0.0,-0.0,1134.0,0.0,0.0,2032.00471,636.43329,547.950706
2020-03-25 16:00:00,398.0,400.0,0.0,19.430296,1508.0,0.0,0.0,1835.406836,134.677164,543.361025
2020-03-25 17:00:00,400.0,400.0,19.68943,46.267207,1382.417171,0.0,0.0,1280.53,0.0,543.316924
2020-03-25 18:00:00,400.0,400.0,23.657594,80.277405,964.390693,0.0,0.0,808.688,0.0,599.444596
2020-03-25 19:00:00,400.0,400.0,26.324557,77.073076,904.31879,0.0,0.0,851.484,0.0,623.574782
2020-03-25 20:00:00,400.0,400.0,22.96816,19.68943,1156.630755,0.0,0.0,1361.9,0.0,611.140387
2020-03-25 21:00:00,400.0,400.0,22.492854,18.861019,1132.624474,0.0,0.0,1461.498,0.0,576.431029
2020-03-25 22:00:00,400.0,400.0,19.68943,-0.0,1417.868783,0.0,0.0,1436.318,0.0,529.867383
2020-03-25 23:00:00,400.0,400.0,19.034775,-0.0,1125.890592,0.0,0.0,1574.664,0.0,487.916011
2020-03-26 00:00:00,400.0,400.0,21.116714,-0.0,645.119745,0.0,0.0,1326.898,0.0,461.366738
2020-03-26 01:00:00,400.0,400.0,77.050889,-0.0,155.343655,0.0,442.965197,1112.516,0.0,449.425852
2020-03-26 02:00:00,400.0,400.0,74.617414,-0.0,155.215696,0.0,437.14295,1079.32,0.0,444.465646
2020-03-26 03:00:00,400.0,400.0,500.0,-0.0,0.0,173.989797,581.96827,747.952,0.0,444.14127
2020-03-26 04:00:00,400.0,400.0,500.0,-0.0,0.0,164.034412,596.763562,834.536,0.0,455.635562
2020-03-26 05:00:00,400.0,400.0,500.0,-0.0,0.0,546.896938,602.365941,613.916,0.0,484.471941
2020-03-26 06:00:00,400.0,400.0,500.0,-0.0,0.0,590.785672,663.534051,724.968,0.0,514.613051
2020-03-26 07:00:00,400.0,400.0,152.274563,-0.0,39.806207,0.0,662.124162,1457.762,0.0,529.943369
2020-03-26 08:00:00,400.0,400.0,70.419098,-0.0,578.763945,0.0,140.635163,2077.098,0.0,542.000108
2020-03-26 09:00:00,400.0,400.0,0.0,-0.0,983.0,0.0,0.0,2542.904717,132.825283,551.235708
2020-03-26 10:00:00,400.0,400.0,0.0,-0.0,981.0,0.0,0.0,2602.90653,331.76147,560.535979
2020-03-26 11:00:00,400.0,400.0,0.0,-0.0,976.0,0.0,0.0,2651.261119,433.354881,568.539168
2020-03-26 12:00:00,400.0,400.0,0.0,-0.0,966.0,0.0,0.0,2648.615875,674.806125,569.642381
2020-03-26 13:00:00,400.0,400.0,0.0,-0.0,966.0,0.0,0.0,2665.657097,595.656903,572.198565
2020-03-26 14:00:00,400.0,400.0,0.0,-0.0,968.0,0.0,0.0,2670.33297,381.98703,572.599945
2020-03-26 15:00:00,400.0,400.0,0.0,-0.0,959.0,0.0,0.0,2464.163755,700.754245,568.524563
2020-03-26 16:00:00,398.0,400.0,0.0,19.034775,1147.0,0.0,0.0,2254.989714,344.762286,562.198457
2020-03-26 17:00:00,400.0,400.0,0.0,70.340367,1328.0,0.0,0.0,2032.065751,22.394249,553.959863
2020-03-26 18:00:00,400.0,400.0,23.206766,73.128644,761.471541,0.0,0.0,1472.67,0.0,601.529769
2020-03-26 19:00:00,400.0,400.0,73.657594,56.625305,653.655419,0.0,162.093868,1647.264,0.0,622.291287
2020-03-26 20:00:00,400.0,400.0,76.546344,19.68943,675.087723,0.0,121.42931,1891.841277,53.926723,606.263033
2020-03-26 21:00:00,400.0,396.0,21.122752,7.90261,993.825062,0.0,0.0,1960.616194,79.785806,568.76867
2020-03-26 22:00:00,0.0,0.0,22.516066,-0.0,722.486024,0.0,0.0,1752.136,0.0,518.197496
2020-03-26 23:00:00,0.0,0.0,20.846138,-0.0,734.984778,0.0,0.0,1851.47,0.0,477.972783
2020-03-27 00:00:00,0.0,0.0,75.557295,19.034775,402.381345,0.0,203.751809,1704.789042,43.532958,452.611155
2020-03-27 01:00:00,0.0,0.0,90.382001,20.234035,150.912,0.0,439.560789,1366.317262,272.634738,439.560789
2020-03-27 02:00:00,0.0,0.0,75.545362,0.0,467.628899,0.0,112.601066,1626.108668,343.205332,431.021965
2020-03-27 03:00:00,0.0,0.0,74.762577,0.0,577.564699,0.0,0.0,1721.256024,294.743976,428.803699
2020-03-27 04:00:00,0.0,0.0,75.405189,0.0,484.74813,0.0,104.339979,1692.462196,243.235804,438.40711
2020-03-27 05:00:00,0.0,0.0,18.52187,0.0,911.888708,0.0,0.0,2261.835844,101.060156,459.74207
2020-03-27 06:00:00,0.0,0.0,18.861019,0.0,825.324714,0.0,0.0,2353.348,0.0,486.453493
2020-03-27 07:00:00,0.0,0.0,0.0,0.0,930.0,0.0,0.0,2593.0458,203.4542,506.70687
2020-03-27 08:00:00,0.0,0.0,0.0,0.0,951.0,0.0,0.0,2754.187411,740.512589,527.728112
2020-03-27 09:00:00,0.0,0.0,0.0,0.0,959.0,0.0,0.0,2884.250523,1023.351477,546.037578
2020-03-27 10:00:00,0.0,0.0,0.0,0.0,957.0,0.0,0.0,2976.72709,1017.53491,560.209064
2020-03-27 11:00:00,0.0,0.0,0.0,0.0,957.0,0.0,0.0,3001.923199,1141.306801,568.48848
2020-03-27 12:00:00,0.0,0.0,0.0,0.0,1002.0,0.0,0.0,3052.134356,1071.765644,576.170153
2020-03-27 13:00:00,0.0,0.0,0.0,0.0,1000.0,0.0,0.0,3070.905165,872.480835,579.285775
2020-03-27 14:00:00,0.0,0.0,0.0,0.0,1001.0,0.0,0.0,3079.487015,401.712985,580.423052
2020-03-27 15:00:00,0.0,0.0,0.0,20.008096,1004.0,0.0,0.0,2863.562351,168.857649,573.084353
2020-03-27 16:00:00,0.0,0.0,18.573789,18.861019,1100.700993,0.0,0.0,2546.336,0.0,564.245251
2020-03-27 17:00:00,0.0,0.0,19.68943,26.080042,1037.924915,0.0,0.0,1404.228,0.0,553.095463
2020-03-27 18:00:00,0.0,0.0,24.617414,72.268576,1048.014216,0.0,0.0,748.404,0.0,595.708468
2020-03-27 19:00:00,0.0,0.0,26.429316,76.790897,945.236267,0.0,0.0,684.062,0.0,603.87386
2020-03-27 20:00:00,0.0,0.0,26.429316,24.08455,919.223922,0.0,0.0,575.88,0.0,589.148412
2020-03-27 21:00:00,0.0,0.0,26.324557,22.709794,974.011696,0.0,0.0,425.932,0.0,558.438046
2020-03-27 22:00:00,0.0,0.0,23.206766,21.905537,1243.744998,0.0,0.0,412.302,0.0,515.93355
2020-03-27 23:00:00,0.0,0.0,23.128644,20.846138,1101.934901,0.0,0.0,375.22,0.0,478.392765
2020-03-28 00:00:00,0.0,0.0,23.437807,23.128644,799.235299,0.0,0.0,321.016,0.0,454.167105
2020-03-28 01:00:00,0.0,0.0,24.617414,22.576747,597.195641,0.0,0.0,362.4,0.0,437.430654
2020-03-28 02:00:00,0.0,0.0,23.437807,22.492854,659.414582,0.0,0.0,364.654,0.0,428.435913
2020-03-28 03:00:00,0.0,0.0,23.437807,23.128644,692.271054,0.0,0.0,377.378,0.0,425.416042
2020-03-28 04:00:00,0.0,0.0,23.437807,23.437807,695.711522,0.0,0.0,404.4,0.0,428.953272
2020-03-28 05:00:00,0.0,0.0,23.437807,29.019765,717.395911,0.0,0.0,465.746,0.0,434.902513
2020-03-28 06:00:00,0.0,0.0,23.206766,20.419098,731.514324,0.0,0.0,533.28,0.0,442.914851
2020-03-28 07:00:00,0.0,0.0,20.400003,-0.0,1339.902809,0.0,0.0,1183.77,0.0,449.230079
2020-03-28 08:00:00,0.0,0.0,18.861019,-0.0,1598.915508,0.0,0.0,1600.484,0.0,472.885274
2020-03-28 09:00:00,0.0,0.0,0.0,-0.0,1745.0,0.0,0.0,1881.074701,220.685299,493.061205
2020-03-28 10:00:00,0.0,0.0,0.0,-0.0,1744.0,0.0,0.0,1974.828022,350.739978,507.274203
2020-03-28 11:00:00,0.0,0.0,0.0,19.68943,1743.0,0.0,0.0,1997.004702,413.065298,510.750705
2020-03-28 12:00:00,0.0,0.0,0.0,19.983547,1727.0,0.0,0.0,1984.425322,348.456678,511.263798
2020-03-28 13:00:00,0.0,0.0,0.0,19.983547,1742.0,0.0,0.0,1982.588989,295.729011,508.738348
2020-03-28 14:00:00,0.0,0.0,0.0,19.68943,1742.0,0.0,0.0,1957.71548,147.61652,505.007322
2020-03-28 15:00:00,0.0,0.0,18.861019,19.983547,1594.979459,0.0,0.0,1792.588,0.0,502.291281
2020-03-28 16:00:00,0.0,0.0,21.116411,22.492854,1207.498581,0.0,0.0,1240.02,0.0,503.028213
2020-03-28 17:00:00,0.0,0.0,22.96816,30.274925,1054.847515,0.0,0.0,907.954,0.0,507.165973
2020-03-28 18:00:00,0.0,0.0,76.790897,74.617414,517.982062,0.0,58.338529,592.986,0.0,558.600591
2020-03-28 19:00:00,0.0,0.0,77.755129,60.86921,355.381935,0.0,373.456475,621.278,0.0,574.03441
2020-03-28 20:00:00,0.0,0.0,77.274563,24.828854,453.855536,0.0,266.829334,652.228,0.0,563.90587
2020-03-28 21:00:00,0.0,0.0,76.991549,25.955351,231.252317,0.0,468.782635,907.772,0.0,535.862952
2020-03-28 22:00:00,0.0,0.0,77.755129,20.400003,253.234907,0.0,415.010207,1135.62,0.0,505.202114
2020-03-28 23:00:00,0.0,0.0,72.516066,21.613121,539.654592,0.0,93.98352,1600.302,0.0,474.697111
2020-03-29 00:00:00,0.0,0.0,70.846138,0.0,486.716649,0.0,113.862853,1834.28,0.0,447.984503
2020-03-29 01:00:00,0.0,0.0,70.419098,0.0,563.43463,0.0,22.107976,1827.452,0.0,435.452606
2020-03-29 02:00:00,0.0,0.0,71.116714,0.0,481.49902,0.0,91.060327,1678.948,0.0,425.467347
2020-03-29 03:00:00,0.0,0.0,70.419098,0.0,514.510914,0.0,53.603949,1687.25,0.0,421.760863
2020-03-29 04:00:00,0.0,0.0,18.861019,0.0,808.127783,0.0,0.0,1994.818,0.0,423.853533
2020-03-29 05:00:00,0.0,0.0,0.0,0.0,921.0,0.0,0.0,2116.056421,10.595579,425.108463
2020-03-29 06:00:00,0.0,0.0,0.0,0.0,916.0,0.0,0.0,2121.758112,131.911888,426.713717
2020-03-29 07:00:00,0.0,0.0,0.0,0.0,907.0,0.0,0.0,2135.731873,870.682127,430.159781
2020-03-29 08:00:00,0.0,0.0,0.0,0.0,901.0,0.0,0.0,2243.056675,1157.461325,447.158501
2020-03-29 09:00:00,0.0,0.0,0.0,0.0,901.0,0.0,0.0,2349.678539,1488.943461,463.151781
2020-03-29 10:00:00,0.0,0.0,0.0,0.0,914.0,0.0,0.0,2452.596266,1319.403734,476.63944
2020-03-29 11:00:00,0.0,0.0,0.0,0.0,914.0,0.0,0.0,2508.55191,1585.48209,485.032786
2020-03-29 12:00:00,0.0,0.0,0.0,0.0,913.0,0.0,0.0,2541.090408,1373.059592,490.063561
2020-03-29 13:00:00,0.0,0.0,0.0,0.0,911.0,0.0,0.0,2535.480692,1259.717308,489.522104
2020-03-29 14:00:00,0.0,0.0,0.0,0.0,900.0,0.0,0.0,2514.94337,939.85463,488.091506
2020-03-29 15:00:00,0.0,0.0,0.0,0.0,896.0,0.0,0.0,2509.558979,405.411021,487.883847
2020-03-29 16:00:00,0.0,0.0,0.0,0.0,897.0,0.0,0.0,2201.661838,81.908162,492.549276
2020-03-29 17:00:00,396.0,396.0,0.0,44.261318,1268.0,0.0,0.0,1303.418229,434.265771,494.312734
2020-03-29 18:00:00,400.0,400.0,14.544199,64.90575,1839.843612,0.0,0.0,1626.712369,12.727631,546.430314
2020-03-29 19:00:00,400.0,400.0,20.42044,74.692041,1666.649709,0.0,0.0,1553.50754,3.64046,571.778675
2020-03-29 20:00:00,398.0,400.0,0.0,23.206766,1884.0,0.0,0.0,1752.430611,88.089389,562.414592
2020-03-29 21:00:00,398.0,400.0,-0.0,23.206766,1887.0,0.0,0.0,1595.704175,946.211825,536.655626
2020-03-29 22:00:00,400.0,400.0,-0.0,23.069973,1882.0,0.0,0.0,1325.57921,970.82079,496.886882
2020-03-29 23:00:00,400.0,400.0,-0.0,22.516066,1883.0,0.0,0.0,1114.80455,1135.04545,465.120683
2020-03-30 00:00:00,398.0,400.0,0.0,20.419098,1446.0,0.0,0.0,1346.931139,485.506861,442.489671
2020-03-30 01:00:00,398.0,400.0,0.0,19.034775,1261.0,0.0,0.0,1428.543326,396.546674,429.231499
2020-03-30 02:00:00,400.0,400.0,0.0,18.573789,1258.0,0.0,0.0,1392.196239,254.299761,424.229436
2020-03-30 03:00:00,400.0,400.0,0.0,0.0,1258.0,0.0,0.0,1382.777801,207.776199,422.81667
2020-03-30 04:00:00,400.0,400.0,0.0,0.0,1257.0,0.0,0.0,1430.797839,68.262161,430.169676
2020-03-30 05:00:00,400.0,400.0,20.419098,2.309552,883.155805,0.0,0.0,1201.304,0.0,451.822229
2020-03-30 06:00:00,400.0,400.0,74.617414,0.0,353.324505,0.0,278.35532,857.55,0.0,479.733824
2020-03-30 07:00:00,400.0,400.0,73.069973,0.0,567.934237,0.0,89.179627,1230.12,0.0,503.427864
2020-03-30 08:00:00,400.0,400.0,21.843654,19.68943,742.30428,0.0,0.0,1571.004,0.0,528.404958
2020-03-30 09:00:00,400.0,400.0,19.034775,24.448134,1044.818154,0.0,0.0,1861.368,0.0,552.082477
2020-03-30 10:00:00,398.0,400.0,0.0,31.854094,1428.0,0.0,0.0,2139.907554,57.540446,564.136133
2020-03-30 11:00:00,400.0,400.0,0.0,21.843654,1460.0,0.0,0.0,2220.890599,458.729401,571.48359
2020-03-30 12:00:00,400.0,400.0,0.0,20.419098,1459.0,0.0,0.0,2254.683094,549.480906,576.702464
2020-03-30 13:00:00,400.0,400.0,0.0,19.68943,1453.0,0.0,0.0,2257.329179,550.272821,577.999377
2020-03-30 14:00:00,400.0,400.0,0.0,19.68943,1439.0,0.0,0.0,1895.993822,771.704178,576.899073
2020-03-30 15:00:00,398.0,400.0,0.0,0.0,1807.0,0.0,0.0,1839.148945,285.469055,568.672342
2020-03-30 16:00:00,400.0,400.0,16.970947,19.68943,1741.854839,0.0,0.0,1594.746,0.0,567.283674
2020-03-30 17:00:00,400.0,400.0,22.492854,37.027884,1403.262699,0.0,0.0,1031.682,0.0,565.412895
2020-03-30 18:00:00,400.0,400.0,24.617414,77.755129,986.921496,0.0,0.0,858.15,0.0,617.134276
2020-03-30 19:00:00,400.0,400.0,26.404825,77.151107,841.798184,0.0,0.0,849.562,0.0,636.564572
2020-03-30 20:00:00,400.0,400.0,26.324557,21.843654,857.258274,0.0,0.0,828.668,0.0,622.861459
2020-03-30 21:00:00,400.0,400.0,500.921833,19.68943,0.0,93.960699,739.080605,833.03,0.0,576.733605
2020-03-30 22:00:00,400.0,400.0,500.0,11.774995,0.0,401.36719,675.385078,724.58,0.0,525.322078
2020-03-30 23:00:00,400.0,400.0,500.0,7.914435,0.0,313.410791,626.945119,745.49,0.0,483.285119
2020-03-31 00:00:00,400.0,400.0,500.0,0.0,0.0,152.18031,587.415446,692.696,0.0,451.181446
2020-03-31 01:00:00,400.0,400.0,124.617414,0.0,131.446781,0.0,448.277402,883.568,0.0,437.268183
2020-03-31 02:00:00,400.0,400.0,500.0,0.0,0.0,28.801596,562.644539,684.002,0.0,431.370539
2020-03-31 03:00:00,400.0,400.0,133.035526,0.0,53.583867,0.0,507.202153,744.964,0.0,428.15702
2020-03-31 04:00:00,400.0,400.0,74.617414,44.636565,238.827505,0.0,227.84927,627.086,0.0,433.688774
2020-03-31 05:00:00,400.0,400.0,73.128644,0.0,530.78255,0.0,58.217568,642.33,0.0,458.332117
2020-03-31 06:00:00,400.0,400.0,74.617414,24.96279,401.602663,0.0,225.642237,714.522,0.0,488.537901
2020-03-31 07:00:00,400.0,400.0,21.843654,22.775625,774.349518,0.0,0.0,1214.836,0.0,516.972972
2020-03-31 08:00:00,400.0,400.0,22.492854,38.317619,824.504113,0.0,0.0,1317.898,0.0,538.859083
2020-03-31 09:00:00,400.0,400.0,22.492854,0.0,804.628134,0.0,0.0,1536.702,0.0,574.66108
2020-03-31 10:00:00,400.0,400.0,20.419098,19.68739,1030.544641,0.0,0.0,1799.67,0.0,580.218804
2020-03-31 11:00:00,400.0,400.0,19.983547,24.313796,1121.907115,0.0,0.0,1880.16,0.0,578.587933
2020-03-31 12:00:00,400.0,400.0,17.642533,21.750223,1075.862346,0.0,0.0,1857.718,0.0,582.128348
2020-03-31 13:00:00,400.0,400.0,15.870797,27.212977,1002.221498,0.0,0.0,1593.098,0.0,578.981475
2020-03-31 14:00:00,400.0,400.0,19.034775,25.276637,1428.291142,0.0,0.0,1709.75,0.0,585.818829
2020-03-31 15:00:00,400.0,400.0,0.0,23.118289,1852.0,0.0,0.0,1941.711022,145.838978,584.806653
2020-03-31 16:00:00,398.0,400.0,0.0,22.96816,1861.0,0.0,0.0,1671.285364,125.714636,593.892805
2020-03-31 17:00:00,398.0,400.0,0.0,64.238291,2235.0,0.0,0.0,1766.958472,16.589528,607.643771
2020-03-31 18:00:00,400.0,400.0,20.846138,76.429316,1675.042062,0.0,0.0,1428.32,0.0,649.241691
2020-03-31 19:00:00,400.0,400.0,22.573605,26.340248,1387.542321,0.0,0.0,1226.398,0.0,653.678352
2020-03-31 20:00:00,400.0,400.0,23.128644,25.126899,1045.276087,0.0,0.0,1151.58,0.0,632.295587
2020-03-31 21:00:00,400.0,400.0,22.492854,25.756915,1283.171567,0.0,0.0,1103.632,0.0,589.419065
2020-03-31 22:00:00,400.0,400.0,22.732362,25.424015,1007.498883,0.0,0.0,830.26,0.0,536.514168
2020-03-31 23:00:00,400.0,400.0,23.069973,23.069973,803.289245,0.0,0.0,662.052,0.0,488.664413
2020-04-01 00:00:00,400.0,400.0,22.96816,23.206766,849.391612,0.0,0.0,542.434,0.0,463.806358
2020-04-01 01:00:00,400.0,400.0,23.069973,23.069973,771.364117,0.0,0.0,410.85,0.0,455.772882
2020-04-01 02:00:00,400.0,400.0,23.069973,23.069973,778.111155,0.0,0.0,383.398,0.0,450.643027
2020-04-01 03:00:00,400.0,400.0,23.069973,23.206766,784.648371,0.0,0.0,382.602,0.0,449.543044
2020-04-01 04:00:00,400.0,400.0,23.128644,23.128644,718.117611,0.0,0.0,367.336,0.0,457.232758
2020-04-01 05:00:00,400.0,400.0,23.206766,73.437807,647.86875,0.0,0.0,368.55,0.0,473.952187
2020-04-01 06:00:00,400.0,400.0,73.657594,19.68943,540.123916,0.0,139.703497,479.04,0.0,500.687413
2020-04-01 07:00:00,400.0,400.0,19.983547,0.0,1322.704835,0.0,0.0,1420.332,0.0,524.494075
2020-04-01 08:00:00,398.0,400.0,0.0,0.0,1663.0,0.0,0.0,1953.22094,47.84906,553.383141
2020-04-01 09:00:00,400.0,400.0,0.0,0.0,1673.0,0.0,0.0,2095.074598,353.225402,573.16119
2020-04-01 10:00:00,400.0,400.0,0.0,20.400003,1672.0,0.0,0.0,2196.099283,544.612717,588.464892
2020-04-01 11:00:00,400.0,400.0,0.0,19.983547,1668.0,0.0,0.0,2234.822546,822.163454,594.873382
2020-04-01 12:00:00,400.0,400.0,0.0,19.983547,1661.0,0.0,0.0,2231.238386,848.641614,595.385758
2020-04-01 13:00:00,400.0,400.0,0.0,19.68943,1651.0,0.0,0.0,2209.763015,827.718985,593.664452
2020-04-01 14:00:00,400.0,400.0,0.0,20.400003,1650.0,0.0,0.0,2174.345604,780.074396,588.501841
2020-04-01 15:00:00,400.0,400.0,0.0,20.419098,1650.0,0.0,0.0,2088.918476,647.329524,575.687771
2020-04-01 16:00:00,398.0,400.0,0.0,22.732362,1637.0,0.0,0.0,2055.611545,178.760455,572.641732
2020-04-01 17:00:00,400.0,400.0,19.983547,20.846138,1272.463156,0.0,0.0,1630.92,0.0,563.618527
2020-04-01 18:00:00,400.0,400.0,23.069973,71.684577,764.94528,0.0,0.0,1433.26,0.0,624.197208
2020-04-01 19:00:00,400.0,400.0,73.128644,50.733158,774.876468,0.0,77.959962,1669.966,0.0,652.36343
2020-04-01 20:00:00,400.0,400.0,22.732362,26.673745,933.526803,0.0,0.0,1765.584,0.0,642.90858
2020-04-01 21:00:00,400.0,400.0,74.32972,20.117057,529.807753,0.0,253.300516,1758.636213,55.683787,595.924269
2020-04-01 22:00:00,400.0,400.0,75.433611,0.0,510.341995,0.0,198.303903,1691.587983,182.782017,535.536898
2020-04-01 23:00:00,400.0,400.0,20.526636,32.463699,877.486728,0.0,0.0,1753.328681,267.883319,489.726293
2020-04-02 00:00:00,400.0,400.0,20.234035,22.226914,1000.758462,0.0,0.0,1711.993428,256.926572,465.035245
2020-04-02 01:00:00,398.0,400.0,0.0,18.861019,1041.0,0.0,0.0,1841.494845,77.441155,455.174227
2020-04-02 02:00:00,398.0,400.0,0.0,0.0,1041.0,0.0,0.0,1804.319669,176.318331,449.59795
2020-04-02 03:00:00,398.0,400.0,0.0,0.0,1042.0,0.0,0.0,1807.079467,294.290533,449.86192
2020-04-02 04:00:00,400.0,400.0,0.0,0.0,1040.0,0.0,0.0,1862.795571,237.740429,458.519336
2020-04-02 05:00:00,400.0,400.0,0.0,0.0,1041.0,0.0,0.0,1974.398594,203.833406,475.109789
2020-04-02 06:00:00,398.0,400.0,0.0,0.0,1027.0,0.0,0.0,2149.991223,134.610777,503.548683
2020-04-02 07:00:00,398.0,400.0,0.0,0.0,1005.0,0.0,0.0,2272.754794,311.783206,525.263219
2020-04-02 08:00:00,400.0,400.0,0.0,0.0,999.0,0.0,0.0,2422.266946,521.793054,548.590042
2020-04-02 09:00:00,398.0,400.0,0.0,0.0,1005.0,0.0,0.0,2549.223558,1076.006442,566.733534
2020-04-02 10:00:00,398.0,400.0,0.0,0.0,1019.0,0.0,0.0,2673.785475,1271.434525,583.317821
2020-04-02 11:00:00,398.0,400.0,0.0,0.0,1032.0,0.0,0.0,2729.520739,1447.263261,589.728111
2020-04-02 12:00:00,398.0,400.0,0.0,0.0,1030.0,0.0,0.0,2753.672078,982.725922,593.650812
2020-04-02 13:00:00,398.0,400.0,0.0,18.573789,1033.0,0.0,0.0,2738.570561,478.115439,590.935584
2020-04-02 14:00:00,400.0,400.0,0.0,18.861019,1041.0,0.0,0.0,2700.896494,192.071506,584.084474
2020-04-02 15:00:00,398.0,400.0,0.0,19.034775,1053.0,0.0,0.0,2479.058907,9.457093,574.508836
2020-04-02 16:00:00,398.0,400.0,0.0,20.419098,1243.0,0.0,0.0,1873.02166,28.54834,568.653249
2020-04-02 17:00:00,400.0,400.0,19.034775,26.088662,1629.485883,0.0,0.0,1224.786,0.0,561.645018
2020-04-02 18:00:00,400.0,400.0,23.437807,76.429316,1034.742262,0.0,0.0,645.19,0.0,619.417161
2020-04-02 19:00:00,400.0,400.0,24.617414,76.429316,932.3408,0.0,0.0,695.318,0.0,644.69658
2020-04-02 20:00:00,400.0,400.0,23.437807,26.725862,1079.9716,0.0,0.0,776.398,0.0,632.31396
2020-04-02 21:00:00,400.0,400.0,22.576747,19.034775,1401.94633,0.0,0.0,816.85,0.0,590.08555
2020-04-02 22:00:00,400.0,400.0,20.419098,18.861019,1711.590514,0.0,0.0,718.348,0.0,528.863623
2020-04-02 23:00:00,400.0,400.0,21.647258,19.034775,1462.332249,0.0,0.0,529.65,0.0,484.697663
2020-04-03 00:00:00,400.0,400.0,23.069973,22.732362,789.068949,0.0,0.0,469.454,0.0,461.907758
2020-04-03 01:00:00,400.0,400.0,73.128644,27.073686,536.841818,0.0,37.296109,499.168,0.0,450.948927
2020-04-03 02:00:00,400.0,400.0,22.732362,19.68943,707.475226,0.0,0.0,616.838,0.0,443.004416
2020-04-03 03:00:00,400.0,400.0,22.96816,0.0,657.357443,0.0,0.0,599.882,0.0,447.978684
2020-04-03 04:00:00,400.0,400.0,73.128644,18.861019,532.914545,0.0,46.601173,519.566,0.0,454.597718
2020-04-03 05:00:00,400.0,400.0,73.437807,20.846138,456.274477,0.0,140.957451,541.334,0.0,469.358928
2020-04-03 06:00:00,400.0,400.0,74.617414,20.234035,363.840906,0.0,289.602158,600.068,0.0,492.034064
2020-04-03 07:00:00,400.0,400.0,22.516066,0.0,764.572764,0.0,0.0,1140.95,0.0,513.056585
2020-04-03 08:00:00,400.0,400.0,73.069973,0.0,609.672723,0.0,84.432169,1182.912,0.0,542.585892
2020-04-03 09:00:00,400.0,400.0,74.617414,0.0,400.062174,0.0,321.3318,1136.022,0.0,566.993974
2020-04-03 10:00:00,400.0,400.0,74.617414,0.0,360.260507,0.0,378.548917,1198.53,0.0,582.340424
2020-04-03 11:00:00,400.0,400.0,73.128644,24.380564,535.568127,0.0,221.310754,1402.014,0.0,586.566881
2020-04-03 12:00:00,400.0,400.0,21.647258,24.432836,863.42574,0.0,0.0,1732.302,0.0,586.931439
2020-04-03 13:00:00,400.0,400.0,20.419098,22.827874,1028.7797,0.0,0.0,1859.482,0.0,581.205345
2020-04-03 14:00:00,400.0,400.0,20.419098,22.052191,1050.630342,0.0,0.0,1855.67,0.0,577.355949
2020-04-03 15:00:00,400.0,400.0,18.861019,22.732362,1323.278557,0.0,0.0,1728.632,0.0,568.403016
2020-04-03 16:00:00,400.0,400.0,20.400003,24.589729,1372.108906,0.0,0.0,1379.038,0.0,564.139364
2020-04-03 17:00:00,400.0,400.0,20.846138,25.140259,1276.022879,0.0,0.0,966.238,0.0,567.632268
2020-04-03 18:00:00,400.0,400.0,22.513555,76.429316,1036.37719,0.0,0.0,657.578,0.0,617.580122
2020-04-03 19:00:00,400.0,400.0,24.617414,68.119943,936.040153,0.0,0.0,686.684,0.0,632.196577
2020-04-03 20:00:00,400.0,400.0,23.206766,26.382376,1119.02982,0.0,0.0,757.962,0.0,615.439827
2020-04-03 21:00:00,400.0,400.0,23.128644,22.96816,1040.210842,0.0,0.0,789.904,0.0,578.803974
2020-04-03 22:00:00,400.0,400.0,22.516066,22.492854,1231.933321,0.0,0.0,664.752,0.0,531.272802
2020-04-03 23:00:00,400.0,400.0,22.96816,22.732362,917.617281,0.0,0.0,781.068,0.0,489.367608
2020-04-04 00:00:00,400.0,400.0,21.647258,19.68943,893.969372,0.0,0.0,957.898,0.0,466.189294
2020-04-04 01:00:00,400.0,400.0,21.843654,19.68943,616.068732,0.0,0.0,967.038,0.0,455.99539
2020-04-04 02:00:00,400.0,400.0,21.647258,20.400003,699.402085,0.0,0.0,997.7,0.0,448.094687
2020-04-04 03:00:00,400.0,400.0,21.647258,21.287879,652.77035,0.0,0.0,933.268,0.0,445.424647
2020-04-04 04:00:00,400.0,400.0,21.843654,35.819006,621.599947,0.0,0.0,890.37,0.0,448.465508
2020-04-04 05:00:00,400.0,400.0,72.492854,24.566059,585.662824,0.0,5.663552,892.912,0.0,449.437376
2020-04-04 06:00:00,400.0,400.0,21.287879,19.034775,713.830766,0.0,0.0,1098.684,0.0,461.077985
2020-04-04 07:00:00,400.0,400.0,18.861019,0.0,1139.088155,0.0,0.0,1535.57,0.0,462.822277
2020-04-04 08:00:00,398.0,400.0,0.0,19.034775,1260.0,0.0,0.0,1811.317342,21.810658,486.047601
2020-04-04 09:00:00,398.0,400.0,0.0,43.287156,1261.0,0.0,0.0,1932.749249,117.868751,504.112387
2020-04-04 10:00:00,398.0,400.0,0.0,0.0,1263.0,0.0,0.0,2021.71583,273.53617,517.157374
2020-04-04 11:00:00,400.0,400.0,0.0,0.0,1264.0,0.0,0.0,2051.714221,547.607779,521.507133
2020-04-04 12:00:00,400.0,400.0,0.0,0.0,1282.0,0.0,0.0,2026.781309,624.918691,515.067196
2020-04-04 13:00:00,400.0,400.0,0.0,0.0,1276.0,0.0,0.0,1957.022163,978.299837,505.503324
2020-04-04 14:00:00,398.0,400.0,0.0,0.0,1270.0,0.0,0.0,1901.468036,1212.631964,498.070205
2020-04-04 15:00:00,400.0,400.0,0.0,0.0,1283.0,0.0,0.0,1872.13679,1062.39521,491.720518
2020-04-04 16:00:00,398.0,400.0,0.0,0.0,1290.0,0.0,0.0,1888.592392,495.477608,493.138859
2020-04-04 17:00:00,398.0,400.0,0.0,19.034775,1288.0,0.0,0.0,1693.946009,119.353991,489.741901
2020-04-04 18:00:00,400.0,400.0,23.069973,31.690691,693.400987,0.0,0.0,1142.762,0.0,549.504152
2020-04-04 19:00:00,400.0,400.0,73.657594,73.128644,615.982327,0.0,41.915124,1004.852,0.0,576.580451
2020-04-04 20:00:00,400.0,400.0,76.429316,67.927195,386.178649,0.0,348.387554,812.54,0.0,573.804203
2020-04-04 21:00:00,400.0,400.0,76.324557,23.475974,423.559042,0.0,265.267402,623.602,0.0,539.856444
2020-04-04 22:00:00,400.0,400.0,76.324557,19.68943,253.841592,0.0,387.124169,641.2,0.0,503.303761
2020-04-04 23:00:00,400.0,400.0,73.437807,19.430296,488.398114,0.0,119.019669,694.93,0.0,476.179783
2020-04-05 00:00:00,400.0,400.0,73.128644,19.430296,525.789553,0.0,58.181314,613.182,0.0,458.308867
2020-04-05 01:00:00,400.0,400.0,74.617414,21.484665,284.991086,0.0,264.567851,647.984,0.0,448.798937
2020-04-05 02:00:00,400.0,400.0,73.437807,21.287879,333.47727,0.0,233.128139,679.4,0.0,443.838409
2020-04-05 03:00:00,400.0,400.0,73.657594,21.287879,289.87108,0.0,273.256758,633.15,0.0,443.441838
2020-04-05 04:00:00,400.0,400.0,73.657594,21.287879,308.218455,0.0,258.181577,669.652,0.0,446.165032
2020-04-05 05:00:00,400.0,400.0,73.069973,37.879303,406.009408,0.0,128.65988,746.938,0.0,446.389289
2020-04-05 06:00:00,400.0,400.0,77.274563,0.0,171.618435,0.0,452.6636,887.972,0.0,454.403035
2020-04-05 07:00:00,400.0,400.0,18.072542,0.0,1048.939498,0.0,0.0,1760.0,0.0,453.609075
2020-04-05 08:00:00,400.0,400.0,0.0,0.0,1101.0,0.0,0.0,1897.376802,459.743198,466.40652
2020-04-05 09:00:00,400.0,400.0,0.0,0.0,1105.0,0.0,0.0,1952.625445,794.376555,474.093817
2020-04-05 10:00:00,400.0,400.0,0.0,0.0,1103.0,0.0,0.0,2004.520705,962.277295,482.178106
2020-04-05 11:00:00,400.0,400.0,0.0,0.0,1101.0,0.0,0.0,2029.770657,1108.591343,486.265599
2020-04-05 12:00:00,400.0,400.0,0.0,0.0,1101.0,0.0,0.0,2040.628244,1076.919756,487.894237
2020-04-05 13:00:00,400.0,400.0,0.0,0.0,1100.0,0.0,0.0,2048.591355,1006.188645,489.238703
2020-04-05 14:00:00,400.0,400.0,0.0,0.0,1103.0,0.0,0.0,2045.895108,830.704892,488.384266
2020-04-05 15:00:00,400.0,400.0,0.0,0.0,1103.0,0.0,0.0,2049.519291,488.340709,488.927894
2020-04-05 16:00:00,398.0,400.0,0.0,18.861019,1083.0,0.0,0.0,1728.895617,164.370383,494.834343
2020-04-05 17:00:00,400.0,400.0,20.400003,30.752818,1058.926267,0.0,0.0,1118.748,0.0,494.52326
2020-04-05 18:00:00,400.0,400.0,23.069973,76.790897,808.729007,0.0,0.0,884.93,0.0,554.430149
2020-04-05 19:00:00,400.0,400.0,22.576747,76.324557,1173.431936,0.0,0.0,1241.316,0.0,582.88261
2020-04-05 20:00:00,400.0,400.0,21.116714,24.778843,1181.620384,0.0,0.0,1595.334,0.0,577.007042
2020-04-05 21:00:00,400.0,400.0,20.419098,19.430296,1083.224194,0.0,0.0,1605.882,0.0,532.598671
2020-04-05 22:00:00,400.0,400.0,18.072542,0.0,1382.435249,0.0,0.0,1596.102,0.0,486.250013
2020-04-05 23:00:00,400.0,400.0,20.846138,19.68943,1028.849794,0.0,0.0,1064.002,0.0,459.472831
2020-04-06 00:00:00,400.0,400.0,23.069973,20.419098,680.24412,0.0,0.0,685.61,0.0,446.754882
2020-04-06 01:00:00,400.0,400.0,22.732362,22.492854,727.231718,0.0,0.0,709.23,0.0,443.249742
2020-04-06 02:00:00,400.0,400.0,23.069973,22.732362,650.209157,0.0,0.0,625.702,0.0,442.273926
2020-04-06 03:00:00,400.0,400.0,22.732362,51.905734,773.043779,0.0,0.0,739.132,0.0,442.063233
2020-04-06 04:00:00,400.0,400.0,22.576747,22.576747,804.72632,0.0,0.0,835.202,0.0,450.521352
2020-04-06 05:00:00,400.0,400.0,22.576747,22.576747,827.106119,0.0,0.0,1023.118,0.0,475.351782
2020-04-06 06:00:00,400.0,400.0,22.732362,0.0,776.772208,0.0,0.0,1201.498,0.0,509.658869
2020-04-06 07:00:00,400.0,400.0,20.400003,0.0,1079.7866,0.0,0.0,1613.068,0.0,525.94221
2020-04-06 08:00:00,398.0,400.0,0.0,0.0,1376.0,0.0,0.0,2069.296991,133.541009,549.944549
2020-04-06 09:00:00,398.0,400.0,0.0,0.0,1397.0,0.0,0.0,2248.461333,83.170667,573.6692
2020-04-06 10:00:00,398.0,400.0,0.0,25.752983,1381.0,0.0,0.0,2161.392968,43.587032,593.008945
2020-04-06 11:00:00,400.0,400.0,19.430296,32.345645,1383.213352,0.0,0.0,1974.364,0.0,603.772597
2020-04-06 12:00:00,400.0,400.0,19.68943,20.846138,1413.407282,0.0,0.0,2037.146,0.0,615.560808
2020-04-06 13:00:00,400.0,400.0,20.419098,20.358826,1290.066013,0.0,0.0,1841.998,0.0,604.789798
2020-04-06 14:00:00,400.0,400.0,19.68943,25.655767,1369.783592,0.0,0.0,1795.068,0.0,611.292661
2020-04-06 15:00:00,400.0,400.0,20.400003,25.746665,1465.000542,0.0,0.0,1722.502,0.0,613.875219
2020-04-06 16:00:00,400.0,400.0,21.116714,73.206766,1331.034945,0.0,0.0,1549.03,0.0,609.149258
2020-04-06 17:00:00,400.0,400.0,22.576747,0.0,1137.595058,0.0,0.0,1281.272,0.0,596.801541
2020-04-06 18:00:00,400.0,400.0,76.324557,21.687593,654.166584,0.0,194.929828,1191.936,0.0,655.915412
2020-04-06 19:00:00,400.0,400.0,74.617414,73.128644,728.327995,0.0,126.202706,1380.286,0.0,675.443701
2020-04-06 20:00:00,400.0,400.0,23.069973,26.742297,981.324012,0.0,0.0,1435.102,0.0,643.316698
2020-04-06 21:00:00,400.0,400.0,22.732362,23.536806,791.953055,0.0,0.0,1538.284,0.0,580.699642
2020-04-06 22:00:00,400.0,400.0,23.069973,24.884374,701.066396,0.0,0.0,1016.92,0.0,516.128041
2020-04-06 23:00:00,400.0,400.0,18.861019,24.5052,1294.1526,0.0,0.0,1329.23,0.0,474.01161
2020-04-07 00:00:00,400.0,400.0,20.419098,0.0,1055.129389,0.0,0.0,986.664,0.0,458.480192
2020-04-07 01:00:00,400.0,400.0,19.034775,18.861019,1232.76232,0.0,0.0,1117.088,0.0,451.398852
2020-04-07 02:00:00,400.0,400.0,19.430296,18.861019,1186.245682,0.0,0.0,1047.248,0.0,447.900348
2020-04-07 03:00:00,400.0,400.0,20.400003,18.573789,1110.800034,0.0,0.0,972.762,0.0,448.044295
2020-04-07 04:00:00,400.0,400.0,20.419098,19.68943,1029.920162,0.0,0.0,944.798,0.0,455.981676
2020-04-07 05:00:00,400.0,400.0,21.287879,22.96816,911.646832,0.0,0.0,988.5,0.0,480.277975
2020-04-07 06:00:00,400.0,400.0,21.116714,27.596476,956.921552,0.0,0.0,1112.8,0.0,517.631767
2020-04-07 07:00:00,400.0,400.0,20.419098,22.732362,1264.066794,0.0,0.0,1388.064,0.0,540.599581
2020-04-07 08:00:00,400.0,400.0,19.034775,26.17582,1424.310258,0.0,0.0,1766.788,0.0,573.371661
2020-04-07 09:00:00,400.0,400.0,19.68943,25.586068,1303.785792,0.0,0.0,1772.698,0.0,596.836831
2020-04-07 10:00:00,400.0,400.0,18.861019,25.586068,1531.430851,0.0,0.0,1937.168,0.0,619.760572
2020-04-07 11:00:00,400.0,400.0,19.034775,31.42851,1651.54248,0.0,0.0,1951.864,0.0,631.698228
2020-04-07 12:00:00,400.0,400.0,20.400003,22.516066,1517.153412,0.0,0.0,1828.9,0.0,633.411988
2020-04-07 13:00:00,400.0,400.0,21.116411,21.116714,1403.901047,0.0,0.0,1713.532,0.0,633.094643
2020-04-07 14:00:00,400.0,400.0,21.287879,21.287879,1325.481363,0.0,0.0,1607.03,0.0,628.882296
2020-04-07 15:00:00,400.0,400.0,21.287879,22.96816,1313.141675,0.0,0.0,1561.79,0.0,623.947249
2020-04-07 16:00:00,400.0,400.0,22.732362,25.750936,1168.082876,0.0,0.0,1227.882,0.0,621.119869
2020-04-07 17:00:00,400.0,400.0,21.843654,26.555078,1443.279498,0.0,0.0,889.16,0.0,607.782075
2020-04-07 18:00:00,400.0,400.0,26.324557,73.340657,1151.070624,0.0,0.0,590.93,0.0,663.578906
2020-04-07 19:00:00,400.0,400.0,26.790897,76.681379,920.962411,0.0,0.0,520.0,0.0,690.455638
2020-04-07 20:00:00,400.0,400.0,26.429316,26.449614,1107.453832,0.0,0.0,532.668,0.0,660.182125
2020-04-07 21:00:00,400.0,400.0,77.274616,24.617414,530.069714,0.0,216.643029,500.348,0.0,588.926743
2020-04-07 22:00:00,400.0,400.0,23.128644,23.206766,1049.66277,0.0,0.0,589.204,0.0,517.581185
2020-04-07 23:00:00,400.0,400.0,23.069973,23.069973,971.533664,0.0,0.0,606.868,0.0,478.70015
2020-04-08 00:00:00,400.0,400.0,22.576747,22.576747,1013.723862,0.0,0.0,532.666,0.0,461.241321
2020-04-08 01:00:00,400.0,400.0,23.069973,23.069973,779.747509,0.0,0.0,585.764,0.0,451.052474
2020-04-08 02:00:00,400.0,400.0,23.069973,23.128644,743.663296,0.0,0.0,531.5,0.0,448.325506
2020-04-08 03:00:00,400.0,400.0,22.492854,21.843654,928.073841,0.0,0.0,706.07,0.0,446.849424
2020-04-08 04:00:00,400.0,400.0,23.069973,22.516066,785.216011,0.0,0.0,630.952,0.0,457.010398
2020-04-08 05:00:00,400.0,400.0,23.657594,37.385118,649.210095,0.0,0.0,665.04,0.0,487.324486
2020-04-08 06:00:00,400.0,400.0,74.617414,21.116411,622.832588,0.0,63.035324,904.432,0.0,522.389912
2020-04-08 07:00:00,400.0,400.0,21.288154,18.861019,988.688537,0.0,0.0,1485.36,0.0,554.650719
2020-04-08 08:00:00,400.0,400.0,18.463561,0.0,1440.814026,0.0,0.0,2020.882,0.0,567.160196
2020-04-08 09:00:00,400.0,400.0,14.191367,0.0,1503.00196,0.0,0.0,2197.48,0.0,584.321706
2020-04-08 10:00:00,398.0,400.0,0.0,0.0,1514.0,0.0,0.0,2289.731442,26.418558,596.509716
2020-04-08 11:00:00,400.0,400.0,16.970947,18.573789,1483.615981,0.0,0.0,2237.528,0.0,593.236803
2020-04-08 12:00:00,400.0,400.0,16.970947,21.116411,1493.063321,0.0,0.0,2235.264,0.0,591.480102
2020-04-08 13:00:00,398.0,400.0,0.0,20.400003,1524.0,0.0,0.0,2229.221351,39.324649,585.933203
2020-04-08 14:00:00,398.0,400.0,0.0,19.68943,1521.0,0.0,0.0,2163.513112,7.356888,576.526967
2020-04-08 15:00:00,400.0,400.0,20.419098,19.68943,1168.270198,0.0,0.0,1783.868,0.0,572.48967
2020-04-08 16:00:00,400.0,400.0,20.400003,24.055055,1205.463769,0.0,0.0,1794.682,0.0,568.532735
2020-04-08 17:00:00,400.0,400.0,21.288154,20.419098,1003.54021,0.0,0.0,1392.622,0.0,559.512268
2020-04-08 18:00:00,400.0,400.0,74.617414,72.988805,575.300162,0.0,223.267014,1099.668,0.0,611.305176
2020-04-08 19:00:00,400.0,400.0,22.558218,52.902151,911.046331,0.0,0.0,1697.402,0.0,650.60335
2020-04-08 20:00:00,400.0,400.0,21.910167,26.892926,1063.176518,0.0,0.0,1865.617074,114.762926,641.616083
2020-04-08 21:00:00,400.0,400.0,21.905537,22.689838,777.957963,0.0,0.0,1969.335864,125.396136,582.056685
2020-04-08 22:00:00,400.0,396.0,20.526636,7.887332,835.629505,0.0,0.0,1929.395727,57.056273,517.464933
2020-04-08 23:00:00,0.0,0.0,20.400003,7.907579,689.670743,0.0,0.0,1941.318,0.0,474.697089
2020-04-09 00:00:00,0.0,0.0,20.526636,18.926085,798.333296,0.0,0.0,1938.169077,270.852923,457.925367
2020-04-09 01:00:00,0.0,0.0,21.122752,0.0,606.553061,0.0,0.0,2014.493183,168.704817,451.641018
2020-04-09 02:00:00,0.0,0.0,19.533879,0.0,811.989248,0.0,0.0,2213.187469,173.532531,450.629733
2020-04-09 03:00:00,0.0,0.0,0.0,0.0,903.0,0.0,0.0,2314.374546,63.475454,452.156182
2020-04-09 04:00:00,0.0,0.0,0.0,0.0,906.0,0.0,0.0,2416.783235,162.036765,467.067485
2020-04-09 05:00:00,0.0,0.0,20.246804,19.987876,709.281498,0.0,0.0,2461.659625,19.340375,503.306719
2020-04-09 06:00:00,0.0,0.0,74.126867,0.0,601.587696,0.0,141.691027,2589.012516,86.371484,538.563723
2020-04-09 07:00:00,0.0,0.0,0.0,0.0,890.0,0.0,0.0,2955.675746,427.422254,550.301362
2020-04-09 08:00:00,0.0,0.0,0.0,0.0,889.0,0.0,0.0,3028.443809,958.206191,565.866571
2020-04-09 09:00:00,0.0,0.0,0.0,0.0,936.0,0.0,0.0,3080.130887,1218.853113,573.469633
2020-04-09 10:00:00,0.0,0.0,0.0,0.0,936.0,0.0,0.0,3100.731333,1278.788667,576.5597
2020-04-09 11:00:00,0.0,0.0,0.0,0.0,936.0,0.0,0.0,3108.203665,1316.896335,577.68055
2020-04-09 12:00:00,0.0,0.0,0.0,0.0,934.0,0.0,0.0,3104.970391,1226.189609,577.495559
2020-04-09 13:00:00,0.0,0.0,0.0,0.0,933.0,0.0,0.0,3101.495296,988.576704,577.124294
2020-04-09 14:00:00,0.0,0.0,0.0,0.0,934.0,0.0,0.0,3092.119675,540.316325,575.567951
2020-04-09 15:00:00,0.0,0.0,0.0,0.0,939.0,0.0,0.0,3046.352506,237.719494,567.952876
2020-04-09 16:00:00,0.0,0.0,69.983547,0.0,638.318718,0.0,7.591974,2551.71,0.0,560.758692
2020-04-09 17:00:00,0.0,0.0,19.034775,42.536455,951.305319,0.0,0.0,1687.262,0.0,544.493502
2020-04-09 18:00:00,0.0,0.0,25.9087,63.433018,828.113742,0.0,0.0,960.868,0.0,592.763139
2020-04-09 19:00:00,0.0,0.0,77.755129,76.324557,457.59615,0.0,207.985427,784.72,0.0,636.318577
2020-04-09 20:00:00,0.0,0.0,80.530112,23.206766,335.606409,0.0,463.88713,807.13,0.0,627.078539
2020-04-09 21:00:00,0.0,0.0,76.324557,23.273991,681.296568,0.0,46.376947,770.48,0.0,569.727515
2020-04-09 22:00:00,0.0,0.0,23.437807,22.732362,919.406453,0.0,0.0,583.782,0.0,506.006332
2020-04-09 23:00:00,0.0,0.0,23.069973,22.576747,1068.828597,0.0,0.0,514.068,0.0,473.13591
2020-04-10 00:00:00,0.0,0.0,22.732362,22.492854,1189.668674,0.0,0.0,533.304,0.0,457.895299
2020-04-10 01:00:00,0.0,0.0,22.516066,23.128644,1293.808183,0.0,0.0,594.566,0.0,451.463672
2020-04-10 02:00:00,0.0,0.0,22.492854,23.206766,1326.200181,0.0,0.0,607.184,0.0,448.497573
2020-04-10 03:00:00,0.0,0.0,22.492854,23.069973,1349.424985,0.0,0.0,631.746,0.0,448.698152
2020-04-10 04:00:00,0.0,0.0,21.287879,23.437807,1466.797048,0.0,0.0,851.802,0.0,464.100743
2020-04-10 05:00:00,0.0,0.0,22.576747,38.470842,1280.479981,0.0,0.0,887.28,0.0,497.370003
2020-04-10 06:00:00,0.0,0.0,22.492854,24.583679,1143.108599,0.0,0.0,1371.77,0.0,537.39921
2020-04-10 07:00:00,0.0,0.0,20.419098,21.647258,1035.321775,0.0,0.0,2114.488,0.0,558.474934
2020-04-10 08:00:00,0.0,0.0,18.861019,19.034775,1362.431923,0.0,0.0,2569.15,0.0,577.607712
2020-04-10 09:00:00,0.0,0.0,0.0,0.0,1478.0,0.0,0.0,2772.493679,102.652321,590.774052
2020-04-10 10:00:00,0.0,0.0,0.0,0.0,1478.0,0.0,0.0,2887.721318,14.740682,608.058198
2020-04-10 11:00:00,0.0,0.0,0.0,0.0,1478.0,0.0,0.0,2901.30988,45.84412,610.096482
2020-04-10 12:00:00,0.0,0.0,0.0,0.0,1482.0,0.0,0.0,2897.380421,132.005579,608.907063
2020-04-10 13:00:00,0.0,0.0,0.0,0.0,1480.0,0.0,0.0,2888.114137,204.695863,607.817121
2020-04-10 14:00:00,0.0,0.0,0.0,10.248703,1479.0,0.0,0.0,2883.608025,110.591975,607.291204
2020-04-10 15:00:00,0.0,0.0,0.0,19.68943,1456.0,0.0,0.0,2745.977786,708.322214,590.096668
2020-04-10 16:00:00,0.0,0.0,0.0,20.846138,1455.0,0.0,0.0,2324.581113,872.148887,578.037167
2020-04-10 17:00:00,0.0,0.0,0.0,23.657594,1827.0,0.0,0.0,1811.080382,1005.919618,551.712057
2020-04-10 18:00:00,0.0,0.0,20.246804,72.36726,1959.155365,0.0,0.0,1774.63986,67.74214,592.122674
2020-04-10 19:00:00,0.0,0.0,21.647258,76.755559,1657.198448,0.0,0.0,1512.0,0.0,622.920233
2020-04-10 20:00:00,0.0,0.0,21.647258,29.621783,1586.597625,0.0,0.0,1428.852,0.0,602.438156
2020-04-10 21:00:00,0.0,0.0,21.647258,23.206766,1594.301842,0.0,0.0,1166.596,0.0,561.944124
2020-04-10 22:00:00,0.0,0.0,19.983547,20.846138,1512.132114,0.0,0.0,1476.516,0.0,514.257583
2020-04-10 23:00:00,0.0,0.0,19.034775,19.68943,1674.940953,0.0,0.0,1382.904,0.0,475.794457
2020-04-11 00:00:00,396.0,396.0,18.861019,18.861019,1364.45158,0.0,0.0,1319.512,0.0,457.509063
2020-04-11 01:00:00,400.0,400.0,22.492854,19.68943,635.24503,0.0,0.0,891.578,0.0,450.049946
2020-04-11 02:00:00,400.0,400.0,73.657594,19.983547,343.620244,0.0,229.241319,571.064,0.0,445.716563
2020-04-11 03:00:00,400.0,400.0,74.617414,19.68943,315.6342,0.0,252.92207,535.836,0.0,444.63027
2020-04-11 04:00:00,400.0,400.0,73.657594,20.419098,326.083432,0.0,247.847654,581.684,0.0,449.940085
2020-04-11 05:00:00,400.0,400.0,73.437807,41.529226,360.645004,0.0,199.317546,614.002,0.0,450.803549
2020-04-11 06:00:00,400.0,400.0,73.437807,19.034775,252.708615,0.0,383.377893,953.072,0.0,463.404508
2020-04-11 07:00:00,400.0,400.0,16.970947,0.0,1021.802012,0.0,0.0,1928.048,0.0,471.036898
2020-04-11 08:00:00,400.0,400.0,0.0,0.0,1045.0,0.0,0.0,2111.159131,585.410869,495.02387
2020-04-11 09:00:00,400.0,400.0,0.0,0.0,1036.0,0.0,0.0,2237.326204,1097.655796,515.298931
2020-04-11 10:00:00,398.0,400.0,0.0,0.0,1032.0,0.0,0.0,2309.683166,1528.966834,526.752475
2020-04-11 11:00:00,398.0,400.0,0.0,0.0,1033.0,0.0,0.0,2309.793237,2089.242763,526.618986
2020-04-11 12:00:00,400.0,400.0,0.0,0.0,1030.0,0.0,0.0,2295.681612,1859.068388,524.952242
2020-04-11 13:00:00,400.0,400.0,0.0,0.0,1028.0,0.0,0.0,2298.732942,1705.049058,525.709941
2020-04-11 14:00:00,400.0,400.0,0.0,0.0,1030.0,0.0,0.0,2311.693468,1452.002532,527.35402
2020-04-11 15:00:00,400.0,400.0,0.0,0.0,1036.0,0.0,0.0,2143.183965,1112.146035,526.677595
2020-04-11 16:00:00,400.0,400.0,0.0,0.0,1228.0,0.0,0.0,2178.509169,371.990831,530.926375
2020-04-11 17:00:00,400.0,400.0,15.731586,14.293082,1194.745328,0.0,0.0,2014.482,0.0,520.610501
2020-04-11 18:00:00,400.0,400.0,74.617414,74.332639,314.602947,0.0,261.042011,1173.336,0.0,564.409958
2020-04-11 19:00:00,400.0,400.0,83.752662,73.212598,153.54455,0.0,585.538567,973.112,0.0,586.735117
2020-04-11 20:00:00,400.0,400.0,77.274563,55.457213,267.130901,0.0,487.194664,1157.168,0.0,581.105565
2020-04-11 21:00:00,400.0,400.0,73.437807,20.547985,364.20873,0.0,348.236461,1250.47,0.0,544.539191
2020-04-11 22:00:00,400.0,400.0,20.419098,0.0,670.700331,0.0,0.0,1529.464,0.0,502.328241
2020-04-11 23:00:00,400.0,400.0,127.050889,0.0,99.869863,0.0,526.683858,1202.828,0.0,471.293721
2020-04-12 00:00:00,400.0,400.0,124.617414,-0.0,150.598936,0.0,455.132423,1143.448,0.0,454.77736
2020-04-12 01:00:00,400.0,400.0,73.069973,-0.0,238.164446,0.0,358.706187,1181.782,0.0,447.392633
2020-04-12 02:00:00,400.0,400.0,127.274563,18.861019,83.261998,0.0,506.381402,1003.398,0.0,443.8704
2020-04-12 03:00:00,400.0,400.0,500.0,33.057659,0.0,185.353483,572.861422,719.336,0.0,441.553422
2020-04-12 04:00:00,400.0,400.0,500.0,18.861019,0.0,32.952411,580.975462,894.564,0.0,444.977462
2020-04-12 05:00:00,400.0,400.0,500.0,-0.0,0.0,29.361306,570.497896,884.398,0.0,442.913896
2020-04-12 06:00:00,400.0,400.0,73.657594,-0.0,210.3663,0.0,411.469755,1176.02,0.0,450.698055
2020-04-12 07:00:00,400.0,400.0,0.0,-0.0,931.0,0.0,0.0,1930.065899,209.572101,455.709885
2020-04-12 08:00:00,400.0,400.0,0.0,-0.0,934.0,0.0,0.0,2028.660476,592.001524,470.049071
2020-04-12 09:00:00,400.0,400.0,0.0,-0.0,937.0,0.0,0.0,2153.697613,656.664387,488.354642
2020-04-12 10:00:00,400.0,400.0,0.0,-0.0,936.0,0.0,0.0,2217.781801,687.548199,498.11727
2020-04-12 11:00:00,400.0,400.0,0.0,-0.0,934.0,0.0,0.0,2271.094006,816.875994,506.414101
2020-04-12 12:00:00,400.0,400.0,0.0,-0.0,927.0,0.0,0.0,2289.281924,1104.938076,510.192289
2020-04-12 13:00:00,400.0,400.0,0.0,-0.0,925.0,0.0,0.0,2318.325095,1141.954905,514.848764
2020-04-12 14:00:00,400.0,400.0,0.0,-0.0,927.0,0.0,0.0,2347.313424,983.654576,518.897014
2020-04-12 15:00:00,400.0,400.0,0.0,18.072542,930.0,0.0,0.0,2370.176558,504.503442,521.876484
2020-04-12 16:00:00,398.0,400.0,0.0,22.575392,926.0,0.0,0.0,1877.876774,675.007226,525.131516
2020-04-12 17:00:00,398.0,400.0,0.0,26.571665,1464.0,0.0,0.0,1506.37591,289.41009,522.956386
2020-04-12 18:00:00,400.0,400.0,19.68943,26.332316,1510.709218,0.0,0.0,1305.082,0.0,566.755917
2020-04-12 19:00:00,400.0,400.0,21.122752,76.755559,1635.188875,0.0,0.0,1435.324261,132.371739,596.570308
2020-04-12 20:00:00,400.0,400.0,22.632352,70.747688,1525.513019,0.0,0.0,1337.067374,276.370626,597.083153
2020-04-12 21:00:00,400.0,400.0,19.958349,22.576747,1860.725902,0.0,0.0,1325.618256,266.649744,545.083853
2020-04-12 22:00:00,400.0,400.0,0.0,20.419098,2028.0,0.0,0.0,1159.178568,528.255432,495.026785
2020-04-12 23:00:00,400.0,400.0,0.0,20.419098,2029.0,0.0,0.0,961.254967,594.595033,465.188245
2020-04-13 00:00:00,400.0,400.0,0.0,22.492854,1626.0,0.0,0.0,1219.986296,347.435704,449.697944
2020-04-13 01:00:00,400.0,400.0,0.0,22.516066,1443.0,0.0,0.0,1370.309762,444.672238,446.446464
2020-04-13 02:00:00,400.0,400.0,0.0,22.96816,1442.0,0.0,0.0,1356.073437,403.862563,444.461016
2020-04-13 03:00:00,400.0,400.0,0.0,22.732362,1442.0,0.0,0.0,1351.08081,307.08919,443.712121
2020-04-13 04:00:00,400.0,400.0,18.573789,22.732362,1348.583781,0.0,0.0,1334.432,0.0,455.227233
2020-04-13 05:00:00,400.0,400.0,20.419098,35.980306,1052.949299,0.0,0.0,1163.13,0.0,473.877105
2020-04-13 06:00:00,400.0,400.0,21.843654,21.287879,918.479054,0.0,0.0,1233.63,0.0,504.622642
2020-04-13 07:00:00,400.0,400.0,19.034775,4.45705,1089.610074,0.0,0.0,1942.752,0.0,532.071289
2020-04-13 08:00:00,400.0,400.0,0.0,0.0,1252.0,0.0,0.0,2297.371635,143.066365,560.905745
2020-04-13 09:00:00,400.0,400.0,0.0,0.0,1255.0,0.0,0.0,2442.85334,189.83066,582.278001
2020-04-13 10:00:00,400.0,400.0,0.0,0.0,1255.0,0.0,0.0,2514.380303,252.569697,593.007045
2020-04-13 11:00:00,398.0,400.0,0.0,19.68943,1241.0,0.0,0.0,2589.179369,62.800631,607.526905
2020-04-13 12:00:00,400.0,400.0,19.68943,18.861019,955.256883,0.0,0.0,2349.036,0.0,613.166868
2020-04-13 13:00:00,400.0,400.0,19.68943,0.0,958.65335,0.0,0.0,2315.648,0.0,607.649197
2020-04-13 14:00:00,400.0,400.0,19.034775,18.861019,1091.309315,0.0,0.0,2403.752,0.0,600.966403
2020-04-13 15:00:00,400.0,400.0,16.970947,21.913359,1219.037101,0.0,0.0,2226.44,0.0,580.710435
2020-04-13 16:00:00,400.0,400.0,21.116714,21.116714,979.333487,0.0,0.0,1815.354,0.0,586.053077
2020-04-13 17:00:00,400.0,400.0,19.034775,26.372462,1281.333622,0.0,0.0,1385.732,0.0,562.259757
2020-04-13 18:00:00,400.0,400.0,23.128644,76.504181,1164.629669,0.0,0.0,944.698,0.0,612.16025
2020-04-13 19:00:00,400.0,400.0,25.9087,70.817037,944.936168,0.0,0.0,870.952,0.0,640.652375
2020-04-13 20:00:00,400.0,400.0,23.069973,26.324557,1139.019204,0.0,0.0,1140.23,0.0,628.681619
2020-04-13 21:00:00,400.0,400.0,22.516066,23.206766,1185.759168,0.0,0.0,1171.046,0.0,573.043025
2020-04-13 22:00:00,400.0,400.0,21.116411,22.96816,1350.120736,0.0,0.0,968.902,0.0,518.06719
2020-04-13 23:00:00,400.0,400.0,22.516066,22.732362,1004.083468,0.0,0.0,687.432,0.0,474.50228
2020-04-14 00:00:00,400.0,400.0,20.419098,22.576747,1262.661171,0.0,0.0,823.068,0.0,456.061024
2020-04-14 01:00:00,400.0,400.0,18.861019,22.516066,1488.359442,0.0,0.0,1004.298,0.0,449.390784
2020-04-14 02:00:00,400.0,400.0,18.463561,22.516066,1560.911484,0.0,0.0,1060.754,0.0,446.976377
2020-04-14 03:00:00,400.0,400.0,18.861019,22.516066,1511.356549,0.0,0.0,1004.162,0.0,445.920818
2020-04-14 04:00:00,400.0,400.0,19.034775,22.96816,1405.522651,0.0,0.0,1001.678,0.0,461.423302
2020-04-14 05:00:00,400.0,400.0,21.116714,22.492854,1148.467133,0.0,0.0,879.03,0.0,481.58443
2020-04-14 06:00:00,400.0,400.0,21.287879,19.034775,1108.791056,0.0,0.0,1011.954,0.0,507.474442
2020-04-14 07:00:00,400.0,400.0,15.731586,0.0,1630.021937,0.0,0.0,1672.98,0.0,528.443709
2020-04-14 08:00:00,398.0,400.0,0.0,18.861019,1653.0,0.0,0.0,1897.301659,215.446341,558.645249
2020-04-14 09:00:00,400.0,400.0,0.0,0.0,1667.0,0.0,0.0,2039.909195,533.656805,577.936379
2020-04-14 10:00:00,400.0,400.0,0.0,0.0,1670.0,0.0,0.0,2134.936624,534.273376,591.740494
2020-04-14 11:00:00,400.0,400.0,0.0,18.861019,1655.0,0.0,0.0,2103.089596,408.232404,589.213439
2020-04-14 12:00:00,400.0,400.0,0.0,20.846138,1656.0,0.0,0.0,2183.038247,292.395753,601.055737
2020-04-14 13:00:00,398.0,400.0,0.0,21.287879,1672.0,0.0,0.0,2180.823439,276.376561,598.323516
2020-04-14 14:00:00,400.0,400.0,0.0,22.520575,1663.0,0.0,0.0,2153.757456,63.744544,595.613618
2020-04-14 15:00:00,398.0,400.0,0.0,19.034775,1665.0,0.0,0.0,2101.210871,75.217129,587.431631
2020-04-14 16:00:00,400.0,400.0,20.419098,21.843654,1253.383751,0.0,0.0,1771.032,0.0,599.647237
2020-04-14 17:00:00,400.0,400.0,18.861019,24.18841,1481.407597,0.0,0.0,1410.9,0.0,557.92386
2020-04-14 18:00:00,400.0,400.0,22.96816,69.343394,1092.099499,0.0,0.0,944.6,0.0,613.425075
2020-04-14 19:00:00,400.0,400.0,22.282507,74.617414,1010.287736,0.0,0.0,937.714,0.0,638.76394
2020-04-14 20:00:00,400.0,400.0,19.848223,24.266234,1353.641801,0.0,0.0,1214.0,0.0,623.30373
2020-04-14 21:00:00,400.0,400.0,22.573605,26.046429,918.857066,0.0,0.0,1157.848,0.0,573.59864
2020-04-14 22:00:00,400.0,400.0,21.647258,23.128844,920.919192,0.0,0.0,1117.636,0.0,514.007521
2020-04-14 23:00:00,400.0,400.0,20.419098,21.647258,1112.875268,0.0,0.0,1041.404,0.0,473.77931
2020-04-15 00:00:00,400.0,400.0,21.288154,23.192331,767.600676,0.0,0.0,992.85,0.0,456.787399
2020-04-15 01:00:00,400.0,400.0,72.516066,19.983547,398.159377,0.0,200.124817,1089.734,0.0,450.236193
2020-04-15 02:00:00,400.0,400.0,20.846138,19.430296,632.663612,0.0,0.0,1297.6,0.0,446.240458
2020-04-15 03:00:00,400.0,400.0,20.846138,0.0,616.602626,0.0,0.0,1279.254,0.0,445.897706
2020-04-15 04:00:00,400.0,400.0,71.288154,0.0,528.805798,0.0,83.586832,1276.55,0.0,458.66163
2020-04-15 05:00:00,400.0,400.0,72.516066,0.0,391.204056,0.0,239.125136,1244.152,0.0,474.442192
2020-04-15 06:00:00,400.0,400.0,19.68943,0.0,771.438028,0.0,0.0,1826.668,0.0,504.784496
2020-04-15 07:00:00,398.0,400.0,0.0,0.0,1076.0,0.0,0.0,2284.221464,439.808536,527.73322
2020-04-15 08:00:00,400.0,400.0,0.0,0.0,1083.0,0.0,0.0,2489.10432,402.53168,557.415648
2020-04-15 09:00:00,400.0,400.0,0.0,0.0,1093.0,0.0,0.0,2630.707885,372.670115,577.156183
2020-04-15 10:00:00,400.0,400.0,0.0,0.0,1088.0,0.0,0.0,2752.454979,479.167021,596.168247
2020-04-15 11:00:00,400.0,400.0,0.0,0.0,1085.0,0.0,0.0,2855.234601,548.805399,612.03519
2020-04-15 12:00:00,400.0,400.0,0.0,0.0,1084.0,0.0,0.0,2998.291957,453.960043,633.643794
2020-04-15 13:00:00,400.0,400.0,0.0,0.0,1082.0,0.0,0.0,3057.973635,402.872365,642.896045
2020-04-15 14:00:00,400.0,400.0,0.0,0.0,1083.0,0.0,0.0,3068.754833,232.143167,644.363225
2020-04-15 15:00:00,400.0,400.0,0.0,0.0,1085.0,0.0,0.0,2881.347367,164.562633,641.452105
2020-04-15 16:00:00,400.0,400.0,18.861019,19.68943,1094.450296,0.0,0.0,2480.852,0.0,658.710256
2020-04-15 17:00:00,400.0,400.0,19.68943,22.612993,1302.51088,0.0,0.0,1863.3,0.0,602.968368
2020-04-15 18:00:00,400.0,400.0,23.069973,74.617414,843.349814,0.0,0.0,1381.372,0.0,639.753328
2020-04-15 19:00:00,400.0,400.0,23.069973,76.755559,1059.536975,0.0,0.0,1463.93,0.0,661.258954
2020-04-15 20:00:00,400.0,400.0,23.069973,39.811859,888.174476,0.0,0.0,1457.05,0.0,647.831329
2020-04-15 21:00:00,400.0,400.0,22.492854,19.533879,886.861556,0.0,0.0,1601.104,0.0,590.136367
2020-04-15 22:00:00,398.0,400.0,0.0,7.90275,1521.0,0.0,0.0,1829.563427,52.536573,523.284514
2020-04-15 23:00:00,400.0,400.0,0.0,0.0,1337.0,0.0,0.0,1725.573249,200.636751,482.035987
2020-04-16 00:00:00,400.0,400.0,18.52187,0.0,920.590976,0.0,0.0,1887.444393,96.157607,462.278013
2020-04-16 01:00:00,400.0,400.0,17.392886,0.0,938.698109,0.0,0.0,1843.060182,127.635818,452.904311
2020-04-16 02:00:00,398.0,400.0,0.0,0.0,971.0,0.0,0.0,1848.339215,258.498785,448.850882
2020-04-16 03:00:00,400.0,400.0,0.0,0.0,970.0,0.0,0.0,1838.408659,312.887341,447.511299
2020-04-16 04:00:00,400.0,400.0,0.0,0.0,972.0,0.0,0.0,1933.56974,335.19626,461.485461
2020-04-16 05:00:00,398.0,400.0,0.0,0.0,979.0,0.0,0.0,2027.448493,465.551507,474.517274
2020-04-16 06:00:00,398.0,400.0,0.0,0.0,969.0,0.0,0.0,2232.815404,636.816596,506.822311
2020-04-16 07:00:00,398.0,400.0,0.0,0.0,966.0,0.0,0.0,2410.469911,1214.178089,533.920487
2020-04-16 08:00:00,398.0,400.0,0.0,0.0,963.0,0.0,0.0,2666.915371,1470.504629,577.337306
2020-04-16 09:00:00,398.0,400.0,0.0,0.0,1006.0,0.0,0.0,2806.971989,1350.018011,602.395798
2020-04-16 10:00:00,398.0,400.0,0.0,0.0,1006.0,0.0,0.0,2883.276801,1633.211199,635.74152
2020-04-16 11:00:00,398.0,400.0,0.0,0.0,1188.0,0.0,0.0,3116.877584,1186.036416,671.231638
2020-04-16 12:00:00,398.0,400.0,0.0,0.0,1186.0,0.0,0.0,3341.625007,766.804993,705.243751
2020-04-16 13:00:00,398.0,400.0,0.0,0.0,1183.0,0.0,0.0,3471.317836,427.752164,725.147675
2020-04-16 14:00:00,400.0,400.0,0.0,0.0,1181.0,0.0,0.0,3543.912219,283.655781,738.736833
2020-04-16 15:00:00,400.0,400.0,0.0,17.926482,1181.0,0.0,0.0,3400.482059,221.803941,740.322309
2020-04-16 16:00:00,398.0,400.0,0.0,24.073348,1368.0,0.0,0.0,3035.443987,198.954013,761.766598
2020-04-16 17:00:00,398.0,400.0,0.0,25.396664,1911.0,0.0,0.0,2343.691454,352.746546,685.303718
2020-04-16 18:00:00,400.0,400.0,21.122752,70.743361,1778.929285,0.0,0.0,1987.741029,235.380971,704.971762
2020-04-16 19:00:00,400.0,400.0,21.368347,77.050889,1877.616573,0.0,0.0,1921.038929,251.777071,715.113353
2020-04-16 20:00:00,400.0,400.0,20.547985,24.880469,1945.21131,0.0,0.0,1970.964501,287.533499,697.012979
2020-04-16 21:00:00,400.0,400.0,19.958349,23.080108,1919.050514,0.0,0.0,1846.670426,302.769574,629.042987
2020-04-16 22:00:00,400.0,400.0,0.0,21.905537,2087.0,0.0,0.0,1491.766812,529.681188,550.615022
2020-04-16 23:00:00,400.0,400.0,0.0,21.122752,1904.0,0.0,0.0,1317.33581,638.74619,498.650371
2020-04-17 00:00:00,398.0,400.0,0.0,22.335927,1358.0,0.0,0.0,1695.255086,586.006914,477.488263
2020-04-17 01:00:00,398.0,400.0,0.0,25.130377,1359.0,0.0,0.0,1636.231423,680.740577,468.484713
2020-04-17 02:00:00,398.0,400.0,0.0,22.401807,1171.0,0.0,0.0,1704.259326,480.870674,453.638899
2020-04-17 03:00:00,400.0,400.0,0.0,21.122752,1166.0,0.0,0.0,1718.685203,195.110797,456.55278
2020-04-17 04:00:00,400.0,400.0,0.0,20.42044,1170.0,0.0,0.0,1778.533148,555.330852,464.929972
2020-04-17 05:00:00,400.0,400.0,17.392886,0.0,1103.677899,0.0,0.0,1795.389983,175.298017,477.406813
2020-04-17 06:00:00,400.0,400.0,17.392886,0.0,1090.564793,0.0,0.0,1962.483774,341.114226,504.437847
2020-04-17 07:00:00,398.0,400.0,0.0,0.0,1128.0,0.0,0.0,2228.210614,310.125386,538.681592
2020-04-17 08:00:00,398.0,400.0,0.0,0.0,1115.0,0.0,0.0,2448.655038,589.894962,573.698256
2020-04-17 09:00:00,400.0,400.0,0.0,0.0,1128.0,0.0,0.0,2297.127689,1043.940311,549.019153
2020-04-17 10:00:00,398.0,400.0,0.0,0.0,1127.0,0.0,0.0,3068.796545,497.223455,664.919482
2020-04-17 11:00:00,398.0,400.0,0.0,0.0,1127.0,0.0,0.0,2810.095529,589.450471,626.114329
2020-04-17 12:00:00,398.0,400.0,0.0,0.0,1117.0,0.0,0.0,2920.702881,209.367119,644.205432
2020-04-17 13:00:00,398.0,400.0,0.0,0.0,1137.0,0.0,0.0,2861.551977,467.118023,632.332797
2020-04-17 14:00:00,400.0,400.0,-0.0,0.0,1147.0,0.0,0.0,2816.442026,629.047974,624.066304
2020-04-17 15:00:00,400.0,400.0,0.0,0.0,1147.0,0.0,0.0,2709.163887,569.984113,607.974583
2020-04-17 16:00:00,398.0,400.0,0.0,0.0,1127.0,0.0,0.0,2779.106585,218.111415,621.465988
2020-04-17 17:00:00,398.0,400.0,0.0,20.42044,1127.0,0.0,0.0,2390.987144,238.264856,569.848072
2020-04-17 18:00:00,400.0,400.0,19.430296,74.060266,944.941796,0.0,0.0,2233.538,0.0,599.639431
2020-04-17 19:00:00,400.0,400.0,21.287879,74.762577,825.321435,0.0,0.0,1971.602,0.0,607.542085
2020-04-17 20:00:00,400.0,400.0,71.843654,21.875743,681.949703,0.0,116.088442,2000.164,0.0,607.532145
2020-04-17 21:00:00,400.0,400.0,72.516066,20.234035,400.159309,0.0,348.012995,1917.448,0.0,567.643304
2020-04-17 22:00:00,400.0,400.0,71.116714,24.584312,569.367214,0.0,117.701204,1758.31,0.0,518.391418
2020-04-17 23:00:00,400.0,400.0,71.288154,7.905784,454.504937,0.0,184.162322,1535.1,0.0,478.889259
2020-04-18 00:00:00,400.0,400.0,20.419098,-0.0,639.238131,0.0,0.0,1614.268,0.0,463.05448
2020-04-18 01:00:00,400.0,400.0,18.072542,18.861019,901.535379,0.0,0.0,1822.78,0.0,454.986693
2020-04-18 02:00:00,400.0,400.0,19.430296,18.573789,728.445294,0.0,0.0,1593.902,0.0,446.618506
2020-04-18 03:00:00,400.0,400.0,19.034775,18.861019,789.467111,0.0,0.0,1622.798,0.0,441.799633
2020-04-18 04:00:00,400.0,400.0,71.116411,69.708786,536.727955,0.0,5.735152,1378.182,0.0,448.718107
2020-04-18 05:00:00,400.0,400.0,71.287879,27.738546,514.640485,0.0,79.969642,1317.688,0.0,445.507127
2020-04-18 06:00:00,400.0,400.0,19.034775,-0.0,824.875355,0.0,0.0,1685.71,0.0,454.175197
2020-04-18 07:00:00,400.0,400.0,0.0,-0.0,989.0,0.0,0.0,1981.773495,169.008505,473.966024
2020-04-18 08:00:00,400.0,400.0,0.0,-0.0,990.0,0.0,0.0,2187.259308,191.324692,504.638896
2020-04-18 09:00:00,400.0,400.0,0.0,-0.0,994.0,0.0,0.0,2286.510881,277.071119,518.926632
2020-04-18 10:00:00,400.0,400.0,0.0,-0.0,975.0,0.0,0.0,2361.569629,327.660371,533.035444
2020-04-18 11:00:00,400.0,400.0,0.0,-0.0,986.0,0.0,0.0,2364.658902,643.119098,531.848835
2020-04-18 12:00:00,400.0,400.0,0.0,-0.0,988.0,0.0,0.0,2384.743638,668.888362,534.561546
2020-04-18 13:00:00,400.0,400.0,0.0,-0.0,988.0,0.0,0.0,2309.749697,807.702303,523.312455
2020-04-18 14:00:00,400.0,400.0,0.0,-0.0,1002.0,0.0,0.0,2288.316078,700.693922,517.997412
2020-04-18 15:00:00,400.0,400.0,0.0,-0.0,1014.0,0.0,0.0,2306.472259,379.579741,518.920839
2020-04-18 16:00:00,398.0,400.0,0.0,18.573789,1015.0,0.0,0.0,2290.982219,26.663781,541.947333
2020-04-18 17:00:00,400.0,400.0,20.846138,19.958349,740.350445,0.0,0.0,1654.672,0.0,515.448233
2020-04-18 18:00:00,400.0,400.0,75.352154,36.445975,467.26964,0.0,122.519414,1386.99,0.0,553.158054
2020-04-18 19:00:00,400.0,400.0,23.027478,76.338689,687.027342,0.0,0.0,1276.63,0.0,573.390399
2020-04-18 20:00:00,400.0,400.0,71.647258,59.163771,718.151122,0.0,48.07671,1672.75,0.0,582.689832
2020-04-18 21:00:00,398.0,396.0,0.0,21.483987,1329.0,0.0,0.0,2278.911561,391.420439,554.086734
2020-04-18 22:00:00,0.0,0.0,0.0,0.104546,1122.0,0.0,0.0,2496.555939,287.980061,505.283391
2020-04-18 23:00:00,0.0,0.0,0.0,0.964053,1123.0,0.0,0.0,2322.188691,467.679309,478.978304
2020-04-19 00:00:00,0.0,0.0,0.0,0.0,939.0,0.0,0.0,2341.423549,428.630451,456.213532
2020-04-19 01:00:00,0.0,0.0,0.0,0.0,939.0,0.0,0.0,2314.638784,451.199216,452.195818
2020-04-19 02:00:00,0.0,0.0,0.0,0.0,940.0,0.0,0.0,2245.696989,518.403011,441.704548
2020-04-19 03:00:00,0.0,0.0,0.0,0.0,940.0,0.0,0.0,2239.658706,560.639294,440.798806
2020-04-19 04:00:00,0.0,0.0,0.0,0.0,940.0,0.0,0.0,2268.336621,652.249379,445.100493
2020-04-19 05:00:00,0.0,0.0,0.0,0.0,940.0,0.0,0.0,2239.050612,788.547388,440.707592
2020-04-19 06:00:00,0.0,0.0,0.0,0.0,932.0,0.0,0.0,2271.95981,1108.36019,446.843972
2020-04-19 07:00:00,0.0,0.0,0.0,0.0,929.0,0.0,0.0,2363.27523,1688.15277,460.991284
2020-04-19 08:00:00,0.0,0.0,0.0,0.0,901.0,0.0,0.0,2458.500909,1448.565091,479.475136
2020-04-19 09:00:00,0.0,0.0,0.0,0.0,914.0,0.0,0.0,2463.266276,1569.537724,478.239941
2020-04-19 10:00:00,0.0,0.0,0.0,0.0,898.0,0.0,0.0,2558.681622,1159.140378,494.952243
2020-04-19 11:00:00,0.0,0.0,0.0,0.0,898.0,0.0,0.0,2605.339532,1160.998468,501.95093
2020-04-19 12:00:00,0.0,0.0,0.0,0.0,916.0,0.0,0.0,2676.022887,816.407113,509.853433
2020-04-19 13:00:00,0.0,0.0,0.0,0.0,922.0,0.0,0.0,2626.790773,747.487227,501.568616
2020-04-19 14:00:00,0.0,0.0,0.0,18.072542,917.0,0.0,0.0,2626.837002,811.444998,502.32555
2020-04-19 15:00:00,0.0,0.0,0.0,26.325979,913.0,0.0,0.0,1945.477191,1402.038809,502.721579
2020-04-19 16:00:00,0.0,0.0,0.0,23.653899,1650.0,0.0,0.0,2125.599059,910.890941,530.189859
2020-04-19 17:00:00,0.0,0.0,0.0,26.681012,1634.0,0.0,0.0,1543.71906,953.81294,496.307859
2020-04-19 18:00:00,0.0,0.0,0.0,26.494801,2025.0,0.0,0.0,1800.410688,123.099312,531.661603
2020-04-19 19:00:00,0.0,0.0,-0.0,76.525384,2025.0,0.0,0.0,1940.566626,166.447374,561.984994
2020-04-19 20:00:00,0.0,0.0,-0.0,66.609493,2060.0,0.0,0.0,2061.914364,523.583636,573.887155
2020-04-19 21:00:00,0.0,0.0,-0.0,23.437807,2029.0,0.0,0.0,1839.768844,663.401156,536.965327
2020-04-19 22:00:00,0.0,0.0,0.0,23.657594,2037.0,0.0,0.0,1552.255997,954.342003,492.6384
2020-04-19 23:00:00,0.0,0.0,0.0,25.188152,1679.0,0.0,0.0,1740.953311,918.576689,468.142997
2020-04-20 00:00:00,0.0,0.0,0.0,23.080108,1456.0,0.0,0.0,1813.068845,705.531155,450.910327
2020-04-20 01:00:00,0.0,0.0,0.0,20.419098,1270.0,0.0,0.0,1968.320291,522.627709,448.848044
2020-04-20 02:00:00,0.0,0.0,0.0,19.68943,1220.0,0.0,0.0,1969.209999,407.860001,445.0815
2020-04-20 03:00:00,0.0,0.0,0.0,19.983547,1222.0,0.0,0.0,1960.90607,540.77393,443.53591
2020-04-20 04:00:00,0.0,0.0,-0.0,37.045495,1217.0,0.0,0.0,2014.770767,447.045233,452.365615
2020-04-20 05:00:00,0.0,0.0,20.42044,17.766312,913.853417,0.0,0.0,2189.963478,92.436522,470.866509
2020-04-20 06:00:00,0.0,0.0,20.42044,0.0,858.174026,0.0,0.0,2289.524909,51.761091,494.152632
2020-04-20 07:00:00,0.0,0.0,0.0,0.0,1009.0,0.0,0.0,2638.974369,76.179631,523.946155
2020-04-20 08:00:00,0.0,0.0,0.0,0.0,1016.0,0.0,0.0,2833.862283,465.635717,552.129342
2020-04-20 09:00:00,0.0,0.0,0.0,0.0,1019.0,0.0,0.0,2949.318676,361.209324,568.997801
2020-04-20 10:00:00,0.0,0.0,0.0,0.0,1023.0,0.0,0.0,3092.786245,227.143755,589.917937
2020-04-20 11:00:00,0.0,0.0,0.0,0.0,1023.0,0.0,0.0,3131.99435,380.97365,595.799152
2020-04-20 12:00:00,0.0,0.0,0.0,0.0,1017.0,0.0,0.0,3150.752727,546.687273,599.512909
2020-04-20 13:00:00,0.0,0.0,0.0,0.0,1015.0,0.0,0.0,3115.528469,688.953531,594.52927
2020-04-20 14:00:00,0.0,0.0,0.0,0.0,1016.0,0.0,0.0,3064.838644,583.207356,586.775797
2020-04-20 15:00:00,0.0,0.0,0.0,0.0,1018.0,0.0,0.0,3037.467634,288.946366,582.370145
2020-04-20 16:00:00,0.0,0.0,19.430296,23.663434,886.016117,0.0,0.0,2679.916,0.0,599.534982
2020-04-20 17:00:00,0.0,0.0,0.0,25.09372,1389.0,0.0,0.0,1985.741467,248.872533,551.96122
2020-04-20 18:00:00,0.0,0.0,22.96816,70.396641,1137.034591,0.0,0.0,1383.75,0.0,586.307311
2020-04-20 19:00:00,0.0,0.0,26.324557,73.657594,834.453479,0.0,0.0,1261.2,0.0,622.311978
2020-04-20 20:00:00,0.0,0.0,23.657594,25.953694,899.034617,0.0,0.0,1372.248,0.0,616.682007
2020-04-20 21:00:00,0.0,0.0,21.647258,23.128644,1378.544106,0.0,0.0,1549.04,0.0,571.274384
2020-04-20 22:00:00,0.0,0.0,22.576747,22.732362,1083.292242,0.0,0.0,1227.43,0.0,514.070664
2020-04-20 23:00:00,0.0,0.0,22.732362,21.647258,1004.427291,0.0,0.0,886.802,0.0,474.806206
2020-04-21 00:00:00,396.0,396.0,22.492854,21.116714,986.896251,0.0,0.0,723.5,0.0,459.090562
2020-04-21 01:00:00,400.0,400.0,23.128644,21.843654,633.410539,0.0,0.0,661.702,0.0,450.193719
2020-04-21 02:00:00,400.0,400.0,23.206766,22.516066,600.649296,0.0,0.0,607.33,0.0,446.952106
2020-04-21 03:00:00,400.0,400.0,22.732362,22.732362,735.392415,0.0,0.0,725.7,0.0,444.496138
2020-04-21 04:00:00,400.0,400.0,21.647258,33.996463,887.445433,0.0,0.0,973.084,0.0,458.795785
2020-04-21 05:00:00,400.0,400.0,21.647258,24.767394,888.945046,0.0,0.0,1082.886,0.0,475.041143
2020-04-21 06:00:00,400.0,400.0,71.843654,24.093895,648.681781,0.0,27.962152,1362.048,0.0,499.704933
2020-04-21 07:00:00,400.0,400.0,71.116714,0.0,614.317709,0.0,99.469135,1911.25,0.0,533.989844
2020-04-21 08:00:00,400.0,400.0,19.034775,4.74089,942.145366,0.0,0.0,2399.27,0.0,558.018695
2020-04-21 09:00:00,398.0,400.0,0.0,0.0,1049.0,0.0,0.0,2558.524013,80.707987,565.878602
2020-04-21 10:00:00,398.0,400.0,0.0,0.0,1047.0,0.0,0.0,2771.103421,64.774579,598.065513
2020-04-21 11:00:00,398.0,400.0,0.0,0.0,1046.0,0.0,0.0,2829.827787,112.534213,607.024168
2020-04-21 12:00:00,398.0,400.0,0.0,0.0,1044.0,0.0,0.0,2894.424105,165.923895,617.013616
2020-04-21 13:00:00,398.0,400.0,0.0,16.970947,1044.0,0.0,0.0,2868.396579,194.983421,613.109487
2020-04-21 14:00:00,400.0,400.0,0.0,19.68943,1042.0,0.0,0.0,2711.23269,185.11531,615.334904
2020-04-21 15:00:00,400.0,400.0,0.0,19.983547,1228.0,0.0,0.0,2366.991638,294.844362,614.548746
2020-04-21 16:00:00,400.0,400.0,19.430296,21.496723,1377.525885,0.0,0.0,2175.362,0.0,644.375417
2020-04-21 17:00:00,400.0,400.0,18.463561,23.206766,1663.92208,0.0,0.0,1577.248,0.0,585.948888
2020-04-21 18:00:00,400.0,400.0,23.206766,73.219679,1124.788211,0.0,0.0,902.448,0.0,626.048968
2020-04-21 19:00:00,400.0,400.0,24.617414,76.755559,963.070775,0.0,0.0,879.604,0.0,659.179984
2020-04-21 20:00:00,400.0,400.0,23.657594,28.835953,1000.002919,0.0,0.0,831.714,0.0,641.206662
2020-04-21 21:00:00,400.0,400.0,23.128644,22.576747,1086.308973,0.0,0.0,803.318,0.0,570.751354
2020-04-21 22:00:00,400.0,400.0,20.419098,19.68943,1541.253306,0.0,0.0,860.696,0.0,511.116404
2020-04-21 23:00:00,400.0,400.0,73.206766,19.983547,588.301408,0.0,20.764881,704.57,0.0,470.890289
2020-04-22 00:00:00,400.0,400.0,73.657594,19.034775,332.773157,0.0,251.558969,688.834,0.0,453.609126
2020-04-22 01:00:00,400.0,400.0,73.437807,19.983547,334.100181,0.0,213.926091,704.802,0.0,450.855273
2020-04-22 02:00:00,400.0,400.0,73.128644,20.419098,447.077553,0.0,129.590314,749.45,0.0,445.555867
2020-04-22 03:00:00,400.0,400.0,73.128644,19.983547,445.671748,0.0,132.968889,758.996,0.0,447.198638
2020-04-22 04:00:00,400.0,400.0,22.492854,33.36736,601.899682,0.0,0.0,994.45,0.0,459.082548
2020-04-22 05:00:00,400.0,400.0,72.96816,21.380251,574.424178,0.0,52.086995,1075.932,0.0,475.426173
2020-04-22 06:00:00,400.0,400.0,20.419098,0.0,844.412024,0.0,0.0,1507.748,0.0,499.700396
2020-04-22 07:00:00,400.0,400.0,16.970947,0.0,1239.334077,0.0,0.0,2106.102,0.0,530.215188
2020-04-22 08:00:00,400.0,400.0,0.0,0.0,1289.0,0.0,0.0,2308.154794,52.427206,553.073219
2020-04-22 09:00:00,400.0,400.0,0.0,0.0,1290.0,0.0,0.0,2510.534054,147.783946,583.280108
2020-04-22 10:00:00,400.0,400.0,0.0,0.0,1288.0,0.0,0.0,2678.190056,146.999944,608.728508
2020-04-22 11:00:00,400.0,400.0,0.0,16.84292,1287.0,0.0,0.0,2820.966334,131.019666,630.29495
2020-04-22 12:00:00,398.0,400.0,0.0,18.861019,1286.0,0.0,0.0,2933.206588,85.575412,647.280988
2020-04-22 13:00:00,398.0,400.0,0.0,19.430296,1286.0,0.0,0.0,2917.198201,67.353799,644.87973
2020-04-22 14:00:00,400.0,400.0,18.072542,20.333801,1226.79872,0.0,0.0,2919.672,0.0,654.130992
2020-04-22 15:00:00,400.0,400.0,0.0,20.419098,1279.0,0.0,0.0,2601.820703,216.533297,649.623105
2020-04-22 16:00:00,400.0,400.0,18.573789,21.647258,1511.853699,0.0,0.0,2248.422,0.0,668.185245
2020-04-22 17:00:00,400.0,400.0,18.861019,25.483823,1864.063468,0.0,0.0,1618.086,0.0,601.80338
2020-04-22 18:00:00,400.0,400.0,23.206766,73.771843,1144.139327,0.0,0.0,893.06,0.0,628.788101
2020-04-22 19:00:00,400.0,400.0,23.437807,76.755559,1040.548109,0.0,0.0,919.85,0.0,657.945284
2020-04-22 20:00:00,400.0,400.0,23.437807,25.9087,1048.485876,0.0,0.0,892.952,0.0,643.119919
2020-04-22 21:00:00,400.0,400.0,23.206766,22.96816,1019.515765,0.0,0.0,729.678,0.0,569.724335
2020-04-22 22:00:00,400.0,400.0,21.287879,20.419098,1435.834431,0.0,0.0,704.95,0.0,503.567335
2020-04-22 23:00:00,400.0,400.0,23.657594,20.419098,643.253023,0.0,0.0,441.116,0.0,476.379447
2020-04-23 00:00:00,400.0,400.0,75.9087,21.287879,364.021735,0.0,217.420305,442.922,0.0,457.03504
2020-04-23 01:00:00,400.0,400.0,73.437807,20.400003,441.875086,0.0,137.286051,496.996,0.0,453.468137
2020-04-23 02:00:00,400.0,400.0,73.206766,19.983547,563.923162,0.0,9.177364,568.7,0.0,445.916526
2020-04-23 03:00:00,400.0,400.0,23.069973,20.400003,640.24372,0.0,0.0,655.348,0.0,447.465642
2020-04-23 04:00:00,400.0,400.0,73.206766,39.431204,559.717483,0.0,25.790394,633.45,0.0,456.259878
2020-04-23 05:00:00,400.0,400.0,74.617414,21.116714,370.2861,0.0,235.570485,568.15,0.0,474.879585
2020-04-23 06:00:00,400.0,400.0,73.069973,-0.0,622.170564,0.0,54.237351,1023.09,0.0,505.337915
2020-04-23 07:00:00,400.0,400.0,19.430296,-0.0,1201.884763,0.0,0.0,1833.32,0.0,539.915286
2020-04-23 08:00:00,398.0,400.0,0.0,-0.0,1437.0,0.0,0.0,2300.738633,20.413367,574.760795
2020-04-23 09:00:00,400.0,400.0,16.970947,-0.0,1423.739547,0.0,0.0,2585.572,0.0,619.474868
2020-04-23 10:00:00,398.0,400.0,0.0,-0.0,1438.0,0.0,0.0,2716.30275,23.52725,636.945412
2020-04-23 11:00:00,400.0,400.0,14.191367,19.034775,1427.567836,0.0,0.0,2823.4,0.0,654.574825
2020-04-23 12:00:00,400.0,400.0,18.463561,20.400003,1359.608262,0.0,0.0,2867.98,0.0,675.955761
2020-04-23 13:00:00,400.0,400.0,19.68943,20.785442,1189.998844,0.0,0.0,2819.552,0.0,701.032973
2020-04-23 14:00:00,400.0,400.0,0.0,19.034775,1479.0,0.0,0.0,2562.19821,197.17379,695.579732
2020-04-23 15:00:00,400.0,400.0,0.0,19.68943,2033.0,0.0,0.0,2415.861726,86.666274,699.279259
2020-04-23 16:00:00,400.0,400.0,20.400003,22.576747,1742.637968,0.0,0.0,2057.572,0.0,716.840105
2020-04-23 17:00:00,400.0,400.0,21.116714,24.272762,1614.446437,0.0,0.0,1424.948,0.0,641.175234
2020-04-23 18:00:00,400.0,400.0,23.437807,76.429316,997.19003,0.0,0.0,903.952,0.0,668.214296
2020-04-23 19:00:00,400.0,400.0,23.069973,77.050889,1317.88186,0.0,0.0,1241.686,0.0,696.870621
2020-04-23 20:00:00,400.0,400.0,21.647258,25.624559,1640.940425,0.0,0.0,1538.19,0.0,670.687436
2020-04-23 21:00:00,400.0,400.0,21.287879,19.68943,1134.460424,0.0,0.0,1588.698,0.0,595.235636
2020-04-23 22:00:00,400.0,396.0,20.419098,19.034775,778.45673,0.0,0.0,1809.76,0.0,522.045491
2020-04-23 23:00:00,0.0,0.0,156.857535,7.91123,22.701975,0.0,622.459229,1557.37,0.0,484.300204
2020-04-24 00:00:00,0.0,0.0,500.0,22.83626,0.0,59.485971,604.803696,1337.652,0.0,468.170696
2020-04-24 01:00:00,0.0,0.0,500.0,34.380918,0.0,314.923208,570.867381,920.786,0.0,456.556381
2020-04-24 02:00:00,0.0,0.0,500.0,24.845276,0.0,244.959108,543.596666,733.452,0.0,449.161666
2020-04-24 03:00:00,0.0,0.0,83.946708,21.561179,157.7001,0.0,433.443385,951.95,0.0,449.287485
2020-04-24 04:00:00,0.0,0.0,78.389212,37.993787,471.934275,0.0,136.487524,1312.152932,46.265068,456.182799
2020-04-24 05:00:00,0.0,0.0,87.934672,71.116714,227.14059,0.0,396.193182,1208.872405,86.041595,478.609772
2020-04-24 06:00:00,0.0,0.0,160.392811,19.034775,44.601554,0.0,631.462013,1359.512,0.0,510.886567
2020-04-24 07:00:00,0.0,0.0,78.13491,0.0,478.942008,0.0,246.799477,2014.291912,52.092088,543.952486
2020-04-24 08:00:00,0.0,0.0,21.122752,0.0,870.108565,0.0,0.0,2662.392504,47.693496,582.492591
2020-04-24 09:00:00,0.0,0.0,18.861019,0.0,1027.574552,0.0,0.0,3021.146,0.0,612.685717
2020-04-24 10:00:00,0.0,0.0,18.861019,0.0,1015.37718,0.0,0.0,3148.014,0.0,633.545523
2020-04-24 11:00:00,0.0,0.0,19.034775,18.573789,960.249208,0.0,0.0,3192.21,0.0,648.444119
2020-04-24 12:00:00,0.0,0.0,18.861019,22.244852,1041.379601,0.0,0.0,3196.682,0.0,662.44536
2020-04-24 13:00:00,0.0,0.0,19.430296,19.275346,1122.040824,0.0,0.0,3202.684,0.0,678.996476
2020-04-24 14:00:00,0.0,0.0,20.419098,20.487153,1003.90048,0.0,0.0,3015.75,0.0,668.677428
2020-04-24 15:00:00,0.0,0.0,20.419098,22.341043,955.006765,0.0,0.0,2629.338,0.0,669.049685
2020-04-24 16:00:00,0.0,0.0,22.96816,22.732362,923.697888,0.0,0.0,2271.432,0.0,675.560117
2020-04-24 17:00:00,0.0,0.0,20.419098,28.383243,1374.12292,0.0,0.0,1795.89,0.0,613.165062
2020-04-24 18:00:00,0.0,0.0,26.429316,70.559985,939.331682,0.0,0.0,953.9,0.0,635.335248
2020-04-24 19:00:00,0.0,0.0,77.274563,75.200156,684.560381,0.0,159.766362,843.152,0.0,656.938743
2020-04-24 20:00:00,0.0,0.0,80.277405,24.08455,427.817659,0.0,407.392092,851.416,0.0,650.174751
2020-04-24 21:00:00,0.0,0.0,81.727779,22.632352,259.272248,0.0,496.513715,717.072,0.0,590.654963
2020-04-24 22:00:00,0.0,0.0,80.277405,22.517588,382.604175,0.0,297.857199,516.82,0.0,535.382374
2020-04-24 23:00:00,0.0,0.0,500.0,22.709794,0.0,77.790116,632.239817,419.862,0.0,496.867817
2020-04-25 00:00:00,0.0,0.0,500.0,22.709794,0.0,78.856728,599.435209,342.998,0.0,472.028209
2020-04-25 01:00:00,0.0,0.0,133.035526,22.709794,67.725803,0.0,517.805327,406.8,0.0,459.61113
2020-04-25 02:00:00,0.0,0.0,81.727779,22.709794,154.69984,0.0,422.599384,442.468,0.0,451.915224
2020-04-25 03:00:00,0.0,0.0,80.277405,23.080108,265.759138,0.0,311.121492,528.97,0.0,448.231629
2020-04-25 04:00:00,0.0,0.0,81.727779,33.899393,228.302927,0.0,348.235834,500.728,0.0,449.613761
2020-04-25 05:00:00,0.0,0.0,500.0,23.178741,0.0,87.530143,575.967777,488.384,0.0,449.973777
2020-04-25 06:00:00,0.0,0.0,77.274563,19.68943,271.677864,0.0,339.138056,945.084,0.0,456.51092
2020-04-25 07:00:00,0.0,0.0,20.846138,18.861019,832.821358,0.0,0.0,1664.602,0.0,480.267096
2020-04-25 08:00:00,0.0,0.0,18.861019,18.573789,1122.373547,0.0,0.0,2154.918,0.0,510.381668
2020-04-25 09:00:00,0.0,0.0,15.731586,0.0,1279.038823,0.0,0.0,2548.668,0.0,545.944377
2020-04-25 10:00:00,0.0,0.0,0.0,0.0,1299.0,0.0,0.0,2598.047702,65.198298,550.357155
2020-04-25 11:00:00,0.0,0.0,15.731586,0.0,1255.85633,0.0,0.0,2649.77,0.0,564.58705
2020-04-25 12:00:00,0.0,0.0,19.034775,19.533879,1021.853703,0.0,0.0,2511.63,0.0,578.966445
2020-04-25 13:00:00,0.0,0.0,19.430296,0.0,997.218769,0.0,0.0,2501.822,0.0,581.190485
2020-04-25 14:00:00,0.0,0.0,18.861019,10.87965,1136.27806,0.0,0.0,2596.466,0.0,574.528191
2020-04-25 15:00:00,0.0,0.0,71.287879,22.435728,747.186771,0.0,25.068213,2256.4,0.0,581.881984
2020-04-25 16:00:00,0.0,0.0,74.617414,20.547985,418.975927,0.0,354.054684,1942.48,0.0,609.525611
2020-04-25 17:00:00,0.0,0.0,21.287879,26.674288,918.30001,0.0,0.0,1558.868,0.0,555.835198
2020-04-25 18:00:00,0.0,0.0,24.617414,26.330163,883.285661,0.0,0.0,1304.1,0.0,584.972151
2020-04-25 19:00:00,0.0,0.0,26.286212,77.075272,838.494686,0.0,0.0,1251.68,0.0,604.527797
2020-04-25 20:00:00,0.0,0.0,24.880469,68.159882,899.56493,0.0,0.0,1370.568352,39.685648,605.400513
2020-04-25 21:00:00,0.0,0.0,22.709794,24.209571,1199.619463,0.0,0.0,1448.819091,189.698909,552.629944
2020-04-25 22:00:00,0.0,0.0,22.709794,24.08455,1200.324039,0.0,0.0,1172.963774,154.106226,511.14596
2020-04-25 23:00:00,0.0,0.0,23.20063,23.37167,1111.812703,0.0,0.0,915.260276,131.851724,485.767136
2020-04-26 00:00:00,0.0,0.0,23.657594,24.783962,820.945465,0.0,0.0,839.934,0.0,464.84828
2020-04-26 01:00:00,0.0,0.0,76.429316,26.925402,511.772367,0.0,83.752478,811.918,0.0,453.771845
2020-04-26 02:00:00,0.0,0.0,77.050889,21.908909,283.997231,0.0,307.590685,895.05,0.0,447.157915
2020-04-26 03:00:00,0.0,0.0,76.755559,21.122752,326.46914,0.0,260.973189,908.918,0.0,442.867329
2020-04-26 04:00:00,0.0,0.0,77.274563,31.462876,264.547717,0.0,320.078426,848.022,0.0,443.021142
2020-04-26 05:00:00,0.0,0.0,502.723482,0.0,0.0,219.364803,554.33392,994.488,0.0,441.11292
2020-04-26 06:00:00,0.0,0.0,128.099869,0.0,150.54211,0.0,453.473873,1413.402,0.0,446.678983
2020-04-26 07:00:00,0.0,0.0,70.419098,0.0,561.740648,0.0,62.737855,1927.184,0.0,462.066503
2020-04-26 08:00:00,0.0,0.0,0.0,0.0,952.0,0.0,0.0,2428.023528,189.014472,478.653529
2020-04-26 09:00:00,0.0,0.0,0.0,0.0,953.0,0.0,0.0,2552.711115,210.008885,497.206667
2020-04-26 10:00:00,0.0,0.0,0.0,0.0,949.0,0.0,0.0,2574.817573,610.092427,501.122636
2020-04-26 11:00:00,0.0,0.0,0.0,0.0,949.0,0.0,0.0,2590.10903,742.33697,503.416354
2020-04-26 12:00:00,0.0,0.0,0.0,0.0,947.0,0.0,0.0,2635.531405,530.616595,510.529711
2020-04-26 13:00:00,0.0,0.0,0.0,0.0,950.0,0.0,0.0,2684.105833,609.966167,517.365875
2020-04-26 14:00:00,0.0,0.0,0.0,0.0,946.0,0.0,0.0,2613.042509,478.325491,507.306376
2020-04-26 15:00:00,0.0,0.0,0.0,0.0,946.0,0.0,0.0,2621.843649,305.240351,509.826547
2020-04-26 16:00:00,0.0,0.0,71.116714,0.0,512.034512,0.0,226.814311,2390.64,0.0,539.040823
2020-04-26 17:00:00,0.0,0.0,71.116714,0.0,493.241758,0.0,166.302578,2002.384,0.0,509.121336
2020-04-26 18:00:00,0.0,0.0,158.035526,38.49317,23.71032,0.0,650.718932,1449.432,0.0,545.358252
2020-04-26 19:00:00,0.0,0.0,500.0,75.433611,0.0,147.428141,624.445921,1241.498,0.0,584.538921
2020-04-26 20:00:00,0.0,0.0,500.0,44.897008,0.0,613.43408,752.146412,1019.382,0.0,585.122412
2020-04-26 21:00:00,0.0,0.0,500.0,24.037186,0.0,684.240864,680.56473,831.884,0.0,532.96873
2020-04-26 22:00:00,0.0,0.0,500.0,20.42044,0.0,788.240115,623.485017,525.68,0.0,491.238017
2020-04-26 23:00:00,0.0,0.0,500.0,20.42044,0.0,784.33387,631.11458,388.63,0.0,470.09458
2020-04-27 00:00:00,0.0,0.0,500.0,7.905815,0.0,677.184486,574.532473,370.332,0.0,451.277473
2020-04-27 01:00:00,0.0,0.0,500.0,7.899116,0.0,734.982308,603.742346,357.58,0.0,449.784346
2020-04-27 02:00:00,0.0,0.0,500.0,20.234035,0.0,694.998792,563.241219,355.916,0.0,443.537219
2020-04-27 03:00:00,0.0,0.0,500.0,20.42044,0.0,691.728928,558.991039,341.098,0.0,440.824039
2020-04-27 04:00:00,0.0,0.0,500.0,35.586343,0.0,775.574697,611.295205,358.94,0.0,456.077205
2020-04-27 05:00:00,0.0,0.0,500.0,0.0,0.0,925.740781,639.159117,352.48,0.0,477.633117
2020-04-27 06:00:00,0.0,0.0,500.0,0.0,0.0,576.390906,669.468136,870.21,0.0,502.890136
2020-04-27 07:00:00,0.0,0.0,133.035526,0.0,86.027521,0.0,606.260551,1734.968,0.0,537.741072
2020-04-27 08:00:00,0.0,0.0,19.983547,0.0,729.376424,0.0,0.0,2485.116,0.0,560.660936
2020-04-27 09:00:00,0.0,0.0,18.861019,0.0,947.184737,0.0,0.0,2738.564,0.0,566.006889
2020-04-27 10:00:00,0.0,0.0,19.034775,0.0,847.171671,0.0,0.0,2930.26,0.0,609.763249
2020-04-27 11:00:00,0.0,0.0,18.861019,0.0,911.989676,0.0,0.0,3022.718,0.0,613.909249
2020-04-27 12:00:00,0.0,0.0,19.034775,0.0,868.420049,0.0,0.0,3034.0,0.0,622.136993
2020-04-27 13:00:00,396.0,396.0,0.0,7.903252,1111.0,0.0,0.0,2933.921059,80.224941,630.138159
2020-04-27 14:00:00,400.0,400.0,15.731586,21.013675,1101.531235,0.0,0.0,2846.8,0.0,628.390315
2020-04-27 15:00:00,400.0,400.0,18.072542,22.055373,1097.25892,0.0,0.0,2637.718,0.0,641.618862
2020-04-27 16:00:00,400.0,400.0,19.68943,22.986841,1106.39738,0.0,0.0,2170.618,0.0,630.333093
2020-04-27 17:00:00,400.0,400.0,0.0,26.706942,1624.0,0.0,0.0,1671.689504,2.492496,582.103426
2020-04-27 18:00:00,400.0,400.0,23.069973,27.010518,1230.362144,0.0,0.0,897.378,0.0,608.252378
2020-04-27 19:00:00,400.0,400.0,23.437807,76.755559,1048.991644,0.0,0.0,883.252,0.0,647.739053
2020-04-27 20:00:00,400.0,400.0,23.657594,67.831459,990.778895,0.0,0.0,849.08,0.0,636.945166
2020-04-27 21:00:00,400.0,400.0,22.96816,23.069973,1277.924565,0.0,0.0,675.196,0.0,567.790715
2020-04-27 22:00:00,400.0,400.0,23.069973,23.128644,1093.466065,0.0,0.0,511.89,0.0,517.71359
2020-04-27 23:00:00,400.0,400.0,23.128644,22.732362,845.782031,0.0,0.0,332.082,0.0,474.644995
2020-04-28 00:00:00,400.0,400.0,22.96816,22.516066,964.618468,0.0,0.0,325.868,0.0,455.88743
2020-04-28 01:00:00,400.0,400.0,75.9087,25.290091,285.405424,0.0,289.823162,340.896,0.0,453.523586
2020-04-28 02:00:00,400.0,400.0,75.9087,25.350223,306.889901,0.0,262.523114,330.07,0.0,448.677015
2020-04-28 03:00:00,400.0,400.0,75.9087,24.733922,339.103217,0.0,228.425201,357.366,0.0,447.939417
2020-04-28 04:00:00,400.0,400.0,500.0,24.316437,0.0,102.810059,584.136109,357.184,0.0,460.949109
2020-04-28 05:00:00,400.0,400.0,500.0,19.68943,0.0,213.356261,611.139939,385.53,0.0,481.782939
2020-04-28 06:00:00,400.0,400.0,75.9087,0.0,202.996725,0.0,470.342066,964.102,0.0,506.115791
2020-04-28 07:00:00,400.0,400.0,71.287879,0.0,719.101003,0.0,6.243747,1763.586,0.0,548.62275
2020-04-28 08:00:00,400.0,400.0,19.983547,0.0,891.438432,0.0,0.0,2137.97,0.0,578.929735
2020-04-28 09:00:00,400.0,400.0,18.861019,0.0,1111.929728,0.0,0.0,2421.53,0.0,588.390041
2020-04-28 10:00:00,400.0,400.0,19.430296,0.0,1029.080693,0.0,0.0,2606.33,0.0,628.537396
2020-04-28 11:00:00,400.0,400.0,19.68943,0.0,961.9239,0.0,0.0,2648.382,0.0,644.918715
2020-04-28 12:00:00,400.0,400.0,19.68943,0.0,965.590677,0.0,0.0,2630.884,0.0,641.743998
2020-04-28 13:00:00,400.0,400.0,19.983547,18.072542,915.257857,0.0,0.0,2669.468,0.0,655.081521
2020-04-28 14:00:00,400.0,400.0,71.287879,21.357832,703.274349,0.0,160.568999,2522.73,0.0,664.868348
2020-04-28 15:00:00,400.0,400.0,19.68943,20.419098,939.651591,0.0,0.0,2401.0,0.0,662.152261
2020-04-28 16:00:00,400.0,400.0,20.419098,25.074744,1163.824262,0.0,0.0,2058.738,0.0,658.187061
2020-04-28 17:00:00,400.0,400.0,18.072542,25.165321,1722.617136,0.0,0.0,1657.99,0.0,618.50593
2020-04-28 18:00:00,400.0,400.0,23.069973,71.155461,1433.56824,0.0,0.0,1088.398,0.0,660.874464
2020-04-28 19:00:00,400.0,400.0,23.437807,75.564957,1227.248332,0.0,0.0,974.07,0.0,681.27325
2020-04-28 20:00:00,400.0,400.0,23.128644,26.324557,1323.577466,0.0,0.0,999.404,0.0,662.82398
2020-04-28 21:00:00,400.0,400.0,21.843654,23.069973,1477.275537,0.0,0.0,1040.71,0.0,592.715169
2020-04-28 22:00:00,398.0,400.0,0.0,22.576747,2160.0,0.0,0.0,1211.001088,374.378912,515.850163
2020-04-28 23:00:00,398.0,400.0,0.0,22.96816,1792.0,0.0,0.0,1303.890427,278.209573,478.483564
2020-04-29 00:00:00,398.0,400.0,0.0,23.069973,1792.0,0.0,0.0,1226.722772,331.357228,466.908416
2020-04-29 01:00:00,398.0,400.0,0.0,23.069973,1607.0,0.0,0.0,1328.955145,44.594855,456.743272
2020-04-29 02:00:00,398.0,400.0,0.0,22.96816,1608.0,0.0,0.0,1284.58248,275.64752,449.937372
2020-04-29 03:00:00,398.0,400.0,0.0,23.069973,1608.0,0.0,0.0,1293.036985,320.813015,451.205548
2020-04-29 04:00:00,398.0,400.0,0.0,22.492854,1608.0,0.0,0.0,1340.270092,340.999908,458.290514
2020-04-29 05:00:00,398.0,400.0,0.0,19.68943,1607.0,0.0,0.0,1504.423965,149.074035,483.063595
2020-04-29 06:00:00,398.0,400.0,0.0,0.0,1593.0,0.0,0.0,1673.985213,385.982787,510.597782
2020-04-29 07:00:00,398.0,400.0,0.0,0.0,1594.0,0.0,0.0,1937.303228,430.194772,549.945484
2020-04-29 08:00:00,398.0,400.0,0.0,0.0,1593.0,0.0,0.0,2221.599459,338.270541,592.739919
2020-04-29 09:00:00,398.0,400.0,0.0,13.64213,1598.0,0.0,0.0,2291.62758,300.53442,602.494137
2020-04-29 10:00:00,398.0,400.0,0.0,18.072542,1599.0,0.0,0.0,2572.119033,147.930967,644.417855
2020-04-29 11:00:00,398.0,400.0,0.0,19.68943,1595.0,0.0,0.0,2627.929555,355.392445,653.389433
2020-04-29 12:00:00,398.0,400.0,0.0,20.419098,1580.0,0.0,0.0,2594.249732,261.578268,650.58746
2020-04-29 13:00:00,398.0,400.0,0.0,20.400003,1591.0,0.0,0.0,2689.404471,199.341529,663.210671
2020-04-29 14:00:00,398.0,400.0,0.0,19.430296,1587.0,0.0,0.0,2733.209496,278.858504,670.381424
2020-04-29 15:00:00,398.0,400.0,0.0,0.0,1579.0,0.0,0.0,2550.736985,194.215015,669.710548
2020-04-29 16:00:00,398.0,400.0,0.0,18.861019,1768.0,0.0,0.0,2287.022487,369.027513,655.053373
2020-04-29 17:00:00,398.0,400.0,0.0,20.846138,1954.0,0.0,0.0,1958.45171,116.32029,605.617756
2020-04-29 18:00:00,400.0,400.0,23.069973,73.437807,1038.46739,0.0,0.0,1345.69,0.0,660.033391
2020-04-29 19:00:00,400.0,400.0,23.128644,77.274563,960.762273,0.0,0.0,1177.9,0.0,681.320659
2020-04-29 20:00:00,400.0,400.0,23.069973,32.658147,1115.297717,0.0,0.0,1265.898,0.0,666.840042
2020-04-29 21:00:00,400.0,400.0,73.206766,23.029866,630.897289,0.0,153.275318,1385.188,0.0,597.643607
2020-04-29 22:00:00,400.0,400.0,23.080108,19.983547,799.511429,0.0,0.0,1379.343274,6.988726,516.724777
2020-04-29 23:00:00,400.0,400.0,19.034775,-0.0,941.014913,0.0,0.0,1715.398,0.0,486.657463
2020-04-30 00:00:00,400.0,400.0,16.970947,0.0,1129.636159,0.0,0.0,1766.038,0.0,465.960276
2020-04-30 01:00:00,400.0,400.0,20.400003,19.430296,825.370319,0.0,0.0,1427.814,0.0,460.866552
2020-04-30 02:00:00,400.0,400.0,20.419098,24.4564,745.90247,0.0,0.0,1114.932,0.0,451.35443
2020-04-30 03:00:00,400.0,400.0,21.116714,24.203364,875.954183,0.0,0.0,1041.946,0.0,448.648773
2020-04-30 04:00:00,400.0,400.0,20.846138,53.232818,927.388054,0.0,0.0,1171.114,0.0,460.308892
2020-04-30 05:00:00,400.0,400.0,21.287879,20.400003,814.055847,0.0,0.0,1260.854,0.0,482.519723
2020-04-30 06:00:00,400.0,400.0,72.96816,0.0,589.863476,0.0,93.854203,1257.168,0.0,515.595679
2020-04-30 07:00:00,400.0,400.0,72.732362,0.0,627.435567,0.0,102.210098,1577.7,0.0,558.039665
2020-04-30 08:00:00,400.0,400.0,21.843654,23.824379,759.084821,0.0,0.0,1821.718,0.0,600.394977
2020-04-30 09:00:00,400.0,400.0,21.116714,26.402571,1024.234373,0.0,0.0,1811.252,0.0,612.302644
2020-04-30 10:00:00,400.0,400.0,20.846138,34.762043,1256.142447,0.0,0.0,2048.96,0.0,640.922633
2020-04-30 11:00:00,400.0,400.0,19.68943,21.116714,1377.802764,0.0,0.0,2277.698,0.0,656.984285
2020-04-30 12:00:00,400.0,400.0,18.861019,20.419098,1547.1157,0.0,0.0,2443.714,0.0,656.489745
2020-04-30 13:00:00,400.0,400.0,18.861019,21.116714,1529.271825,0.0,0.0,2388.64,0.0,650.905226
2020-04-30 14:00:00,400.0,400.0,18.072542,27.438157,1617.072182,0.0,0.0,2248.238,0.0,642.174873
2020-04-30 15:00:00,400.0,400.0,20.419098,22.492854,1477.0054,0.0,0.0,1877.582,0.0,635.33649
2020-04-30 16:00:00,400.0,400.0,21.287879,24.579757,1369.61762,0.0,0.0,1638.468,0.0,615.577557
2020-04-30 17:00:00,400.0,400.0,21.843654,25.844829,1324.023484,0.0,0.0,1285.9,0.0,569.531477
2020-04-30 18:00:00,400.0,400.0,23.128644,27.014584,988.437697,0.0,0.0,917.434,0.0,615.599445
2020-04-30 19:00:00,400.0,400.0,24.617414,76.755559,1127.105067,0.0,0.0,850.048,0.0,641.39144
2020-04-30 20:00:00,400.0,400.0,25.9087,64.023991,1033.359416,0.0,0.0,749.518,0.0,639.173788
2020-04-30 21:00:00,400.0,400.0,23.128644,24.617414,1306.789632,0.0,0.0,577.186,0.0,572.309455
2020-04-30 22:00:00,400.0,400.0,23.128644,26.916906,938.296991,0.0,0.0,481.2,0.0,506.685451
2020-04-30 23:00:00,400.0,400.0,23.128644,24.617414,902.05318,0.0,0.0,255.846,0.0,478.318923
2020-05-01 00:00:00,400.0,400.0,22.96816,25.9087,1042.780363,0.0,0.0,245.054,0.0,455.591046
2020-05-01 01:00:00,400.0,400.0,23.128644,24.452717,805.543858,0.0,0.0,271.246,0.0,441.855321
2020-05-01 02:00:00,400.0,400.0,23.069973,24.617414,884.414365,0.0,0.0,282.562,0.0,431.722145
2020-05-01 03:00:00,400.0,400.0,22.96816,23.128644,899.584934,0.0,0.0,276.022,0.0,428.46556
2020-05-01 04:00:00,400.0,400.0,22.732362,31.583096,942.235039,0.0,0.0,404.498,0.0,441.339444
2020-05-01 05:00:00,400.0,400.0,74.617414,26.725856,496.010118,0.0,105.862564,525.848,0.0,473.225682
2020-05-01 06:00:00,400.0,400.0,73.128644,23.107604,461.514085,0.0,199.808902,1015.514,0.0,498.599987
2020-05-01 07:00:00,400.0,400.0,21.287879,24.457442,805.76454,0.0,0.0,1588.088,0.0,532.848519
2020-05-01 08:00:00,400.0,400.0,20.400003,19.68943,959.200781,0.0,0.0,1914.702,0.0,558.825183
2020-05-01 09:00:00,400.0,400.0,14.191367,10.04782,1295.779738,0.0,0.0,2217.41,0.0,553.744539
2020-05-01 10:00:00,400.0,400.0,16.970947,0.0,1277.352711,0.0,0.0,2372.816,0.0,579.819493
2020-05-01 11:00:00,400.0,400.0,16.970947,0.0,1260.637614,0.0,0.0,2444.616,0.0,593.096758
2020-05-01 12:00:00,400.0,400.0,16.970947,0.0,1289.72745,0.0,0.0,2439.04,0.0,587.896883
2020-05-01 13:00:00,400.0,400.0,16.970947,0.0,1274.048979,0.0,0.0,2440.73,0.0,590.502153
2020-05-01 14:00:00,400.0,400.0,18.861019,0.0,1153.223584,0.0,0.0,2362.166,0.0,596.841362
2020-05-01 15:00:00,400.0,400.0,18.573789,20.419098,1206.780161,0.0,0.0,2422.686,0.0,597.885876
2020-05-01 16:00:00,400.0,400.0,18.861019,24.691769,1195.501922,0.0,0.0,2091.054,0.0,600.832812
2020-05-01 17:00:00,398.0,400.0,0.0,26.476761,1666.0,0.0,0.0,1610.838926,138.507074,564.725839
2020-05-01 18:00:00,400.0,400.0,22.732362,26.673647,1330.529792,0.0,0.0,1132.284,0.0,598.763131
2020-05-01 19:00:00,400.0,400.0,23.069973,76.245579,1204.597475,0.0,0.0,995.182,0.0,597.087679
2020-05-01 20:00:00,400.0,400.0,23.657594,63.418235,1049.010297,0.0,0.0,846.832,0.0,598.173255
2020-05-01 21:00:00,400.0,400.0,23.206766,27.458056,1082.717752,0.0,0.0,646.346,0.0,563.044237
2020-05-01 22:00:00,400.0,400.0,23.128644,25.9087,1138.465023,0.0,0.0,432.222,0.0,522.563547
2020-05-01 23:00:00,400.0,400.0,23.069973,24.617414,1256.041565,0.0,0.0,361.032,0.0,494.248565
2020-05-02 00:00:00,400.0,400.0,23.128644,25.307512,818.918638,0.0,0.0,438.068,0.0,464.872404
2020-05-02 01:00:00,400.0,400.0,21.843654,26.157256,1113.793613,0.0,0.0,658.662,0.0,453.730258
2020-05-02 02:00:00,400.0,400.0,22.492854,23.657594,1081.551684,0.0,0.0,574.022,0.0,445.870547
2020-05-02 03:00:00,400.0,400.0,21.843654,26.202102,1115.539194,0.0,0.0,524.798,0.0,433.388821
2020-05-02 04:00:00,400.0,400.0,22.576747,30.382129,1010.142749,0.0,0.0,396.67,0.0,429.979088
2020-05-02 05:00:00,400.0,400.0,23.128644,21.288154,633.095966,0.0,0.0,430.8,0.0,438.405605
2020-05-02 06:00:00,400.0,400.0,73.069973,24.089634,385.304297,0.0,205.221159,895.454,0.0,438.772456
2020-05-02 07:00:00,400.0,400.0,20.846138,19.034775,698.019624,0.0,0.0,1445.69,0.0,474.400556
2020-05-02 08:00:00,400.0,400.0,20.400003,-0.0,793.872154,0.0,0.0,1835.066,0.0,518.429077
2020-05-02 09:00:00,400.0,400.0,18.861019,-0.0,978.198547,0.0,0.0,2063.348,0.0,525.022418
2020-05-02 10:00:00,400.0,400.0,18.861019,-0.0,974.930771,0.0,0.0,2303.368,0.0,561.515584
2020-05-02 11:00:00,400.0,400.0,18.072542,-0.0,1051.106026,0.0,0.0,2470.8,0.0,575.204096
2020-05-02 12:00:00,400.0,400.0,0.0,-0.0,1119.0,0.0,0.0,2518.880215,73.221785,572.232032
2020-05-02 13:00:00,400.0,400.0,0.0,-0.0,1134.0,0.0,0.0,2576.43446,226.21354,578.615169
2020-05-02 14:00:00,400.0,400.0,0.0,-0.0,1130.0,0.0,0.0,2652.429277,242.472723,590.614392
2020-05-02 15:00:00,400.0,400.0,0.0,-0.0,1120.0,0.0,0.0,2342.433606,592.568394,596.615041
2020-05-02 16:00:00,400.0,400.0,0.0,18.861019,1494.0,0.0,0.0,2245.710272,167.823728,607.006541
2020-05-02 17:00:00,400.0,400.0,16.970947,23.128644,1635.716313,0.0,0.0,1866.146,0.0,577.564453
2020-05-02 18:00:00,400.0,400.0,23.069973,39.413116,905.495199,0.0,0.0,1052.04,0.0,599.78172
2020-05-02 19:00:00,400.0,400.0,23.128644,70.436657,914.997202,0.0,0.0,1024.512,0.0,602.77722
2020-05-02 20:00:00,400.0,400.0,22.656017,73.437807,1247.069765,0.0,0.0,1343.044705,7.527295,605.546241
2020-05-02 21:00:00,400.0,400.0,21.116411,23.128644,1407.861043,0.0,0.0,1308.87,0.0,567.901344
2020-05-02 22:00:00,400.0,400.0,18.861019,20.419098,1579.81372,0.0,0.0,1637.67,0.0,533.978442
2020-05-02 23:00:00,400.0,400.0,73.069973,-0.0,423.191809,0.0,244.71962,1417.248,0.0,503.258429
2020-05-03 00:00:00,400.0,400.0,19.983547,24.612684,608.633288,0.0,0.0,1717.182,0.0,469.582307
2020-05-03 01:00:00,400.0,400.0,19.983547,0.0,616.364624,0.0,0.0,1635.05,0.0,453.702806
2020-05-03 02:00:00,400.0,400.0,19.034775,0.0,769.276192,0.0,0.0,1677.336,0.0,437.108971
2020-05-03 03:00:00,400.0,400.0,19.034775,0.0,795.159549,0.0,0.0,1664.668,0.0,431.326268
2020-05-03 04:00:00,398.0,400.0,0.0,0.0,903.0,0.0,0.0,1694.085189,10.646811,419.562778
2020-05-03 05:00:00,398.988,400.0,0.0,0.0,901.012,0.0,0.0,1709.280448,0.565552,422.140267
2020-05-03 06:00:00,398.0,400.0,0.0,0.0,897.0,0.0,0.0,1692.618679,78.815321,420.242802
2020-05-03 07:00:00,398.0,400.0,0.0,0.0,909.0,0.0,0.0,1884.089743,262.750257,451.663461
2020-05-03 08:00:00,398.0,400.0,0.0,0.0,960.0,0.0,0.0,2150.580474,331.681526,495.387071
2020-05-03 09:00:00,400.0,400.0,0.0,0.0,1009.0,0.0,0.0,2234.540571,354.797429,507.531086
2020-05-03 10:00:00,398.0,400.0,0.0,0.0,1011.0,0.0,0.0,2538.907794,167.874206,552.886169
2020-05-03 11:00:00,398.0,400.0,0.0,0.0,1010.0,0.0,0.0,2750.667586,118.562414,584.800138
2020-05-03 12:00:00,398.0,400.0,0.0,0.0,1009.0,0.0,0.0,2781.803795,185.446205,589.620569
2020-05-03 13:00:00,398.0,400.0,0.0,0.0,1009.0,0.0,0.0,2898.006745,81.507255,607.051012
2020-05-03 14:00:00,400.0,400.0,16.970947,19.17401,992.600399,0.0,0.0,2875.88,0.0,631.69194
2020-05-03 15:00:00,400.0,400.0,0.0,21.421777,1189.0,0.0,0.0,2635.954862,66.983138,644.993229
2020-05-03 16:00:00,400.0,400.0,19.034775,21.287879,1303.802158,0.0,0.0,2324.584,0.0,645.867276
2020-05-03 17:00:00,400.0,400.0,15.731586,25.341702,1613.721842,0.0,0.0,1771.716,0.0,606.899124
2020-05-03 18:00:00,400.0,400.0,23.069973,28.506042,1260.878515,0.0,0.0,1024.162,0.0,630.942523
2020-05-03 19:00:00,400.0,400.0,23.437807,76.755559,1075.226747,0.0,0.0,795.152,0.0,636.438788
2020-05-03 20:00:00,400.0,400.0,23.657594,70.082512,1022.178936,0.0,0.0,860.24,0.0,642.15916
2020-05-03 21:00:00,400.0,400.0,22.576747,23.128644,1384.995712,0.0,0.0,893.348,0.0,592.702843
2020-05-03 22:00:00,400.0,400.0,22.492854,21.287879,1278.048751,0.0,0.0,806.82,0.0,542.515687
2020-05-03 23:00:00,400.0,400.0,22.96816,21.843654,865.017285,0.0,0.0,828.664,0.0,501.247007
2020-05-04 00:00:00,400.0,400.0,19.430296,22.732362,1425.869601,0.0,0.0,1208.366,0.0,474.07446
2020-05-04 01:00:00,398.0,400.0,0.0,23.069973,1642.0,0.0,0.0,1303.425812,483.894188,455.913872
2020-05-04 02:00:00,398.0,400.0,0.0,28.760264,1644.0,0.0,0.0,1235.174859,752.671141,445.376229
2020-05-04 03:00:00,398.0,400.0,0.0,24.741001,1644.0,0.0,0.0,1207.052404,712.901596,441.157861
2020-05-04 04:00:00,398.0,400.0,0.0,30.338865,1643.0,0.0,0.0,1280.721753,584.176247,452.358263
2020-05-04 05:00:00,398.0,400.0,0.0,18.861019,1272.0,0.0,0.0,1768.065763,6.066237,474.609864
2020-05-04 06:00:00,398.0,400.0,0.0,0.0,1265.0,0.0,0.0,1926.890568,311.175432,499.483585
2020-05-04 07:00:00,398.0,400.0,0.0,0.0,1255.0,0.0,0.0,2261.6193,608.6987,551.192895
2020-05-04 08:00:00,398.0,400.0,0.0,0.0,1249.0,0.0,0.0,2523.289099,779.358901,591.343365
2020-05-04 09:00:00,398.0,400.0,0.0,0.0,1249.0,0.0,0.0,2639.28949,844.02851,608.743423
2020-05-04 10:00:00,398.0,400.0,0.0,0.0,1247.0,0.0,0.0,3000.10675,703.86325,663.166012
2020-05-04 11:00:00,398.0,400.0,0.0,0.0,1260.0,0.0,0.0,3161.447026,853.618974,685.417054
2020-05-04 12:00:00,398.0,400.0,0.0,0.0,1260.0,0.0,0.0,3263.124614,1019.973386,700.668692
2020-05-04 13:00:00,400.0,400.0,0.0,0.0,1255.0,0.0,0.0,3377.157533,826.008467,718.52363
2020-05-04 14:00:00,398.0,400.0,0.0,0.0,1256.0,0.0,0.0,3543.353519,516.532481,743.303028
2020-05-04 15:00:00,398.0,400.0,0.0,19.171173,1256.0,0.0,0.0,3570.252391,159.479609,747.337859
2020-05-04 16:00:00,400.0,400.0,18.861019,1.089536,1152.343071,0.0,0.0,3240.8,0.0,738.968539
2020-05-04 17:00:00,400.0,400.0,20.400003,20.526636,1007.364002,0.0,0.0,2661.12,0.0,701.5134
2020-05-04 18:00:00,400.0,400.0,76.755559,31.3483,268.97138,0.0,593.832113,1968.088,0.0,715.667493
2020-05-04 19:00:00,400.0,400.0,77.050889,73.873861,286.344043,0.0,543.589851,1815.87,0.0,710.778894
2020-05-04 20:00:00,400.0,400.0,81.857535,71.843654,275.828556,0.0,606.945361,1671.128,0.0,705.644917
2020-05-04 21:00:00,400.0,400.0,90.382001,22.809189,198.079,0.0,640.393431,1432.368543,182.971457,640.393431
2020-05-04 22:00:00,400.0,400.0,74.060266,20.547985,647.801545,0.0,107.894108,1693.739232,191.238768,573.080653
2020-05-04 23:00:00,400.0,400.0,22.23556,20.42044,720.599736,0.0,0.0,1547.473116,243.846884,524.231007
2020-05-05 00:00:00,400.0,400.0,20.42044,19.958349,962.17756,0.0,0.0,1651.901948,286.378052,495.408658
2020-05-05 01:00:00,400.0,400.0,20.234035,2.271775,1051.782615,0.0,0.0,1608.344399,213.769601,475.434268
2020-05-05 02:00:00,400.0,400.0,20.547985,18.52187,837.012347,0.0,0.0,1306.320597,289.595403,462.346238
2020-05-05 03:00:00,400.0,400.0,22.23556,20.42044,631.362293,0.0,0.0,1064.744585,310.775415,456.957344
2020-05-05 04:00:00,400.0,400.0,74.9512,21.122752,507.752544,0.0,117.237916,1016.915616,225.114384,468.324461
2020-05-05 05:00:00,400.0,400.0,74.771613,19.958349,371.916553,0.0,282.637864,1056.446,0.0,494.629417
2020-05-05 06:00:00,400.0,400.0,71.647258,0.0,627.996992,0.0,78.818959,1480.63,0.0,519.844951
2020-05-05 07:00:00,400.0,400.0,73.069973,0.0,432.368069,0.0,326.229521,1639.352,0.0,572.99759
2020-05-05 08:00:00,400.0,400.0,72.96816,0.0,484.750511,0.0,310.530412,1928.87,0.0,608.567923
2020-05-05 09:00:00,400.0,400.0,71.843654,19.034775,546.534715,0.0,267.769778,2096.338,0.0,624.420493
2020-05-05 10:00:00,400.0,400.0,73.069973,21.395006,444.473621,0.0,411.719836,2291.43,0.0,673.493457
2020-05-05 11:00:00,400.0,400.0,72.516066,23.225618,517.218236,0.0,387.767329,2511.462,0.0,702.486565
2020-05-05 12:00:00,400.0,400.0,19.983547,20.14048,885.629835,0.0,0.0,2716.852,0.0,703.533325
2020-05-05 13:00:00,400.0,400.0,18.861019,25.590801,1295.412644,0.0,0.0,2972.68,0.0,733.690103
2020-05-05 14:00:00,400.0,400.0,19.983547,23.24064,1210.607474,0.0,0.0,2912.152,0.0,765.081679
2020-05-05 15:00:00,400.0,400.0,19.983547,24.808338,1259.970762,0.0,0.0,2678.266,0.0,773.594286
2020-05-05 16:00:00,400.0,400.0,20.419098,25.10635,1532.077193,0.0,0.0,2342.764,0.0,763.453021
2020-05-05 17:00:00,400.0,400.0,19.983547,27.552813,1789.354928,0.0,0.0,1762.71,0.0,716.603261
2020-05-05 18:00:00,400.0,400.0,23.657594,68.437357,1361.372391,0.0,0.0,1036.002,0.0,727.294441
2020-05-05 19:00:00,400.0,400.0,24.62179,75.004411,1233.995442,0.0,0.0,874.92,0.0,725.838684
2020-05-05 20:00:00,400.0,400.0,24.62179,27.611485,1239.300794,0.0,0.0,816.478,0.0,712.676581
2020-05-05 21:00:00,400.0,400.0,24.617414,25.9087,1140.293753,0.0,0.0,615.012,0.0,644.057737
2020-05-05 22:00:00,400.0,400.0,23.128644,26.00635,1231.149768,0.0,0.0,625.904,0.0,578.813135
2020-05-05 23:00:00,400.0,400.0,22.732362,26.026901,1175.44161,0.0,0.0,583.104,0.0,527.499359
2020-05-06 00:00:00,400.0,400.0,21.647258,23.81291,1398.380686,0.0,0.0,618.73,0.0,499.402397
2020-05-06 01:00:00,400.0,400.0,21.647258,27.474869,1216.05615,0.0,0.0,671.53,0.0,481.421077
2020-05-06 02:00:00,400.0,400.0,22.656017,23.128644,983.882678,0.0,0.0,716.63423,12.26577,469.762733
2020-05-06 03:00:00,400.0,400.0,22.632352,23.128644,1024.689971,0.0,0.0,720.705879,176.578121,464.252386
2020-05-06 04:00:00,400.0,400.0,22.972766,31.975916,956.702804,0.0,0.0,719.399406,155.114594,474.25449
2020-05-06 05:00:00,400.0,400.0,78.389212,22.334907,508.557035,0.0,152.457726,797.975447,199.022553,500.012762
2020-05-06 06:00:00,400.0,400.0,22.972766,20.42044,844.056221,0.0,0.0,1338.652063,210.425937,530.789376
2020-05-06 07:00:00,400.0,400.0,20.526636,-0.0,1198.561826,0.0,0.0,1921.200725,155.649275,564.995835
2020-05-06 08:00:00,400.0,400.0,0.0,-0.0,1435.0,0.0,0.0,2319.179001,297.202999,589.22685
2020-05-06 09:00:00,400.0,400.0,0.0,-0.0,1433.0,0.0,0.0,2546.728102,293.451898,623.659215
2020-05-06 10:00:00,400.0,400.0,0.0,-0.0,1432.0,0.0,0.0,2753.273783,330.258217,654.791067
2020-05-06 11:00:00,400.0,400.0,0.0,-0.0,1430.0,0.0,0.0,2856.666661,303.273339,670.599999
2020-05-06 12:00:00,398.0,400.0,0.0,7.130025,1443.0,0.0,0.0,2996.687722,265.960278,689.653158
2020-05-06 13:00:00,400.0,400.0,0.0,19.983547,1440.0,0.0,0.0,3035.069048,303.428952,695.860357
2020-05-06 14:00:00,398.0,400.0,0.0,20.419098,1443.0,0.0,0.0,3182.258758,215.855242,742.988814
2020-05-06 15:00:00,398.0,400.0,0.0,21.647258,1630.0,0.0,0.0,2995.648664,484.155336,714.6973
2020-05-06 16:00:00,398.0,400.0,0.0,22.868344,1625.0,0.0,0.0,2621.645818,632.034182,710.346873
2020-05-06 17:00:00,398.0,400.0,0.0,29.460052,1997.0,0.0,0.0,2317.826274,583.905726,664.473941
2020-05-06 18:00:00,400.0,400.0,20.42044,73.206766,1731.25418,0.0,0.0,2205.327981,148.540019,693.46107
2020-05-06 19:00:00,400.0,400.0,19.983547,68.211838,1646.087527,0.0,0.0,2139.53,0.0,696.366371
2020-05-06 20:00:00,400.0,400.0,21.122752,23.148946,1600.09153,0.0,0.0,2056.646551,55.967449,684.833253
2020-05-06 21:00:00,400.0,400.0,22.656017,19.983547,938.48953,0.0,0.0,1721.403848,98.448152,627.287148
2020-05-06 22:00:00,400.0,400.0,21.368347,21.191439,975.943912,0.0,0.0,1699.52329,146.49671,565.136907
2020-05-06 23:00:00,400.0,400.0,20.42044,21.905537,1167.40998,0.0,0.0,1562.333633,207.946367,515.838548
2020-05-07 00:00:00,400.0,400.0,21.122752,22.890962,820.0099,0.0,0.0,1409.255753,266.816247,491.736878
2020-05-07 01:00:00,400.0,400.0,19.958349,20.42044,1103.027548,0.0,0.0,1553.000011,288.109989,470.845869
2020-05-07 02:00:00,400.0,400.0,19.958349,20.42044,1119.23447,0.0,0.0,1530.980338,340.569662,465.11188
2020-05-07 03:00:00,400.0,400.0,19.958349,20.526636,1118.126625,0.0,0.0,1493.490887,338.087113,459.654639
2020-05-07 04:00:00,400.0,400.0,20.42044,28.26756,1023.932783,0.0,0.0,1475.397655,329.668345,471.069731
2020-05-07 05:00:00,400.0,400.0,20.42044,19.68943,971.450933,0.0,0.0,1554.632489,339.017511,490.827233
2020-05-07 06:00:00,400.0,400.0,13.352779,0.0,1235.519595,0.0,0.0,2042.144033,322.685967,524.343666
2020-05-07 07:00:00,398.0,400.0,0.0,0.0,1276.0,0.0,0.0,2326.339421,544.608579,560.900913
2020-05-07 08:00:00,398.0,400.0,0.0,0.0,1262.0,0.0,0.0,2501.515555,897.396445,589.277333
2020-05-07 09:00:00,398.0,400.0,0.0,0.0,1262.0,0.0,0.0,2649.451301,945.260699,611.467695
2020-05-07 10:00:00,398.0,400.0,0.0,0.0,1260.0,0.0,0.0,2784.974091,724.515909,632.096114
2020-05-07 11:00:00,398.0,400.0,0.0,0.0,1260.0,0.0,0.0,2828.857475,714.520525,638.678621
2020-05-07 12:00:00,398.0,400.0,0.0,0.0,1262.0,0.0,0.0,2948.668763,512.943237,656.350314
2020-05-07 13:00:00,398.0,400.0,0.0,18.861019,1262.0,0.0,0.0,3026.786547,436.893453,668.067982
2020-05-07 14:00:00,398.0,400.0,0.0,20.562423,1261.0,0.0,0.0,3296.222945,60.859055,708.633442
2020-05-07 15:00:00,400.0,400.0,0.0,22.088979,1263.0,0.0,0.0,2849.557839,136.122161,692.333676
2020-05-07 16:00:00,398.0,400.0,0.0,25.915153,1628.0,0.0,0.0,2669.979924,42.042076,691.646989
2020-05-07 17:00:00,398.0,400.0,0.0,25.292142,1818.0,0.0,0.0,1969.184423,102.193577,636.777663
2020-05-07 18:00:00,400.0,400.0,22.516066,65.92921,1438.244853,0.0,0.0,1326.034,0.0,652.768372
2020-05-07 19:00:00,400.0,400.0,23.128644,75.9087,1157.696798,0.0,0.0,1142.202,0.0,670.87578
2020-05-07 20:00:00,400.0,400.0,22.732362,25.328821,1316.65766,0.0,0.0,1274.52,0.0,663.279351
2020-05-07 21:00:00,400.0,400.0,22.576747,23.069973,1255.630958,0.0,0.0,1201.5,0.0,608.230356
2020-05-07 22:00:00,400.0,400.0,19.983547,23.206766,1646.474701,0.0,0.0,1234.612,0.0,554.570595
2020-05-07 23:00:00,400.0,400.0,19.983547,23.437807,1504.509083,0.0,0.0,1119.888,0.0,505.406838
2020-05-08 00:00:00,400.0,400.0,19.430296,23.206766,1600.778888,0.0,0.0,1081.08,0.0,485.145167
2020-05-08 01:00:00,400.0,400.0,21.287879,22.96816,1088.723318,0.0,0.0,765.3,0.0,461.336502
2020-05-08 02:00:00,400.0,400.0,21.287879,22.732362,1097.093789,0.0,0.0,752.738,0.0,458.196632
2020-05-08 03:00:00,400.0,400.0,21.647258,22.516066,1051.853503,0.0,0.0,661.33,0.0,451.271475
2020-05-08 04:00:00,400.0,400.0,21.647258,33.257199,1043.832439,0.0,0.0,706.764,0.0,459.289734
2020-05-08 05:00:00,400.0,400.0,22.732362,22.732362,839.396172,0.0,0.0,701.63,0.0,489.185074
2020-05-08 06:00:00,400.0,400.0,20.846138,20.419098,1159.274486,0.0,0.0,1210.42,0.0,517.521827
2020-05-08 07:00:00,400.0,400.0,19.034775,19.68943,1485.172215,0.0,0.0,1820.248,0.0,560.111368
2020-05-08 08:00:00,400.0,400.0,0.0,19.68943,1670.0,0.0,0.0,2130.046985,120.135015,578.857048
2020-05-08 09:00:00,400.0,400.0,0.0,16.063692,1670.0,0.0,0.0,2294.724847,141.393153,603.558727
2020-05-08 10:00:00,400.0,400.0,0.0,0.0,1650.0,0.0,0.0,2431.461891,150.560109,627.069284
2020-05-08 11:00:00,400.0,400.0,0.0,0.0,1650.0,0.0,0.0,2427.282079,174.733921,626.442312
2020-05-08 12:00:00,400.0,400.0,0.0,0.0,1653.0,0.0,0.0,2454.802536,198.051464,630.12038
2020-05-08 13:00:00,400.0,400.0,0.0,0.0,1667.0,0.0,0.0,2492.024266,250.991734,633.60364
2020-05-08 14:00:00,400.0,400.0,18.072542,18.463561,1611.306034,0.0,0.0,2688.212,0.0,671.385895
2020-05-08 15:00:00,400.0,400.0,18.573789,20.400003,1579.397737,0.0,0.0,2580.188,0.0,659.968539
2020-05-08 16:00:00,400.0,400.0,19.68943,22.516066,1377.641634,0.0,0.0,2164.798,0.0,653.423455
2020-05-08 17:00:00,400.0,400.0,19.034775,25.452257,1579.230431,0.0,0.0,1694.92,0.0,605.953435
2020-05-08 18:00:00,400.0,400.0,23.128644,25.247795,959.256785,0.0,0.0,980.14,0.0,619.482482
2020-05-08 19:00:00,400.0,400.0,23.657594,74.617414,810.321509,0.0,0.0,866.738,0.0,632.912474
2020-05-08 20:00:00,400.0,400.0,74.617414,65.521424,744.940703,0.0,50.200792,765.064,0.0,627.618495
2020-05-08 21:00:00,400.0,400.0,76.324557,22.576747,510.398754,0.0,237.862733,636.182,0.0,590.217487
2020-05-08 22:00:00,400.0,400.0,76.790897,25.689951,355.503975,0.0,343.545929,534.65,0.0,551.706904
2020-05-08 23:00:00,400.0,400.0,83.035526,20.846138,153.787529,0.0,473.988441,308.634,0.0,494.811971
2020-05-09 00:00:00,400.0,400.0,500.921833,24.319068,0.0,88.229615,606.826742,310.802,0.0,478.189742
2020-05-09 01:00:00,400.0,400.0,500.0,19.034775,0.0,277.759961,580.126894,277.346,0.0,457.605894
2020-05-09 02:00:00,400.0,400.0,500.0,-0.0,0.0,486.915235,576.050085,307.132,0.0,454.207085
2020-05-09 03:00:00,400.0,400.0,500.0,-0.0,0.0,358.329621,559.680043,344.784,0.0,440.567043
2020-05-09 04:00:00,400.0,400.0,500.0,-0.0,0.0,266.486811,562.052522,438.69,0.0,440.876522
2020-05-09 05:00:00,400.0,400.0,500.0,-0.0,0.0,156.191646,563.944147,559.516,0.0,442.456147
2020-05-09 06:00:00,400.0,400.0,71.647258,-0.0,437.290276,0.0,181.803882,1270.478,0.0,460.078159
2020-05-09 07:00:00,400.0,400.0,19.430296,-0.0,800.717777,0.0,0.0,1819.75,0.0,487.954833
2020-05-09 08:00:00,400.0,400.0,18.072542,-0.0,976.532281,0.0,0.0,2208.518,0.0,519.897858
2020-05-09 09:00:00,400.0,400.0,18.861019,-0.0,884.21328,0.0,0.0,2307.634,0.0,548.613108
2020-05-09 10:00:00,400.0,400.0,18.072542,-0.0,960.987945,0.0,0.0,2650.918,0.0,588.589508
2020-05-09 11:00:00,400.0,400.0,0.0,-0.0,1023.0,0.0,0.0,2749.218943,136.013057,594.032841
2020-05-09 12:00:00,399.836,400.0,0.0,-0.0,1019.164,0.0,0.0,2845.043055,422.860945,608.981858
2020-05-09 13:00:00,400.0,400.0,0.0,-0.0,1025.0,0.0,0.0,2842.404668,801.215332,611.0107
2020-05-09 14:00:00,400.0,400.0,0.0,-0.0,1057.0,0.0,0.0,3106.000945,658.879055,650.700142
2020-05-09 15:00:00,400.0,400.0,0.0,-0.0,1058.0,0.0,0.0,3029.557582,625.024418,639.083637
2020-05-09 16:00:00,400.0,400.0,0.0,-0.0,1058.0,0.0,0.0,3078.82889,209.15111,646.474334
2020-05-09 17:00:00,400.0,400.0,0.0,19.034775,1059.0,0.0,0.0,2435.266129,256.399871,605.289919
2020-05-09 18:00:00,400.0,400.0,21.843654,67.276132,827.31436,0.0,0.0,1841.086,0.0,622.615746
2020-05-09 19:00:00,400.0,400.0,19.983547,73.206766,1215.364992,0.0,0.0,2061.332,0.0,629.095051
2020-05-09 20:00:00,400.0,400.0,19.68943,51.184525,1340.222938,0.0,0.0,2162.718,0.0,616.124259
2020-05-09 21:00:00,400.0,400.0,20.419098,19.68943,954.190216,0.0,0.0,2013.612,0.0,582.663268
2020-05-09 22:00:00,400.0,400.0,19.430296,19.68943,1110.051111,0.0,0.0,1991.83,0.0,556.016833
2020-05-09 23:00:00,400.0,396.0,0.0,4.382417,1339.0,0.0,0.0,1877.292474,198.745526,504.493871
2020-05-10 00:00:00,400.0,400.0,0.0,-0.0,1337.0,0.0,0.0,1728.509738,126.444262,482.476461
2020-05-10 01:00:00,400.0,400.0,19.430296,-0.0,698.259414,0.0,0.0,1703.346,0.0,456.612988
2020-05-10 02:00:00,400.0,400.0,70.419098,-0.0,568.372877,0.0,46.856291,1591.754,0.0,459.357168
2020-05-10 03:00:00,400.0,400.0,19.034775,-0.0,756.242661,0.0,0.0,1684.93,0.0,445.153101
2020-05-10 04:00:00,400.0,400.0,0.0,-0.0,922.0,0.0,0.0,1768.147557,118.440443,432.772133
2020-05-10 05:00:00,398.0,400.0,0.0,-0.0,925.0,0.0,0.0,1743.139548,241.948452,428.570932
2020-05-10 06:00:00,398.0,400.0,0.0,-0.0,919.0,0.0,0.0,1813.707469,873.978531,440.05612
2020-05-10 07:00:00,398.0,400.0,0.0,-0.0,911.0,0.0,0.0,2007.934132,1445.743868,470.39012
2020-05-10 08:00:00,398.0,400.0,0.0,-0.0,905.0,0.0,0.0,2194.454909,1636.927091,499.268236
2020-05-10 09:00:00,400.0,400.0,0.0,-0.0,901.0,0.0,0.0,2344.384569,1454.713431,522.357685
2020-05-10 10:00:00,400.0,400.0,0.0,-0.0,900.0,0.0,0.0,2622.432545,1356.957455,564.214882
2020-05-10 11:00:00,400.0,400.0,0.0,-0.0,902.0,0.0,0.0,2714.82884,1680.01716,578.974326
2020-05-10 12:00:00,398.0,400.0,0.0,-0.0,917.0,0.0,0.0,2725.925588,1850.024412,602.688838
2020-05-10 13:00:00,398.0,400.0,0.0,-0.0,1103.0,0.0,0.0,2793.005793,1956.912207,612.600869
2020-05-10 14:00:00,398.0,400.0,0.0,-0.0,1097.0,0.0,0.0,3139.513035,1364.902965,665.476955
2020-05-10 15:00:00,398.0,400.0,0.0,-0.0,1097.0,0.0,0.0,3103.062584,1323.733416,660.009388
2020-05-10 16:00:00,398.0,400.0,0.0,-0.0,1097.0,0.0,0.0,3185.187332,789.824668,672.3281
2020-05-10 17:00:00,398.0,400.0,0.0,8.646234,1101.0,0.0,0.0,2780.961278,750.406722,636.594192
2020-05-10 18:00:00,400.0,400.0,19.958349,21.768501,1126.376608,0.0,0.0,2701.034662,232.345338,651.848708
2020-05-10 19:00:00,400.0,400.0,20.761583,77.260092,975.79264,0.0,0.0,2570.33868,221.56332,672.981906
2020-05-10 20:00:00,400.0,400.0,19.987876,77.740752,1236.987526,0.0,0.0,2646.746871,303.573129,632.063902
2020-05-10 21:00:00,400.0,400.0,18.769533,14.960906,1200.410468,0.0,0.0,2611.763719,303.326281,612.652988
2020-05-10 22:00:00,398.0,400.0,0.0,9.620642,1076.0,0.0,0.0,2506.977012,266.492988,562.346552
2020-05-10 23:00:00,398.0,400.0,-0.0,26.297614,1076.0,0.0,0.0,2183.104415,411.315585,513.765662
2020-05-11 00:00:00,398.0,400.0,-0.0,69.38281,1045.0,0.0,0.0,1839.352899,764.197101,484.102935
2020-05-11 01:00:00,398.0,400.0,0.0,46.802785,1225.0,0.0,0.0,1694.187416,828.142584,467.578112
2020-05-11 02:00:00,398.0,400.0,0.0,25.570495,1267.0,0.0,0.0,1615.12093,776.83307,456.31814
2020-05-11 03:00:00,398.0,400.0,0.0,19.68943,1084.0,0.0,0.0,1763.244726,699.855274,452.736709
2020-05-11 04:00:00,398.0,400.0,0.0,26.795376,1081.0,0.0,0.0,1839.622555,536.525445,464.643383
2020-05-11 05:00:00,398.0,400.0,0.0,-0.0,1084.0,0.0,0.0,2023.93546,475.35454,491.840319
2020-05-11 06:00:00,398.0,400.0,0.0,-0.0,1077.0,0.0,0.0,2232.341506,891.406494,524.151226
2020-05-11 07:00:00,398.0,400.0,0.0,-0.0,1060.0,0.0,0.0,2534.747357,881.770643,572.062104
2020-05-11 08:00:00,398.0,400.0,0.0,-0.0,1053.0,0.0,0.0,2739.758972,744.659028,603.863846
2020-05-11 09:00:00,398.0,400.0,0.0,-0.0,1051.0,0.0,0.0,2996.949427,492.128573,642.742414
2020-05-11 10:00:00,398.0,400.0,0.0,-0.0,1049.0,0.0,0.0,3169.212822,373.767178,670.081923
2020-05-11 11:00:00,398.0,400.0,0.0,-0.0,1048.0,0.0,0.0,3175.914579,363.855421,695.537187
2020-05-11 12:00:00,398.0,400.0,0.0,-0.0,1234.0,0.0,0.0,3332.559288,239.994712,718.883893
2020-05-11 13:00:00,398.0,400.0,0.0,-0.0,1233.0,0.0,0.0,3505.091427,90.188573,744.913714
2020-05-11 14:00:00,400.0,400.0,18.072542,19.475597,1170.082978,0.0,0.0,3406.79,0.0,765.106053
2020-05-11 15:00:00,400.0,400.0,20.400003,21.033371,1098.385078,0.0,0.0,3073.932,0.0,779.182038
2020-05-11 16:00:00,400.0,400.0,19.034775,22.492854,1422.785632,0.0,0.0,2775.01,0.0,764.433655
2020-05-11 17:00:00,400.0,400.0,23.069973,26.008313,1239.675462,0.0,0.0,2130.266,0.0,776.188581
2020-05-11 18:00:00,400.0,400.0,25.9087,72.104691,1030.535165,0.0,0.0,1376.638,0.0,724.665425
2020-05-11 19:00:00,400.0,400.0,25.9087,76.429316,1056.739215,0.0,0.0,1451.984,0.0,744.036718
2020-05-11 20:00:00,400.0,400.0,24.08455,24.006037,1318.035718,0.0,0.0,1462.749558,1.888442,692.057076
2020-05-11 21:00:00,400.0,400.0,76.429316,21.905537,854.142227,0.0,16.452239,1537.332,0.0,666.328466
2020-05-11 22:00:00,400.0,400.0,23.388687,20.42044,877.664761,0.0,0.0,1409.56547,125.46653,590.385106
2020-05-11 23:00:00,400.0,400.0,74.762577,21.122752,711.865217,0.0,0.0,1251.013332,72.218668,538.222217
2020-05-12 00:00:00,400.0,400.0,22.709794,24.906865,856.930458,0.0,0.0,1114.410448,75.055552,495.971998
2020-05-12 01:00:00,400.0,400.0,21.905537,22.709794,961.805487,0.0,0.0,1123.542227,89.707773,481.610511
2020-05-12 02:00:00,400.0,400.0,20.42044,22.656017,1163.746485,0.0,0.0,1225.340482,65.639518,466.5891
2020-05-12 03:00:00,400.0,400.0,19.034775,22.709794,1194.769344,0.0,0.0,1266.662,0.0,468.133898
2020-05-12 04:00:00,400.0,400.0,20.400003,21.116714,1059.931362,0.0,0.0,1146.88,0.0,470.392296
2020-05-12 05:00:00,400.0,400.0,21.843654,18.861019,859.201028,0.0,0.0,1124.248,0.0,497.107046
2020-05-12 06:00:00,400.0,400.0,19.430296,-0.0,1152.556219,0.0,0.0,1635.62,0.0,529.809567
2020-05-12 07:00:00,400.0,400.0,20.400003,-0.0,1039.906117,0.0,0.0,1851.414,0.0,579.076182
2020-05-12 08:00:00,400.0,400.0,20.400003,-0.0,1041.027283,0.0,0.0,2026.286,0.0,605.138808
2020-05-12 09:00:00,400.0,400.0,21.287879,14.451667,900.374558,0.0,0.0,2151.514,0.0,645.020916
2020-05-12 10:00:00,400.0,400.0,20.419098,16.970947,1014.362301,0.0,0.0,2405.29,0.0,665.989155
2020-05-12 11:00:00,400.0,400.0,20.400003,18.861019,1052.219357,0.0,0.0,2604.882,0.0,690.249396
2020-05-12 12:00:00,400.0,400.0,71.287879,19.68943,900.856003,0.0,16.555397,2615.272,0.0,714.5124
2020-05-12 13:00:00,400.0,400.0,21.116714,23.218555,940.401453,0.0,0.0,2658.22,0.0,715.022782
2020-05-12 14:00:00,400.0,400.0,19.68943,24.281181,1111.611479,0.0,0.0,2743.238,0.0,748.593978
2020-05-12 15:00:00,400.0,400.0,19.68943,24.245863,1466.14469,0.0,0.0,2607.018,0.0,759.730996
2020-05-12 16:00:00,400.0,400.0,19.68943,25.816657,1647.950455,0.0,0.0,2248.2,0.0,757.387432
2020-05-12 17:00:00,400.0,400.0,22.732362,26.810964,1596.969071,0.0,0.0,1727.2,0.0,767.884639
2020-05-12 18:00:00,400.0,400.0,23.206766,65.533407,1452.567776,0.0,0.0,988.268,0.0,706.455034
2020-05-12 19:00:00,400.0,400.0,25.9087,76.790897,1156.05389,0.0,0.0,810.282,0.0,729.034216
2020-05-12 20:00:00,400.0,400.0,24.617414,29.203985,1268.648563,0.0,0.0,646.302,0.0,682.748016
2020-05-12 21:00:00,400.0,400.0,24.617414,25.9087,1092.881442,0.0,0.0,587.018,0.0,646.970484
2020-05-12 22:00:00,400.0,400.0,23.206766,26.846934,1098.994584,0.0,0.0,525.122,0.0,583.519112
2020-05-12 23:00:00,400.0,400.0,23.069973,24.617414,1022.806046,0.0,0.0,424.06,0.0,526.538093
2020-05-13 00:00:00,400.0,400.0,23.069973,28.312525,840.197849,0.0,0.0,368.834,0.0,492.395423
2020-05-13 01:00:00,400.0,400.0,22.732362,24.040386,939.41926,0.0,0.0,331.118,0.0,471.854811
2020-05-13 02:00:00,400.0,400.0,22.732362,23.069973,960.528911,0.0,0.0,311.338,0.0,465.721363
2020-05-13 03:00:00,400.0,400.0,22.516066,23.069973,1070.791442,0.0,0.0,395.868,0.0,461.861484
2020-05-13 04:00:00,400.0,400.0,22.492854,31.818814,1084.235767,0.0,0.0,407.014,0.0,461.516735
2020-05-13 05:00:00,400.0,400.0,73.437807,21.843654,587.173611,0.0,39.601047,442.498,0.0,488.148658
2020-05-13 06:00:00,400.0,400.0,21.843654,19.68943,1011.158667,0.0,0.0,1135.418,0.0,528.4889
2020-05-13 07:00:00,400.0,400.0,19.983547,0.0,1289.64263,0.0,0.0,1722.92,0.0,574.841605
2020-05-13 08:00:00,400.0,400.0,18.072542,0.0,1610.54989,0.0,0.0,2177.718,0.0,594.925217
2020-05-13 09:00:00,400.0,400.0,0.0,0.0,1666.0,0.0,0.0,2498.89804,120.44996,634.784706
2020-05-13 10:00:00,400.0,400.0,0.0,0.0,1664.0,0.0,0.0,2686.194689,187.757311,663.179203
2020-05-13 11:00:00,398.836,400.0,0.0,5.726942,1663.164,0.0,0.0,2880.747223,209.250777,692.487483
2020-05-13 12:00:00,400.0,400.0,0.0,19.430296,1660.0,0.0,0.0,3070.063195,93.222805,721.359479
2020-05-13 13:00:00,400.0,400.0,18.861019,21.608188,1515.006761,0.0,0.0,3123.568,0.0,751.134186
2020-05-13 14:00:00,400.0,400.0,19.034775,26.713014,1436.942523,0.0,0.0,2946.338,0.0,787.259322
2020-05-13 15:00:00,400.0,400.0,19.983547,23.069973,1707.190881,0.0,0.0,2691.4,0.0,789.481368
2020-05-13 16:00:00,400.0,400.0,20.419098,25.487992,1736.761559,0.0,0.0,2240.732,0.0,770.695566
2020-05-13 17:00:00,400.0,400.0,23.128644,27.564672,1331.541611,0.0,0.0,1594.51,0.0,787.795258
2020-05-13 18:00:00,400.0,400.0,23.657594,75.333555,1335.065511,0.0,0.0,960.714,0.0,721.147273
2020-05-13 19:00:00,400.0,400.0,26.324557,70.145367,1160.678301,0.0,0.0,888.03,0.0,735.202755
2020-05-13 20:00:00,400.0,400.0,25.9087,26.682755,1103.497331,0.0,0.0,870.382,0.0,687.8827
2020-05-13 21:00:00,400.0,400.0,23.206766,26.175923,1343.778152,0.0,0.0,836.896,0.0,646.817677
2020-05-13 22:00:00,400.0,400.0,23.069973,25.973838,1129.174505,0.0,0.0,854.132,0.0,575.093624
2020-05-13 23:00:00,400.0,400.0,22.732362,23.128644,985.838391,0.0,0.0,731.4,0.0,524.934241
2020-05-14 00:00:00,400.0,400.0,23.437807,22.96816,652.091055,0.0,0.0,555.502,0.0,495.361642
2020-05-14 01:00:00,400.0,400.0,22.732362,28.25854,885.518078,0.0,0.0,614.862,0.0,469.251588
2020-05-14 02:00:00,400.0,400.0,22.732362,22.732362,695.122689,0.0,0.0,692.662,0.0,458.630897
2020-05-14 03:00:00,400.0,400.0,20.846138,21.116714,965.232965,0.0,0.0,1006.996,0.0,462.864455
2020-05-14 04:00:00,400.0,400.0,21.647258,20.419098,854.820441,0.0,0.0,900.404,0.0,463.437534
2020-05-14 05:00:00,400.0,400.0,22.96816,19.430296,670.705847,0.0,0.0,892.12,0.0,489.812123
2020-05-14 06:00:00,400.0,400.0,19.68943,0.0,1162.190645,0.0,0.0,1630.89,0.0,526.904903
2020-05-14 07:00:00,400.0,400.0,0.0,0.0,1438.0,0.0,0.0,2251.204954,91.179046,578.580743
2020-05-14 08:00:00,398.0,400.0,0.0,0.0,1449.0,0.0,0.0,2440.274393,227.261607,605.291159
2020-05-14 09:00:00,400.0,400.0,18.072542,0.0,1391.546114,0.0,0.0,2632.57,0.0,642.753583
2020-05-14 10:00:00,400.0,400.0,19.983547,18.072542,1135.658887,0.0,0.0,2635.654,0.0,681.599267
2020-05-14 11:00:00,400.0,400.0,20.846138,20.400003,989.721524,0.0,0.0,2743.15,0.0,719.614271
2020-05-14 12:00:00,400.0,400.0,20.400003,26.711104,1073.353789,0.0,0.0,2899.95,0.0,760.589432
2020-05-14 13:00:00,400.0,400.0,20.400003,25.092132,1300.909824,0.0,0.0,2924.332,0.0,787.113326
2020-05-14 14:00:00,400.0,400.0,21.287879,25.117806,1306.834993,0.0,0.0,2822.278,0.0,824.166451
2020-05-14 15:00:00,400.0,400.0,21.647258,25.416659,1437.398246,0.0,0.0,2563.798,0.0,819.059963
2020-05-14 16:00:00,400.0,400.0,22.732362,63.520162,1406.181036,0.0,0.0,2218.502,0.0,799.698145
2020-05-14 17:00:00,400.0,400.0,75.9087,23.128644,973.672265,0.0,71.887895,1868.9,0.0,812.13416
2020-05-14 18:00:00,400.0,400.0,76.790897,23.069973,679.817821,0.0,280.593506,1129.78,0.0,745.344327
2020-05-14 19:00:00,400.0,400.0,76.429316,74.617414,761.756587,0.0,168.236225,1271.822,0.0,759.159812
2020-05-14 20:00:00,400.0,400.0,23.437807,25.537316,1115.652902,0.0,0.0,1293.15,0.0,704.474565
2020-05-14 21:00:00,400.0,400.0,22.732362,25.423459,1200.89622,0.0,0.0,1422.586,0.0,657.853467
2020-05-14 22:00:00,400.0,400.0,20.400003,26.492253,1470.608957,0.0,0.0,1539.868,0.0,581.738856
2020-05-14 23:00:00,400.0,400.0,17.392886,24.541679,1474.873264,0.0,0.0,1878.649811,31.398189,527.816482
2020-05-15 00:00:00,400.0,400.0,19.958349,24.081573,1213.875393,0.0,0.0,1811.271652,176.110348,501.209439
2020-05-15 01:00:00,400.0,400.0,0.0,20.526636,1137.0,0.0,0.0,1890.824554,277.925446,471.423683
2020-05-15 02:00:00,400.0,400.0,0.0,20.234035,1141.0,0.0,0.0,1817.671044,464.678956,459.850657
2020-05-15 03:00:00,400.0,400.0,0.0,0.0,1139.0,0.0,0.0,1847.825133,419.120867,464.67377
2020-05-15 04:00:00,398.0,400.0,0.0,0.0,1135.0,0.0,0.0,1863.756658,249.313342,467.663499
2020-05-15 05:00:00,400.0,400.0,20.42044,0.0,908.239553,0.0,0.0,1772.946159,144.885841,488.055991
2020-05-15 06:00:00,400.0,400.0,20.234035,0.0,995.329368,0.0,0.0,2175.810018,21.207982,535.422097
2020-05-15 07:00:00,400.0,400.0,19.68943,0.0,822.7764,0.0,0.0,2357.298,0.0,588.52824
2020-05-15 08:00:00,400.0,400.0,72.492854,0.0,448.500423,0.0,377.867314,2161.532,0.0,615.304737
2020-05-15 09:00:00,400.0,400.0,71.287879,18.861019,575.327059,0.0,283.325682,2584.412,0.0,659.712741
2020-05-15 10:00:00,400.0,400.0,69.68943,23.808787,855.46871,0.0,14.324183,2958.668,0.0,699.329893
2020-05-15 11:00:00,400.0,400.0,19.034775,23.08074,1148.334668,0.0,0.0,3310.184,0.0,744.8774
2020-05-15 12:00:00,398.0,400.0,0.0,24.358189,1394.0,0.0,0.0,3534.70676,39.09724,781.006014
2020-05-15 13:00:00,400.0,400.0,0.0,22.782213,1574.0,0.0,0.0,3561.028704,92.325296,811.204306
2020-05-15 14:00:00,400.0,400.0,16.970947,24.704373,1735.296933,0.0,0.0,3603.286,0.0,846.59836
2020-05-15 15:00:00,400.0,400.0,20.400003,24.146105,1550.555017,0.0,0.0,3217.896,0.0,847.551147
2020-05-15 16:00:00,400.0,400.0,20.419098,25.967606,1566.60809,0.0,0.0,2744.132,0.0,830.028586
2020-05-15 17:00:00,400.0,400.0,22.732362,27.377436,1434.305884,0.0,0.0,2078.95,0.0,831.096617
2020-05-15 18:00:00,400.0,400.0,23.128644,68.24759,1421.066237,0.0,0.0,1391.038,0.0,757.645764
2020-05-15 19:00:00,400.0,400.0,26.429316,75.004411,1014.28912,0.0,0.0,1011.264,0.0,765.296232
2020-05-15 20:00:00,400.0,400.0,26.404825,26.612238,1041.196549,0.0,0.0,736.016,0.0,716.372918
2020-05-15 21:00:00,400.0,400.0,77.050889,24.984181,617.795801,0.0,266.793429,805.184,0.0,690.49323
2020-05-15 22:00:00,400.0,400.0,26.324557,26.580804,893.196008,0.0,0.0,650.128,0.0,619.189799
2020-05-15 23:00:00,400.0,400.0,76.755559,26.789099,624.682102,0.0,94.746681,363.57,0.0,564.523784
2020-05-16 00:00:00,400.0,400.0,77.274563,23.388687,411.675586,0.0,280.796376,369.982,0.0,542.895962
2020-05-16 01:00:00,400.0,400.0,76.429316,23.069973,511.140896,0.0,133.08567,333.618,0.0,506.021566
2020-05-16 02:00:00,400.0,400.0,23.657594,23.437807,638.473572,0.0,0.0,328.162,0.0,486.103264
2020-05-16 03:00:00,400.0,400.0,23.657594,23.437807,645.320784,0.0,0.0,326.322,0.0,484.800182
2020-05-16 04:00:00,400.0,400.0,23.069973,23.437807,773.894974,0.0,0.0,410.298,0.0,478.110454
2020-05-16 05:00:00,400.0,400.0,22.576747,20.419098,830.260229,0.0,0.0,433.082,0.0,473.073266
2020-05-16 06:00:00,400.0,400.0,19.68943,15.340401,1387.301909,0.0,0.0,1084.9,0.0,487.289714
2020-05-16 07:00:00,400.0,400.0,19.034775,0.0,1505.385466,0.0,0.0,1527.298,0.0,535.93688
2020-05-16 08:00:00,400.0,400.0,19.034775,0.0,1512.039527,0.0,0.0,1846.102,0.0,582.759371
2020-05-16 09:00:00,400.0,400.0,18.072542,0.0,1639.40734,0.0,0.0,2314.666,0.0,633.938799
2020-05-16 10:00:00,400.0,400.0,18.861019,18.072542,1539.255104,0.0,0.0,2534.002,0.0,681.862034
2020-05-16 11:00:00,400.0,400.0,19.034775,19.034775,1470.05416,0.0,0.0,2737.488,0.0,722.765076
2020-05-16 12:00:00,400.0,400.0,19.983547,20.400003,1347.556454,0.0,0.0,2783.97,0.0,748.112032
2020-05-16 13:00:00,400.0,400.0,19.68943,22.918165,1369.568729,0.0,0.0,2815.838,0.0,775.090391
2020-05-16 14:00:00,400.0,400.0,20.419098,25.203544,1394.895575,0.0,0.0,2759.632,0.0,795.110464
2020-05-16 15:00:00,400.0,400.0,19.983547,25.93662,1546.066997,0.0,0.0,2554.602,0.0,799.58025
2020-05-16 16:00:00,400.0,400.0,19.983547,23.657594,1943.633396,0.0,0.0,2162.12,0.0,787.572991
2020-05-16 17:00:00,400.0,400.0,23.069973,29.629851,1633.12425,0.0,0.0,1684.814,0.0,818.053463
2020-05-16 18:00:00,400.0,400.0,24.617414,72.928463,1334.929144,0.0,0.0,911.45,0.0,746.778128
2020-05-16 19:00:00,400.0,400.0,26.324557,70.341113,1138.030878,0.0,0.0,749.948,0.0,752.087568
2020-05-16 20:00:00,400.0,400.0,23.657594,28.132803,1396.730301,0.0,0.0,752.0,0.0,713.590455
2020-05-16 21:00:00,400.0,400.0,24.62179,26.525517,1121.778303,0.0,0.0,622.482,0.0,682.155555
2020-05-16 22:00:00,400.0,400.0,23.069973,27.841358,1444.018008,0.0,0.0,501.354,0.0,615.650399
2020-05-16 23:00:00,400.0,400.0,23.437807,24.621828,909.963985,0.0,0.0,286.28,0.0,556.997402
2020-05-17 00:00:00,400.0,400.0,22.732362,25.837407,1216.948971,0.0,0.0,397.084,0.0,527.570254
2020-05-17 01:00:00,400.0,400.0,22.576747,25.578312,1108.793277,0.0,0.0,402.78,0.0,491.398008
2020-05-17 02:00:00,400.0,400.0,22.732362,25.616365,918.11739,0.0,0.0,458.484,0.0,475.104991
2020-05-17 03:00:00,400.0,400.0,21.843654,26.817152,1081.929796,0.0,0.0,617.63,0.0,474.405031
2020-05-17 04:00:00,400.0,400.0,22.732362,23.803149,791.479698,0.0,0.0,605.878,0.0,462.959745
2020-05-17 05:00:00,400.0,400.0,21.647258,20.419098,935.888541,0.0,0.0,703.304,0.0,455.912319
2020-05-17 06:00:00,400.0,400.0,18.861019,0.0,1467.958366,0.0,0.0,1261.23,0.0,459.790745
2020-05-17 07:00:00,400.0,400.0,0.0,0.0,1612.0,0.0,0.0,1720.120465,134.479535,507.01807
2020-05-17 08:00:00,400.0,400.0,0.0,0.0,1605.0,0.0,0.0,1962.894323,144.435677,544.484148
2020-05-17 09:00:00,400.0,400.0,0.0,0.0,1624.0,0.0,0.0,2295.900418,142.831582,591.585063
2020-05-17 10:00:00,400.0,400.0,0.0,0.0,1622.0,0.0,0.0,2591.789253,155.696747,636.268388
2020-05-17 11:00:00,398.0,400.0,0.0,19.034775,1622.0,0.0,0.0,2930.468554,22.865446,687.070283
2020-05-17 12:00:00,400.0,400.0,18.861019,20.419098,1475.398194,0.0,0.0,2998.868,0.0,719.320471
2020-05-17 13:00:00,400.0,400.0,19.430296,22.819865,1371.005159,0.0,0.0,2948.734,0.0,752.959326
2020-05-17 14:00:00,400.0,400.0,19.68943,26.41058,1532.463869,0.0,0.0,2809.15,0.0,786.55292
2020-05-17 15:00:00,400.0,400.0,21.116714,24.614195,1594.944565,0.0,0.0,2566.23,0.0,796.242815
2020-05-17 16:00:00,400.0,400.0,21.287879,26.084191,1561.934399,0.0,0.0,2092.35,0.0,781.11234
2020-05-17 17:00:00,400.0,400.0,23.206766,26.777041,1320.088591,0.0,0.0,1543.3,0.0,816.031711
2020-05-17 18:00:00,400.0,400.0,25.758899,72.612806,1238.212177,0.0,0.0,804.88,0.0,748.600173
2020-05-17 19:00:00,400.0,400.0,26.429316,75.377101,1040.447602,0.0,0.0,624.668,0.0,758.58306
2020-05-17 20:00:00,400.0,400.0,25.758899,26.887803,1269.374341,0.0,0.0,592.25,0.0,716.981349
2020-05-17 21:00:00,400.0,400.0,25.9087,26.324557,1058.636692,0.0,0.0,463.25,0.0,675.991996
2020-05-17 22:00:00,400.0,400.0,23.437807,27.258958,1092.582332,0.0,0.0,451.084,0.0,615.82525
2020-05-17 23:00:00,400.0,400.0,23.437807,24.826592,1025.74329,0.0,0.0,302.68,0.0,550.340507
2020-05-18 00:00:00,400.0,400.0,23.069973,23.069973,1154.416965,0.0,0.0,286.168,0.0,520.312655
2020-05-18 01:00:00,400.0,400.0,22.516066,22.185841,1306.942237,0.0,0.0,275.052,0.0,495.766464
2020-05-18 02:00:00,400.0,400.0,21.287879,21.647258,1512.860073,0.0,0.0,346.632,0.0,475.615789
2020-05-18 03:00:00,400.0,400.0,21.287879,21.287879,1500.820714,0.0,0.0,391.268,0.0,484.117093
2020-05-18 04:00:00,400.0,400.0,21.287879,21.647258,1506.363404,0.0,0.0,415.332,0.0,486.895289
2020-05-18 05:00:00,400.0,400.0,21.647258,20.400003,1400.028787,0.0,0.0,471.886,0.0,511.328582
2020-05-18 06:00:00,400.0,400.0,21.116714,17.7432,1556.459635,0.0,0.0,934.364,0.0,557.235655
2020-05-18 07:00:00,400.0,400.0,21.647258,0.0,1416.175974,0.0,0.0,1140.438,0.0,609.189304
2020-05-18 08:00:00,400.0,400.0,20.400003,0.0,1691.874521,0.0,0.0,1637.868,0.0,642.449022
2020-05-18 09:00:00,400.0,400.0,20.846138,16.970947,1607.036238,0.0,0.0,1949.2,0.0,701.874564
2020-05-18 10:00:00,400.0,400.0,20.400003,19.034775,1687.211071,0.0,0.0,2273.104,0.0,738.433939
2020-05-18 11:00:00,400.0,400.0,21.647258,19.983547,1452.943331,0.0,0.0,2439.73,0.0,798.568
2020-05-18 12:00:00,400.0,400.0,22.492854,20.419098,1341.68312,0.0,0.0,2542.05,0.0,830.605032
2020-05-18 13:00:00,400.0,400.0,22.576747,21.843654,1259.72307,0.0,0.0,2687.2,0.0,864.671539
2020-05-18 14:00:00,400.0,400.0,73.128644,22.96816,1079.722814,0.0,49.412364,2576.804,0.0,875.112178
2020-05-18 15:00:00,400.0,400.0,22.576747,26.245176,1286.131009,0.0,0.0,2375.252,0.0,864.918149
2020-05-18 16:00:00,400.0,400.0,21.843654,25.45922,1762.981911,0.0,0.0,2053.672,0.0,826.153513
2020-05-18 17:00:00,400.0,400.0,24.617414,26.903535,1372.660901,0.0,0.0,1576.97,0.0,841.696365
2020-05-18 18:00:00,400.0,400.0,24.62179,71.409616,1265.132102,0.0,0.0,1060.078,0.0,783.741885
2020-05-18 19:00:00,400.0,400.0,26.429316,75.004411,1029.959619,0.0,0.0,883.43,0.0,792.520557
2020-05-18 20:00:00,400.0,400.0,24.62179,28.021815,1266.412299,0.0,0.0,852.5,0.0,750.013155
2020-05-18 21:00:00,400.0,400.0,24.617414,26.939186,1164.203875,0.0,0.0,832.618,0.0,707.312119
2020-05-18 22:00:00,400.0,400.0,23.206766,25.453995,1205.62575,0.0,0.0,720.23,0.0,630.990637
2020-05-18 23:00:00,400.0,400.0,23.128644,25.765644,901.522342,0.0,0.0,695.298,0.0,566.366349
2020-05-19 00:00:00,400.0,400.0,23.437807,23.069973,871.450905,0.0,0.0,457.99,0.0,535.280864
2020-05-19 01:00:00,400.0,400.0,74.617414,21.116714,533.878308,0.0,111.193846,296.166,0.0,508.393154
2020-05-19 02:00:00,400.0,400.0,73.657594,21.288154,605.990528,0.0,16.814493,255.684,0.0,491.504021
2020-05-19 03:00:00,400.0,400.0,23.437807,21.287879,690.768445,0.0,0.0,347.68,0.0,492.586733
2020-05-19 04:00:00,400.0,400.0,74.617414,21.647258,568.225577,0.0,83.683586,357.38,0.0,512.423163
2020-05-19 05:00:00,400.0,400.0,22.492854,20.846138,978.988133,0.0,0.0,528.948,0.0,476.54398
2020-05-19 06:00:00,400.0,400.0,21.647258,20.400003,1061.352793,0.0,0.0,1171.782,0.0,560.614381
2020-05-19 07:00:00,400.0,400.0,19.983547,15.035058,1399.426888,0.0,0.0,1789.328,0.0,602.535167
2020-05-19 08:00:00,400.0,400.0,19.68943,0.0,1458.84212,0.0,0.0,2087.596,0.0,638.363082
2020-05-19 09:00:00,400.0,400.0,18.573789,0.0,1647.513502,0.0,0.0,2569.328,0.0,682.322175
2020-05-19 10:00:00,400.0,400.0,18.861019,18.463561,1626.138099,0.0,0.0,2803.484,0.0,720.651885
2020-05-19 11:00:00,400.0,400.0,19.68943,20.419098,1418.595518,0.0,0.0,2853.672,0.0,759.311472
2020-05-19 12:00:00,400.0,400.0,20.400003,22.742608,1326.819731,0.0,0.0,2889.86,0.0,804.00604
2020-05-19 13:00:00,400.0,400.0,19.983547,27.027508,1536.824627,0.0,0.0,2774.172,0.0,833.902106
2020-05-19 14:00:00,400.0,400.0,20.400003,24.171399,1884.604209,0.0,0.0,2689.298,0.0,850.004069
2020-05-19 15:00:00,400.0,400.0,22.492854,26.689906,1691.007755,0.0,0.0,2521.472,0.0,881.619637
2020-05-19 16:00:00,400.0,400.0,19.68943,26.0783,2170.914945,0.0,0.0,2507.47,0.0,833.033258
2020-05-19 17:00:00,400.0,400.0,24.617414,27.455947,1362.356381,0.0,0.0,1490.738,0.0,830.307243
2020-05-19 18:00:00,400.0,400.0,23.657594,70.341113,1395.314756,0.0,0.0,1085.968,0.0,768.097987
2020-05-19 19:00:00,400.0,400.0,26.324557,75.569679,1173.633352,0.0,0.0,927.302,0.0,781.150297
2020-05-19 20:00:00,400.0,400.0,22.96816,27.702256,1709.269613,0.0,0.0,1190.634,0.0,734.304658
2020-05-19 21:00:00,400.0,400.0,23.206766,26.508435,1351.536337,0.0,0.0,947.51,0.0,696.446049
2020-05-19 22:00:00,400.0,400.0,22.732362,26.941928,1371.459443,0.0,0.0,848.002,0.0,625.281384
2020-05-19 23:00:00,400.0,400.0,23.069973,24.255785,948.944697,0.0,0.0,767.95,0.0,558.750795
2020-05-20 00:00:00,400.0,400.0,22.732362,22.516066,1041.977769,0.0,0.0,648.07,0.0,526.813835
2020-05-20 01:00:00,400.0,400.0,21.647258,22.492854,1210.936356,0.0,0.0,655.832,0.0,502.634347
2020-05-20 02:00:00,400.0,400.0,22.732362,22.492854,1016.294378,0.0,0.0,379.514,0.0,490.382943
2020-05-20 03:00:00,400.0,400.0,22.96816,22.516066,1003.894253,0.0,0.0,365.85,0.0,490.193362
2020-05-20 04:00:00,400.0,400.0,23.128644,23.128644,850.883337,0.0,0.0,355.672,0.0,511.618299
2020-05-20 05:00:00,400.0,400.0,19.983547,21.287879,1542.402292,0.0,0.0,779.662,0.0,471.488956
2020-05-20 06:00:00,400.0,400.0,19.68943,19.983547,1568.66336,0.0,0.0,1423.238,0.0,564.086196
2020-05-20 07:00:00,400.0,400.0,20.419098,20.400003,1452.682981,0.0,0.0,1678.77,0.0,619.813053
2020-05-20 08:00:00,400.0,400.0,19.983547,20.846138,1497.370015,0.0,0.0,2031.768,0.0,670.559698
2020-05-20 09:00:00,400.0,400.0,21.116714,22.516066,1362.63053,0.0,0.0,2213.168,0.0,724.88062
2020-05-20 10:00:00,400.0,400.0,20.846138,24.739546,1406.55246,0.0,0.0,2376.334,0.0,777.567231
2020-05-20 11:00:00,400.0,400.0,21.474047,25.629869,1528.208621,0.0,0.0,2488.63,0.0,817.863207
2020-05-20 12:00:00,400.0,400.0,21.288154,25.287782,1545.971199,0.0,0.0,2647.152,0.0,864.47712
2020-05-20 13:00:00,400.0,400.0,21.288154,25.946597,1736.048823,0.0,0.0,2701.07,0.0,897.303177
2020-05-20 14:00:00,400.0,400.0,20.846138,26.580953,2032.891998,0.0,0.0,2579.9,0.0,913.3512
2020-05-20 15:00:00,400.0,400.0,23.069973,25.979782,1851.287032,0.0,0.0,2243.28,0.0,945.598945
2020-05-20 16:00:00,400.0,400.0,24.62179,31.867812,1489.90718,0.0,0.0,1676.33,0.0,924.663423
2020-05-20 17:00:00,400.0,400.0,26.324557,76.504181,1435.492337,0.0,0.0,1519.616,0.0,932.268549
2020-05-20 18:00:00,400.0,400.0,26.324557,58.80902,1456.766133,0.0,0.0,1029.418,0.0,855.69778
2020-05-20 19:00:00,400.0,400.0,26.755559,73.105661,1214.953585,0.0,0.0,839.67,0.0,863.507462
2020-05-20 20:00:00,400.0,400.0,24.08455,26.755559,1807.960058,0.0,0.0,1241.049489,336.680511,801.763415
2020-05-20 21:00:00,400.0,400.0,23.388687,28.644543,1782.053595,0.0,0.0,1192.750859,321.679141,745.15459
2020-05-20 22:00:00,400.0,400.0,21.647258,24.170268,1671.731073,0.0,0.0,1188.948,0.0,654.632539
2020-05-20 23:00:00,400.0,400.0,21.647258,23.437807,1533.227366,0.0,0.0,936.298,0.0,584.260595
2020-05-21 00:00:00,400.0,400.0,0.0,22.96816,2251.0,0.0,0.0,1390.203591,290.866409,544.680539
2020-05-21 01:00:00,400.0,400.0,0.0,10.255117,2254.0,0.0,0.0,1232.605541,912.394459,520.590831
2020-05-21 02:00:00,398.0,400.0,0.0,0.0,2255.0,0.0,0.0,1113.887926,7.332074,502.633189
2020-05-21 03:00:00,400.0,400.0,19.685338,19.983547,1988.405098,0.0,0.0,857.002,0.0,504.089535
2020-05-21 04:00:00,400.0,400.0,21.647258,19.685338,1493.790026,0.0,0.0,487.548,0.0,522.863696
2020-05-21 05:00:00,400.0,400.0,21.287879,18.861019,1634.641118,0.0,0.0,383.272,0.0,486.094632
2020-05-21 06:00:00,400.0,400.0,21.474047,19.034775,1572.963542,0.0,0.0,943.79,0.0,579.423969
2020-05-21 07:00:00,400.0,400.0,20.419098,0.0,1763.997912,0.0,0.0,1533.54,0.0,639.231313
2020-05-21 08:00:00,400.0,400.0,19.68943,18.861019,1955.659488,0.0,0.0,2051.902,0.0,688.236377
2020-05-21 09:00:00,400.0,400.0,19.430296,18.861019,2021.070868,0.0,0.0,2459.252,0.0,739.52717
2020-05-21 10:00:00,400.0,400.0,19.68943,19.68943,1915.115088,0.0,0.0,2715.45,0.0,793.850237
2020-05-21 11:00:00,400.0,400.0,20.419098,20.400003,1792.612904,0.0,0.0,2844.32,0.0,831.556064
2020-05-21 12:00:00,400.0,400.0,22.185841,21.474047,1447.171755,0.0,0.0,2786.902,0.0,874.759537
2020-05-21 13:00:00,400.0,400.0,73.206766,24.060316,1041.521818,0.0,127.863909,2607.2,0.0,908.651727
2020-05-21 14:00:00,400.0,400.0,23.128644,21.843654,1136.378568,0.0,0.0,2466.45,0.0,898.810715
2020-05-21 15:00:00,400.0,400.0,23.206766,27.576859,1203.803411,0.0,0.0,2297.784,0.0,916.647088
2020-05-21 16:00:00,400.0,400.0,22.23556,69.876206,1922.835362,0.0,0.0,2642.3567,210.7753,890.628201
2020-05-21 17:00:00,400.0,400.0,76.429316,24.209571,963.174009,0.0,196.14239,1785.15,0.0,903.596399
2020-05-21 18:00:00,400.0,400.0,76.429316,76.288775,934.197951,0.0,113.097556,1285.168,0.0,837.745507
2020-05-21 19:00:00,400.0,400.0,76.324557,25.345505,1043.411733,0.0,48.501707,1485.368,0.0,846.59344
2020-05-21 20:00:00,400.0,400.0,20.526636,28.111048,2273.424738,0.0,0.0,2378.466812,170.671188,796.056311
2020-05-21 21:00:00,400.0,400.0,20.547985,23.128644,1821.211448,0.0,0.0,2321.518797,120.381203,748.846102
2020-05-21 22:00:00,400.0,400.0,23.206766,24.72896,968.744104,0.0,0.0,1285.42,0.0,668.051384
2020-05-21 23:00:00,400.0,400.0,23.206766,27.992228,969.821729,0.0,0.0,802.47,0.0,595.447241
2020-05-22 00:00:00,400.0,400.0,23.437807,21.116411,888.146231,0.0,0.0,501.99,0.0,562.626565
2020-05-22 01:00:00,400.0,400.0,80.277405,19.983547,240.676171,0.0,429.872903,327.83,0.0,527.123074
2020-05-22 02:00:00,400.0,400.0,77.050889,22.23556,287.07204,0.0,361.994354,271.548,0.0,511.721394
2020-05-22 03:00:00,400.0,400.0,77.050889,21.116411,303.245184,0.0,348.556838,297.352,0.0,513.166022
2020-05-22 04:00:00,400.0,400.0,81.727779,22.335927,171.66166,0.0,499.029491,270.716,0.0,528.908151
2020-05-22 05:00:00,400.0,400.0,73.444698,0.0,587.874136,0.0,36.840844,392.634,0.0,484.76398
2020-05-22 06:00:00,400.0,400.0,73.437807,0.0,645.459984,0.0,116.075918,1065.886,0.0,577.113902
2020-05-22 07:00:00,400.0,400.0,22.492854,18.861019,871.897683,0.0,0.0,1657.07,0.0,631.825848
2020-05-22 08:00:00,400.0,400.0,21.647258,19.430296,936.816075,0.0,0.0,2115.604,0.0,690.868189
2020-05-22 09:00:00,400.0,400.0,21.288154,12.32287,1059.267457,0.0,0.0,2623.364,0.0,748.664481
2020-05-22 10:00:00,400.0,400.0,71.647258,0.0,957.238893,0.0,68.070973,2893.078,0.0,804.425866
2020-05-22 11:00:00,400.0,400.0,72.492854,11.140333,881.536336,0.0,190.911214,3057.02,0.0,840.37255
2020-05-22 12:00:00,400.0,400.0,72.492854,24.084587,868.19483,0.0,205.766745,3095.432,0.0,873.635575
2020-05-22 13:00:00,400.0,400.0,71.843654,24.447976,1095.546773,0.0,66.996111,3349.886,0.0,905.450884
2020-05-22 14:00:00,400.0,400.0,21.474047,25.022365,1215.265653,0.0,0.0,3184.73,0.0,913.719652
2020-05-22 15:00:00,400.0,400.0,23.128644,22.492854,1260.133521,0.0,0.0,2955.398,0.0,928.089672
2020-05-22 16:00:00,400.0,400.0,21.116714,26.230258,1655.420625,0.0,0.0,2616.854,0.0,894.515006
2020-05-22 17:00:00,400.0,400.0,23.128644,26.23749,1633.328244,0.0,0.0,2133.35,0.0,908.553263
2020-05-22 18:00:00,400.0,400.0,22.732362,75.253898,1771.887925,0.0,0.0,1529.91,0.0,826.353311
2020-05-22 19:00:00,400.0,400.0,23.069973,72.162679,1879.749561,0.0,0.0,1418.478,0.0,817.609266
2020-05-22 20:00:00,400.0,400.0,21.288154,28.174527,2287.690612,0.0,0.0,1514.7,0.0,770.851408
2020-05-22 21:00:00,400.0,400.0,22.492854,26.554379,1932.937856,0.0,0.0,1249.396,0.0,731.018722
2020-05-22 22:00:00,400.0,400.0,22.732362,27.329705,1385.291137,0.0,0.0,945.134,0.0,661.026429
2020-05-22 23:00:00,400.0,400.0,19.034775,23.230729,2192.515649,0.0,0.0,1320.38,0.0,596.229653
2020-05-23 00:00:00,400.0,400.0,21.116714,27.109255,1479.418658,0.0,0.0,1067.632,0.0,558.782001
2020-05-23 01:00:00,400.0,400.0,22.492854,21.116714,881.148666,0.0,0.0,950.186,0.0,524.4056
2020-05-23 02:00:00,400.0,400.0,21.843654,21.116714,745.896591,0.0,0.0,1077.89,0.0,510.599011
2020-05-23 03:00:00,400.0,400.0,72.732362,21.116714,613.860278,0.0,49.93438,896.278,0.0,503.162658
2020-05-23 04:00:00,400.0,400.0,21.905537,23.059706,992.615036,0.0,0.0,1327.751266,26.130734,511.070434
2020-05-23 05:00:00,400.0,400.0,0.0,0.0,1509.0,0.0,0.0,1388.13823,135.99977,442.670734
2020-05-23 06:00:00,400.0,400.0,0.0,0.0,1509.0,0.0,0.0,1796.677375,837.304625,503.951606
2020-05-23 07:00:00,400.0,400.0,0.0,0.0,1504.0,0.0,0.0,2150.914877,564.303123,557.837232
2020-05-23 08:00:00,400.0,400.0,0.0,0.0,1502.0,0.0,0.0,2571.858909,402.719091,621.278836
2020-05-23 09:00:00,400.0,400.0,0.0,0.0,1500.0,0.0,0.0,2987.880526,350.289474,683.982079
2020-05-23 10:00:00,398.0,400.0,-0.0,1.071833,1505.0,0.0,0.0,3294.062201,46.999799,729.15933
2020-05-23 11:00:00,400.0,400.0,10.29027,19.264685,1469.092212,0.0,0.0,3418.358817,164.293183,753.189991
2020-05-23 12:00:00,400.0,400.0,0.0,19.684565,1496.0,0.0,0.0,3571.101587,232.730413,772.065238
2020-05-23 13:00:00,400.0,400.0,10.385069,26.928276,1452.456329,0.0,0.0,3482.308418,28.069582,794.077813
2020-05-23 14:00:00,400.0,400.0,17.753385,21.915938,1672.252844,0.0,0.0,3169.862,0.0,797.941373
2020-05-23 15:00:00,400.0,400.0,10.742238,26.951721,1964.282311,0.0,0.0,3105.743614,85.672386,825.519195
2020-05-23 16:00:00,400.0,400.0,19.034775,25.368196,2017.080297,0.0,0.0,2652.168,0.0,802.813155
2020-05-23 17:00:00,400.0,400.0,22.96816,25.872033,1399.158858,0.0,0.0,1914.38,0.0,838.083171
2020-05-23 18:00:00,400.0,400.0,23.128644,26.411448,1491.746647,0.0,0.0,1308.534,0.0,761.068103
2020-05-23 19:00:00,400.0,400.0,24.617414,76.429316,1182.118781,0.0,0.0,1008.098,0.0,770.846883
2020-05-23 20:00:00,400.0,400.0,24.617414,67.731631,1185.3729,0.0,0.0,797.25,0.0,730.331565
2020-05-23 21:00:00,400.0,400.0,23.657594,26.360435,1244.822248,0.0,0.0,637.198,0.0,689.156363
2020-05-23 22:00:00,400.0,400.0,23.206766,25.939776,1265.245942,0.0,0.0,668.22,0.0,637.496109
2020-05-23 23:00:00,400.0,400.0,23.128644,25.477768,1099.024579,0.0,0.0,453.382,0.0,576.953613
2020-05-24 00:00:00,400.0,400.0,23.206766,25.678523,885.958155,0.0,0.0,357.48,0.0,541.278277
2020-05-24 01:00:00,400.0,400.0,22.96816,25.621153,1068.801375,0.0,0.0,330.47,0.0,509.800294
2020-05-24 02:00:00,400.0,400.0,23.128644,23.437807,800.269971,0.0,0.0,336.25,0.0,497.697004
2020-05-24 03:00:00,400.0,400.0,23.128644,23.128644,818.886165,0.0,0.0,304.148,0.0,490.089275
2020-05-24 04:00:00,400.0,400.0,23.206766,22.96816,768.625613,0.0,0.0,283.4,0.0,494.516158
2020-05-24 05:00:00,400.0,400.0,21.116714,20.419098,1291.632286,0.0,0.0,362.564,0.0,427.939757
2020-05-24 06:00:00,400.0,400.0,20.419098,0.0,1430.592391,0.0,0.0,802.512,0.0,473.087941
2020-05-24 07:00:00,400.0,400.0,20.400003,0.0,1449.18484,0.0,0.0,1132.802,0.0,519.842574
2020-05-24 08:00:00,400.0,400.0,19.430296,0.0,1642.406443,0.0,0.0,1708.066,0.0,577.148934
2020-05-24 09:00:00,400.0,400.0,19.68943,0.820298,1540.554629,0.0,0.0,2003.932,0.0,636.806606
2020-05-24 10:00:00,400.0,400.0,21.474047,18.861019,1195.656081,0.0,0.0,1971.654,0.0,683.699688
2020-05-24 11:00:00,400.0,400.0,22.185841,19.68943,1075.409011,0.0,0.0,1980.15,0.0,703.011148
2020-05-24 12:00:00,400.0,400.0,21.647258,20.419098,1128.090685,0.0,0.0,2222.89,0.0,731.519897
2020-05-24 13:00:00,400.0,400.0,73.206766,21.647258,781.426357,0.0,200.948489,1973.732,0.0,746.145846
2020-05-24 14:00:00,400.0,400.0,22.732362,25.117806,979.467057,0.0,0.0,1922.398,0.0,734.239641
2020-05-24 15:00:00,400.0,400.0,73.437807,25.345104,890.376817,0.0,54.99766,1671.0,0.0,763.143477
2020-05-24 16:00:00,400.0,400.0,20.419098,27.841332,1727.474829,0.0,0.0,2012.604,0.0,745.369376
2020-05-24 17:00:00,400.0,400.0,23.444698,23.437807,1107.235061,0.0,0.0,1394.798,0.0,778.434441
2020-05-24 18:00:00,400.0,400.0,22.492854,72.420348,1571.502565,0.0,0.0,1447.948,0.0,720.366815
2020-05-24 19:00:00,400.0,400.0,23.128644,64.389524,1349.347783,0.0,0.0,1347.35,0.0,744.000333
2020-05-24 20:00:00,400.0,400.0,22.576747,27.2085,1529.433257,0.0,0.0,1320.336,0.0,703.935411
2020-05-24 21:00:00,400.0,400.0,21.288154,24.617414,1775.188374,0.0,0.0,1305.03,0.0,664.776244
2020-05-24 22:00:00,400.0,400.0,21.288154,27.678023,1584.293101,0.0,0.0,1061.482,0.0,603.628335
2020-05-24 23:00:00,400.0,400.0,20.419098,23.44045,1646.30543,0.0,0.0,1114.562,0.0,549.038485
2020-05-25 00:00:00,400.0,400.0,19.983547,25.10622,1664.114105,0.0,0.0,1066.368,0.0,519.488084
2020-05-25 01:00:00,400.0,400.0,19.983547,28.071409,1650.450819,0.0,0.0,850.348,0.0,489.134577
2020-05-25 02:00:00,400.0,400.0,21.116411,23.069973,1288.789992,0.0,0.0,816.6,0.0,485.071501
2020-05-25 03:00:00,400.0,400.0,20.419098,22.516066,1176.307229,0.0,0.0,1052.08,0.0,484.015916
2020-05-25 04:00:00,400.0,400.0,21.843654,28.250874,880.473703,0.0,0.0,918.072,0.0,510.689745
2020-05-25 05:00:00,400.0,400.0,21.287879,25.133602,1028.591234,0.0,0.0,851.952,0.0,476.154115
2020-05-25 06:00:00,400.0,400.0,21.288154,19.983547,1003.09926,0.0,0.0,1309.016,0.0,548.537511
2020-05-25 07:00:00,400.0,400.0,19.983547,18.861019,1266.662591,0.0,0.0,1818.578,0.0,585.437311
2020-05-25 08:00:00,398.0,400.0,0.0,6.802437,1616.0,0.0,0.0,2310.006235,292.415765,606.750935
2020-05-25 09:00:00,400.0,400.0,0.0,-0.0,1615.0,0.0,0.0,2405.681336,919.150664,621.2522
2020-05-25 10:00:00,400.0,400.0,0.0,-0.0,1614.0,0.0,0.0,2535.497739,818.182261,640.874661
2020-05-25 11:00:00,398.0,400.0,0.0,-0.0,1617.0,0.0,0.0,2517.806697,869.575303,637.771005
2020-05-25 12:00:00,398.0,400.0,0.0,-0.0,1630.0,0.0,0.0,2523.596141,781.699859,636.689421
2020-05-25 13:00:00,398.0,400.0,0.0,18.072542,1629.0,0.0,0.0,2539.230217,841.237783,639.184533
2020-05-25 14:00:00,398.0,400.0,0.0,18.861019,1632.0,0.0,0.0,2453.309984,1021.990016,625.846498
2020-05-25 15:00:00,398.0,400.0,0.0,21.116411,1631.0,0.0,0.0,2613.747109,686.950891,650.062066
2020-05-25 16:00:00,398.0,400.0,0.0,21.122752,1643.0,0.0,0.0,2531.163015,426.668985,635.874452
2020-05-25 17:00:00,400.0,400.0,19.034775,26.621989,1471.362442,0.0,0.0,2472.238,0.0,678.281334
2020-05-25 18:00:00,400.0,400.0,19.983547,70.384767,1409.928347,0.0,0.0,1834.848,0.0,619.637948
2020-05-25 19:00:00,400.0,400.0,22.732362,64.989425,899.439903,0.0,0.0,1514.73,0.0,648.193515
2020-05-25 20:00:00,400.0,400.0,21.647258,24.472711,1041.998348,0.0,0.0,1534.33,0.0,629.749748
2020-05-25 21:00:00,400.0,400.0,22.517588,23.539921,1054.277941,0.0,0.0,1524.114688,139.133312,603.125512
2020-05-25 22:00:00,400.0,400.0,22.517588,25.011506,872.462223,0.0,0.0,1253.167311,272.080689,536.505763
2020-05-25 23:00:00,398.0,400.0,0.0,21.368347,1377.0,0.0,0.0,1895.827127,377.294873,503.974069
2020-05-26 00:00:00,400.0,400.0,20.526636,19.68943,1003.546601,0.0,0.0,1362.131535,241.900465,479.93774
2020-05-26 01:00:00,398.0,400.0,0.0,0.0,1384.0,0.0,0.0,1554.153224,689.448776,451.672984
2020-05-26 02:00:00,400.0,400.0,0.0,0.0,1392.0,0.0,0.0,1569.52309,952.09891,452.778463
2020-05-26 03:00:00,400.0,400.0,0.0,0.0,1395.0,0.0,0.0,1593.614225,1105.901775,455.942134
2020-05-26 04:00:00,398.0,400.0,0.0,21.116714,1394.0,0.0,0.0,1773.704795,849.495205,483.105719
2020-05-26 05:00:00,398.0,400.0,-0.0,55.960174,1386.0,0.0,0.0,1364.768926,1343.881074,422.965339
2020-05-26 06:00:00,400.0,400.0,0.0,19.034775,1372.0,0.0,0.0,1984.122164,1209.079836,517.968325
2020-05-26 07:00:00,400.0,400.0,0.0,18.861019,1367.0,0.0,0.0,2283.790689,1230.391311,563.668603
2020-05-26 08:00:00,398.0,400.0,0.0,0.0,1368.0,0.0,0.0,2494.996128,1234.853872,595.199419
2020-05-26 09:00:00,398.0,400.0,0.0,0.0,1365.0,0.0,0.0,2691.241039,1009.996961,625.086156
2020-05-26 10:00:00,398.0,400.0,0.0,0.0,1368.0,0.0,0.0,2882.274003,673.439997,653.2911
2020-05-26 11:00:00,400.0,400.0,0.0,18.861019,1363.0,0.0,0.0,2986.551358,735.528642,669.682704
2020-05-26 12:00:00,400.0,400.0,0.0,19.034775,1368.0,0.0,0.0,3160.929299,368.270701,695.089395
2020-05-26 13:00:00,400.0,400.0,0.0,20.451161,1368.0,0.0,0.0,2958.889034,492.206966,690.283355
2020-05-26 14:00:00,400.0,400.0,0.0,22.846631,1554.0,0.0,0.0,3093.117926,206.512074,710.267689
2020-05-26 15:00:00,400.0,400.0,0.0,21.287879,1554.0,0.0,0.0,3000.383428,104.080572,747.357514
2020-05-26 16:00:00,400.0,400.0,19.034775,25.861058,1701.094624,0.0,0.0,2544.588,0.0,737.924006
2020-05-26 17:00:00,400.0,400.0,21.843654,23.693007,1347.295012,0.0,0.0,1958.61,0.0,781.847248
2020-05-26 18:00:00,400.0,400.0,23.128644,70.515737,1378.548491,0.0,0.0,1123.048,0.0,710.624926
2020-05-26 19:00:00,400.0,400.0,25.9087,76.429316,1115.445899,0.0,0.0,912.23,0.0,728.217615
2020-05-26 20:00:00,400.0,400.0,23.206766,24.617414,1354.473593,0.0,0.0,963.34,0.0,695.229961
2020-05-26 21:00:00,400.0,400.0,75.9087,23.206766,823.087103,0.0,14.854932,884.534,0.0,656.617035
2020-05-26 22:00:00,400.0,400.0,22.732362,23.437807,1266.990379,0.0,0.0,792.228,0.0,576.185643
2020-05-26 23:00:00,400.0,400.0,22.516066,24.087129,1192.156527,0.0,0.0,768.63,0.0,530.621021
2020-05-27 00:00:00,400.0,400.0,22.576747,24.823949,1101.537959,0.0,0.0,578.07,0.0,507.379806
2020-05-27 01:00:00,400.0,400.0,23.069973,23.128644,853.119523,0.0,0.0,457.952,0.0,473.374872
2020-05-27 02:00:00,400.0,400.0,22.96816,23.206766,862.55227,0.0,0.0,415.38,0.0,465.57416
2020-05-27 03:00:00,400.0,400.0,23.069973,25.426818,829.383126,0.0,0.0,402.588,0.0,468.630731
2020-05-27 04:00:00,400.0,400.0,23.128644,23.128644,770.846768,0.0,0.0,479.454,0.0,488.941085
2020-05-27 05:00:00,400.0,400.0,21.116714,21.116714,1197.188145,0.0,0.0,627.262,0.0,447.161078
2020-05-27 06:00:00,400.0,400.0,20.419098,0.0,1299.356698,0.0,0.0,1341.066,0.0,538.906395
2020-05-27 07:00:00,400.0,400.0,19.034775,0.0,1584.081295,0.0,0.0,1920.932,0.0,583.177606
2020-05-27 08:00:00,400.0,400.0,18.072542,0.0,1694.165786,0.0,0.0,2326.064,0.0,627.434732
2020-05-27 09:00:00,400.0,400.0,18.072542,0.0,1692.272075,0.0,0.0,2671.716,0.0,679.566589
2020-05-27 10:00:00,400.0,400.0,18.861019,19.034775,1600.205489,0.0,0.0,2892.732,0.0,726.528977
2020-05-27 11:00:00,400.0,400.0,19.68943,18.463561,1433.559915,0.0,0.0,2998.602,0.0,767.406313
2020-05-27 12:00:00,400.0,400.0,21.116411,19.034775,1224.637511,0.0,0.0,3045.85,0.0,805.831873
2020-05-27 13:00:00,400.0,400.0,72.492854,21.708154,996.769161,0.0,49.129965,3010.99,0.0,844.083126
2020-05-27 14:00:00,400.0,400.0,21.647258,24.818535,1099.758669,0.0,0.0,2941.632,0.0,883.181
2020-05-27 15:00:00,400.0,400.0,21.647258,24.594191,1471.482622,0.0,0.0,2766.278,0.0,907.619307
2020-05-27 16:00:00,400.0,400.0,23.128644,68.23444,1398.757099,0.0,0.0,2378.166,0.0,919.111335
2020-05-27 17:00:00,400.0,400.0,25.9087,73.87513,1124.657363,0.0,0.0,1885.702,0.0,896.106696
2020-05-27 18:00:00,400.0,400.0,76.755559,26.083133,853.366776,0.0,253.347408,1326.348,0.0,848.097184
2020-05-27 19:00:00,400.0,400.0,76.755559,27.980865,824.800229,0.0,241.747537,1196.832,0.0,832.954766
2020-05-27 20:00:00,400.0,400.0,25.9087,26.153754,1086.636847,0.0,0.0,1252.764,0.0,802.069073
2020-05-27 21:00:00,400.0,400.0,23.069973,25.191116,1301.366668,0.0,0.0,1338.688,0.0,729.4982
2020-05-27 22:00:00,400.0,400.0,23.069973,24.362447,1040.260502,0.0,0.0,1264.71,0.0,651.067425
2020-05-27 23:00:00,400.0,400.0,73.069973,25.697429,629.648863,0.0,138.960608,1127.032,0.0,585.507471
2020-05-28 00:00:00,400.0,400.0,22.516066,19.68943,763.525107,0.0,0.0,1029.42,0.0,542.534234
2020-05-28 01:00:00,398.0,400.0,0.0,19.430296,1655.0,0.0,0.0,1716.763743,275.752257,511.914561
2020-05-28 02:00:00,400.0,400.0,0.0,0.0,1660.0,0.0,0.0,1609.639487,710.828513,495.095923
2020-05-28 03:00:00,400.0,400.0,0.0,18.573789,1662.0,0.0,0.0,1599.233554,802.718446,493.235033
2020-05-28 04:00:00,400.0,400.0,0.0,19.034775,1655.0,0.0,0.0,1688.73628,537.87972,507.710442
2020-05-28 05:00:00,398.0,400.0,0.0,18.861019,1652.0,0.0,0.0,1410.339868,1015.012132,466.40098
2020-05-28 06:00:00,398.0,400.0,0.0,18.573789,1647.0,0.0,0.0,2128.820656,721.245344,574.923098
2020-05-28 07:00:00,398.0,400.0,0.0,19.68943,1643.0,0.0,0.0,2429.838307,664.513693,620.675746
2020-05-28 08:00:00,398.0,400.0,0.0,19.68943,1642.0,0.0,0.0,2810.113093,652.498907,677.866964
2020-05-28 09:00:00,400.0,400.0,0.0,20.400003,1638.0,0.0,0.0,3178.100517,390.997483,733.665078
2020-05-28 10:00:00,400.0,400.0,0.0,21.524628,1638.0,0.0,0.0,3360.354556,225.991444,786.503183
2020-05-28 11:00:00,400.0,400.0,0.0,25.663909,1823.0,0.0,0.0,3465.100747,143.353253,827.715112
2020-05-28 12:00:00,398.0,400.0,0.0,21.954365,2007.0,0.0,0.0,3664.46911,43.84089,857.770366
2020-05-28 13:00:00,400.0,400.0,19.430296,26.566487,1720.804345,0.0,0.0,3644.252,0.0,948.667148
2020-05-28 14:00:00,400.0,400.0,19.685338,25.128175,2068.880512,0.0,0.0,3496.32,0.0,929.765923
2020-05-28 15:00:00,400.0,400.0,19.68943,25.677334,2043.089848,0.0,0.0,3256.488,0.0,948.659723
2020-05-28 16:00:00,400.0,400.0,19.430296,25.244703,2474.955048,0.0,0.0,3180.248,0.0,953.443943
2020-05-28 17:00:00,400.0,400.0,19.68943,70.618401,2585.231076,0.0,0.0,2830.168,0.0,912.140539
2020-05-28 18:00:00,400.0,400.0,21.116714,76.845129,2288.60051,0.0,0.0,2118.75,0.0,855.922424
2020-05-28 19:00:00,400.0,400.0,22.732362,26.587482,1943.647141,0.0,0.0,1687.198,0.0,836.932629
2020-05-28 20:00:00,400.0,400.0,23.128644,25.688495,1484.608386,0.0,0.0,1755.688,0.0,809.561942
2020-05-28 21:00:00,400.0,400.0,22.516066,25.599037,1498.76004,0.0,0.0,1656.432,0.0,739.300794
2020-05-28 22:00:00,400.0,400.0,22.96816,26.862448,1262.429411,0.0,0.0,1247.032,0.0,660.090388
2020-05-28 23:00:00,400.0,400.0,23.069973,23.859858,869.369147,0.0,0.0,1138.032,0.0,596.199428
2020-05-29 00:00:00,400.0,400.0,21.647258,24.733922,905.177441,0.0,0.0,1238.79,0.0,552.691884
2020-05-29 01:00:00,400.0,400.0,72.516066,22.443172,622.127271,0.0,69.981338,1115.618,0.0,523.423609
2020-05-29 02:00:00,400.0,400.0,73.069973,21.122752,344.942909,0.0,289.762955,1046.962,0.0,504.752864
2020-05-29 03:00:00,400.0,400.0,127.274563,20.234035,101.091991,0.0,549.50921,725.1,0.0,498.001201
2020-05-29 04:00:00,400.0,400.0,158.035526,0.0,5.762925,0.0,646.148236,653.704,0.0,501.591161
2020-05-29 05:00:00,400.0,400.0,500.0,0.0,0.0,148.55491,696.600937,631.018,0.0,521.335937
2020-05-29 06:00:00,400.0,400.0,74.617414,0.0,201.42243,0.0,543.864205,1245.92,0.0,561.074635
2020-05-29 07:00:00,400.0,400.0,73.437807,0.0,345.75215,0.0,470.265928,1794.286,0.0,621.680077
2020-05-29 08:00:00,400.0,400.0,71.843654,0.0,529.697728,0.0,329.864313,2264.598,0.0,664.635041
2020-05-29 09:00:00,400.0,400.0,71.843654,0.0,542.793621,0.0,382.143636,2618.662,0.0,715.780257
2020-05-29 10:00:00,400.0,400.0,73.437807,0.0,346.155002,0.0,635.250948,2724.648,0.0,761.17395
2020-05-29 11:00:00,400.0,400.0,73.069973,18.861019,375.498401,0.0,603.744939,2801.954,0.0,793.86834
2020-05-29 12:00:00,400.0,400.0,73.437807,24.629029,464.974947,0.0,553.243811,2714.08,0.0,820.515758
2020-05-29 13:00:00,400.0,400.0,21.474047,25.56233,1013.957325,0.0,0.0,2884.264,0.0,842.446001
2020-05-29 14:00:00,400.0,400.0,22.732362,24.554974,1143.473642,0.0,0.0,2722.52,0.0,854.256954
2020-05-29 15:00:00,400.0,400.0,22.96816,22.640801,1134.576498,0.0,0.0,2711.316,0.0,853.910925
2020-05-29 16:00:00,400.0,400.0,22.516066,22.732362,1223.165791,0.0,0.0,2361.486,0.0,839.148031
2020-05-29 17:00:00,400.0,400.0,21.647258,28.692956,1601.055488,0.0,0.0,1870.322,0.0,789.789977
2020-05-29 18:00:00,400.0,400.0,23.069973,58.478267,1481.936915,0.0,0.0,1334.502,0.0,755.034763
2020-05-29 19:00:00,400.0,400.0,23.206766,75.9087,1391.053283,0.0,0.0,1240.98,0.0,754.639008
2020-05-29 20:00:00,400.0,400.0,23.128644,33.027364,1417.587254,0.0,0.0,1197.952,0.0,744.204712
2020-05-29 21:00:00,400.0,400.0,23.128644,24.433528,1268.721318,0.0,0.0,1013.872,0.0,685.672602
2020-05-29 22:00:00,400.0,400.0,23.069973,25.197081,1017.645913,0.0,0.0,1081.712,0.0,627.009913
2020-05-29 23:00:00,400.0,400.0,22.516066,22.492854,1159.657477,0.0,0.0,886.28,0.0,576.393378
2020-05-30 00:00:00,400.0,400.0,22.516066,21.288154,829.948123,0.0,0.0,1018.098,0.0,539.122482
2020-05-30 01:00:00,400.0,400.0,72.492854,21.116714,646.507594,0.0,23.127567,1120.702,0.0,505.529161
2020-05-30 02:00:00,400.0,400.0,73.069973,21.287879,564.245374,0.0,84.41412,938.582,0.0,490.550494
2020-05-30 03:00:00,400.0,400.0,22.492854,31.970154,644.427335,0.0,0.0,930.03,0.0,477.2404
2020-05-30 04:00:00,400.0,400.0,21.288154,25.697429,793.872515,0.0,0.0,992.502,0.0,464.194423
2020-05-30 05:00:00,400.0,400.0,72.96816,2.582171,388.626781,0.0,227.467702,1080.93,0.0,461.745483
2020-05-30 06:00:00,400.0,400.0,19.983547,-0.0,758.217042,0.0,0.0,1512.33,0.0,471.016944
2020-05-30 07:00:00,400.0,400.0,18.573789,-0.0,1022.657664,0.0,0.0,2034.098,0.0,509.61605
2020-05-30 08:00:00,400.0,400.0,0.0,-0.0,1110.0,0.0,0.0,2344.56094,455.87506,543.084141
2020-05-30 09:00:00,400.0,400.0,0.0,-0.0,1108.0,0.0,0.0,2542.103802,677.578198,573.01557
2020-05-30 10:00:00,400.0,400.0,0.0,-0.0,1119.0,0.0,0.0,2745.971505,950.414495,601.945726
2020-05-30 11:00:00,400.0,400.0,0.0,-0.0,1119.0,0.0,0.0,2824.91604,1105.56596,613.787406
2020-05-30 12:00:00,400.0,400.0,0.0,-0.0,1117.0,0.0,0.0,2839.385991,1056.194009,616.257899
2020-05-30 13:00:00,400.0,400.0,0.0,-0.0,1122.0,0.0,0.0,2859.888728,623.701272,618.583309
2020-05-30 14:00:00,400.0,400.0,0.0,-0.0,1127.0,0.0,0.0,2896.388704,277.675296,623.308306
2020-05-30 15:00:00,400.0,400.0,0.0,-0.0,1122.0,0.0,0.0,2563.546668,568.751332,625.132
2020-05-30 16:00:00,398.0,400.0,0.0,19.983547,1494.0,0.0,0.0,2599.204392,210.965608,630.180659
2020-05-30 17:00:00,398.0,400.0,0.0,21.406466,1491.0,0.0,0.0,2515.82103,18.42897,618.123155
2020-05-30 18:00:00,400.0,400.0,19.68943,51.460805,1226.623262,0.0,0.0,2007.75,0.0,597.469011
2020-05-30 19:00:00,400.0,400.0,21.647258,72.516066,1008.158696,0.0,0.0,1715.634,0.0,615.071296
2020-05-30 20:00:00,400.0,400.0,21.368347,68.068674,1235.825789,0.0,0.0,1979.526791,33.935209,615.70515
2020-05-30 21:00:00,400.0,400.0,19.430296,20.42044,1367.463205,0.0,0.0,2016.448,0.0,584.997719
2020-05-30 22:00:00,400.0,400.0,20.234035,1.19454,1251.658651,0.0,0.0,2004.084048,74.627952,548.01381
2020-05-30 23:00:00,400.0,400.0,17.392886,-0.0,993.801656,0.0,0.0,2219.485825,179.584175,512.502625
2020-05-31 00:00:00,400.0,400.0,0.0,-0.0,1032.0,0.0,0.0,2075.07927,500.17073,485.11189
2020-05-31 01:00:00,400.0,400.0,0.0,-0.0,1031.0,0.0,0.0,1933.584607,635.131393,464.037691
2020-05-31 02:00:00,400.0,400.0,0.0,-0.0,1032.0,0.0,0.0,1847.838865,727.413135,451.02583
2020-05-31 03:00:00,400.0,400.0,0.0,-0.0,1032.0,0.0,0.0,1809.475637,759.774363,445.271346
2020-05-31 04:00:00,400.0,400.0,0.0,-0.0,1029.0,0.0,0.0,1765.818012,705.053988,439.172702
2020-05-31 05:00:00,400.0,400.0,0.0,-0.0,1009.0,0.0,0.0,1710.141181,360.078819,433.821177
2020-05-31 06:00:00,398.0,400.0,0.0,-0.0,1012.0,0.0,0.0,1727.937342,738.412658,436.040601
2020-05-31 07:00:00,400.0,400.0,0.0,-0.0,1006.0,0.0,0.0,1908.993062,830.306938,464.098959
2020-05-31 08:00:00,400.0,400.0,0.0,-0.0,1006.0,0.0,0.0,2083.478913,1324.423087,490.271837
2020-05-31 09:00:00,400.0,400.0,0.0,-0.0,1008.0,0.0,0.0,2263.907622,1242.762378,517.036143
2020-05-31 10:00:00,400.0,400.0,0.0,-0.0,1007.0,0.0,0.0,2430.767821,1222.362179,542.215173
2020-05-31 11:00:00,400.0,400.0,0.0,-0.0,1006.0,0.0,0.0,2564.597465,1188.012535,562.43962
2020-05-31 12:00:00,400.0,400.0,0.0,-0.0,1003.0,0.0,0.0,2595.651623,1285.378377,567.547743
2020-05-31 13:00:00,400.0,400.0,0.0,-0.0,1003.0,0.0,0.0,2650.077028,1512.256972,575.711554
2020-05-31 14:00:00,400.0,400.0,0.0,-0.0,1004.0,0.0,0.0,2730.443539,1335.476461,587.616531
2020-05-31 15:00:00,400.0,400.0,0.0,-0.0,1002.0,0.0,0.0,2620.424818,1380.975182,596.913723
2020-05-31 16:00:00,398.0,400.0,0.0,-0.0,1190.0,0.0,0.0,2645.035747,925.784253,600.155362
2020-05-31 17:00:00,398.0,400.0,0.0,19.68943,1190.0,0.0,0.0,2453.249221,465.702779,596.887383
2020-05-31 18:00:00,400.0,400.0,19.430296,46.57244,1142.438819,0.0,0.0,2100.94,0.0,582.225177
2020-05-31 19:00:00,400.0,400.0,22.492854,71.762507,800.004346,0.0,0.0,1829.86,0.0,600.278348
2020-05-31 20:00:00,400.0,400.0,21.116411,73.069973,991.272459,0.0,0.0,1954.188,0.0,603.437331
2020-05-31 21:00:00,400.0,400.0,20.846138,21.478163,853.407923,0.0,0.0,1912.352,0.0,571.191612
2020-05-31 22:00:00,400.0,400.0,19.430296,20.42044,1060.288065,0.0,0.0,1839.754,0.0,529.26989
2020-05-31 23:00:00,400.0,400.0,0.0,-0.0,1107.0,0.0,0.0,2031.370337,77.177663,497.755551
2020-06-01 00:00:00,400.0,400.0,0.0,-0.0,1113.0,0.0,0.0,1740.460434,440.791566,453.219065
2020-06-01 01:00:00,400.0,400.0,0.0,-0.0,927.0,0.0,0.0,1687.989617,436.128383,419.998442
2020-06-01 02:00:00,400.0,400.0,0.0,-0.0,930.0,0.0,0.0,1606.765329,574.794671,407.364799
2020-06-01 03:00:00,400.0,400.0,0.0,-0.0,928.0,0.0,0.0,1594.534247,560.765753,405.830137
2020-06-01 04:00:00,400.0,400.0,0.0,-0.0,928.0,0.0,0.0,1561.166757,691.863243,400.825014
2020-06-01 05:00:00,400.0,400.0,0.0,-0.0,929.0,0.0,0.0,1532.395482,1078.888518,396.359322
2020-06-01 06:00:00,398.0,400.0,0.0,-0.0,924.0,0.0,0.0,1554.899149,1433.454851,400.484872
2020-06-01 07:00:00,398.0,400.0,0.0,-0.0,920.0,0.0,0.0,1796.319682,1659.202318,437.297952
2020-06-01 08:00:00,400.0,400.0,0.0,-0.0,918.0,0.0,0.0,2039.917803,1848.934197,474.13767
2020-06-01 09:00:00,400.0,400.0,0.0,-0.0,915.0,0.0,0.0,2313.843734,1708.522266,515.67656
2020-06-01 10:00:00,400.0,400.0,0.0,-0.0,914.0,0.0,0.0,2512.657092,1780.842908,545.648564
2020-06-01 11:00:00,400.0,400.0,0.0,-0.0,914.0,0.0,0.0,2664.139244,1788.728756,568.370887
2020-06-01 12:00:00,400.0,400.0,0.0,-0.0,912.0,0.0,0.0,2711.381439,1539.848561,585.057216
2020-06-01 13:00:00,400.0,400.0,0.0,-0.0,1002.0,0.0,0.0,2830.15483,1244.17517,603.323225
2020-06-01 14:00:00,400.0,400.0,0.0,17.952599,1005.0,0.0,0.0,2960.878543,519.439457,622.481781
2020-06-01 15:00:00,400.0,400.0,0.0,23.426989,1011.0,0.0,0.0,2700.399167,383.296833,633.509875
2020-06-01 16:00:00,400.0,400.0,16.970947,21.979898,1369.20301,0.0,0.0,2618.334,0.0,648.469648
2020-06-01 17:00:00,400.0,400.0,0.0,28.493295,1568.0,0.0,0.0,2017.807259,102.092741,641.821089
2020-06-01 18:00:00,400.0,400.0,19.68943,26.429316,1823.351839,0.0,0.0,1513.632,0.0,624.942024
2020-06-01 19:00:00,400.0,400.0,22.516066,76.790897,1442.862985,0.0,0.0,1188.312,0.0,638.017352
2020-06-01 20:00:00,400.0,400.0,23.069973,67.141589,1244.326643,0.0,0.0,1012.57,0.0,636.636504
2020-06-01 21:00:00,400.0,400.0,23.069973,23.128644,1216.767256,0.0,0.0,726.93,0.0,589.674412
2020-06-01 22:00:00,400.0,400.0,21.116714,22.732362,1618.987399,0.0,0.0,741.768,0.0,531.56709
2020-06-01 23:00:00,400.0,400.0,21.843654,24.496623,1114.280555,0.0,0.0,627.47,0.0,483.628417
2020-06-02 00:00:00,400.0,400.0,21.288154,21.843654,1178.25916,0.0,0.0,467.454,0.0,450.029226
2020-06-02 01:00:00,400.0,400.0,22.492854,21.288154,951.214574,0.0,0.0,460.746,0.0,429.829714
2020-06-02 02:00:00,400.0,400.0,21.843654,22.492854,995.505472,0.0,0.0,435.79,0.0,419.442679
2020-06-02 03:00:00,400.0,400.0,22.516066,22.576747,927.617435,0.0,0.0,373.798,0.0,420.327085
2020-06-02 04:00:00,400.0,400.0,22.516066,22.732362,922.803745,0.0,0.0,412.118,0.0,426.797138
2020-06-02 05:00:00,400.0,400.0,22.576747,21.116411,880.200313,0.0,0.0,563.116,0.0,455.837353
2020-06-02 06:00:00,400.0,400.0,20.400003,19.32054,1281.677925,0.0,0.0,1195.41,0.0,490.459811
2020-06-02 07:00:00,400.0,400.0,18.861019,18.463561,1515.515347,0.0,0.0,1761.048,0.0,540.229898
2020-06-02 08:00:00,398.0,400.0,0.0,0.0,1650.0,0.0,0.0,2147.895049,41.772951,578.084257
2020-06-02 09:00:00,400.0,400.0,0.0,0.0,1646.0,0.0,0.0,2396.489279,181.462721,615.973392
2020-06-02 10:00:00,400.0,400.0,0.0,0.0,1643.0,0.0,0.0,2635.7814,250.8366,652.31721
2020-06-02 11:00:00,400.0,400.0,0.0,18.072542,1642.0,0.0,0.0,2830.259392,152.388608,681.638909
2020-06-02 12:00:00,400.0,400.0,16.970947,19.685338,1624.519647,0.0,0.0,2969.83,0.0,705.196553
2020-06-02 13:00:00,400.0,400.0,19.68943,21.287879,1326.512248,0.0,0.0,2897.43,0.0,739.037663
2020-06-02 14:00:00,400.0,400.0,19.430296,23.412304,1387.731715,0.0,0.0,2794.452,0.0,760.908043
2020-06-02 15:00:00,400.0,400.0,21.116411,22.974374,1477.861761,0.0,0.0,2610.05,0.0,778.978236
2020-06-02 16:00:00,400.0,400.0,20.400003,23.069973,1578.509102,0.0,0.0,2229.862,0.0,783.352935
2020-06-02 17:00:00,400.0,400.0,21.647258,24.617414,1776.231416,0.0,0.0,1748.902,0.0,764.800588
2020-06-02 18:00:00,400.0,400.0,23.128644,73.984972,1400.501583,0.0,0.0,1133.698,0.0,732.179463
2020-06-02 19:00:00,400.0,400.0,23.657594,70.082512,1272.412885,0.0,0.0,912.536,0.0,723.168467
2020-06-02 20:00:00,400.0,400.0,23.437807,29.529282,1317.814269,0.0,0.0,809.298,0.0,700.87256
2020-06-02 21:00:00,400.0,400.0,76.429316,23.437807,811.689912,0.0,6.015301,633.498,0.0,643.921213
2020-06-02 22:00:00,400.0,400.0,77.050889,23.467251,380.843093,0.0,355.638943,577.07,0.0,577.069036
2020-06-02 23:00:00,400.0,400.0,76.429316,22.76187,535.266746,0.0,133.732842,412.584,0.0,522.497588
2020-06-03 00:00:00,400.0,400.0,500.0,20.526636,0.0,268.175777,621.653267,416.686,0.0,483.879267
2020-06-03 01:00:00,400.0,400.0,156.857535,20.526636,17.729733,0.0,578.295307,554.65,0.0,461.68804
2020-06-03 02:00:00,400.0,400.0,127.274616,19.034775,61.002271,0.0,508.891389,474.98,0.0,443.246659
2020-06-03 03:00:00,400.0,400.0,74.617414,19.034775,180.484688,0.0,391.190609,571.02,0.0,439.730297
2020-06-03 04:00:00,400.0,400.0,73.437807,19.68943,325.585532,0.0,261.109439,766.212,0.0,447.24397
2020-06-03 05:00:00,400.0,400.0,72.96816,0.0,407.011243,0.0,221.900571,1021.07,0.0,473.258814
2020-06-03 06:00:00,400.0,400.0,19.983547,0.0,852.146553,0.0,0.0,1716.48,0.0,510.800017
2020-06-03 07:00:00,400.0,400.0,19.983547,0.0,886.248924,0.0,0.0,2135.47,0.0,568.533161
2020-06-03 08:00:00,400.0,400.0,19.68943,0.0,912.731096,0.0,0.0,2445.08,0.0,611.002336
2020-06-03 09:00:00,400.0,400.0,70.400004,0.0,825.918498,0.0,16.800927,2683.368,0.0,659.767425
2020-06-03 10:00:00,400.0,400.0,70.846138,9.425382,715.39601,0.0,184.753388,2875.232,0.0,705.125398
2020-06-03 11:00:00,400.0,400.0,18.861019,26.489188,1121.299955,0.0,0.0,2950.61,0.0,741.346507
2020-06-03 12:00:00,400.0,400.0,19.68943,23.290137,1540.300035,0.0,0.0,2970.0,0.0,778.604995
2020-06-03 13:00:00,400.0,400.0,20.419098,24.863454,1376.933878,0.0,0.0,2887.662,0.0,816.259218
2020-06-03 14:00:00,400.0,400.0,21.287879,23.734832,1427.8126,0.0,0.0,2797.054,0.0,848.28621
2020-06-03 15:00:00,400.0,400.0,21.288154,22.492854,1602.820081,0.0,0.0,2610.438,0.0,872.792688
2020-06-03 16:00:00,400.0,400.0,21.843654,23.206766,1767.166392,0.0,0.0,2272.01,0.0,878.376541
2020-06-03 17:00:00,400.0,400.0,23.069973,72.669862,1662.011989,0.0,0.0,1823.968,0.0,855.893402
2020-06-03 18:00:00,400.0,400.0,23.437807,31.655967,1475.130382,0.0,0.0,1299.068,0.0,803.990643
2020-06-03 19:00:00,400.0,400.0,23.657594,72.928463,1447.133884,0.0,0.0,1160.748,0.0,787.442117
2020-06-03 20:00:00,400.0,400.0,23.128644,26.284229,1621.07899,0.0,0.0,1133.95,0.0,757.330651
2020-06-03 21:00:00,400.0,400.0,23.069973,25.054528,1307.51109,0.0,0.0,1163.114,0.0,702.240437
2020-06-03 22:00:00,400.0,400.0,22.492854,22.896216,1197.333788,0.0,0.0,1183.302,0.0,615.295232
2020-06-03 23:00:00,400.0,400.0,21.116411,22.313993,995.65932,0.0,0.0,1428.55,0.0,552.583602
2020-06-04 00:00:00,400.0,400.0,19.68943,16.310824,1232.448568,0.0,0.0,1440.216,0.0,510.565115
2020-06-04 01:00:00,400.0,400.0,19.983547,-0.0,1138.299994,0.0,0.0,1185.104,0.0,486.420601
2020-06-04 02:00:00,400.0,400.0,20.400003,18.463561,1087.968311,0.0,0.0,983.364,0.0,463.709353
2020-06-04 03:00:00,400.0,400.0,19.983547,19.034775,1147.737069,0.0,0.0,1000.47,0.0,457.30994
2020-06-04 04:00:00,400.0,400.0,19.68943,18.463561,1211.072708,0.0,0.0,1078.562,0.0,459.523394
2020-06-04 05:00:00,400.0,400.0,19.68943,-0.0,1229.950826,0.0,0.0,1265.286,0.0,484.700276
2020-06-04 06:00:00,400.0,400.0,0.0,18.861019,1556.0,0.0,0.0,1830.670555,107.649445,520.600583
2020-06-04 07:00:00,400.0,400.0,16.970947,19.034775,1491.62015,0.0,0.0,2186.56,0.0,583.640977
2020-06-04 08:00:00,400.0,400.0,18.072542,19.68943,1481.054787,0.0,0.0,2529.65,0.0,636.689282
2020-06-04 09:00:00,400.0,400.0,18.861019,20.400003,1389.902862,0.0,0.0,2801.07,0.0,691.075071
2020-06-04 10:00:00,400.0,400.0,18.861019,21.301229,1382.166618,0.0,0.0,2983.966,0.0,745.169907
2020-06-04 11:00:00,400.0,400.0,18.573789,26.019173,1611.780327,0.0,0.0,3111.848,0.0,783.160151
2020-06-04 12:00:00,400.0,400.0,19.034775,22.455789,1659.688439,0.0,0.0,3137.382,0.0,833.054034
2020-06-04 13:00:00,400.0,400.0,19.983547,22.516066,1687.467759,0.0,0.0,3033.686,0.0,866.582736
2020-06-04 14:00:00,400.0,400.0,21.287879,23.304907,1654.026207,0.0,0.0,2925.21,0.0,908.577569
2020-06-04 15:00:00,400.0,400.0,22.732362,25.470942,1617.478373,0.0,0.0,2736.282,0.0,938.970544
2020-06-04 16:00:00,400.0,400.0,22.516066,25.738524,1817.688646,0.0,0.0,2564.21,0.0,936.378203
2020-06-04 17:00:00,400.0,400.0,23.206766,76.429316,1711.827092,0.0,0.0,2048.964,0.0,908.420536
2020-06-04 18:00:00,400.0,400.0,23.206766,77.274616,1713.342646,0.0,0.0,1542.252,0.0,850.336403
2020-06-04 19:00:00,400.0,400.0,22.632352,26.033724,2145.496142,0.0,0.0,1950.748905,266.449095,831.187914
2020-06-04 20:00:00,400.0,400.0,22.656017,22.709794,1382.940803,0.0,0.0,2308.83879,316.10121,786.284698
2020-06-04 21:00:00,400.0,400.0,22.972766,23.384104,1102.478223,0.0,0.0,2016.430237,197.965763,731.242802
2020-06-04 22:00:00,400.0,400.0,22.576747,23.209979,892.015457,0.0,0.0,1581.868,0.0,644.377881
2020-06-04 23:00:00,400.0,400.0,74.617414,25.410806,519.186113,0.0,244.68947,1145.27,0.0,581.562583
2020-06-05 00:00:00,400.0,400.0,81.727779,19.68943,182.543842,0.0,516.426582,597.5,0.0,541.643424
2020-06-05 01:00:00,400.0,400.0,81.727779,19.68943,189.476464,0.0,468.847566,423.07,0.0,514.43903
2020-06-05 02:00:00,400.0,400.0,74.617414,20.846138,453.3774,0.0,170.68949,496.65,0.0,485.89089
2020-06-05 03:00:00,400.0,400.0,22.492854,21.843654,735.350479,0.0,0.0,573.038,0.0,480.553128
2020-06-05 04:00:00,400.0,400.0,23.069973,37.486163,838.819216,0.0,0.0,518.166,0.0,484.552018
2020-06-05 05:00:00,400.0,400.0,23.069973,22.492854,789.746034,0.0,0.0,632.616,0.0,509.080495
2020-06-05 06:00:00,400.0,400.0,20.400003,20.419098,1286.930029,0.0,0.0,1383.222,0.0,547.093796
2020-06-05 07:00:00,400.0,400.0,19.430296,20.419098,1438.30461,0.0,0.0,1996.518,0.0,616.382009
2020-06-05 08:00:00,400.0,400.0,19.983547,20.400003,1341.692905,0.0,0.0,2315.402,0.0,678.706364
2020-06-05 09:00:00,400.0,400.0,19.983547,21.288154,1325.9381,0.0,0.0,2722.214,0.0,742.091385
2020-06-05 10:00:00,400.0,400.0,20.400003,27.882443,1282.57046,0.0,0.0,2880.216,0.0,797.796831
2020-06-05 11:00:00,400.0,400.0,20.846138,21.893605,1374.980219,0.0,0.0,3006.29,0.0,839.896467
2020-06-05 12:00:00,400.0,400.0,21.116411,25.500593,1407.712603,0.0,0.0,3119.446,0.0,891.41001
2020-06-05 13:00:00,400.0,400.0,21.287879,26.62051,1519.716723,0.0,0.0,3035.22,0.0,915.225492
2020-06-05 14:00:00,400.0,400.0,21.116714,22.732362,1750.641066,0.0,0.0,3219.6,0.0,961.49384
2020-06-05 15:00:00,400.0,400.0,21.708134,26.935544,2021.082804,0.0,0.0,3047.418742,76.331258,973.850391
2020-06-05 16:00:00,400.0,400.0,22.972766,26.788795,2019.532004,0.0,0.0,2662.092086,150.277914,971.784012
2020-06-05 17:00:00,400.0,400.0,22.23556,72.669862,2249.669309,0.0,0.0,2565.596753,211.287247,922.789117
2020-06-05 18:00:00,400.0,400.0,20.547985,71.325802,2515.593858,0.0,0.0,2524.398708,307.033292,876.720728
2020-06-05 19:00:00,400.0,400.0,4.780829,33.89858,2677.767223,0.0,0.0,2560.520691,204.991309,857.81302
2020-06-05 20:00:00,400.0,400.0,4.327491,30.470799,2820.255638,0.0,0.0,2413.833458,254.682542,814.436673
2020-06-05 21:00:00,400.0,400.0,20.526636,22.581874,2220.154411,0.0,0.0,2237.289511,210.308489,771.470265
2020-06-05 22:00:00,400.0,400.0,20.547985,27.103867,1588.154572,0.0,0.0,2206.738527,207.849473,701.937593
2020-06-05 23:00:00,400.0,400.0,21.122752,23.750658,1366.79847,0.0,0.0,1896.664304,195.403696,635.379875
2020-06-06 00:00:00,400.0,400.0,20.234035,20.42044,1437.307785,0.0,0.0,2034.648594,227.849406,592.251121
2020-06-06 01:00:00,398.0,400.0,0.0,9.154847,1666.0,0.0,0.0,2050.814994,415.939006,560.372249
2020-06-06 02:00:00,398.0,400.0,0.0,0.0,1664.0,0.0,0.0,1830.327709,534.790291,527.599156
2020-06-06 03:00:00,400.0,400.0,0.0,0.0,1657.0,0.0,0.0,1735.277476,457.412524,514.391621
2020-06-06 04:00:00,400.0,400.0,0.0,19.685338,1653.0,0.0,0.0,1623.913159,407.034841,498.286974
2020-06-06 05:00:00,400.0,400.0,0.0,0.0,1649.0,0.0,0.0,1638.40125,670.94675,501.060187
2020-06-06 06:00:00,400.0,400.0,0.0,0.0,1646.0,0.0,0.0,1704.408236,914.261764,511.411235
2020-06-06 07:00:00,400.0,400.0,0.0,19.68943,1648.0,0.0,0.0,2214.892364,211.127636,587.683855
2020-06-06 08:00:00,400.0,400.0,18.861019,22.591571,1449.390137,0.0,0.0,2527.652,0.0,664.389279
2020-06-06 09:00:00,400.0,400.0,19.034775,24.253737,1378.085932,0.0,0.0,2633.588,0.0,741.97531
2020-06-06 10:00:00,400.0,400.0,19.983547,26.441483,1566.600582,0.0,0.0,2823.848,0.0,802.237113
2020-06-06 11:00:00,400.0,400.0,20.419098,24.297269,1542.153311,0.0,0.0,2882.818,0.0,847.149703
2020-06-06 12:00:00,400.0,400.0,20.419098,26.056558,1735.053749,0.0,0.0,2985.838,0.0,886.917638
2020-06-06 13:00:00,400.0,400.0,21.116411,25.598771,1810.679131,0.0,0.0,2933.162,0.0,920.92243
2020-06-06 14:00:00,400.0,400.0,21.647258,25.862825,1811.251082,0.0,0.0,2849.272,0.0,961.503138
2020-06-06 15:00:00,400.0,400.0,21.647258,26.548347,2035.725027,0.0,0.0,2776.148,0.0,970.113446
2020-06-06 16:00:00,400.0,400.0,22.576747,25.9087,2008.610503,0.0,0.0,2432.338,0.0,975.859125
2020-06-06 17:00:00,400.0,400.0,22.576747,77.128505,2070.773395,0.0,0.0,1964.918,0.0,942.471691
2020-06-06 18:00:00,400.0,400.0,23.437807,74.094029,1880.491116,0.0,0.0,1379.252,0.0,901.614133
2020-06-06 19:00:00,400.0,400.0,23.657594,61.242489,1767.65055,0.0,0.0,1122.848,0.0,868.079618
2020-06-06 20:00:00,400.0,400.0,23.206766,30.583384,1832.687576,0.0,0.0,1109.762,0.0,831.611164
2020-06-06 21:00:00,400.0,400.0,23.437807,24.62179,1572.124183,0.0,0.0,898.528,0.0,785.760573
2020-06-06 22:00:00,400.0,400.0,23.444698,27.577392,1138.59912,0.0,0.0,703.362,0.0,715.014432
2020-06-06 23:00:00,400.0,400.0,23.206766,26.659975,1223.163208,0.0,0.0,345.004,0.0,648.576119
2020-06-07 00:00:00,400.0,400.0,23.87513,28.807836,833.700036,0.0,0.0,319.532,0.0,603.409795
2020-06-07 01:00:00,400.0,400.0,23.657594,23.335451,734.3043,0.0,0.0,394.418,0.0,569.567055
2020-06-07 02:00:00,400.0,400.0,73.657594,22.96816,610.646038,0.0,72.839556,403.57,0.0,536.238594
2020-06-07 03:00:00,400.0,400.0,23.206766,29.856109,785.391448,0.0,0.0,454.098,0.0,517.605983
2020-06-07 04:00:00,400.0,400.0,73.657594,22.516066,512.123963,0.0,122.532143,405.438,0.0,498.047106
2020-06-07 05:00:00,400.0,400.0,23.069973,19.68943,690.899075,0.0,0.0,521.9,0.0,488.700139
2020-06-07 06:00:00,400.0,400.0,20.400003,-0.0,1256.046141,0.0,0.0,1153.134,0.0,498.613179
2020-06-07 07:00:00,400.0,400.0,19.685338,-0.0,1435.632503,0.0,0.0,1798.4,0.0,568.465125
2020-06-07 08:00:00,400.0,400.0,19.68943,-0.0,1392.467957,0.0,0.0,2249.188,0.0,642.558006
2020-06-07 09:00:00,400.0,400.0,20.400003,-0.0,1266.330219,0.0,0.0,2643.62,0.0,720.643467
2020-06-07 10:00:00,400.0,400.0,71.647258,-0.0,966.406873,0.0,28.815596,2740.65,0.0,780.186469
2020-06-07 11:00:00,400.0,400.0,20.419098,3.115972,1226.999257,0.0,0.0,3338.45,0.0,830.767611
2020-06-07 12:00:00,400.0,400.0,3.153941,3.716598,1571.136413,0.0,0.0,4069.621005,101.630995,888.822689
2020-06-07 13:00:00,400.0,400.0,3.100929,4.233722,1617.533007,0.0,0.0,4092.156714,337.625286,914.043556
2020-06-07 14:00:00,400.0,400.0,3.482106,3.687621,1561.464943,0.0,0.0,4159.232162,311.137838,965.215083
2020-06-07 15:00:00,400.0,400.0,20.526636,9.598903,1585.415479,0.0,0.0,4039.396552,220.989448,969.147161
2020-06-07 16:00:00,400.0,400.0,20.547985,21.787308,1733.675352,0.0,0.0,3666.069781,249.562219,969.659164
2020-06-07 17:00:00,400.0,400.0,20.547985,23.128644,2025.76883,0.0,0.0,3192.834091,258.937909,935.859789
2020-06-07 18:00:00,400.0,400.0,22.23556,26.39403,1990.761468,0.0,0.0,2689.950303,269.969697,893.428325
2020-06-07 19:00:00,400.0,400.0,23.388687,70.884549,1625.638272,0.0,0.0,2219.97576,194.62224,880.100623
2020-06-07 20:00:00,400.0,400.0,21.905537,76.429316,2094.631971,0.0,0.0,2375.503786,212.508214,843.880772
2020-06-07 21:00:00,400.0,400.0,21.122752,23.069973,2196.731097,0.0,0.0,2322.455219,258.642781,807.408618
2020-06-07 22:00:00,400.0,400.0,3.750899,21.647258,2146.737842,0.0,0.0,2357.394589,307.165411,713.648512
2020-06-07 23:00:00,400.0,400.0,3.129496,21.474047,2010.488526,0.0,0.0,2121.684506,288.333494,645.479397
2020-06-08 00:00:00,398.0,400.0,0.0,18.861019,2072.0,0.0,0.0,2020.514075,211.547925,612.827111
2020-06-08 01:00:00,398.0,400.0,0.0,0.0,2068.0,0.0,0.0,1819.80065,178.13135,583.320097
2020-06-08 02:00:00,398.0,400.0,0.0,0.0,2068.0,0.0,0.0,1618.810236,241.241764,553.171535
2020-06-08 03:00:00,398.0,400.0,0.0,18.463561,2069.0,0.0,0.0,1541.285647,277.930353,541.392847
2020-06-08 04:00:00,398.0,400.0,0.0,19.430296,2068.0,0.0,0.0,1507.922021,180.945979,536.538303
2020-06-08 05:00:00,400.0,400.0,19.685338,19.034775,1737.34669,0.0,0.0,1414.95,0.0,572.190497
2020-06-08 06:00:00,400.0,400.0,19.685338,0.0,1738.783079,0.0,0.0,1693.778,0.0,613.799238
2020-06-08 07:00:00,400.0,400.0,20.846138,19.034775,1481.732667,0.0,0.0,1837.204,0.0,673.8707
2020-06-08 08:00:00,400.0,400.0,21.647258,20.400003,1304.155744,0.0,0.0,2025.262,0.0,728.715938
2020-06-08 09:00:00,400.0,400.0,22.492854,21.288154,1187.724461,0.0,0.0,2235.714,0.0,777.748431
2020-06-08 10:00:00,400.0,400.0,22.576747,22.185841,1080.859794,0.0,0.0,2380.886,0.0,815.553931
2020-06-08 11:00:00,400.0,400.0,22.732362,25.123575,1072.573578,0.0,0.0,2496.602,0.0,859.654263
2020-06-08 12:00:00,400.0,400.0,22.732362,25.210778,1212.083997,0.0,0.0,2607.31,0.0,908.5839
2020-06-08 13:00:00,400.0,400.0,22.732362,26.067611,1393.7019,0.0,0.0,2664.954,0.0,943.237815
2020-06-08 14:00:00,400.0,400.0,23.069973,25.70328,1527.080942,0.0,0.0,2660.014,0.0,975.739959
2020-06-08 15:00:00,400.0,400.0,22.96816,28.116055,1740.623558,0.0,0.0,2484.18,0.0,996.083466
2020-06-08 16:00:00,400.0,400.0,23.437807,31.860744,1762.470877,0.0,0.0,2170.164,0.0,1004.503968
2020-06-08 17:00:00,400.0,400.0,23.657594,76.790897,1705.005171,0.0,0.0,1713.7,0.0,967.904224
2020-06-08 18:00:00,400.0,400.0,25.9087,76.892495,1636.25356,0.0,0.0,1142.202,0.0,919.942266
2020-06-08 19:00:00,400.0,400.0,26.429316,52.670808,1403.149012,0.0,0.0,861.85,0.0,891.855148
2020-06-08 20:00:00,400.0,400.0,25.9087,28.845399,1477.417518,0.0,0.0,854.834,0.0,854.912472
2020-06-08 21:00:00,400.0,400.0,25.9087,26.324557,1247.292868,0.0,0.0,742.4,0.0,811.06607
2020-06-08 22:00:00,400.0,400.0,23.206766,28.106648,1409.312807,0.0,0.0,682.788,0.0,724.571279
2020-06-08 23:00:00,400.0,400.0,24.617414,26.617616,987.316829,0.0,0.0,411.98,0.0,647.484476
2020-06-09 00:00:00,400.0,400.0,23.437807,23.128644,1121.774119,0.0,0.0,303.67,0.0,604.334382
2020-06-09 01:00:00,400.0,400.0,22.96816,22.732362,1357.747805,0.0,0.0,343.17,0.0,574.863329
2020-06-09 02:00:00,400.0,400.0,21.843654,22.492854,1602.225209,0.0,0.0,379.75,0.0,543.678719
2020-06-09 03:00:00,400.0,400.0,21.287879,21.647258,1751.193015,0.0,0.0,438.08,0.0,530.083048
2020-06-09 04:00:00,400.0,400.0,21.116411,21.647258,1817.655073,0.0,0.0,507.948,0.0,530.593939
2020-06-09 05:00:00,400.0,400.0,21.288154,19.685338,1716.426132,0.0,0.0,625.402,0.0,563.39638
2020-06-09 06:00:00,400.0,400.0,19.983547,16.970947,1999.04292,0.0,0.0,1098.7,0.0,591.998562
2020-06-09 07:00:00,400.0,400.0,20.419098,18.463561,1893.648823,0.0,0.0,1420.878,0.0,656.134377
2020-06-09 08:00:00,400.0,400.0,21.116714,18.463561,1780.629392,0.0,0.0,1661.72,0.0,709.213591
2020-06-09 09:00:00,400.0,400.0,21.647258,19.034775,1630.269934,0.0,0.0,1905.7,0.0,768.36451
2020-06-09 10:00:00,400.0,400.0,21.843654,19.983547,1608.469108,0.0,0.0,2129.46,0.0,805.198634
2020-06-09 11:00:00,400.0,400.0,23.437807,21.647258,1095.899797,0.0,0.0,1880.262,0.0,844.70433
2020-06-09 12:00:00,400.0,400.0,76.755559,23.069973,739.093653,0.0,394.204499,1782.648,0.0,883.583152
2020-06-09 13:00:00,400.0,400.0,73.87513,24.750304,1014.479604,0.0,80.292955,1858.43,0.0,904.642559
2020-06-09 14:00:00,400.0,400.0,26.324557,27.893699,1205.171498,0.0,0.0,1794.97,0.0,947.519775
2020-06-09 15:00:00,400.0,400.0,26.429316,31.93306,1191.993928,0.0,0.0,1668.814,0.0,964.923011
2020-06-09 16:00:00,400.0,400.0,76.755559,31.867812,1205.350345,0.0,30.968903,1529.572,0.0,951.933248
2020-06-09 17:00:00,400.0,400.0,26.324557,75.200156,1376.171135,0.0,0.0,1318.668,0.0,899.47453
2020-06-09 18:00:00,400.0,400.0,26.429316,51.220744,1286.920063,0.0,0.0,1007.164,0.0,861.336591
2020-06-09 19:00:00,400.0,400.0,26.324557,72.982205,1419.666909,0.0,0.0,1008.168,0.0,843.975164
2020-06-09 20:00:00,400.0,400.0,26.324557,27.628809,1334.136919,0.0,0.0,852.14,0.0,814.500462
2020-06-09 21:00:00,400.0,400.0,26.429316,28.364434,1279.024118,0.0,0.0,604.436,0.0,785.611782
2020-06-09 22:00:00,400.0,400.0,25.758899,26.492618,1245.76723,0.0,0.0,402.7,0.0,707.089916
2020-06-09 23:00:00,400.0,400.0,25.9087,25.502989,907.035501,0.0,0.0,317.762,0.0,638.658975
2020-06-10 00:00:00,400.0,400.0,23.206766,21.647258,1166.344426,0.0,0.0,296.186,0.0,596.526236
2020-06-10 01:00:00,400.0,400.0,23.069973,22.516066,1300.623504,0.0,0.0,297.914,0.0,576.643574
2020-06-10 02:00:00,400.0,400.0,22.576747,22.492854,1479.650319,0.0,0.0,310.048,0.0,551.609652
2020-06-10 03:00:00,400.0,400.0,22.516066,21.287879,1535.436772,0.0,0.0,339.348,0.0,547.636684
2020-06-10 04:00:00,400.0,400.0,22.576747,21.116714,1501.695059,0.0,0.0,418.382,0.0,564.553041
2020-06-10 05:00:00,400.0,400.0,22.96816,19.983547,1367.229297,0.0,0.0,501.15,0.0,597.138105
2020-06-10 06:00:00,400.0,400.0,21.474047,0.0,1686.282798,0.0,0.0,950.016,0.0,616.60998
2020-06-10 07:00:00,400.0,400.0,21.288154,0.0,1724.720134,0.0,0.0,1325.802,0.0,667.21228
2020-06-10 08:00:00,400.0,400.0,20.846138,16.449965,1843.078159,0.0,0.0,1780.048,0.0,717.595476
2020-06-10 09:00:00,400.0,400.0,21.287879,18.861019,1775.944225,0.0,0.0,2085.76,0.0,773.522366
2020-06-10 10:00:00,400.0,400.0,21.116411,19.68943,1833.194884,0.0,0.0,2381.318,0.0,809.268467
2020-06-10 11:00:00,400.0,400.0,19.983547,20.419098,1993.418931,0.0,0.0,2498.598,0.0,802.82686
2020-06-10 12:00:00,400.0,400.0,20.419098,21.288154,1915.222641,0.0,0.0,2515.73,0.0,817.126104
2020-06-10 13:00:00,400.0,400.0,21.647258,22.576747,1681.485734,0.0,0.0,2403.368,0.0,835.33234
2020-06-10 14:00:00,400.0,400.0,22.576747,23.069973,1479.112305,0.0,0.0,2322.368,0.0,853.538354
2020-06-10 15:00:00,400.0,400.0,23.437807,23.128644,1153.543912,0.0,0.0,2068.984,0.0,864.366013
2020-06-10 16:00:00,400.0,400.0,23.206766,23.069973,1204.301803,0.0,0.0,1738.37,0.0,832.66023
2020-06-10 17:00:00,400.0,400.0,23.206766,62.372138,1363.413934,0.0,0.0,1366.436,0.0,780.75331
2020-06-10 18:00:00,400.0,400.0,23.069973,76.429316,1527.571116,0.0,0.0,1240.762,0.0,744.478633
2020-06-10 19:00:00,400.0,400.0,23.206766,27.835598,1342.918754,0.0,0.0,1098.468,0.0,743.632387
2020-06-10 20:00:00,400.0,400.0,76.755559,26.462709,695.485144,0.0,245.383084,792.2,0.0,741.557228
2020-06-10 21:00:00,400.0,400.0,23.069973,24.072696,1192.725507,0.0,0.0,1392.682,0.0,707.995702
2020-06-10 22:00:00,400.0,400.0,23.437807,22.492854,1030.476827,0.0,0.0,745.632,0.0,631.073276
2020-06-10 23:00:00,400.0,400.0,23.128644,23.128644,1107.156957,0.0,0.0,489.298,0.0,581.121156
2020-06-11 00:00:00,400.0,400.0,20.419098,23.069973,1785.175081,0.0,0.0,868.002,0.0,536.224038
2020-06-11 01:00:00,400.0,400.0,18.573789,28.566264,2164.448229,0.0,0.0,1382.798,0.0,556.552466
2020-06-11 02:00:00,400.0,400.0,18.861019,29.062505,2104.08951,0.0,0.0,1302.5,0.0,553.561574
2020-06-11 03:00:00,400.0,400.0,19.685338,22.185841,1432.508316,0.0,0.0,1409.316,0.0,510.571153
2020-06-11 04:00:00,400.0,400.0,18.072542,25.186681,1626.150905,0.0,0.0,1531.65,0.0,499.874864
2020-06-11 05:00:00,400.0,400.0,21.116714,20.419098,1112.133254,0.0,0.0,1359.832,0.0,551.204812
2020-06-11 06:00:00,400.0,400.0,0.0,-0.0,1690.0,0.0,0.0,1770.321407,399.158593,526.098211
2020-06-11 07:00:00,398.0,400.0,0.0,-0.0,1681.0,0.0,0.0,2581.137764,201.652236,649.070665
2020-06-11 08:00:00,400.0,400.0,0.0,-0.0,1660.0,0.0,0.0,2785.4752,175.4428,682.87128
2020-06-11 09:00:00,400.0,400.0,19.685338,-0.0,1429.250899,0.0,0.0,2881.07,0.0,731.822865
2020-06-11 10:00:00,400.0,400.0,18.573789,-0.0,1573.301066,0.0,0.0,3225.55,0.0,761.88734
2020-06-11 11:00:00,398.0,400.0,0.0,16.710458,1671.0,0.0,0.0,3572.430151,229.501849,799.264523
2020-06-11 12:00:00,398.0,400.0,0.0,19.034775,1673.0,0.0,0.0,3737.334924,340.287076,823.700239
2020-06-11 13:00:00,400.0,400.0,0.0,21.544321,1670.0,0.0,0.0,3658.377099,474.608901,837.806565
2020-06-11 14:00:00,400.0,400.0,10.29027,25.20105,1838.152523,0.0,0.0,3839.00208,33.49992,892.927434
2020-06-11 15:00:00,400.0,400.0,19.983547,22.185841,1671.041569,0.0,0.0,3402.99,0.0,905.842265
2020-06-11 16:00:00,400.0,400.0,19.685338,23.069973,1923.257534,0.0,0.0,3257.978,0.0,899.50807
2020-06-11 17:00:00,400.0,400.0,20.419098,22.732362,1878.654502,0.0,0.0,2777.054,0.0,861.809925
2020-06-11 18:00:00,400.0,400.0,22.516066,25.217876,1531.292921,0.0,0.0,1985.9,0.0,820.741062
2020-06-11 19:00:00,400.0,400.0,22.96816,75.9087,1566.806439,0.0,0.0,1776.662,0.0,819.878334
2020-06-11 20:00:00,400.0,400.0,20.400003,70.082512,2177.820147,0.0,0.0,2197.198,0.0,791.456678
2020-06-11 21:00:00,400.0,400.0,13.612559,25.360261,2405.348157,0.0,0.0,2248.172,0.0,764.973576
2020-06-11 22:00:00,400.0,400.0,15.395843,24.301052,1797.744511,0.0,0.0,2095.334,0.0,673.438423
2020-06-11 23:00:00,400.0,400.0,20.42044,20.846138,1386.729129,0.0,0.0,2080.710873,16.137127,603.147262
2020-06-12 00:00:00,400.0,400.0,19.983547,20.400003,1255.909767,0.0,0.0,1651.23,0.0,558.348035
2020-06-12 01:00:00,400.0,400.0,20.419098,22.492854,1162.862291,0.0,0.0,1392.138,0.0,533.441356
2020-06-12 02:00:00,400.0,400.0,20.419098,22.576747,1222.369634,0.0,0.0,1237.268,0.0,501.284755
2020-06-12 03:00:00,400.0,400.0,21.287879,49.499018,1059.690166,0.0,0.0,983.99,0.0,490.994975
2020-06-12 04:00:00,400.0,400.0,21.647258,23.069973,1014.252587,0.0,0.0,947.218,0.0,498.444812
2020-06-12 05:00:00,400.0,400.0,22.576747,20.419098,849.824139,0.0,0.0,1004.63,0.0,530.520879
2020-06-12 06:00:00,400.0,400.0,19.983547,19.68943,1307.406236,0.0,0.0,1561.182,0.0,537.116365
2020-06-12 07:00:00,400.0,400.0,22.492854,19.983547,884.609832,0.0,0.0,1799.852,0.0,636.336325
2020-06-12 08:00:00,400.0,400.0,21.647258,20.419098,979.177884,0.0,0.0,2217.998,0.0,684.873017
2020-06-12 09:00:00,400.0,400.0,71.843654,20.419098,906.771412,0.0,3.377076,2357.468,0.0,725.954488
2020-06-12 10:00:00,400.0,400.0,73.069973,21.287879,764.786353,0.0,224.471194,2389.79,0.0,766.050547
2020-06-12 11:00:00,400.0,400.0,72.492854,23.522067,914.820618,0.0,66.224989,2587.518,0.0,798.704607
2020-06-12 12:00:00,400.0,400.0,21.647258,24.652754,1191.521632,0.0,0.0,2697.522,0.0,826.950055
2020-06-12 13:00:00,400.0,400.0,21.116714,25.091506,1526.167083,0.0,0.0,2860.586,0.0,854.462838
2020-06-12 14:00:00,400.0,400.0,21.647258,25.647071,1575.100976,0.0,0.0,2861.222,0.0,874.968154
2020-06-12 15:00:00,400.0,400.0,22.516066,23.441462,1439.868026,0.0,0.0,2629.018,0.0,885.922496
2020-06-12 16:00:00,400.0,400.0,22.492854,25.726537,1586.677161,0.0,0.0,2357.632,0.0,876.443226
2020-06-12 17:00:00,400.0,400.0,22.732362,27.045333,1659.007583,0.0,0.0,1864.868,0.0,844.929063
2020-06-12 18:00:00,400.0,400.0,23.437807,72.417061,1549.067,0.0,0.0,1263.15,0.0,800.11245
2020-06-12 19:00:00,400.0,400.0,25.758899,75.200156,1288.092112,0.0,0.0,876.8,0.0,784.306183
2020-06-12 20:00:00,400.0,400.0,24.617414,26.988165,1353.742278,0.0,0.0,849.118,0.0,757.856358
2020-06-12 21:00:00,400.0,400.0,76.324557,26.925677,832.463684,0.0,80.934163,754.336,0.0,715.330847
2020-06-12 22:00:00,400.0,400.0,76.324557,23.069973,693.607695,0.0,139.432051,562.946,0.0,654.200746
2020-06-12 23:00:00,400.0,400.0,75.9087,23.494948,541.871485,0.0,221.027392,714.864,0.0,593.248877
2020-06-13 00:00:00,400.0,400.0,22.732362,22.662012,954.391817,0.0,0.0,835.198,0.0,549.420927
2020-06-13 01:00:00,400.0,400.0,74.617414,21.287879,315.621259,0.0,356.347552,699.0,0.0,518.306811
2020-06-13 02:00:00,400.0,400.0,73.657594,21.327109,374.348307,0.0,256.951947,570.67,0.0,490.248254
2020-06-13 03:00:00,400.0,400.0,73.437807,21.116714,472.941964,0.0,144.599942,598.388,0.0,479.616905
2020-06-13 04:00:00,400.0,400.0,21.288154,20.419098,876.302226,0.0,0.0,916.44,0.0,466.820666
2020-06-13 05:00:00,400.0,400.0,20.846138,0.0,987.590031,0.0,0.0,1014.132,0.0,464.781295
2020-06-13 06:00:00,400.0,400.0,19.685338,0.0,1253.641703,0.0,0.0,1427.118,0.0,486.821445
2020-06-13 07:00:00,400.0,400.0,19.685338,0.0,1246.362488,0.0,0.0,1773.518,0.0,539.873327
2020-06-13 08:00:00,400.0,400.0,20.400003,0.0,1090.136192,0.0,0.0,1989.584,0.0,595.717171
2020-06-13 09:00:00,400.0,400.0,19.983547,0.0,1151.251522,0.0,0.0,2360.262,0.0,642.151572
2020-06-13 10:00:00,400.0,400.0,20.419098,19.034775,1038.086361,0.0,0.0,2490.652,0.0,678.684846
2020-06-13 11:00:00,400.0,400.0,20.419098,22.896717,1009.504611,0.0,0.0,2661.132,0.0,708.544108
2020-06-13 12:00:00,400.0,400.0,71.287879,22.405517,895.524802,0.0,39.117478,2704.88,0.0,732.20328
2020-06-13 13:00:00,400.0,400.0,20.846138,22.008914,977.190967,0.0,0.0,2775.28,0.0,756.013355
2020-06-13 14:00:00,400.0,400.0,19.983547,25.72732,1306.888379,0.0,0.0,2718.132,0.0,776.736543
2020-06-13 15:00:00,400.0,400.0,20.846138,25.589279,1558.030446,0.0,0.0,2532.5,0.0,792.220433
2020-06-13 16:00:00,400.0,400.0,20.419098,23.641695,1750.955836,0.0,0.0,2216.714,0.0,794.663725
2020-06-13 17:00:00,400.0,400.0,22.516066,29.357469,1691.397089,0.0,0.0,1712.502,0.0,783.465737
2020-06-13 18:00:00,400.0,400.0,23.206766,75.004411,1370.187844,0.0,0.0,1096.88,0.0,746.503823
2020-06-13 19:00:00,400.0,400.0,23.657594,67.51651,1283.470257,0.0,0.0,922.98,0.0,735.226461
2020-06-13 20:00:00,400.0,400.0,23.87513,25.9087,1197.412656,0.0,0.0,747.522,0.0,712.816402
2020-06-13 21:00:00,400.0,400.0,23.206766,26.73596,1356.704355,0.0,0.0,663.322,0.0,676.292647
2020-06-13 22:00:00,400.0,400.0,23.437807,27.603748,1131.03869,0.0,0.0,449.198,0.0,624.773896
2020-06-13 23:00:00,400.0,400.0,23.206766,24.617414,1030.007793,0.0,0.0,322.886,0.0,567.731731
2020-06-14 00:00:00,400.0,400.0,23.069973,25.829031,1003.556687,0.0,0.0,341.938,0.0,521.307197
2020-06-14 01:00:00,400.0,400.0,22.732362,26.911249,899.901452,0.0,0.0,423.914,0.0,495.901882
2020-06-14 02:00:00,400.0,400.0,23.128644,23.687057,654.959773,0.0,0.0,374.87,0.0,472.036534
2020-06-14 03:00:00,400.0,400.0,22.732362,23.128644,782.053797,0.0,0.0,426.618,0.0,460.73463
2020-06-14 04:00:00,400.0,400.0,22.185841,21.474047,893.100666,0.0,0.0,420.682,0.0,443.1872
2020-06-14 05:00:00,400.0,400.0,20.419098,19.430296,1192.950395,0.0,0.0,687.304,0.0,438.203041
2020-06-14 06:00:00,400.0,400.0,18.573789,0.0,1624.173065,0.0,0.0,1193.9,0.0,449.50904
2020-06-14 07:00:00,398.0,400.0,0.0,0.0,1711.0,0.0,0.0,1598.73952,17.03848,497.210928
2020-06-14 08:00:00,400.0,400.0,16.970947,15.739388,1659.402093,0.0,0.0,1890.068,0.0,548.649886
2020-06-14 09:00:00,400.0,400.0,19.034775,0.0,1504.623996,0.0,0.0,2047.98,0.0,595.553401
2020-06-14 10:00:00,400.0,400.0,18.861019,0.0,1559.550815,0.0,0.0,2390.348,0.0,638.669578
2020-06-14 11:00:00,400.0,400.0,18.573789,18.861019,1607.894984,0.0,0.0,2687.202,0.0,675.946052
2020-06-14 12:00:00,400.0,400.0,19.034775,19.68943,1512.847712,0.0,0.0,2803.8,0.0,707.692843
2020-06-14 13:00:00,400.0,400.0,19.034775,21.116714,1488.87205,0.0,0.0,2969.012,0.0,736.070992
2020-06-14 14:00:00,400.0,400.0,10.268156,24.184954,1583.934653,0.0,0.0,2892.286717,7.481283,761.30281
2020-06-14 15:00:00,400.0,400.0,19.685338,23.16771,1788.7288,0.0,0.0,2659.382,0.0,776.64798
2020-06-14 16:00:00,400.0,400.0,20.400003,24.12576,1826.567623,0.0,0.0,2389.83,0.0,783.789357
2020-06-14 17:00:00,400.0,400.0,21.287879,28.375998,1750.141497,0.0,0.0,1906.704,0.0,776.034375
2020-06-14 18:00:00,400.0,400.0,22.96816,65.623801,1551.453755,0.0,0.0,1303.234,0.0,743.067037
2020-06-14 19:00:00,400.0,400.0,23.437807,76.308435,1281.296465,0.0,0.0,981.096,0.0,740.06993
2020-06-14 20:00:00,400.0,400.0,23.206766,26.656585,1371.434869,0.0,0.0,932.4,0.0,714.44477
2020-06-14 21:00:00,400.0,400.0,23.069973,24.617414,1497.672988,0.0,0.0,784.418,0.0,673.311752
2020-06-14 22:00:00,400.0,400.0,22.732362,24.802957,1216.307159,0.0,0.0,779.746,0.0,608.315826
2020-06-14 23:00:00,400.0,400.0,20.419098,23.444698,1714.071336,0.0,0.0,883.432,0.0,549.2041
2020-06-15 00:00:00,400.0,400.0,20.400003,23.069973,1642.191371,0.0,0.0,892.434,0.0,508.086394
2020-06-15 01:00:00,400.0,400.0,19.034775,22.576747,1891.878031,0.0,0.0,961.216,0.0,480.950695
2020-06-15 02:00:00,400.0,400.0,18.861019,22.516066,1945.726623,0.0,0.0,887.05,0.0,461.748507
2020-06-15 03:00:00,400.0,400.0,19.983547,21.843654,1712.2047,0.0,0.0,621.334,0.0,456.919395
2020-06-15 04:00:00,400.0,400.0,19.983547,21.843654,1712.876538,0.0,0.0,647.948,0.0,460.810719
2020-06-15 05:00:00,400.0,400.0,19.983547,19.983547,1666.149225,0.0,0.0,839.846,0.0,496.604516
2020-06-15 06:00:00,400.0,400.0,18.072542,18.861019,2020.7989,0.0,0.0,1484.418,0.0,540.092865
2020-06-15 07:00:00,400.0,400.0,0.0,-0.0,2068.0,0.0,0.0,1913.314875,105.885125,597.347231
2020-06-15 08:00:00,400.0,400.0,0.0,-0.0,2059.0,0.0,0.0,2209.65746,280.84254,643.148619
2020-06-15 09:00:00,400.0,400.0,0.0,0.107008,2074.0,0.0,0.0,2528.308962,207.195038,688.696344
2020-06-15 10:00:00,400.0,400.0,0.0,19.034775,2069.0,0.0,0.0,2807.211455,169.240545,731.281718
2020-06-15 11:00:00,400.0,400.0,16.970947,19.983547,2062.331475,0.0,0.0,3011.416,0.0,762.912679
2020-06-15 12:00:00,400.0,400.0,19.034775,21.116714,1904.001326,0.0,0.0,3075.898,0.0,796.334501
2020-06-15 13:00:00,400.0,400.0,19.430296,21.647258,1843.210193,0.0,0.0,3152.334,0.0,816.918571
2020-06-15 14:00:00,400.0,400.0,19.68943,22.576747,1736.194438,0.0,0.0,3065.052,0.0,845.378634
2020-06-15 15:00:00,400.0,400.0,19.68943,25.792581,1904.567798,0.0,0.0,3000.846,0.0,863.74173
2020-06-15 16:00:00,400.0,400.0,19.034775,23.206766,2203.719101,0.0,0.0,2886.902,0.0,855.027435
2020-06-15 17:00:00,400.0,400.0,19.68943,29.945557,2242.622112,0.0,0.0,2518.398,0.0,831.566383
2020-06-15 18:00:00,400.0,400.0,17.214051,72.669862,2606.755773,0.0,0.0,1936.9,0.0,706.971634
2020-06-15 19:00:00,400.0,400.0,22.516066,68.78622,1812.725745,0.0,0.0,1714.02,0.0,793.244138
2020-06-15 20:00:00,400.0,400.0,20.419098,31.104831,2162.397902,0.0,0.0,1783.078,0.0,748.152015
2020-06-15 21:00:00,400.0,400.0,19.983547,21.647258,2130.215055,0.0,0.0,1760.888,0.0,696.400942
2020-06-15 22:00:00,400.0,400.0,76.404825,21.843654,654.084816,0.0,150.530162,854.938,0.0,622.177978
2020-06-15 23:00:00,400.0,400.0,21.288154,28.35942,1344.356854,0.0,0.0,1166.52,0.0,565.374472
2020-06-16 00:00:00,400.0,400.0,21.288154,23.128644,1240.033273,0.0,0.0,962.41,0.0,525.656509
2020-06-16 01:00:00,400.0,400.0,21.843654,20.400003,1106.338777,0.0,0.0,637.12,0.0,496.917183
2020-06-16 02:00:00,400.0,400.0,21.116714,20.400003,1299.599422,0.0,0.0,709.768,0.0,478.825287
2020-06-16 03:00:00,400.0,400.0,20.846138,21.116411,1360.518233,0.0,0.0,745.59,0.0,475.060765
2020-06-16 04:00:00,400.0,400.0,21.116714,21.116411,1312.019003,0.0,0.0,738.722,0.0,481.30545
2020-06-16 05:00:00,400.0,400.0,21.287879,18.861019,1256.415697,0.0,0.0,823.822,0.0,502.410945
2020-06-16 06:00:00,400.0,400.0,19.430296,18.861019,1631.99273,0.0,0.0,1421.166,0.0,535.675991
2020-06-16 07:00:00,400.0,400.0,18.861019,19.685338,1747.831461,0.0,0.0,1937.502,0.0,595.750581
2020-06-16 08:00:00,400.0,400.0,16.970947,20.419098,1877.190035,0.0,0.0,2425.636,0.0,649.566895
2020-06-16 09:00:00,398.0,400.0,0.0,21.116714,1895.0,0.0,0.0,2810.215318,33.418682,704.582298
2020-06-16 10:00:00,400.0,400.0,16.970947,20.846138,1854.369666,0.0,0.0,3032.554,0.0,744.02765
2020-06-16 11:00:00,400.0,400.0,19.430296,21.116411,1653.462452,0.0,0.0,3108.638,0.0,785.576332
2020-06-16 12:00:00,398.0,400.0,0.0,23.364761,1876.0,0.0,0.0,3404.545064,40.052936,822.08176
2020-06-16 13:00:00,398.0,400.0,0.0,27.093625,2050.0,0.0,0.0,3272.319967,979.770033,854.897995
2020-06-16 14:00:00,398.0,400.0,0.0,27.941416,2419.0,0.0,0.0,3449.453362,801.892638,881.618004
2020-06-16 15:00:00,400.0,400.0,3.153941,22.96816,2319.639604,0.0,0.0,3428.524969,405.061031,893.382805
2020-06-16 16:00:00,400.0,400.0,21.287879,25.17194,1751.771007,0.0,0.0,2808.22,0.0,885.517349
2020-06-16 17:00:00,400.0,400.0,20.419098,62.067006,1889.808376,0.0,0.0,2600.95,0.0,859.221244
2020-06-16 18:00:00,400.0,400.0,23.069973,23.069973,1516.008689,0.0,0.0,1730.632,0.0,812.493497
2020-06-16 19:00:00,400.0,400.0,24.617414,22.96816,1143.41055,0.0,0.0,1260.838,0.0,797.914117
2020-06-16 20:00:00,400.0,400.0,25.9087,76.790897,1104.215859,0.0,0.0,942.832,0.0,770.492421
2020-06-16 21:00:00,400.0,400.0,22.732362,27.447369,1591.036005,0.0,0.0,1166.218,0.0,716.577299
2020-06-16 22:00:00,400.0,400.0,22.23556,25.511848,1567.430545,0.0,0.0,1376.299964,40.546036,645.130413
2020-06-16 23:00:00,400.0,400.0,20.419098,25.130561,1537.292238,0.0,0.0,1288.87,0.0,583.286664
2020-06-17 00:00:00,400.0,400.0,20.419098,27.061457,1334.499338,0.0,0.0,1164.802,0.0,541.845399
2020-06-17 01:00:00,400.0,400.0,21.288154,23.207253,871.351491,0.0,0.0,1173.934,0.0,509.487376
2020-06-17 02:00:00,400.0,400.0,21.647258,23.482853,661.674971,0.0,0.0,1147.482,0.0,488.671054
2020-06-17 03:00:00,400.0,400.0,19.68943,21.122752,937.928074,0.0,0.0,1633.15,0.0,485.433289
2020-06-17 04:00:00,400.0,400.0,19.034775,0.0,1051.878116,0.0,0.0,1744.89,0.0,485.101783
2020-06-17 05:00:00,400.0,400.0,19.68943,0.0,947.99208,0.0,0.0,1800.272,0.0,508.991988
2020-06-17 06:00:00,400.0,400.0,0.0,0.0,1214.0,0.0,0.0,2309.905274,90.794726,545.535791
2020-06-17 07:00:00,400.0,400.0,0.0,0.0,1212.0,0.0,0.0,2718.683607,296.498393,607.152541
2020-06-17 08:00:00,400.0,400.0,0.0,0.0,1211.0,0.0,0.0,3043.139551,425.228449,655.970933
2020-06-17 09:00:00,400.0,400.0,0.0,0.0,1209.0,0.0,0.0,3329.661711,542.192289,699.249257
2020-06-17 10:00:00,400.0,400.0,0.0,0.0,1209.0,0.0,0.0,3585.222048,670.689952,737.583307
2020-06-17 11:00:00,398.0,400.0,0.0,0.0,1210.0,0.0,0.0,3775.700078,634.387922,766.005012
2020-06-17 12:00:00,398.0,400.0,0.0,0.0,1209.0,0.0,0.0,3963.16353,473.76847,794.274529
2020-06-17 13:00:00,398.0,400.0,0.0,0.0,1207.0,0.0,0.0,4016.985984,339.716016,811.947898
2020-06-17 14:00:00,400.0,400.0,3.814792,3.24303,1228.101006,0.0,0.0,4094.379166,210.858834,837.641724
2020-06-17 15:00:00,400.0,400.0,14.4919,4.03072,1288.033107,0.0,0.0,4057.779055,89.502945,853.611892
2020-06-17 16:00:00,400.0,400.0,3.603831,4.189198,1483.623361,0.0,0.0,3911.271526,161.008474,855.547225
2020-06-17 17:00:00,400.0,400.0,16.69872,25.297527,1509.530019,0.0,0.0,3607.184054,40.545946,837.098105
2020-06-17 18:00:00,400.0,400.0,22.517176,38.804457,1228.665542,0.0,0.0,2985.506669,168.313331,797.526169
2020-06-17 19:00:00,400.0,400.0,33.808159,76.755581,996.838691,0.0,0.0,2545.283297,39.066703,777.366691
2020-06-17 20:00:00,400.0,400.0,23.80536,67.144738,1034.252554,0.0,0.0,2435.719098,31.920902,754.119982
2020-06-17 21:00:00,400.0,400.0,72.516066,22.335927,840.395438,0.0,75.853946,2085.118,0.0,702.708384
2020-06-17 22:00:00,400.0,400.0,21.647258,20.234035,874.501203,0.0,0.0,1913.688,0.0,632.12802
2020-06-17 23:00:00,400.0,400.0,19.983547,7.895592,925.386313,0.0,0.0,1914.898,0.0,571.426753
2020-06-18 00:00:00,400.0,400.0,19.68943,0.0,891.742389,0.0,0.0,1926.82,0.0,525.011642
2020-06-18 01:00:00,400.0,400.0,19.430296,0.0,942.292819,0.0,0.0,1795.0,0.0,497.656077
2020-06-18 02:00:00,400.0,400.0,16.970947,0.0,1149.327387,0.0,0.0,1866.928,0.0,477.390092
2020-06-18 03:00:00,400.0,400.0,0.0,0.0,1178.0,0.0,0.0,1874.516551,204.585449,474.227483
2020-06-18 04:00:00,400.0,400.0,0.0,0.0,1177.0,0.0,0.0,1899.755355,84.764645,478.163303
2020-06-18 05:00:00,398.0,400.0,0.0,0.0,1176.0,0.0,0.0,2021.228573,177.053427,496.534286
2020-06-18 06:00:00,398.0,400.0,0.0,0.0,1172.0,0.0,0.0,2226.04431,508.32369,532.356647
2020-06-18 07:00:00,398.0,400.0,0.0,0.0,1216.0,0.0,0.0,2656.303993,786.398007,597.195599
2020-06-18 08:00:00,400.0,400.0,0.0,0.0,1213.0,0.0,0.0,2980.399711,830.096289,646.259957
2020-06-18 09:00:00,400.0,400.0,0.0,0.0,1210.0,0.0,0.0,3277.610856,706.167144,691.291628
2020-06-18 10:00:00,400.0,400.0,-0.0,0.0,1209.0,0.0,0.0,3548.509633,598.420367,732.076445
2020-06-18 11:00:00,398.0,400.0,0.0,0.0,1210.0,0.0,0.0,3680.955379,463.112621,761.093307
2020-06-18 12:00:00,400.0,400.0,-0.0,0.0,1297.0,0.0,0.0,3976.768452,269.221548,806.365268
2020-06-18 13:00:00,400.0,400.0,0.0,0.645148,1296.0,0.0,0.0,3946.309512,235.254488,827.446427
2020-06-18 14:00:00,400.0,400.0,0.0,20.108305,1480.0,0.0,0.0,3944.793218,89.496782,852.868983
2020-06-18 15:00:00,400.0,400.0,19.034775,19.983547,1515.608248,0.0,0.0,3879.018,0.0,865.411463
2020-06-18 16:00:00,400.0,400.0,4.262356,19.983547,1539.391116,0.0,0.0,3535.29375,67.23625,861.285395
2020-06-18 17:00:00,400.0,400.0,18.861019,23.069973,1926.097617,0.0,0.0,3214.268,0.0,836.125557
2020-06-18 18:00:00,400.0,400.0,19.685338,70.483531,1971.202323,0.0,0.0,2718.148,0.0,785.991852
2020-06-18 19:00:00,400.0,400.0,21.624703,73.657594,1901.132692,0.0,0.0,2515.544258,17.073742,777.061735
2020-06-18 20:00:00,400.0,400.0,19.697644,30.929444,1947.463089,0.0,0.0,2448.740727,31.995273,754.091646
2020-06-18 21:00:00,400.0,400.0,19.430296,21.137711,1909.742705,0.0,0.0,2339.055766,51.260234,711.796959
2020-06-18 22:00:00,400.0,400.0,20.400003,20.846138,1384.370514,0.0,0.0,2080.662,0.0,645.343723
2020-06-18 23:00:00,400.0,400.0,18.861019,19.983547,1633.883223,0.0,0.0,1951.548,0.0,588.549717
2020-06-19 00:00:00,400.0,400.0,18.861019,19.034775,1251.592239,0.0,0.0,1972.768,0.0,542.576364
2020-06-19 01:00:00,400.0,400.0,18.573789,19.034775,1321.595184,0.0,0.0,1865.268,0.0,515.950922
2020-06-19 02:00:00,400.0,400.0,14.191367,18.861019,1399.150782,0.0,0.0,1794.568,0.0,493.712583
2020-06-19 03:00:00,400.0,400.0,16.970947,19.983547,1384.830467,0.0,0.0,1790.218,0.0,495.20813
2020-06-19 04:00:00,400.0,400.0,0.0,19.034775,1407.0,0.0,0.0,1783.259183,84.586817,490.838877
2020-06-19 05:00:00,400.0,400.0,0.0,0.0,1404.0,0.0,0.0,1940.927254,36.058746,514.939088
2020-06-19 06:00:00,400.0,400.0,0.0,0.0,1399.0,0.0,0.0,2186.633417,281.786583,552.545013
2020-06-19 07:00:00,400.0,400.0,0.0,0.0,1398.0,0.0,0.0,2651.875243,469.496757,622.481286
2020-06-19 08:00:00,400.0,400.0,0.0,0.0,1395.0,0.0,0.0,3038.208252,443.451748,680.881238
2020-06-19 09:00:00,400.0,400.0,0.0,19.034775,1394.0,0.0,0.0,3360.825957,623.742043,729.423894
2020-06-19 10:00:00,400.0,400.0,0.0,20.427751,1392.0,0.0,0.0,3621.826708,521.925292,774.574006
2020-06-19 11:00:00,400.0,400.0,0.0,25.527289,1437.0,0.0,0.0,3394.483341,955.216659,815.922501
2020-06-19 12:00:00,400.0,400.0,0.0,25.916201,1990.0,0.0,0.0,3651.342777,960.035223,854.751417
2020-06-19 13:00:00,400.0,400.0,0.0,25.503808,1988.0,0.0,0.0,3711.617751,696.168249,889.592663
2020-06-19 14:00:00,400.0,400.0,0.0,25.122938,2171.0,0.0,0.0,3875.56476,378.41724,914.484714
2020-06-19 15:00:00,398.0,400.0,-0.0,53.560021,2173.0,0.0,0.0,4022.752127,221.231873,936.262819
2020-06-19 16:00:00,400.0,400.0,20.234035,75.433611,1957.141858,0.0,0.0,3708.500295,52.147705,934.703766
2020-06-19 17:00:00,400.0,400.0,21.368347,25.961101,1693.076,0.0,0.0,3374.451965,225.830035,911.006395
2020-06-19 18:00:00,400.0,400.0,22.972766,26.480625,1343.918862,0.0,0.0,2777.148131,238.281869,862.38439
2020-06-19 19:00:00,400.0,400.0,24.074771,25.645124,1174.517263,0.0,0.0,2478.306291,216.741709,842.968354
2020-06-19 20:00:00,400.0,400.0,22.23556,26.614881,1526.608498,0.0,0.0,2599.443291,233.016709,808.325219
2020-06-19 21:00:00,400.0,400.0,22.23556,24.907034,1346.176824,0.0,0.0,2450.400491,318.061509,759.78355
2020-06-19 22:00:00,400.0,400.0,21.905537,24.251206,1058.953391,0.0,0.0,2424.823304,302.746696,692.530487
2020-06-19 23:00:00,400.0,400.0,21.122752,22.551395,972.278336,0.0,0.0,2255.297724,306.570276,626.852908
2020-06-20 00:00:00,400.0,400.0,19.533879,20.234035,1251.07206,0.0,0.0,2269.119616,263.612384,578.857133
2020-06-20 01:00:00,398.0,400.0,0.0,0.0,1378.0,0.0,0.0,2169.558779,32.341221,544.883817
2020-06-20 02:00:00,398.0,400.0,0.0,0.0,1377.0,0.0,0.0,1983.809783,79.990217,517.171467
2020-06-20 03:00:00,400.0,400.0,0.0,0.0,1375.0,0.0,0.0,1863.354546,83.797454,503.903182
2020-06-20 04:00:00,398.0,400.0,0.0,18.573789,1423.0,0.0,0.0,1770.734064,147.245936,489.71011
2020-06-20 05:00:00,398.0,400.0,0.0,0.0,1420.0,0.0,0.0,1790.201533,232.230467,493.08023
2020-06-20 06:00:00,400.0,400.0,0.0,0.0,1414.0,0.0,0.0,1943.977532,446.140468,517.04663
2020-06-20 07:00:00,400.0,400.0,0.0,22.693088,1413.0,0.0,0.0,2337.595051,509.786949,576.239258
2020-06-20 08:00:00,400.0,400.0,0.0,21.501907,1409.0,0.0,0.0,2617.316856,444.901144,644.297528
2020-06-20 09:00:00,400.0,400.0,0.0,25.887694,1592.0,0.0,0.0,2976.426796,254.873204,707.764019
2020-06-20 10:00:00,398.0,400.0,0.0,23.430023,1688.0,0.0,0.0,3187.864882,33.375118,764.529732
2020-06-20 11:00:00,400.0,400.0,18.463561,26.499759,1751.229306,0.0,0.0,3194.598,0.0,809.305304
2020-06-20 12:00:00,400.0,400.0,18.861019,25.240721,1874.666919,0.0,0.0,3238.43,0.0,850.614462
2020-06-20 13:00:00,400.0,400.0,18.861019,25.447011,2044.567684,0.0,0.0,3273.79,0.0,883.683347
2020-06-20 14:00:00,400.0,400.0,19.68943,25.412543,2050.545471,0.0,0.0,3129.154,0.0,914.341279
2020-06-20 15:00:00,400.0,400.0,21.116411,25.695465,2009.148386,0.0,0.0,2862.604,0.0,933.818342
2020-06-20 16:00:00,400.0,400.0,21.843654,27.247054,1966.359318,0.0,0.0,2477.814,0.0,935.768202
2020-06-20 17:00:00,400.0,400.0,23.206766,52.465236,1765.06681,0.0,0.0,1907.518,0.0,918.067678
2020-06-20 18:00:00,400.0,400.0,24.62179,76.845129,1589.801061,0.0,0.0,1297.62,0.0,874.922841
2020-06-20 19:00:00,400.0,400.0,26.324557,70.394855,1435.899701,0.0,0.0,987.268,0.0,844.255245
2020-06-20 20:00:00,400.0,400.0,26.324557,28.032048,1351.061904,0.0,0.0,782.436,0.0,801.506114
2020-06-20 21:00:00,400.0,400.0,23.444698,27.209673,1631.175106,0.0,0.0,715.15,0.0,749.396234
2020-06-20 22:00:00,400.0,400.0,22.96816,26.341773,1552.269392,0.0,0.0,932.512,0.0,687.336391
2020-06-20 23:00:00,400.0,400.0,22.576747,25.839918,1458.965771,0.0,0.0,791.518,0.0,626.932834
2020-06-21 00:00:00,400.0,400.0,22.576747,25.187859,1274.285155,0.0,0.0,639.952,0.0,578.650027
2020-06-21 01:00:00,400.0,400.0,23.069973,23.128644,984.537093,0.0,0.0,490.082,0.0,546.381736
2020-06-21 02:00:00,400.0,400.0,23.069973,23.069973,1040.09406,0.0,0.0,386.216,0.0,522.468291
2020-06-21 03:00:00,400.0,400.0,22.732362,22.96816,1102.422556,0.0,0.0,352.882,0.0,508.118917
2020-06-21 04:00:00,400.0,400.0,22.492854,22.492854,1227.972165,0.0,0.0,357.472,0.0,489.974975
2020-06-21 05:00:00,400.0,400.0,21.474047,18.861019,1404.90517,0.0,0.0,514.164,0.0,486.938825
2020-06-21 06:00:00,400.0,400.0,18.573789,0.0,1980.628824,0.0,0.0,1161.462,0.0,497.674976
2020-06-21 07:00:00,398.0,400.0,0.0,0.0,2078.0,0.0,0.0,1599.758869,29.095131,548.81383
2020-06-21 08:00:00,400.0,400.0,0.0,0.0,2066.0,0.0,0.0,2008.75797,78.62403,611.963695
2020-06-21 09:00:00,400.0,400.0,18.072542,0.406287,2013.56692,0.0,0.0,2378.6,0.0,675.304962
2020-06-21 10:00:00,400.0,400.0,18.861019,19.68943,1927.60026,0.0,0.0,2727.698,0.0,740.564661
2020-06-21 11:00:00,400.0,400.0,19.68943,21.287879,1748.877897,0.0,0.0,2937.584,0.0,798.855915
2020-06-21 12:00:00,400.0,400.0,21.116411,22.576747,1502.969641,0.0,0.0,3008.532,0.0,846.384354
2020-06-21 13:00:00,400.0,400.0,20.419098,26.539571,1583.978652,0.0,0.0,2998.984,0.0,883.800802
2020-06-21 14:00:00,400.0,400.0,21.474047,23.814553,1754.021886,0.0,0.0,2849.102,0.0,916.812017
2020-06-21 15:00:00,400.0,400.0,22.516066,27.630314,1704.535084,0.0,0.0,2581.278,0.0,937.311437
2020-06-21 16:00:00,400.0,400.0,21.843654,23.87513,1963.29863,0.0,0.0,2488.29,0.0,937.798705
2020-06-21 17:00:00,400.0,400.0,23.069973,70.362316,1846.735975,0.0,0.0,1998.15,0.0,922.712104
2020-06-21 18:00:00,400.0,400.0,24.617414,76.845129,1634.822556,0.0,0.0,1315.25,0.0,879.064117
2020-06-21 19:00:00,400.0,400.0,24.617414,62.283634,1651.957402,0.0,0.0,1262.86,0.0,861.43539
2020-06-21 20:00:00,400.0,400.0,25.9087,29.401012,1396.771651,0.0,0.0,921.0,0.0,823.684252
2020-06-21 21:00:00,400.0,400.0,83.752662,26.25869,244.591251,0.0,739.436314,482.6,0.0,776.690565
2020-06-21 22:00:00,400.0,400.0,81.727779,25.336324,289.71077,0.0,604.809015,338.996,0.0,705.432785
2020-06-21 23:00:00,400.0,400.0,158.035526,26.402132,24.333975,0.0,788.437929,368.48,0.0,640.641904
2020-06-22 00:00:00,400.0,400.0,158.752662,23.969015,7.857206,0.0,740.750413,355.968,0.0,590.506619
2020-06-22 01:00:00,400.0,400.0,500.0,20.400003,0.0,6.217568,715.211035,323.516,0.0,563.510035
2020-06-22 02:00:00,400.0,400.0,80.277405,19.983547,220.294809,0.0,465.77727,399.262,0.0,540.895079
2020-06-22 03:00:00,400.0,400.0,76.755559,19.983547,356.800098,0.0,322.262587,496.818,0.0,535.052685
2020-06-22 04:00:00,400.0,400.0,23.069973,20.846138,697.308446,0.0,0.0,849.148,0.0,536.825933
2020-06-22 05:00:00,400.0,400.0,21.287879,0.0,1029.78085,0.0,0.0,1353.518,0.0,562.610572
2020-06-22 06:00:00,400.0,400.0,19.983547,0.0,1253.79148,0.0,0.0,1891.56,0.0,609.715278
2020-06-22 07:00:00,400.0,400.0,19.68943,0.0,1330.781618,0.0,0.0,2394.604,0.0,673.623357
2020-06-22 08:00:00,400.0,400.0,19.68943,1.473428,1349.971896,0.0,0.0,2816.62,0.0,734.047216
2020-06-22 09:00:00,400.0,400.0,20.419098,19.034775,1140.611569,0.0,0.0,2988.46,0.0,791.227265
2020-06-22 10:00:00,400.0,400.0,19.983547,24.089634,1240.963141,0.0,0.0,3263.49,0.0,842.929029
2020-06-22 11:00:00,400.0,400.0,19.983547,23.913735,1445.36781,0.0,0.0,3447.762,0.0,893.159128
2020-06-22 12:00:00,400.0,400.0,20.419098,24.203364,1511.780626,0.0,0.0,3433.366,0.0,934.287806
2020-06-22 13:00:00,400.0,400.0,20.419098,26.348904,1697.436672,0.0,0.0,3364.914,0.0,974.921599
2020-06-22 14:00:00,400.0,400.0,21.116411,24.461608,2011.86207,0.0,0.0,3296.798,0.0,998.540389
2020-06-22 15:00:00,400.0,400.0,21.647258,25.686214,2024.312311,0.0,0.0,3183.01,0.0,1007.354653
2020-06-22 16:00:00,400.0,400.0,21.843654,70.082512,1958.286281,0.0,0.0,2894.088,0.0,1005.120258
2020-06-22 17:00:00,400.0,400.0,22.732362,75.666929,2017.328778,0.0,0.0,2488.446,0.0,974.117583
2020-06-22 18:00:00,400.0,400.0,23.437807,27.458056,1684.201299,0.0,0.0,1842.548,0.0,918.802005
2020-06-22 19:00:00,400.0,400.0,23.657594,27.241342,1652.129942,0.0,0.0,1644.05,0.0,893.838009
2020-06-22 20:00:00,400.0,400.0,24.479566,26.068231,1312.750853,0.0,0.0,1741.798,0.0,852.907072
2020-06-22 21:00:00,400.0,400.0,75.557295,25.398486,1036.853591,0.0,0.0,1822.357529,80.008471,799.875591
2020-06-22 22:00:00,400.0,400.0,23.592361,24.813617,1031.923849,0.0,0.0,1575.769252,105.212748,721.117897
2020-06-22 23:00:00,400.0,400.0,73.87513,25.351857,700.389656,0.0,151.190396,1211.05,0.0,652.149052
2020-06-23 00:00:00,400.0,400.0,23.128644,21.474047,827.239929,0.0,0.0,1048.75,0.0,600.526511
2020-06-23 01:00:00,400.0,400.0,22.492854,21.288154,1002.851333,0.0,0.0,1011.35,0.0,568.5748
2020-06-23 02:00:00,400.0,400.0,21.116714,21.116714,1245.529679,0.0,0.0,1097.988,0.0,545.168748
2020-06-23 03:00:00,400.0,400.0,20.846138,19.983547,1312.192613,0.0,0.0,1095.062,0.0,534.730408
2020-06-23 04:00:00,400.0,400.0,19.68943,19.034775,1528.539126,0.0,0.0,1309.318,0.0,534.416831
2020-06-23 05:00:00,400.0,400.0,19.685338,0.0,1565.454399,0.0,0.0,1494.55,0.0,556.66434
2020-06-23 06:00:00,400.0,400.0,19.68943,0.0,1514.917287,0.0,0.0,1684.718,0.0,592.770107
2020-06-23 07:00:00,400.0,400.0,20.419098,18.861019,1335.249171,0.0,0.0,1913.24,0.0,653.998624
2020-06-23 08:00:00,400.0,400.0,20.846138,18.072542,1283.37843,0.0,0.0,2189.57,0.0,703.228735
2020-06-23 09:00:00,400.0,400.0,20.419098,19.68943,1343.886687,0.0,0.0,2620.272,0.0,758.757797
2020-06-23 10:00:00,400.0,400.0,20.846138,20.846138,1304.260443,0.0,0.0,2913.86,0.0,808.739934
2020-06-23 11:00:00,400.0,400.0,19.685338,26.815004,1557.48815,0.0,0.0,3119.878,0.0,852.658478
2020-06-23 12:00:00,400.0,400.0,21.116714,24.2557,1604.95233,0.0,0.0,3082.462,0.0,895.426451
2020-06-23 13:00:00,400.0,400.0,21.474047,26.181447,1521.346193,0.0,0.0,3056.338,0.0,929.548771
2020-06-23 14:00:00,400.0,400.0,21.843654,24.482151,1586.79624,0.0,0.0,2970.652,0.0,960.128364
2020-06-23 15:00:00,400.0,400.0,22.576747,25.514258,1649.526983,0.0,0.0,2785.05,0.0,976.128453
2020-06-23 16:00:00,400.0,400.0,23.069973,26.421889,1697.68286,0.0,0.0,2439.252,0.0,970.285371
2020-06-23 17:00:00,400.0,400.0,23.206766,72.634009,1725.335508,0.0,0.0,1985.5,0.0,942.624674
2020-06-23 18:00:00,400.0,400.0,24.62179,75.253898,1595.629998,0.0,0.0,1348.05,0.0,892.863
2020-06-23 19:00:00,400.0,400.0,26.429316,60.184487,1293.997725,0.0,0.0,913.734,0.0,863.960441
2020-06-23 20:00:00,400.0,400.0,26.755559,28.219289,1123.439668,0.0,0.0,693.732,0.0,822.34385
2020-06-23 21:00:00,400.0,400.0,25.9087,26.705432,1376.215885,0.0,0.0,539.298,0.0,761.262317
2020-06-23 22:00:00,400.0,400.0,76.755559,26.776857,756.290807,0.0,117.136389,463.948,0.0,687.021196
2020-06-23 23:00:00,400.0,400.0,76.755559,24.582636,512.091006,0.0,274.441043,478.038,0.0,615.442049
2020-06-24 00:00:00,400.0,400.0,23.87513,22.709794,837.364819,0.0,0.0,462.962,0.0,564.389577
2020-06-24 01:00:00,400.0,400.0,23.128644,21.116411,990.264498,0.0,0.0,417.938,0.0,534.701025
2020-06-24 02:00:00,400.0,400.0,23.069973,9.468171,1040.251576,0.0,0.0,331.098,0.0,514.176964
2020-06-24 03:00:00,400.0,400.0,22.516066,19.430296,1150.099619,0.0,0.0,381.934,0.0,505.325157
2020-06-24 04:00:00,400.0,400.0,22.492854,19.034775,1170.596017,0.0,0.0,382.352,0.0,502.313397
2020-06-24 05:00:00,400.0,400.0,22.492854,0.0,1167.562187,0.0,0.0,593.352,0.0,534.418472
2020-06-24 06:00:00,400.0,400.0,21.287879,0.0,1387.255041,0.0,0.0,1094.918,0.0,576.699444
2020-06-24 07:00:00,400.0,400.0,20.419098,18.072542,1550.977451,0.0,0.0,1651.852,0.0,635.681182
2020-06-24 08:00:00,400.0,400.0,20.400003,0.0,1587.362646,0.0,0.0,2053.648,0.0,690.492803
2020-06-24 09:00:00,400.0,400.0,20.419098,19.983547,1500.184307,0.0,0.0,2319.82,0.0,743.495354
2020-06-24 10:00:00,400.0,400.0,21.287879,21.647258,1394.46785,0.0,0.0,2579.378,0.0,798.286522
2020-06-24 11:00:00,400.0,400.0,21.474047,26.885933,1315.874596,0.0,0.0,2683.86,0.0,851.247811
2020-06-24 12:00:00,400.0,400.0,21.647258,23.619411,1435.711128,0.0,0.0,2746.218,0.0,895.876031
2020-06-24 13:00:00,400.0,400.0,21.843654,26.813566,1601.229918,0.0,0.0,2833.546,0.0,937.397412
2020-06-24 14:00:00,400.0,400.0,22.576747,25.258304,1664.526125,0.0,0.0,2755.168,0.0,969.396281
2020-06-24 15:00:00,400.0,400.0,22.492854,26.637868,1929.088208,0.0,0.0,2658.988,0.0,994.034969
2020-06-24 16:00:00,400.0,400.0,22.732362,29.81884,2019.020275,0.0,0.0,2344.896,0.0,988.931359
2020-06-24 17:00:00,400.0,400.0,23.206766,73.970573,1823.11609,0.0,0.0,1895.532,0.0,963.512386
2020-06-24 18:00:00,400.0,400.0,23.87513,77.128505,1771.42772,0.0,0.0,1309.438,0.0,910.651542
2020-06-24 19:00:00,400.0,400.0,26.324557,59.752017,1483.343827,0.0,0.0,997.332,0.0,883.648226
2020-06-24 20:00:00,400.0,400.0,24.62179,26.755559,1534.121247,0.0,0.0,882.25,0.0,842.269313
2020-06-24 21:00:00,400.0,400.0,24.62179,29.288449,1350.879737,0.0,0.0,671.47,0.0,784.888539
2020-06-24 22:00:00,400.0,400.0,26.324557,24.880469,1010.231049,0.0,0.0,483.118,0.0,701.233043
2020-06-24 23:00:00,400.0,400.0,77.050889,26.960036,593.632953,0.0,212.716304,297.568,0.0,636.125257
2020-06-25 00:00:00,400.0,400.0,25.758899,21.647258,874.814302,0.0,0.0,293.354,0.0,586.580955
2020-06-25 01:00:00,400.0,400.0,23.437807,22.492854,1095.953881,0.0,0.0,291.848,0.0,553.184118
2020-06-25 02:00:00,400.0,400.0,22.96816,22.576747,1239.401281,0.0,0.0,265.42,0.0,527.702808
2020-06-25 03:00:00,400.0,400.0,22.576747,22.516066,1291.63788,0.0,0.0,276.1,0.0,521.469318
2020-06-25 04:00:00,400.0,400.0,22.576747,21.647258,1305.302188,0.0,0.0,288.47,0.0,521.275172
2020-06-25 05:00:00,400.0,400.0,22.576747,19.983547,1317.696827,0.0,0.0,430.318,0.0,540.693176
2020-06-25 06:00:00,400.0,400.0,21.116714,19.034775,1617.267361,0.0,0.0,1047.588,0.0,588.348096
2020-06-25 07:00:00,400.0,400.0,19.983547,19.034775,1785.124813,0.0,0.0,1690.89,0.0,659.664778
2020-06-25 08:00:00,400.0,400.0,19.983547,19.68943,1777.518876,0.0,0.0,2071.96,0.0,717.966169
2020-06-25 09:00:00,400.0,400.0,21.116411,20.419098,1626.742353,0.0,0.0,2328.202,0.0,779.018947
2020-06-25 10:00:00,400.0,400.0,21.288154,21.474047,1547.421638,0.0,0.0,2574.798,0.0,827.906454
2020-06-25 11:00:00,400.0,400.0,22.185841,22.576747,1385.62678,0.0,0.0,2749.664,0.0,878.405583
2020-06-25 12:00:00,400.0,400.0,22.185841,24.03036,1391.652212,0.0,0.0,2846.346,0.0,917.504068
2020-06-25 13:00:00,400.0,400.0,22.576747,26.707168,1479.784722,0.0,0.0,2810.562,0.0,952.166592
2020-06-25 14:00:00,400.0,400.0,22.576747,25.447705,1649.615775,0.0,0.0,2722.55,0.0,992.240134
2020-06-25 15:00:00,400.0,400.0,23.128644,25.519957,1690.24279,0.0,0.0,2543.64,0.0,1014.809581
2020-06-25 16:00:00,400.0,400.0,23.437807,25.410387,1529.156177,0.0,0.0,2202.568,0.0,1013.311773
2020-06-25 17:00:00,400.0,400.0,24.617414,76.845129,1612.601087,0.0,0.0,1739.21,0.0,981.541337
2020-06-25 18:00:00,400.0,400.0,25.9087,77.128505,1643.168515,0.0,0.0,1147.332,0.0,930.324523
2020-06-25 19:00:00,400.0,400.0,26.500239,56.735856,1323.664307,0.0,0.0,760.08,0.0,896.762354
2020-06-25 20:00:00,400.0,400.0,26.429316,32.600489,1315.496883,0.0,0.0,732.318,0.0,860.823168
2020-06-25 21:00:00,400.0,400.0,24.62179,27.979756,1513.180751,0.0,0.0,560.19,0.0,797.101387
2020-06-25 22:00:00,400.0,400.0,80.277405,25.459563,489.024596,0.0,422.632415,395.218,0.0,719.714011
2020-06-25 23:00:00,400.0,400.0,80.277405,26.40453,464.713416,0.0,365.511372,295.732,0.0,655.187788
2020-06-26 00:00:00,400.0,400.0,76.429316,21.288154,745.052462,0.0,22.656969,290.322,0.0,605.590431
2020-06-26 01:00:00,400.0,400.0,24.62179,23.069973,939.669875,0.0,0.0,257.378,0.0,571.456219
2020-06-26 02:00:00,400.0,400.0,23.437807,23.069973,1094.045865,0.0,0.0,251.938,0.0,547.48382
2020-06-26 03:00:00,400.0,400.0,23.128644,22.96816,1158.208557,0.0,0.0,246.838,0.0,537.094416
2020-06-26 04:00:00,400.0,400.0,23.128644,22.492854,1189.466327,0.0,0.0,259.2,0.0,534.260051
2020-06-26 05:00:00,400.0,400.0,23.437807,20.400003,1153.628073,0.0,0.0,350.022,0.0,553.259089
2020-06-26 06:00:00,400.0,400.0,21.288154,18.861019,1538.499959,0.0,0.0,995.154,0.0,592.298106
2020-06-26 07:00:00,400.0,400.0,20.400003,18.861019,1751.711012,0.0,0.0,1634.032,0.0,656.148148
2020-06-26 08:00:00,400.0,400.0,20.419098,20.400003,1691.568335,0.0,0.0,1980.97,0.0,717.21025
2020-06-26 09:00:00,400.0,400.0,22.492854,21.288154,1364.499666,0.0,0.0,2099.486,0.0,784.04795
2020-06-26 10:00:00,400.0,400.0,23.437807,22.96816,1110.500207,0.0,0.0,2239.58,0.0,843.161969
2020-06-26 11:00:00,400.0,400.0,23.069973,26.914851,1243.308558,0.0,0.0,2547.962,0.0,894.998016
2020-06-26 12:00:00,400.0,400.0,23.657594,23.999126,1180.243695,0.0,0.0,2579.298,0.0,940.208146
2020-06-26 13:00:00,400.0,400.0,23.206766,26.623002,1323.153685,0.0,0.0,2584.038,0.0,975.432647
2020-06-26 14:00:00,400.0,400.0,23.437807,25.756434,1511.814621,0.0,0.0,2585.232,0.0,1006.112607
2020-06-26 15:00:00,400.0,400.0,23.437807,28.368371,1540.332855,0.0,0.0,2357.262,0.0,1023.589372
2020-06-26 16:00:00,400.0,400.0,24.62179,31.860744,1564.260497,0.0,0.0,1993.37,0.0,1020.916425
2020-06-26 17:00:00,400.0,400.0,25.9087,76.525384,1521.252445,0.0,0.0,1595.202,0.0,980.242433
2020-06-26 18:00:00,400.0,400.0,25.9087,73.970573,1593.063296,0.0,0.0,1186.298,0.0,922.235206
2020-06-26 19:00:00,400.0,400.0,26.429316,58.303736,1352.550855,0.0,0.0,855.77,0.0,898.532872
2020-06-26 20:00:00,400.0,400.0,26.429316,28.995181,1371.368814,0.0,0.0,777.52,0.0,859.222678
2020-06-26 21:00:00,400.0,400.0,26.324557,27.135133,1233.853123,0.0,0.0,694.882,0.0,805.954332
2020-06-26 22:00:00,400.0,400.0,24.617414,27.692497,1252.242497,0.0,0.0,589.668,0.0,734.163825
2020-06-26 23:00:00,400.0,400.0,23.657594,27.288326,1242.197109,0.0,0.0,474.6,0.0,671.895434
2020-06-27 00:00:00,400.0,400.0,23.437807,23.206766,1116.190617,0.0,0.0,408.748,0.0,620.933607
2020-06-27 01:00:00,400.0,400.0,23.069973,22.732362,1320.11964,0.0,0.0,387.004,0.0,587.082654
2020-06-27 02:00:00,400.0,400.0,22.516066,21.647258,1511.727091,0.0,0.0,388.278,0.0,558.532636
2020-06-27 03:00:00,400.0,400.0,21.474047,21.474047,1712.583781,0.0,0.0,483.114,0.0,542.629533
2020-06-27 04:00:00,400.0,400.0,21.116714,21.116714,1785.858529,0.0,0.0,454.598,0.0,527.360921
2020-06-27 05:00:00,400.0,400.0,21.116411,19.034775,1818.928271,0.0,0.0,493.682,0.0,528.263059
2020-06-27 06:00:00,400.0,400.0,19.034775,11.386854,2178.507162,0.0,0.0,967.938,0.0,545.464626
2020-06-27 07:00:00,400.0,400.0,19.685338,0.0,2116.414409,0.0,0.0,1306.26,0.0,605.526839
2020-06-27 08:00:00,400.0,400.0,19.983547,0.0,1963.196399,0.0,0.0,1627.888,0.0,676.75374
2020-06-27 09:00:00,400.0,400.0,20.419098,19.430296,1923.398977,0.0,0.0,2057.29,0.0,747.133653
2020-06-27 10:00:00,400.0,400.0,19.983547,21.116411,1996.367683,0.0,0.0,2543.45,0.0,809.112348
2020-06-27 11:00:00,400.0,400.0,21.474047,23.069973,1694.071264,0.0,0.0,2599.168,0.0,866.11451
2020-06-27 12:00:00,400.0,400.0,21.474047,27.662688,1717.543587,0.0,0.0,2517.32,0.0,906.266462
2020-06-27 13:00:00,400.0,400.0,22.576747,27.615389,1862.325942,0.0,0.0,2355.78,0.0,941.318109
2020-06-27 14:00:00,400.0,400.0,23.069973,26.856333,1912.005599,0.0,0.0,2334.938,0.0,958.48986
2020-06-27 15:00:00,400.0,400.0,23.657594,27.439849,1657.204094,0.0,0.0,2101.068,0.0,961.629586
2020-06-27 16:00:00,400.0,400.0,26.324557,31.860744,1346.729817,0.0,0.0,1668.768,0.0,953.255727
2020-06-27 17:00:00,400.0,400.0,26.429316,76.790897,1372.260382,0.0,0.0,1355.452,0.0,928.978743
2020-06-27 18:00:00,400.0,400.0,26.324557,72.666548,1512.008217,0.0,0.0,1098.638,0.0,878.044467
2020-06-27 19:00:00,400.0,400.0,26.429316,54.737509,1327.325724,0.0,0.0,831.48,0.0,856.673141
2020-06-27 20:00:00,400.0,400.0,26.429316,30.392542,1341.129257,0.0,0.0,781.254,0.0,827.568711
2020-06-27 21:00:00,400.0,400.0,25.9087,26.91872,1408.782462,0.0,0.0,711.548,0.0,782.214831
2020-06-27 22:00:00,400.0,400.0,23.657594,27.990018,1431.011827,0.0,0.0,633.768,0.0,713.963426
2020-06-27 23:00:00,400.0,400.0,23.437807,26.659769,1274.159508,0.0,0.0,538.638,0.0,669.971774
2020-06-28 00:00:00,400.0,400.0,23.128644,23.87513,1279.531456,0.0,0.0,585.13,0.0,622.889782
2020-06-28 01:00:00,400.0,400.0,22.732362,23.128644,1437.974597,0.0,0.0,517.368,0.0,588.95901
2020-06-28 02:00:00,400.0,400.0,21.647258,22.185841,1674.719702,0.0,0.0,577.432,0.0,562.456845
2020-06-28 03:00:00,400.0,400.0,21.287879,21.474047,1771.465947,0.0,0.0,563.134,0.0,545.800208
2020-06-28 04:00:00,400.0,400.0,20.400003,19.983547,1941.392421,0.0,0.0,635.686,0.0,531.194037
2020-06-28 05:00:00,400.0,400.0,19.430296,8.443207,2137.695722,0.0,0.0,770.134,0.0,521.915742
2020-06-28 06:00:00,398.0,400.0,0.0,0.0,2413.0,0.0,0.0,1103.291697,22.424303,530.593755
2020-06-28 07:00:00,400.0,400.0,0.0,0.0,2416.0,0.0,0.0,1503.334674,124.813326,590.150201
2020-06-28 08:00:00,400.0,400.0,18.463561,0.0,2297.434222,0.0,0.0,1874.54,0.0,663.615867
2020-06-28 09:00:00,400.0,400.0,19.983547,19.68943,1994.569806,0.0,0.0,2067.31,0.0,737.961029
2020-06-28 10:00:00,400.0,400.0,20.846138,21.116714,1856.81572,0.0,0.0,2364.896,0.0,803.262042
2020-06-28 11:00:00,400.0,400.0,22.576747,22.516066,1463.660296,0.0,0.0,2360.762,0.0,861.615256
2020-06-28 12:00:00,400.0,400.0,23.206766,23.128644,1196.958561,0.0,0.0,2387.48,0.0,905.628216
2020-06-28 13:00:00,400.0,400.0,22.732362,28.549686,1434.262995,0.0,0.0,2378.7,0.0,945.215551
2020-06-28 14:00:00,400.0,400.0,23.128644,26.789785,1835.272434,0.0,0.0,2261.638,0.0,976.254835
2020-06-28 15:00:00,400.0,400.0,23.437807,27.435178,1765.448167,0.0,0.0,2083.198,0.0,987.712475
2020-06-28 16:00:00,400.0,400.0,23.87513,27.029336,1654.774636,0.0,0.0,1901.76,0.0,977.097805
2020-06-28 17:00:00,400.0,400.0,24.617414,59.619983,1575.052931,0.0,0.0,1552.704,0.0,949.89766
2020-06-28 18:00:00,400.0,400.0,25.9087,76.557923,1551.598712,0.0,0.0,1110.298,0.0,910.454893
2020-06-28 19:00:00,400.0,400.0,26.429316,70.394855,1391.700294,0.0,0.0,935.348,0.0,904.597156
2020-06-28 20:00:00,400.0,400.0,25.9087,32.959038,1512.268006,0.0,0.0,937.012,0.0,870.261599
2020-06-28 21:00:00,400.0,400.0,24.617414,26.960794,1577.190263,0.0,0.0,779.46,0.0,820.390461
2020-06-28 22:00:00,400.0,400.0,25.9087,27.994325,1214.985113,0.0,0.0,580.216,0.0,745.069633
2020-06-28 23:00:00,400.0,400.0,25.9087,26.777013,1090.161964,0.0,0.0,402.482,0.0,677.148005
2020-06-29 00:00:00,400.0,400.0,23.128644,23.069973,1440.579056,0.0,0.0,413.92,0.0,626.301142
2020-06-29 01:00:00,400.0,400.0,22.516066,21.474047,1715.847708,0.0,0.0,477.916,0.0,594.610244
2020-06-29 02:00:00,400.0,400.0,21.288154,20.846138,1911.128143,0.0,0.0,506.666,0.0,569.630679
2020-06-29 03:00:00,400.0,400.0,20.846138,21.287879,2033.431551,0.0,0.0,581.352,0.0,562.488067
2020-06-29 04:00:00,400.0,400.0,21.116411,21.116714,1996.081767,0.0,0.0,544.778,0.0,562.604435
2020-06-29 05:00:00,400.0,400.0,21.474047,19.68943,1889.545986,0.0,0.0,571.464,0.0,582.587702
2020-06-29 06:00:00,400.0,400.0,20.419098,18.861019,2097.843095,0.0,0.0,1009.718,0.0,617.081236
2020-06-29 07:00:00,400.0,400.0,19.983547,18.861019,2163.926529,0.0,0.0,1523.936,0.0,684.301421
2020-06-29 08:00:00,400.0,400.0,21.116411,19.68943,2007.76135,0.0,0.0,1831.702,0.0,753.891098
2020-06-29 09:00:00,400.0,400.0,21.647258,21.116714,1822.239126,0.0,0.0,2082.16,0.0,819.288131
2020-06-29 10:00:00,400.0,400.0,23.128644,21.287879,1460.570402,0.0,0.0,2095.184,0.0,875.49204
2020-06-29 11:00:00,400.0,400.0,23.128644,22.516066,1406.769619,0.0,0.0,2318.298,0.0,917.029257
2020-06-29 12:00:00,400.0,400.0,23.657594,22.732362,1247.018583,0.0,0.0,2380.016,0.0,950.249613
2020-06-29 13:00:00,400.0,400.0,76.324557,23.409862,1037.691409,0.0,182.51108,2152.368,0.0,973.001489
2020-06-29 14:00:00,400.0,400.0,76.324557,29.349642,1124.460114,0.0,132.315369,2081.77,0.0,1002.646483
2020-06-29 15:00:00,400.0,400.0,76.429316,26.599779,1240.975841,0.0,31.294683,1929.366,0.0,1015.558524
2020-06-29 16:00:00,400.0,400.0,76.755559,28.147966,1218.068921,0.0,107.822041,1783.802,0.0,1024.909962
2020-06-29 17:00:00,400.0,400.0,25.9087,26.429316,1421.303229,0.0,0.0,1485.868,0.0,956.334716
2020-06-29 18:00:00,400.0,400.0,24.62179,77.276799,1588.519377,0.0,0.0,1178.282,0.0,919.014393
2020-06-29 19:00:00,400.0,400.0,26.755559,77.276799,1404.99085,0.0,0.0,784.118,0.0,927.019072
2020-06-29 20:00:00,400.0,400.0,26.790897,56.615816,1241.226441,0.0,0.0,626.636,0.0,889.111434
2020-06-29 21:00:00,400.0,400.0,26.429316,28.170661,1278.387645,0.0,0.0,606.884,0.0,839.324453
2020-06-29 22:00:00,400.0,400.0,23.657594,28.250166,1659.605179,0.0,0.0,445.986,0.0,758.007123
2020-06-29 23:00:00,400.0,400.0,26.429316,26.622475,983.824977,0.0,0.0,313.898,0.0,686.545953
2020-06-30 00:00:00,400.0,400.0,23.444698,23.128644,1263.997759,0.0,0.0,309.938,0.0,637.191036
2020-06-30 01:00:00,400.0,400.0,22.732362,22.576747,1568.623851,0.0,0.0,399.33,0.0,604.905922
2020-06-30 02:00:00,400.0,400.0,21.843654,21.647258,1782.17379,0.0,0.0,423.332,0.0,576.473732
2020-06-30 03:00:00,400.0,400.0,21.647258,21.288154,1860.553515,0.0,0.0,428.948,0.0,565.559173
2020-06-30 04:00:00,400.0,400.0,21.116714,21.288154,1981.504928,0.0,0.0,549.646,0.0,565.521161
2020-06-30 05:00:00,400.0,400.0,21.474047,19.983547,1890.455549,0.0,0.0,579.298,0.0,583.626368
2020-06-30 06:00:00,400.0,400.0,20.419098,19.034775,2076.916959,0.0,0.0,1011.284,0.0,620.455056
2020-06-30 07:00:00,400.0,400.0,21.116714,18.861019,1983.08656,0.0,0.0,1353.25,0.0,685.824516
2020-06-30 08:00:00,400.0,400.0,21.647258,19.034775,1852.310036,0.0,0.0,1592.13,0.0,741.272995
2020-06-30 09:00:00,400.0,400.0,22.732362,19.68943,1627.49927,0.0,0.0,1806.15,0.0,807.097609
2020-06-30 10:00:00,400.0,400.0,23.128644,20.419098,1427.014778,0.0,0.0,1947.17,0.0,858.323283
2020-06-30 11:00:00,400.0,400.0,24.617414,21.647258,1194.849362,0.0,0.0,1945.272,0.0,892.863396
2020-06-30 12:00:00,400.0,400.0,76.324557,23.128644,996.150755,0.0,215.873432,2010.952,0.0,932.520187
2020-06-30 13:00:00,400.0,400.0,76.324557,28.987009,1042.869773,0.0,126.721561,1930.812,0.0,964.491334
2020-06-30 14:00:00,400.0,400.0,76.429316,23.437807,1232.812877,0.0,35.105491,1831.482,0.0,976.600368
2020-06-30 15:00:00,400.0,400.0,76.429316,26.839368,1223.753617,0.0,36.12254,1777.728,0.0,969.896157
2020-06-30 16:00:00,400.0,400.0,26.429316,31.860744,1237.349502,0.0,0.0,1742.348,0.0,969.149775
2020-06-30 17:00:00,400.0,400.0,26.404825,72.634009,1353.638504,0.0,0.0,1540.232,0.0,944.789024
2020-06-30 18:00:00,400.0,400.0,26.324557,76.845129,1508.010915,0.0,0.0,1234.7,0.0,899.653363
2020-06-30 19:00:00,400.0,400.0,25.9087,57.385466,1528.086362,0.0,0.0,1183.9,0.0,876.422046
2020-06-30 20:00:00,400.0,400.0,24.62179,30.295875,1540.06442,0.0,0.0,1174.35,0.0,848.442837
2020-06-30 21:00:00,400.0,400.0,25.9087,25.221128,1218.18888,0.0,0.0,1011.018,0.0,802.474368
2020-06-30 22:00:00,400.0,400.0,24.62179,24.049498,1095.243678,0.0,0.0,704.652,0.0,721.711248
2020-06-30 23:00:00,400.0,400.0,23.87513,26.754696,1021.416054,0.0,0.0,530.67,0.0,653.438092
2020-07-01 00:00:00,400.0,400.0,19.983547,23.128644,1837.819459,0.0,0.0,1398.172,0.0,607.852881
2020-07-01 01:00:00,398.0,400.0,0.0,21.116714,2067.0,0.0,0.0,1837.298375,33.331625,586.094756
2020-07-01 02:00:00,400.0,400.0,0.0,19.034775,2066.0,0.0,0.0,1672.88452,241.70148,561.582678
2020-07-01 03:00:00,400.0,400.0,0.0,0.0,2066.0,0.0,0.0,1638.881822,260.458178,556.482273
2020-07-01 04:00:00,400.0,400.0,0.0,0.0,2065.0,0.0,0.0,1625.164115,217.801885,554.574617
2020-07-01 05:00:00,400.0,400.0,0.0,0.0,2028.0,0.0,0.0,1747.580483,164.667517,578.487072
2020-07-01 06:00:00,400.0,400.0,0.0,0.0,2050.0,0.0,0.0,2053.022036,399.797964,621.003305
2020-07-01 07:00:00,400.0,400.0,0.0,6.092313,2054.0,0.0,0.0,2469.176721,250.637279,682.826508
2020-07-01 08:00:00,400.0,400.0,19.68943,20.419098,1782.671195,0.0,0.0,2652.15,0.0,750.971821
2020-07-01 09:00:00,400.0,400.0,20.400003,24.72226,1646.613603,0.0,0.0,2752.648,0.0,811.95516
2020-07-01 10:00:00,400.0,400.0,20.419098,25.381527,1742.380718,0.0,0.0,2850.202,0.0,865.473192
2020-07-01 11:00:00,400.0,400.0,19.983547,25.962181,1975.018529,0.0,0.0,2802.378,0.0,902.153921
2020-07-01 12:00:00,400.0,400.0,21.288154,30.225005,2099.361353,0.0,0.0,2736.836,0.0,954.671197
2020-07-01 13:00:00,400.0,400.0,21.647258,24.617414,2191.546179,0.0,0.0,2857.182,0.0,986.645373
2020-07-01 14:00:00,400.0,400.0,23.069973,32.850654,1883.137108,0.0,0.0,2575.314,0.0,1016.126534
2020-07-01 15:00:00,400.0,400.0,23.657594,24.62179,1687.173424,0.0,0.0,2235.728,0.0,1022.333186
2020-07-01 16:00:00,400.0,400.0,23.128644,31.867812,1850.952889,0.0,0.0,2214.94,0.0,994.648067
2020-07-01 17:00:00,400.0,400.0,23.657594,55.255179,1688.746854,0.0,0.0,1862.238,0.0,975.973672
2020-07-01 18:00:00,400.0,400.0,26.324557,72.634009,1474.869775,0.0,0.0,1206.22,0.0,926.902534
2020-07-01 19:00:00,400.0,400.0,22.96816,75.377354,2110.892468,0.0,0.0,1605.0,0.0,896.11613
2020-07-01 20:00:00,400.0,400.0,23.444698,30.044216,1698.541168,0.0,0.0,1210.284,0.0,866.811425
2020-07-01 21:00:00,400.0,400.0,26.324557,27.076021,1380.746818,0.0,0.0,584.586,0.0,820.625877
2020-07-01 22:00:00,400.0,400.0,23.437807,30.173136,1643.773639,0.0,0.0,599.532,0.0,736.898754
2020-07-01 23:00:00,400.0,400.0,22.576747,24.617414,1661.511855,0.0,0.0,868.29,0.0,661.316722
2020-07-02 00:00:00,400.0,400.0,21.843654,21.288154,1416.263726,0.0,0.0,1035.55,0.0,616.692941
2020-07-02 01:00:00,400.0,400.0,21.905537,0.0,1654.9737,0.0,0.0,1116.928618,104.369382,593.093238
2020-07-02 02:00:00,400.0,400.0,19.685338,0.0,1924.712497,0.0,0.0,1213.402,0.0,567.103425
2020-07-02 03:00:00,400.0,400.0,21.287879,0.0,1570.100398,0.0,0.0,742.77,0.0,549.70044
2020-07-02 04:00:00,400.0,400.0,21.843654,0.0,1403.872833,0.0,0.0,596.74,0.0,552.730075
2020-07-02 05:00:00,400.0,400.0,21.647258,18.861019,1483.949528,0.0,0.0,794.882,0.0,570.439871
2020-07-02 06:00:00,400.0,400.0,19.983547,19.685338,1801.703722,0.0,0.0,1406.482,0.0,614.516742
2020-07-02 07:00:00,400.0,400.0,18.072542,19.983547,2169.680453,0.0,0.0,2173.582,0.0,674.385232
2020-07-02 08:00:00,400.0,400.0,20.419098,21.287879,1743.052324,0.0,0.0,2248.164,0.0,749.566751
2020-07-02 09:00:00,400.0,400.0,21.287879,22.288014,1562.45945,0.0,0.0,2522.7,0.0,817.836082
2020-07-02 10:00:00,400.0,400.0,21.116714,23.069973,1594.701327,0.0,0.0,2736.932,0.0,870.634601
2020-07-02 11:00:00,400.0,400.0,20.419098,26.953991,1911.538738,0.0,0.0,3042.884,0.0,922.251789
2020-07-02 12:00:00,400.0,400.0,21.288154,27.945926,1912.543673,0.0,0.0,2982.186,0.0,969.546349
2020-07-02 13:00:00,400.0,400.0,22.96816,25.2249,1764.863419,0.0,0.0,2707.814,0.0,1008.742587
2020-07-02 14:00:00,400.0,400.0,23.128644,31.870205,1831.450064,0.0,0.0,2620.432,0.0,1042.19729
2020-07-02 15:00:00,400.0,400.0,20.473926,33.996821,2314.164859,0.0,0.0,2915.910046,45.269954,1056.711778
2020-07-02 16:00:00,400.0,400.0,20.153522,35.442028,2336.340663,0.0,0.0,2739.577817,35.138183,1048.385573
2020-07-02 17:00:00,400.0,400.0,20.919045,77.274563,2684.334508,0.0,0.0,2558.428439,59.071561,1009.51409
2020-07-02 18:00:00,400.0,400.0,22.516066,72.924209,2580.726349,0.0,0.0,1923.632,0.0,954.735848
2020-07-02 19:00:00,400.0,400.0,25.9087,68.775852,1825.863177,0.0,0.0,1082.53,0.0,935.800023
2020-07-02 20:00:00,400.0,400.0,26.429316,30.00017,1419.140948,0.0,0.0,921.398,0.0,898.388558
2020-07-02 21:00:00,400.0,400.0,26.790897,27.392435,1162.725301,0.0,0.0,563.538,0.0,850.171905
2020-07-02 22:00:00,400.0,400.0,26.429316,29.380675,1023.49261,0.0,0.0,531.468,0.0,766.481308
2020-07-02 23:00:00,400.0,400.0,26.429316,26.446554,937.057925,0.0,0.0,363.536,0.0,694.271711
2020-07-03 00:00:00,400.0,400.0,23.206766,23.437807,1352.743908,0.0,0.0,446.7,0.0,644.393414
2020-07-03 01:00:00,400.0,400.0,23.069973,22.732362,1506.924203,0.0,0.0,371.946,0.0,610.05327
2020-07-03 02:00:00,400.0,400.0,22.185841,22.516066,1754.614785,0.0,0.0,442.45,0.0,583.475282
2020-07-03 03:00:00,400.0,400.0,21.647258,22.516066,1803.146994,0.0,0.0,425.432,0.0,573.642751
2020-07-03 04:00:00,400.0,400.0,21.647258,22.516066,1863.060296,0.0,0.0,454.568,0.0,569.026156
2020-07-03 05:00:00,400.0,400.0,21.647258,20.400003,1809.90534,0.0,0.0,505.814,0.0,584.686299
2020-07-03 06:00:00,400.0,400.0,19.983547,19.430296,2171.003835,0.0,0.0,1119.99,0.0,622.647925
2020-07-03 07:00:00,400.0,400.0,19.430296,19.430296,2325.071974,0.0,0.0,1736.562,0.0,692.023504
2020-07-03 08:00:00,400.0,400.0,19.68943,20.419098,2238.429132,0.0,0.0,2110.264,0.0,761.07523
2020-07-03 09:00:00,400.0,400.0,20.846138,21.116714,2045.55909,0.0,0.0,2338.2,0.0,824.196137
2020-07-03 10:00:00,400.0,400.0,21.287879,21.647258,1936.839615,0.0,0.0,2649.798,0.0,887.243758
2020-07-03 11:00:00,400.0,400.0,21.647258,23.128644,1824.823978,0.0,0.0,2861.948,0.0,935.868603
2020-07-03 12:00:00,400.0,400.0,22.576747,24.618332,1669.235349,0.0,0.0,2831.362,0.0,980.118998
2020-07-03 13:00:00,400.0,400.0,21.843654,29.678621,1962.942486,0.0,0.0,2837.282,0.0,1015.700927
2020-07-03 14:00:00,400.0,400.0,22.516066,37.584701,2125.868434,0.0,0.0,2740.586,0.0,1042.157635
2020-07-03 15:00:00,400.0,400.0,23.206766,25.9087,1874.462419,0.0,0.0,2487.796,0.0,1056.800037
2020-07-03 16:00:00,400.0,400.0,24.62179,35.714187,1648.341405,0.0,0.0,2138.22,0.0,1051.481789
2020-07-03 17:00:00,400.0,400.0,24.62179,76.892495,1747.57679,0.0,0.0,1771.42,0.0,1016.676482
2020-07-03 18:00:00,400.0,400.0,26.429316,77.128505,1646.596816,0.0,0.0,1173.702,0.0,965.115778
2020-07-03 19:00:00,400.0,400.0,26.790897,56.811946,1323.39599,0.0,0.0,849.84,0.0,935.016601
2020-07-03 20:00:00,400.0,400.0,26.429316,34.13532,1371.037637,0.0,0.0,808.49,0.0,896.917854
2020-07-03 21:00:00,400.0,400.0,26.429316,35.513446,1379.045043,0.0,0.0,651.18,0.0,855.620244
2020-07-03 22:00:00,400.0,400.0,24.62179,29.824978,1551.053332,0.0,0.0,443.26,0.0,782.131
2020-07-03 23:00:00,400.0,400.0,24.617414,26.324557,1417.048795,0.0,0.0,311.668,0.0,720.992881
2020-07-04 00:00:00,400.0,400.0,23.206766,22.732362,1405.074,0.0,0.0,300.412,0.0,667.8507
2020-07-04 01:00:00,400.0,400.0,23.128644,22.732362,1417.388463,0.0,0.0,362.222,0.0,628.760031
2020-07-04 02:00:00,400.0,400.0,22.732362,21.647258,1591.763837,0.0,0.0,359.586,0.0,595.473324
2020-07-04 03:00:00,400.0,400.0,22.516066,21.474047,1711.923358,0.0,0.0,360.07,0.0,577.521996
2020-07-04 04:00:00,400.0,400.0,21.647258,20.810809,1807.992794,0.0,0.0,354.67,0.0,562.301581
2020-07-04 05:00:00,400.0,400.0,21.287879,18.072542,1953.279517,0.0,0.0,447.372,0.0,554.413872
2020-07-04 06:00:00,400.0,400.0,19.430296,-0.0,2334.495004,0.0,0.0,942.35,0.0,571.478249
2020-07-04 07:00:00,400.0,400.0,18.573789,-0.0,2502.281708,0.0,0.0,1545.5,0.0,636.782744
2020-07-04 08:00:00,400.0,400.0,16.970947,18.072542,2583.607425,0.0,0.0,2171.234,0.0,718.443986
2020-07-04 09:00:00,400.0,400.0,18.861019,18.861019,2441.528442,0.0,0.0,2499.0,0.0,788.920734
2020-07-04 10:00:00,400.0,400.0,19.034775,19.685338,2351.406864,0.0,0.0,2832.9,0.0,852.52397
2020-07-04 11:00:00,400.0,400.0,19.68943,21.288154,2228.568704,0.0,0.0,3087.98,0.0,909.211694
2020-07-04 12:00:00,400.0,400.0,22.492854,23.069973,1727.842024,0.0,0.0,2867.53,0.0,951.253196
2020-07-04 13:00:00,400.0,400.0,21.647258,25.449522,1841.50162,0.0,0.0,2881.238,0.0,987.260457
2020-07-04 14:00:00,400.0,400.0,22.96816,28.782379,1925.167667,0.0,0.0,2765.046,0.0,1012.78175
2020-07-04 15:00:00,400.0,400.0,23.206766,27.872723,1774.495716,0.0,0.0,2480.422,0.0,1018.188943
2020-07-04 16:00:00,400.0,400.0,23.206766,26.71156,1808.846277,0.0,0.0,2224.86,0.0,1002.452058
2020-07-04 17:00:00,400.0,400.0,24.617414,70.394855,1619.266378,0.0,0.0,1700.57,0.0,975.345543
2020-07-04 18:00:00,400.0,400.0,26.324557,75.282318,1547.365927,0.0,0.0,1096.568,0.0,933.780311
2020-07-04 19:00:00,400.0,400.0,26.429316,65.032949,1389.024103,0.0,0.0,820.468,0.0,912.516585
2020-07-04 20:00:00,400.0,400.0,26.429316,33.070217,1299.655634,0.0,0.0,740.802,0.0,880.971955
2020-07-04 21:00:00,400.0,400.0,26.429316,27.710294,1302.446681,0.0,0.0,655.936,0.0,843.073398
2020-07-04 22:00:00,400.0,400.0,24.62179,30.929304,1522.519912,0.0,0.0,447.648,0.0,778.819213
2020-07-04 23:00:00,400.0,400.0,76.790897,23.794525,840.677273,0.0,70.807136,390.92,0.0,719.571409
2020-07-05 00:00:00,400.0,400.0,24.617414,23.128644,1136.14889,0.0,0.0,402.0,0.0,670.177666
2020-07-05 01:00:00,400.0,400.0,23.437807,23.069973,1299.012103,0.0,0.0,326.632,0.0,634.442985
2020-07-05 02:00:00,400.0,400.0,23.069973,22.732362,1508.200218,0.0,0.0,312.218,0.0,600.902667
2020-07-05 03:00:00,400.0,400.0,22.516066,22.732362,1692.870948,0.0,0.0,366.868,0.0,581.399558
2020-07-05 04:00:00,400.0,400.0,21.843654,22.492854,1772.087557,0.0,0.0,323.22,0.0,562.969866
2020-07-05 05:00:00,400.0,400.0,21.116714,19.68943,1972.757077,0.0,0.0,431.066,0.0,549.046338
2020-07-05 06:00:00,400.0,400.0,18.573789,15.731586,2477.18418,0.0,0.0,962.378,0.0,553.079073
2020-07-05 07:00:00,400.0,400.0,0.0,0.0,2640.0,0.0,0.0,1546.358033,65.125967,616.253705
2020-07-05 08:00:00,400.0,400.0,0.0,16.447127,2638.0,0.0,0.0,1985.898404,88.567596,682.484761
2020-07-05 09:00:00,400.0,400.0,10.29027,19.430296,2590.199146,0.0,0.0,2368.214824,5.235176,747.002352
2020-07-05 10:00:00,400.0,400.0,19.430296,19.264685,2319.797478,0.0,0.0,2481.236,0.0,804.515778
2020-07-05 11:00:00,400.0,400.0,17.682841,20.846138,2300.478025,0.0,0.0,2748.466,0.0,847.498196
2020-07-05 12:00:00,400.0,400.0,20.846138,22.576747,2026.736087,0.0,0.0,2768.77,0.0,891.605087
2020-07-05 13:00:00,400.0,400.0,22.185841,23.206766,1760.778958,0.0,0.0,2738.31,0.0,926.929656
2020-07-05 14:00:00,400.0,400.0,22.516066,27.894085,1700.420995,0.0,0.0,2651.252,0.0,948.424651
2020-07-05 15:00:00,400.0,400.0,23.128644,24.833095,1644.134185,0.0,0.0,2435.416,0.0,952.242272
2020-07-05 16:00:00,400.0,400.0,23.444698,27.317432,1451.202022,0.0,0.0,2033.66,0.0,949.718697
2020-07-05 17:00:00,400.0,400.0,24.617414,72.949666,1530.993424,0.0,0.0,1656.502,0.0,930.376286
2020-07-05 18:00:00,400.0,400.0,26.404825,57.429639,1450.559579,0.0,0.0,1142.81,0.0,890.137563
2020-07-05 19:00:00,400.0,400.0,26.429316,77.128505,1345.311318,0.0,0.0,874.868,0.0,872.933502
2020-07-05 20:00:00,400.0,400.0,26.790897,34.021703,1134.338334,0.0,0.0,703.966,0.0,855.24415
2020-07-05 21:00:00,400.0,400.0,24.62179,25.9087,1467.030557,0.0,0.0,838.798,0.0,792.565116
2020-07-05 22:00:00,400.0,400.0,24.62179,28.599589,1261.214096,0.0,0.0,643.546,0.0,740.899786
2020-07-05 23:00:00,400.0,400.0,76.429316,23.437807,781.774375,0.0,112.678169,609.498,0.0,701.208544
2020-07-06 00:00:00,400.0,400.0,23.437807,23.128644,1150.249875,0.0,0.0,657.804,0.0,653.183119
2020-07-06 01:00:00,400.0,400.0,23.128644,22.576747,1243.342292,0.0,0.0,548.516,0.0,622.826056
2020-07-06 02:00:00,400.0,400.0,21.647258,22.185841,1639.385457,0.0,0.0,781.032,0.0,598.296981
2020-07-06 03:00:00,400.0,400.0,21.116714,21.647258,1794.199478,0.0,0.0,870.184,0.0,588.447678
2020-07-06 04:00:00,400.0,400.0,21.116411,20.846138,1825.760302,0.0,0.0,883.75,0.0,585.748455
2020-07-06 05:00:00,400.0,400.0,21.647258,19.034775,1658.788629,0.0,0.0,740.912,0.0,589.368506
2020-07-06 06:00:00,400.0,400.0,19.983547,18.861019,2024.556464,0.0,0.0,1209.418,0.0,604.77923
2020-07-06 07:00:00,400.0,400.0,19.685338,18.072542,2097.923502,0.0,0.0,1652.2,0.0,660.191475
2020-07-06 08:00:00,400.0,400.0,19.034775,18.861019,2174.396513,0.0,0.0,2113.78,0.0,717.957523
2020-07-06 09:00:00,400.0,400.0,19.68943,19.983547,2091.326463,0.0,0.0,2414.964,0.0,775.595631
2020-07-06 10:00:00,400.0,400.0,20.419098,21.287879,1903.323648,0.0,0.0,2587.648,0.0,829.698653
2020-07-06 11:00:00,400.0,400.0,21.647258,22.732362,1644.520084,0.0,0.0,2631.766,0.0,875.136887
2020-07-06 12:00:00,400.0,400.0,22.185841,26.633875,1577.802899,0.0,0.0,2661.412,0.0,915.091365
2020-07-06 13:00:00,400.0,400.0,21.843654,23.206766,1775.032801,0.0,0.0,2612.382,0.0,931.40238
2020-07-06 14:00:00,400.0,400.0,21.843654,28.07485,1978.619028,0.0,0.0,2500.482,0.0,937.329446
2020-07-06 15:00:00,400.0,400.0,22.96816,25.246528,1915.662448,0.0,0.0,2251.67,0.0,937.201133
2020-07-06 16:00:00,400.0,400.0,23.206766,28.12119,1723.592693,0.0,0.0,2047.87,0.0,935.441596
2020-07-06 17:00:00,400.0,400.0,24.62179,53.776045,1458.97039,0.0,0.0,1544.29,0.0,909.497942
2020-07-06 18:00:00,400.0,400.0,26.324557,70.394855,1400.034379,0.0,0.0,1084.88,0.0,866.676843
2020-07-06 19:00:00,400.0,400.0,26.429316,75.253898,1342.724803,0.0,0.0,924.08,0.0,855.95328
2020-07-06 20:00:00,400.0,400.0,26.324557,32.066846,1353.791638,0.0,0.0,944.554,0.0,833.664354
2020-07-06 21:00:00,400.0,400.0,25.9087,27.487449,1397.269104,0.0,0.0,805.264,0.0,797.999234
2020-07-06 22:00:00,400.0,400.0,23.657594,28.5563,1616.908968,0.0,0.0,626.81,0.0,738.285155
2020-07-06 23:00:00,400.0,400.0,23.206766,24.798783,1561.213139,0.0,0.0,561.052,0.0,683.525829
2020-07-07 00:00:00,400.0,400.0,23.87513,24.617414,1031.414588,0.0,0.0,452.58,0.0,640.224812
2020-07-07 01:00:00,400.0,400.0,23.128644,23.437807,1229.824417,0.0,0.0,436.352,0.0,608.029137
2020-07-07 02:00:00,400.0,400.0,23.069973,22.96816,1335.216961,0.0,0.0,387.796,0.0,584.936856
2020-07-07 03:00:00,400.0,400.0,22.516066,22.576747,1533.065476,0.0,0.0,482.45,0.0,569.457679
2020-07-07 04:00:00,400.0,400.0,21.288154,22.516066,1742.637184,0.0,0.0,615.89,0.0,558.037922
2020-07-07 05:00:00,400.0,400.0,21.116714,20.400003,1806.534524,0.0,0.0,663.75,0.0,555.632321
2020-07-07 06:00:00,400.0,400.0,18.573789,12.09566,2300.927515,0.0,0.0,1112.25,0.0,548.748373
2020-07-07 07:00:00,400.0,400.0,0.0,0.0,2445.0,0.0,0.0,1512.099867,73.454133,587.11498
2020-07-07 08:00:00,400.0,400.0,0.0,0.0,2455.0,0.0,0.0,1896.78552,238.46448,643.317828
2020-07-07 09:00:00,400.0,400.0,0.0,18.072542,2452.0,0.0,0.0,2263.854272,157.499728,698.828141
2020-07-07 10:00:00,400.0,400.0,0.0,19.034775,2434.0,0.0,0.0,2590.574945,453.877055,750.536242
2020-07-07 11:00:00,400.0,400.0,0.0,20.400003,2439.0,0.0,0.0,2903.382083,120.895917,796.707312
2020-07-07 12:00:00,400.0,400.0,19.685338,21.116714,2112.485812,0.0,0.0,2829.398,0.0,834.586828
2020-07-07 13:00:00,400.0,400.0,19.983547,22.492854,2004.62475,0.0,0.0,2761.718,0.0,840.613988
2020-07-07 14:00:00,400.0,400.0,22.516066,23.069973,1527.95572,0.0,0.0,2551.196,0.0,880.536042
2020-07-07 15:00:00,400.0,400.0,21.288154,23.069973,1728.603618,0.0,0.0,2674.08,0.0,868.871457
2020-07-07 16:00:00,400.0,400.0,21.843654,26.473633,1595.480387,0.0,0.0,2184.83,0.0,840.952442
2020-07-07 17:00:00,400.0,400.0,22.732362,71.645576,1585.255108,0.0,0.0,1877.702,0.0,825.367034
2020-07-07 18:00:00,400.0,400.0,19.983547,62.4153,2214.024877,0.0,0.0,2277.07,0.0,789.756768
2020-07-07 19:00:00,400.0,400.0,21.287879,28.560297,1933.058415,0.0,0.0,1920.418,0.0,778.403938
2020-07-07 20:00:00,400.0,400.0,22.516066,22.732362,1347.175121,0.0,0.0,1848.58,0.0,749.010732
2020-07-07 21:00:00,400.0,400.0,22.96816,24.836669,1072.370702,0.0,0.0,1800.848,0.0,729.821595
2020-07-07 22:00:00,400.0,400.0,21.843654,25.257303,1212.90266,0.0,0.0,1648.85,0.0,685.942101
2020-07-07 23:00:00,400.0,400.0,22.96816,25.091528,932.692108,0.0,0.0,1418.952,0.0,640.238984
2020-07-08 00:00:00,400.0,400.0,22.516066,20.846138,1036.19327,0.0,0.0,1167.53,0.0,587.00051
2020-07-08 01:00:00,400.0,400.0,22.492854,19.68943,1062.142446,0.0,0.0,1018.5,0.0,560.753633
2020-07-08 02:00:00,400.0,400.0,23.128644,19.034775,796.219278,0.0,0.0,589.052,0.0,536.224908
2020-07-08 03:00:00,400.0,400.0,23.657594,19.68943,699.588107,0.0,0.0,465.346,0.0,532.163684
2020-07-08 04:00:00,400.0,400.0,23.437807,21.116411,727.923093,0.0,0.0,478.17,0.0,529.837036
2020-07-08 05:00:00,400.0,400.0,74.617414,19.430296,611.200702,0.0,86.900893,496.418,0.0,550.082595
2020-07-08 06:00:00,400.0,400.0,22.732362,0.0,1007.701405,0.0,0.0,1040.532,0.0,572.224589
2020-07-08 07:00:00,400.0,400.0,21.843654,0.0,1117.77194,0.0,0.0,1584.65,0.0,637.331709
2020-07-08 08:00:00,400.0,400.0,21.474047,0.0,1191.500546,0.0,0.0,2049.418,0.0,695.987618
2020-07-08 09:00:00,400.0,400.0,21.116411,19.430296,1321.828453,0.0,0.0,2459.514,0.0,737.952832
2020-07-08 10:00:00,400.0,400.0,21.287879,20.419098,1280.666732,0.0,0.0,2728.268,0.0,784.44019
2020-07-08 11:00:00,400.0,400.0,20.846138,25.360588,1345.940567,0.0,0.0,2872.47,0.0,821.779415
2020-07-08 12:00:00,400.0,400.0,21.647258,21.647258,1344.555372,0.0,0.0,2927.218,0.0,857.949394
2020-07-08 13:00:00,400.0,400.0,19.68943,28.873359,1780.96462,0.0,0.0,3164.648,0.0,879.102507
2020-07-08 14:00:00,400.0,400.0,18.698405,24.277652,1948.095631,0.0,0.0,3490.668,0.0,958.435855
2020-07-08 15:00:00,400.0,400.0,21.116714,23.97966,1789.208613,0.0,0.0,3214.952,0.0,940.911508
2020-07-08 16:00:00,400.0,400.0,22.732362,25.77086,1484.826368,0.0,0.0,2496.062,0.0,904.235345
2020-07-08 17:00:00,400.0,400.0,23.069973,23.069973,1474.485016,0.0,0.0,2103.15,0.0,874.599748
2020-07-08 18:00:00,400.0,400.0,24.617414,69.061511,1144.680975,0.0,0.0,1422.902,0.0,831.933154
2020-07-08 19:00:00,400.0,400.0,26.429316,76.429316,988.322755,0.0,0.0,1011.678,0.0,816.953287
2020-07-08 20:00:00,400.0,400.0,76.429316,25.378791,1005.468864,0.0,7.403606,948.872,0.0,796.56047
2020-07-08 21:00:00,400.0,400.0,25.9087,28.691571,1159.551683,0.0,0.0,820.86,0.0,754.246248
2020-07-08 22:00:00,400.0,400.0,132.461752,22.119573,150.601998,0.0,716.098202,740.83,0.0,680.5842
2020-07-08 23:00:00,400.0,400.0,157.461752,23.948893,40.742252,0.0,766.77851,603.114,0.0,632.935762
2020-07-09 00:00:00,400.0,400.0,77.755129,73.069973,236.76609,0.0,440.542496,462.03,0.0,578.589586
2020-07-09 01:00:00,400.0,400.0,75.758899,29.626417,409.187991,0.0,301.90411,627.702,0.0,555.077101
2020-07-09 02:00:00,400.0,400.0,74.617414,21.288154,471.981286,0.0,213.516421,564.966,0.0,536.247707
2020-07-09 03:00:00,400.0,400.0,74.617414,21.287879,473.739147,0.0,205.000981,551.4,0.0,533.949128
2020-07-09 04:00:00,400.0,400.0,73.657594,21.287879,533.797059,0.0,146.167882,607.15,0.0,533.302941
2020-07-09 05:00:00,400.0,400.0,73.437807,19.68943,568.211659,0.0,135.923092,736.95,0.0,547.610751
2020-07-09 06:00:00,400.0,400.0,22.576747,19.430296,852.589559,0.0,0.0,1245.15,0.0,581.184066
2020-07-09 07:00:00,400.0,400.0,22.185841,19.983547,923.25942,0.0,0.0,1797.366,0.0,653.415987
2020-07-09 08:00:00,400.0,400.0,22.185841,20.419098,927.401639,0.0,0.0,2263.122,0.0,722.658054
2020-07-09 09:00:00,400.0,400.0,21.116714,22.037862,1134.36499,0.0,0.0,2653.168,0.0,775.620452
2020-07-09 10:00:00,400.0,400.0,20.419098,26.815004,1466.788927,0.0,0.0,3024.616,0.0,834.724061
2020-07-09 11:00:00,400.0,400.0,21.647258,25.225528,1396.572468,0.0,0.0,2908.696,0.0,881.11853
2020-07-09 12:00:00,400.0,400.0,22.185841,25.273559,1420.001853,0.0,0.0,2951.948,0.0,911.841922
2020-07-09 13:00:00,400.0,400.0,21.116411,25.714853,1655.419667,0.0,0.0,3078.32,0.0,920.98505
2020-07-09 14:00:00,400.0,400.0,23.128644,27.993264,1267.270013,0.0,0.0,2914.872,0.0,982.440298
2020-07-09 15:00:00,400.0,400.0,22.732362,22.576747,1436.782812,0.0,0.0,2949.05,0.0,962.140078
2020-07-09 16:00:00,400.0,400.0,22.732362,21.647258,1444.435291,0.0,0.0,2805.8,0.0,939.504706
2020-07-09 17:00:00,400.0,400.0,22.576747,24.77967,1508.848077,0.0,0.0,2528.38,0.0,913.729788
2020-07-09 18:00:00,400.0,400.0,22.96816,75.9087,1584.738178,0.0,0.0,2115.2,0.0,875.319273
2020-07-09 19:00:00,400.0,400.0,23.069973,23.437807,1541.766214,0.0,0.0,2002.264,0.0,857.624668
2020-07-09 20:00:00,400.0,400.0,21.843654,72.097426,1819.807086,0.0,0.0,2084.928,0.0,828.318137
2020-07-09 21:00:00,400.0,400.0,20.846138,22.732362,2060.778004,0.0,0.0,1998.02,0.0,779.136299
2020-07-09 22:00:00,400.0,400.0,22.732362,25.900724,1187.644878,0.0,0.0,1725.602,0.0,709.493568
2020-07-09 23:00:00,400.0,400.0,73.437807,24.821781,658.924504,0.0,205.99002,1587.568,0.0,661.596524
2020-07-10 00:00:00,400.0,400.0,21.287879,21.474047,1081.711773,0.0,0.0,1735.338,0.0,612.093934
2020-07-10 01:00:00,400.0,400.0,19.034775,19.68943,1491.000277,0.0,0.0,1946.1,0.0,582.314958
2020-07-10 02:00:00,400.0,400.0,19.68943,18.861019,1365.622585,0.0,0.0,1647.24,0.0,556.292612
2020-07-10 03:00:00,400.0,400.0,73.437807,21.116411,625.641012,0.0,81.040336,824.63,0.0,543.898348
2020-07-10 04:00:00,400.0,400.0,19.68943,20.419098,1366.699033,0.0,0.0,1580.116,0.0,546.062545
2020-07-10 05:00:00,400.0,400.0,19.034775,19.034775,1519.902242,0.0,0.0,1807.132,0.0,557.134464
2020-07-10 06:00:00,400.0,400.0,19.034775,19.685338,1518.921716,0.0,0.0,2017.26,0.0,588.800743
2020-07-10 07:00:00,400.0,400.0,18.072542,20.419098,1639.570533,0.0,0.0,2466.902,0.0,663.64972
2020-07-10 08:00:00,398.0,400.0,0.0,22.028033,1875.0,0.0,0.0,2794.100072,14.581928,730.665011
2020-07-10 09:00:00,400.0,400.0,0.0,26.830634,2061.0,0.0,0.0,2757.041948,207.778052,775.956292
2020-07-10 10:00:00,400.0,400.0,18.861019,23.359909,2299.934174,0.0,0.0,3004.418,0.0,832.722574
2020-07-10 11:00:00,400.0,400.0,19.983547,26.957043,2040.605859,0.0,0.0,2962.84,0.0,865.385121
2020-07-10 12:00:00,400.0,400.0,19.68943,25.423296,2106.599314,0.0,0.0,2965.79,0.0,881.428603
2020-07-10 13:00:00,400.0,400.0,19.983547,25.397015,2188.059493,0.0,0.0,2898.25,0.0,912.328576
2020-07-10 14:00:00,400.0,400.0,21.647258,25.319557,1986.883071,0.0,0.0,2713.734,0.0,968.077639
2020-07-10 15:00:00,400.0,400.0,22.185841,28.217029,2122.421604,0.0,0.0,2621.09,0.0,961.600259
2020-07-10 16:00:00,400.0,400.0,23.128644,27.341933,1778.837382,0.0,0.0,2164.132,0.0,944.594193
2020-07-10 17:00:00,400.0,400.0,23.87513,72.928463,1590.035616,0.0,0.0,1718.948,0.0,916.036858
2020-07-10 18:00:00,400.0,400.0,25.9087,51.220744,1503.668026,0.0,0.0,1123.102,0.0,854.465096
2020-07-10 19:00:00,400.0,400.0,26.404825,75.253898,1394.153393,0.0,0.0,888.166,0.0,839.251891
2020-07-10 20:00:00,400.0,400.0,26.324557,33.146399,1406.451972,0.0,0.0,710.078,0.0,807.093904
2020-07-10 21:00:00,400.0,400.0,25.9087,26.790897,1358.897147,0.0,0.0,537.882,0.0,763.647728
2020-07-10 22:00:00,400.0,400.0,24.617414,28.143005,1355.267871,0.0,0.0,408.33,0.0,691.509319
2020-07-10 23:00:00,400.0,400.0,23.437807,26.646901,1499.177976,0.0,0.0,313.9,0.0,655.758304
2020-07-11 00:00:00,400.0,400.0,23.069973,23.206766,1512.380164,0.0,0.0,313.134,0.0,600.413075
2020-07-11 01:00:00,400.0,400.0,22.576747,22.96816,1662.081714,0.0,0.0,297.96,0.0,575.681743
2020-07-11 02:00:00,400.0,400.0,21.288154,22.516066,1904.382916,0.0,0.0,326.082,0.0,543.554863
2020-07-11 03:00:00,400.0,400.0,21.116714,21.647258,1990.702468,0.0,0.0,341.936,0.0,532.98503
2020-07-11 04:00:00,400.0,400.0,20.419098,21.474047,2077.099788,0.0,0.0,397.202,0.0,528.315332
2020-07-11 05:00:00,400.0,400.0,19.68943,19.034775,2256.639595,0.0,0.0,454.618,0.0,509.996761
2020-07-11 06:00:00,398.0,400.0,0.0,0.0,2647.0,0.0,0.0,984.887479,19.172521,530.983122
2020-07-11 07:00:00,400.0,400.0,0.0,0.0,2644.0,0.0,0.0,1371.437019,298.944981,589.415553
2020-07-11 08:00:00,400.0,400.0,0.0,0.0,2639.0,0.0,0.0,1886.826342,249.673658,667.473951
2020-07-11 09:00:00,400.0,400.0,0.0,18.463561,2636.0,0.0,0.0,2241.858198,226.653802,721.17873
2020-07-11 10:00:00,400.0,400.0,18.072542,19.68943,2519.863283,0.0,0.0,2641.648,0.0,798.567708
2020-07-11 11:00:00,400.0,400.0,19.034775,21.287879,2390.693987,0.0,0.0,2776.22,0.0,838.128902
2020-07-11 12:00:00,400.0,400.0,20.400003,22.576747,2141.089871,0.0,0.0,2758.65,0.0,872.934019
2020-07-11 13:00:00,400.0,400.0,20.846138,23.601136,2052.397469,0.0,0.0,2683.55,0.0,900.47288
2020-07-11 14:00:00,400.0,400.0,23.206766,25.957285,1577.03433,0.0,0.0,2474.2,0.0,993.624851
2020-07-11 15:00:00,400.0,400.0,23.069973,28.389574,1876.981691,0.0,0.0,2354.682,0.0,983.955046
2020-07-11 16:00:00,400.0,400.0,23.206766,27.512649,1824.870977,0.0,0.0,1965.13,0.0,961.088853
2020-07-11 17:00:00,400.0,400.0,23.437807,72.949666,1748.94395,0.0,0.0,1640.268,0.0,933.648608
2020-07-11 18:00:00,400.0,400.0,24.617414,58.593102,1679.807517,0.0,0.0,1114.632,0.0,880.023672
2020-07-11 19:00:00,400.0,400.0,24.62179,75.423924,1608.740295,0.0,0.0,838.732,0.0,849.298756
2020-07-11 20:00:00,400.0,400.0,25.9087,32.180574,1421.727902,0.0,0.0,653.718,0.0,824.848515
2020-07-11 21:00:00,400.0,400.0,25.758899,26.755559,1306.465593,0.0,0.0,586.748,0.0,778.842361
2020-07-11 22:00:00,400.0,400.0,23.437807,27.541349,1338.761903,0.0,0.0,542.68,0.0,714.137715
2020-07-11 23:00:00,400.0,400.0,24.617414,28.030668,1170.83154,0.0,0.0,450.862,0.0,679.039569
2020-07-12 00:00:00,400.0,400.0,23.069973,23.87513,1481.364455,0.0,0.0,380.53,0.0,615.174832
2020-07-12 01:00:00,400.0,400.0,22.732362,23.128644,1618.656627,0.0,0.0,348.998,0.0,589.851206
2020-07-12 02:00:00,400.0,400.0,21.647258,22.732362,1799.345044,0.0,0.0,337.52,0.0,561.026243
2020-07-12 03:00:00,400.0,400.0,21.287879,21.843654,1954.202523,0.0,0.0,370.586,0.0,542.757522
2020-07-12 04:00:00,400.0,400.0,19.983547,21.288154,2187.098423,0.0,0.0,483.81,0.0,524.806737
2020-07-12 05:00:00,400.0,400.0,19.034775,19.034775,2359.195295,0.0,0.0,543.73,0.0,507.980206
2020-07-12 06:00:00,400.0,400.0,0.0,0.0,2645.0,0.0,0.0,918.657233,105.590767,521.348585
2020-07-12 07:00:00,400.0,400.0,0.0,0.0,2641.0,0.0,0.0,1400.689687,196.978313,594.253453
2020-07-12 08:00:00,400.0,400.0,0.0,0.0,2639.0,0.0,0.0,1883.00658,227.97142,666.900987
2020-07-12 09:00:00,400.0,400.0,0.0,18.573789,2635.0,0.0,0.0,2327.761755,238.608245,734.214263
2020-07-12 10:00:00,400.0,400.0,16.669414,19.983547,2552.557236,0.0,0.0,2759.402,0.0,811.326715
2020-07-12 11:00:00,400.0,400.0,19.430296,21.474047,2340.496466,0.0,0.0,2831.962,0.0,854.01983
2020-07-12 12:00:00,400.0,400.0,20.400003,22.576747,2144.517286,0.0,0.0,2818.152,0.0,881.345207
2020-07-12 13:00:00,400.0,400.0,21.647258,23.632413,1814.71002,0.0,0.0,2740.138,0.0,919.114197
2020-07-12 14:00:00,400.0,400.0,23.206766,24.784535,1353.029534,0.0,0.0,2617.21,0.0,969.92707
2020-07-12 15:00:00,400.0,400.0,22.732362,25.187428,1603.719134,0.0,0.0,2500.212,0.0,940.27393
2020-07-12 16:00:00,400.0,400.0,23.069973,26.752956,1653.722893,0.0,0.0,2059.67,0.0,919.942066
2020-07-12 17:00:00,400.0,400.0,23.87513,76.308435,1577.287647,0.0,0.0,1692.786,0.0,908.624753
2020-07-12 18:00:00,400.0,400.0,25.9087,69.302544,1421.63884,0.0,0.0,1188.728,0.0,860.113374
2020-07-12 19:00:00,400.0,400.0,26.324557,27.512649,1351.78685,0.0,0.0,963.416,0.0,836.794372
2020-07-12 20:00:00,400.0,400.0,24.62179,28.634589,1483.235834,0.0,0.0,900.084,0.0,810.877225
2020-07-12 21:00:00,400.0,400.0,77.274616,24.617414,524.723124,0.0,441.465907,640.99,0.0,760.990031
2020-07-12 22:00:00,400.0,400.0,77.128505,26.755294,544.156484,0.0,345.475743,556.318,0.0,698.859227
2020-07-12 23:00:00,400.0,400.0,500.0,22.984141,0.0,89.059826,834.265474,352.27,0.0,655.219474
2020-07-13 00:00:00,400.0,400.0,77.276799,20.419098,249.208856,0.0,510.678016,389.348,0.0,596.570872
2020-07-13 01:00:00,400.0,400.0,77.276799,19.68943,208.753871,0.0,526.080548,569.27,0.0,574.862419
2020-07-13 02:00:00,400.0,400.0,76.324557,19.034775,373.381515,0.0,324.350958,578.218,0.0,544.775473
2020-07-13 03:00:00,400.0,400.0,73.437807,19.685338,638.531994,0.0,55.119107,776.266,0.0,534.710101
2020-07-13 04:00:00,400.0,400.0,21.843654,19.68943,920.357716,0.0,0.0,1112.93,0.0,542.935843
2020-07-13 05:00:00,400.0,400.0,21.287879,-0.0,1072.94226,0.0,0.0,1332.52,0.0,552.986661
2020-07-13 06:00:00,400.0,400.0,19.983547,-0.0,1301.994475,0.0,0.0,1832.068,0.0,593.561029
2020-07-13 07:00:00,400.0,400.0,20.419098,-0.0,1223.585168,0.0,0.0,2244.618,0.0,667.204925
2020-07-13 08:00:00,400.0,400.0,21.116411,19.034775,1142.580542,0.0,0.0,2696.738,0.0,747.173619
2020-07-13 09:00:00,400.0,400.0,19.983547,20.400003,1298.944099,0.0,0.0,3190.432,0.0,797.773185
2020-07-13 10:00:00,400.0,400.0,19.685338,24.945082,1437.869101,0.0,0.0,3444.746,0.0,866.081535
2020-07-13 11:00:00,400.0,400.0,19.034775,24.025017,1883.728034,0.0,0.0,3506.13,0.0,889.410295
2020-07-13 12:00:00,400.0,400.0,12.586608,26.771857,1971.28325,0.0,0.0,3556.308423,28.823577,937.053776
2020-07-13 13:00:00,400.0,400.0,12.746134,25.505778,2063.374972,0.0,0.0,3574.332264,164.449736,979.193594
2020-07-13 14:00:00,400.0,400.0,3.793293,25.325959,1947.834547,0.0,0.0,3672.556567,65.741433,1064.508303
2020-07-13 15:00:00,400.0,400.0,17.890461,25.573215,2123.623382,0.0,0.0,3399.118,0.0,1050.374193
2020-07-13 16:00:00,400.0,400.0,22.576747,70.32834,2042.608223,0.0,0.0,3057.598,0.0,1039.048467
2020-07-13 17:00:00,400.0,400.0,23.206766,23.87513,1754.51037,0.0,0.0,2581.63,0.0,1010.867945
2020-07-13 18:00:00,400.0,400.0,23.657594,25.758899,1623.901897,0.0,0.0,1998.338,0.0,942.965415
2020-07-13 19:00:00,400.0,400.0,23.87513,74.941555,1570.30438,0.0,0.0,1644.668,0.0,901.554543
2020-07-13 20:00:00,400.0,400.0,23.206766,30.759086,1727.108285,0.0,0.0,1634.68,0.0,872.935757
2020-07-13 21:00:00,400.0,400.0,23.437807,23.444698,1339.918142,0.0,0.0,1484.172,0.0,801.938079
2020-07-13 22:00:00,400.0,400.0,22.732362,27.096217,1450.524871,0.0,0.0,1471.938,0.0,730.261969
2020-07-13 23:00:00,400.0,400.0,22.732362,23.629691,893.641483,0.0,0.0,1597.83,0.0,672.928278
2020-07-14 00:00:00,400.0,400.0,21.287879,21.116714,1252.626945,0.0,0.0,1519.132,0.0,607.275758
2020-07-14 01:00:00,400.0,400.0,21.647258,21.116411,1149.057381,0.0,0.0,1232.552,0.0,579.824193
2020-07-14 02:00:00,400.0,400.0,20.419098,21.647258,1426.530012,0.0,0.0,1324.08,0.0,551.932498
2020-07-14 03:00:00,400.0,400.0,20.419098,21.474047,1389.24206,0.0,0.0,1238.682,0.0,544.715991
2020-07-14 04:00:00,400.0,400.0,20.846138,21.843654,1370.501452,0.0,0.0,1198.548,0.0,541.506982
2020-07-14 05:00:00,400.0,400.0,21.116411,21.116714,1327.089314,0.0,0.0,1289.412,0.0,561.648403
2020-07-14 06:00:00,400.0,400.0,20.400003,20.400003,1452.074994,0.0,0.0,1709.63,0.0,605.933251
2020-07-14 07:00:00,400.0,400.0,21.647258,22.185841,1163.131201,0.0,0.0,1920.962,0.0,680.97462
2020-07-14 08:00:00,400.0,400.0,21.287879,23.6094,1267.063963,0.0,0.0,2280.148,0.0,744.762606
2020-07-14 09:00:00,400.0,400.0,21.288154,26.447804,1430.046402,0.0,0.0,2670.614,0.0,806.63514
2020-07-14 10:00:00,400.0,400.0,19.983547,23.568406,1655.064664,0.0,0.0,2906.52,0.0,859.2683
2020-07-14 11:00:00,400.0,400.0,21.474047,27.590652,1702.97118,0.0,0.0,3050.252,0.0,929.142123
2020-07-14 12:00:00,400.0,400.0,21.288037,25.168279,1742.28713,0.0,0.0,3108.74,0.0,983.017931
2020-07-14 13:00:00,400.0,400.0,21.732912,27.453392,1976.759034,0.0,0.0,3191.272,0.0,1015.726945
2020-07-14 14:00:00,400.0,400.0,23.437807,25.170081,1474.671865,0.0,0.0,3080.05,0.0,1099.85672
2020-07-14 15:00:00,400.0,400.0,23.437807,25.133128,1699.03902,0.0,0.0,2970.778,0.0,1077.560847
2020-07-14 16:00:00,400.0,400.0,23.437807,31.555442,1660.737258,0.0,0.0,2698.4,0.0,1052.349411
2020-07-14 17:00:00,400.0,400.0,26.429316,76.755559,1331.969662,0.0,0.0,2030.098,0.0,1030.369251
2020-07-14 18:00:00,400.0,400.0,26.429316,76.790897,1480.084532,0.0,0.0,1555.22,0.0,960.47032
2020-07-14 19:00:00,400.0,400.0,26.429316,52.968674,1336.23804,0.0,0.0,1320.87,0.0,917.494794
2020-07-14 20:00:00,400.0,400.0,25.9087,29.194114,1409.96711,0.0,0.0,1420.888,0.0,896.688133
2020-07-14 21:00:00,400.0,400.0,24.617414,25.096814,1178.248304,0.0,0.0,1376.67,0.0,818.313254
2020-07-14 22:00:00,400.0,400.0,76.755559,24.588174,426.284178,0.0,547.663595,1588.996,0.0,749.956773
2020-07-14 23:00:00,400.0,400.0,73.437807,21.964153,600.978509,0.0,291.017415,1829.518,0.0,683.330924
2020-07-15 00:00:00,400.0,400.0,21.122752,18.917131,1134.282297,0.0,0.0,1978.056232,54.227768,617.36609
2020-07-15 01:00:00,400.0,400.0,19.983547,-0.0,1211.253863,0.0,0.0,1862.618,0.0,588.504621
2020-07-15 02:00:00,400.0,400.0,20.419098,19.034775,1077.924303,0.0,0.0,1606.116,0.0,570.028755
2020-07-15 03:00:00,400.0,400.0,21.288154,18.573789,916.028481,0.0,0.0,1332.054,0.0,553.203828
2020-07-15 04:00:00,400.0,400.0,22.516066,-0.0,763.576913,0.0,0.0,1188.37,0.0,554.518963
2020-07-15 05:00:00,400.0,400.0,73.069973,-0.0,668.805451,0.0,76.094931,1168.468,0.0,565.749382
2020-07-15 06:00:00,400.0,400.0,72.96816,-0.0,709.676815,0.0,98.750563,1490.046,0.0,607.855378
2020-07-15 07:00:00,400.0,400.0,72.516066,19.983547,758.53189,0.0,139.300527,2030.048,0.0,681.527416
2020-07-15 08:00:00,400.0,400.0,21.288154,22.196788,942.8802,0.0,0.0,2480.872,0.0,746.99877
2020-07-15 09:00:00,400.0,400.0,19.68943,26.823639,1446.761286,0.0,0.0,2985.716,0.0,809.693207
2020-07-15 10:00:00,400.0,400.0,20.400003,24.52511,1574.428083,0.0,0.0,3216.0,0.0,866.785788
2020-07-15 11:00:00,400.0,400.0,19.983547,24.750745,1600.121967,0.0,0.0,3339.182,0.0,906.909005
2020-07-15 12:00:00,400.0,400.0,19.983547,25.069758,1799.166228,0.0,0.0,3572.616,0.0,965.317466
2020-07-15 13:00:00,400.0,400.0,21.116714,25.706634,1778.661527,0.0,0.0,3655.74,0.0,1008.611771
2020-07-15 14:00:00,400.0,400.0,22.576747,24.90905,1505.205427,0.0,0.0,3528.56,0.0,1081.553186
2020-07-15 15:00:00,400.0,400.0,3.850366,69.504106,2153.69877,0.0,0.0,3672.513348,80.840652,1061.372187
2020-07-15 16:00:00,400.0,400.0,22.64419,24.209571,1801.962915,0.0,0.0,3241.118,0.0,1049.423263
2020-07-15 17:00:00,400.0,400.0,22.73086,23.066614,1722.705423,0.0,0.0,3077.26,0.0,1036.733187
2020-07-15 18:00:00,400.0,400.0,5.58703,76.28132,2075.193244,0.0,0.0,2921.788314,152.131686,977.03926
2020-07-15 19:00:00,400.0,400.0,10.001226,26.213185,1904.486319,0.0,0.0,2837.747357,178.252643,928.539156
2020-07-15 20:00:00,400.0,400.0,4.551202,29.898752,2001.123723,0.0,0.0,2766.611819,298.358181,903.373214
2020-07-15 21:00:00,400.0,400.0,4.503461,25.153934,1884.10165,0.0,0.0,2549.971793,445.296207,835.180521
2020-07-15 22:00:00,400.0,400.0,22.23556,26.126035,1276.059363,0.0,0.0,2542.154737,275.661263,765.464306
2020-07-15 23:00:00,400.0,400.0,22.23556,22.640066,1045.142772,0.0,0.0,2233.074693,298.359307,700.489788
2020-07-16 00:00:00,400.0,400.0,16.620922,20.234035,1507.672019,0.0,0.0,2295.26953,266.98247,632.189627
2020-07-16 01:00:00,398.0,400.0,0.0,19.958349,1705.0,0.0,0.0,2292.633167,101.182833,602.194975
2020-07-16 02:00:00,400.0,400.0,19.68943,18.072542,1321.17278,0.0,0.0,1779.784,0.0,582.841683
2020-07-16 03:00:00,400.0,400.0,19.034775,19.430296,1426.240764,0.0,0.0,1796.452,0.0,569.581685
2020-07-16 04:00:00,400.0,400.0,18.296117,18.861019,1619.063458,0.0,0.0,1984.79016,5.44184,568.909005
2020-07-16 05:00:00,400.0,400.0,19.930337,0.0,1556.377754,0.0,0.0,1973.320865,52.433135,576.591467
2020-07-16 06:00:00,400.0,400.0,18.861019,0.0,1488.640598,0.0,0.0,2256.55,0.0,629.23641
2020-07-16 07:00:00,400.0,400.0,19.68943,19.685338,1328.467445,0.0,0.0,2550.504,0.0,697.355483
2020-07-16 08:00:00,400.0,400.0,17.773569,23.404668,1416.07278,0.0,0.0,2950.698,0.0,769.743783
2020-07-16 09:00:00,400.0,400.0,19.68943,23.402325,1477.690151,0.0,0.0,3078.63,0.0,832.940977
2020-07-16 10:00:00,400.0,400.0,20.846138,26.534679,1487.111232,0.0,0.0,3166.548,0.0,897.965515
2020-07-16 11:00:00,400.0,400.0,21.287879,25.339661,1586.972428,0.0,0.0,3023.67,0.0,940.304636
2020-07-16 12:00:00,400.0,400.0,22.96816,26.210025,1551.692097,0.0,0.0,3052.052,0.0,1008.953985
2020-07-16 13:00:00,400.0,400.0,22.732362,27.969893,1599.281793,0.0,0.0,3106.6,0.0,1061.897731
2020-07-16 14:00:00,400.0,400.0,25.9087,26.384429,1434.285631,0.0,0.0,2895.098,0.0,1139.671855
2020-07-16 15:00:00,400.0,400.0,24.62179,31.620691,1585.532789,0.0,0.0,2595.254,0.0,1106.358182
2020-07-16 16:00:00,400.0,400.0,26.404825,36.150291,1426.617137,0.0,0.0,2246.538,0.0,1107.588129
2020-07-16 17:00:00,400.0,400.0,26.500239,76.845129,1432.654432,0.0,0.0,1785.786,0.0,1085.569735
2020-07-16 18:00:00,400.0,400.0,26.790897,77.274563,1525.100107,0.0,0.0,1205.19,0.0,1015.663484
2020-07-16 19:00:00,400.0,400.0,27.050889,58.69394,1294.530646,0.0,0.0,897.282,0.0,979.462703
2020-07-16 20:00:00,400.0,400.0,76.892495,35.844183,1152.207393,0.0,25.089898,859.416,0.0,938.581291
2020-07-16 21:00:00,400.0,400.0,26.755559,26.409475,1228.679881,0.0,0.0,783.578,0.0,873.284718
2020-07-16 22:00:00,400.0,400.0,80.277405,26.995468,575.58359,0.0,411.244872,628.4,0.0,797.357461
2020-07-16 23:00:00,400.0,400.0,76.755559,27.939194,811.985791,0.0,118.02104,498.898,0.0,733.336831
2020-07-17 00:00:00,400.0,400.0,23.657594,23.128644,1228.421109,0.0,0.0,421.87,0.0,659.317334
2020-07-17 01:00:00,400.0,400.0,23.437807,20.419098,1182.14492,0.0,0.0,488.646,0.0,623.025162
2020-07-17 02:00:00,400.0,400.0,23.128644,7.889505,1324.261458,0.0,0.0,533.602,0.0,608.451081
2020-07-17 03:00:00,400.0,400.0,22.576747,0.0,1518.46702,0.0,0.0,656.016,0.0,597.682347
2020-07-17 04:00:00,400.0,400.0,21.843654,0.0,1645.668664,0.0,0.0,772.314,0.0,596.0468
2020-07-17 05:00:00,400.0,400.0,21.288154,0.0,1787.834392,0.0,0.0,934.552,0.0,599.057641
2020-07-17 06:00:00,400.0,400.0,20.419098,0.0,1991.902093,0.0,0.0,1405.118,0.0,639.032386
2020-07-17 07:00:00,400.0,400.0,21.116714,20.846138,1848.600489,0.0,0.0,1774.654,0.0,715.958027
2020-07-17 08:00:00,400.0,400.0,20.846138,21.474047,1913.257513,0.0,0.0,2186.46,0.0,768.030373
2020-07-17 09:00:00,400.0,400.0,20.400003,23.107071,1993.462298,0.0,0.0,2628.432,0.0,847.795455
2020-07-17 10:00:00,400.0,400.0,19.685338,27.590652,2285.155801,0.0,0.0,2894.502,0.0,922.70193
2020-07-17 11:00:00,400.0,400.0,20.419098,25.257763,2465.819818,0.0,0.0,3081.832,0.0,979.201827
2020-07-17 12:00:00,400.0,400.0,21.843654,28.556563,2162.49473,0.0,0.0,3209.348,0.0,1043.82799
2020-07-17 13:00:00,400.0,400.0,21.288154,28.399806,2275.617231,0.0,0.0,3272.68,0.0,1061.859415
2020-07-17 14:00:00,400.0,400.0,22.576747,31.870205,2109.106176,0.0,0.0,3291.7,0.0,1127.339074
2020-07-17 15:00:00,400.0,400.0,22.732362,35.596893,2103.971326,0.0,0.0,3135.6,0.0,1132.744301
2020-07-17 16:00:00,400.0,400.0,23.444698,36.261527,1907.914477,0.0,0.0,2656.9,0.0,1129.947828
2020-07-17 17:00:00,400.0,400.0,25.9087,77.050889,1886.148215,0.0,0.0,2101.298,0.0,1093.972468
2020-07-17 18:00:00,400.0,400.0,26.429316,77.128505,1707.518187,0.0,0.0,1459.0,0.0,1040.022272
2020-07-17 19:00:00,400.0,400.0,26.429316,58.601253,1599.011199,0.0,0.0,1313.588,0.0,1004.48652
2020-07-17 20:00:00,400.0,400.0,26.324557,36.569805,1623.728672,0.0,0.0,1271.636,0.0,961.486099
2020-07-17 21:00:00,400.0,400.0,26.324557,31.995508,1469.045837,0.0,0.0,1047.25,0.0,893.280624
2020-07-17 22:00:00,400.0,400.0,23.444698,30.420907,1701.102786,0.0,0.0,878.4,0.0,816.644582
2020-07-17 23:00:00,400.0,400.0,23.437807,25.9087,1470.796628,0.0,0.0,849.52,0.0,747.093506
2020-07-18 00:00:00,400.0,400.0,22.96816,23.069973,1723.577701,0.0,0.0,777.448,0.0,691.630545
2020-07-18 01:00:00,400.0,400.0,21.474047,21.647258,2059.504373,0.0,0.0,885.168,0.0,657.399544
2020-07-18 02:00:00,400.0,400.0,20.400003,19.983547,2323.001535,0.0,0.0,962.832,0.0,629.52457
2020-07-18 03:00:00,400.0,400.0,19.68943,20.419098,2404.990224,0.0,0.0,907.338,0.0,608.902166
2020-07-18 04:00:00,400.0,400.0,19.983547,19.983547,2376.854501,0.0,0.0,788.168,0.0,595.247025
2020-07-18 05:00:00,400.0,400.0,20.419098,0.0,2278.156713,0.0,0.0,597.768,0.0,581.491693
2020-07-18 06:00:00,400.0,400.0,18.861019,0.0,2591.617927,0.0,0.0,1043.848,0.0,601.384511
2020-07-18 07:00:00,400.0,400.0,19.034775,0.0,2533.407835,0.0,0.0,1482.23,0.0,675.873325
2020-07-18 08:00:00,400.0,400.0,19.685338,19.983547,2487.571755,0.0,0.0,1994.3,0.0,759.559237
2020-07-18 09:00:00,400.0,400.0,20.419098,21.647258,2279.976875,0.0,0.0,2352.872,0.0,844.484269
2020-07-18 10:00:00,400.0,400.0,21.288154,22.834997,2099.808939,0.0,0.0,2635.512,0.0,913.905459
2020-07-18 11:00:00,400.0,400.0,22.576747,24.836204,1844.999593,0.0,0.0,2808.96,0.0,978.144061
2020-07-18 12:00:00,400.0,400.0,21.843654,28.781522,1953.128063,0.0,0.0,2903.118,0.0,1027.048491
2020-07-18 13:00:00,400.0,400.0,22.732362,31.875103,2058.730423,0.0,0.0,2891.666,0.0,1068.290337
2020-07-18 14:00:00,400.0,400.0,23.069973,43.503984,1961.334,0.0,0.0,2877.56,0.0,1089.0339
2020-07-18 15:00:00,400.0,400.0,23.206766,24.62179,1889.475956,0.0,0.0,2743.034,0.0,1084.583707
2020-07-18 16:00:00,400.0,400.0,24.617414,25.9087,1661.465421,0.0,0.0,2411.004,0.0,1068.980787
2020-07-18 17:00:00,400.0,400.0,25.9087,76.755559,1533.177923,0.0,0.0,1937.65,0.0,1034.320812
2020-07-18 18:00:00,400.0,400.0,26.429316,76.755559,1456.195334,0.0,0.0,1402.822,0.0,991.294
2020-07-18 19:00:00,400.0,400.0,26.429316,54.601416,1365.119939,0.0,0.0,1241.216,0.0,962.714409
2020-07-18 20:00:00,400.0,400.0,26.429316,29.503369,1329.259914,0.0,0.0,1276.272,0.0,932.101813
2020-07-18 21:00:00,400.0,400.0,76.429316,27.241342,1100.676491,0.0,18.919835,1318.752,0.0,872.996326
2020-07-18 22:00:00,400.0,400.0,76.755559,26.776857,806.483666,0.0,220.226284,952.87,0.0,802.25795
2020-07-18 23:00:00,400.0,400.0,76.790897,25.030706,623.922067,0.0,317.106323,699.318,0.0,738.35939
2020-07-19 00:00:00,400.0,400.0,76.324557,22.576747,828.254691,0.0,39.701305,536.568,0.0,683.296996
2020-07-19 01:00:00,400.0,400.0,23.444698,20.419098,1082.723044,0.0,0.0,516.684,0.0,642.144143
2020-07-19 02:00:00,400.0,400.0,23.128644,19.983547,1265.358897,0.0,0.0,494.268,0.0,611.386365
2020-07-19 03:00:00,400.0,400.0,22.732362,19.983547,1421.784971,0.0,0.0,510.462,0.0,590.351554
2020-07-19 04:00:00,400.0,400.0,22.516066,19.68943,1525.07429,0.0,0.0,500.648,0.0,573.386056
2020-07-19 05:00:00,400.0,400.0,21.288154,0.0,1722.431897,0.0,0.0,587.43,0.0,556.799715
2020-07-19 06:00:00,400.0,400.0,19.685338,0.0,2098.466443,0.0,0.0,1068.04,0.0,572.486034
2020-07-19 07:00:00,400.0,400.0,19.685338,0.0,2100.765052,0.0,0.0,1508.35,0.0,638.187742
2020-07-19 08:00:00,400.0,400.0,18.573789,18.861019,2300.255166,0.0,0.0,2183.138,0.0,709.482425
2020-07-19 09:00:00,400.0,400.0,19.430296,20.419098,2130.480898,0.0,0.0,2504.696,0.0,783.182265
2020-07-19 10:00:00,400.0,400.0,21.474047,21.843654,1705.619575,0.0,0.0,2537.98,0.0,851.904064
2020-07-19 11:00:00,400.0,400.0,21.843654,23.775079,1599.067147,0.0,0.0,2673.53,0.0,913.719428
2020-07-19 12:00:00,400.0,400.0,22.732362,27.828485,1583.268175,0.0,0.0,2590.114,0.0,956.826874
2020-07-19 13:00:00,400.0,400.0,22.732362,26.471968,1782.383347,0.0,0.0,2698.064,0.0,996.402098
2020-07-19 14:00:00,400.0,400.0,23.069973,35.630389,1902.00557,0.0,0.0,2687.43,0.0,1033.413665
2020-07-19 15:00:00,400.0,400.0,23.206766,28.160687,1807.971655,0.0,0.0,2453.098,0.0,1045.068952
2020-07-19 16:00:00,400.0,400.0,23.657594,35.72366,1696.696977,0.0,0.0,2181.252,0.0,1037.483253
2020-07-19 17:00:00,400.0,400.0,25.758899,61.398471,1668.028613,0.0,0.0,1686.368,0.0,1012.100908
2020-07-19 18:00:00,400.0,400.0,26.429316,77.274563,1618.617352,0.0,0.0,1126.132,0.0,972.377197
2020-07-19 19:00:00,400.0,400.0,26.790897,74.228233,1469.034904,0.0,0.0,816.602,0.0,956.185064
2020-07-19 20:00:00,400.0,400.0,26.790897,36.657439,1342.095871,0.0,0.0,715.082,0.0,928.497919
2020-07-19 21:00:00,400.0,400.0,26.845129,33.367263,1158.586942,0.0,0.0,586.7,0.0,879.016959
2020-07-19 22:00:00,400.0,400.0,26.324557,31.30699,1368.549527,0.0,0.0,464.812,0.0,804.489371
2020-07-19 23:00:00,400.0,400.0,26.755559,26.0356,963.310046,0.0,0.0,324.082,0.0,744.400793
2020-07-20 00:00:00,400.0,400.0,25.758899,21.843654,1245.28112,0.0,0.0,333.53,0.0,696.787332
2020-07-20 01:00:00,400.0,400.0,23.128644,21.647258,1636.223645,0.0,0.0,473.2,0.0,659.096453
2020-07-20 02:00:00,400.0,400.0,22.576747,21.647258,1848.983584,0.0,0.0,510.802,0.0,632.822762
2020-07-20 03:00:00,400.0,400.0,22.516066,19.68943,1886.233109,0.0,0.0,484.65,0.0,623.312534
2020-07-20 04:00:00,400.0,400.0,22.576747,19.983547,1875.059435,0.0,0.0,509.36,0.0,628.695085
2020-07-20 05:00:00,400.0,400.0,22.732362,6.836706,1772.453266,0.0,0.0,506.518,0.0,643.65971
2020-07-20 06:00:00,400.0,400.0,22.185841,0.0,1942.804257,0.0,0.0,916.048,0.0,679.536561
2020-07-20 07:00:00,400.0,400.0,22.732362,0.0,1754.208054,0.0,0.0,1173.022,0.0,746.372092
2020-07-20 08:00:00,400.0,400.0,22.516066,19.983547,1879.022594,0.0,0.0,1752.95,0.0,814.639111
2020-07-20 09:00:00,400.0,400.0,21.647258,21.843654,1996.595012,0.0,0.0,2280.89,0.0,876.194248
2020-07-20 10:00:00,400.0,400.0,22.96816,23.069973,1727.14909,0.0,0.0,2437.972,0.0,940.173436
2020-07-20 11:00:00,400.0,400.0,23.206766,23.437807,1569.642924,0.0,0.0,2666.298,0.0,998.048261
2020-07-20 12:00:00,400.0,400.0,23.206766,27.169388,1560.837382,0.0,0.0,2794.716,0.0,1044.131793
2020-07-20 13:00:00,400.0,400.0,23.128644,31.620691,1832.373281,0.0,0.0,2929.15,0.0,1080.116508
2020-07-20 14:00:00,400.0,400.0,23.437807,44.890225,1786.71505,0.0,0.0,2671.388,0.0,1104.100942
2020-07-20 15:00:00,400.0,400.0,26.429316,26.267006,1524.759405,0.0,0.0,2218.832,0.0,1110.160889
2020-07-20 16:00:00,400.0,400.0,26.324557,72.732717,1598.812764,0.0,0.0,2188.6,0.0,1095.718085
2020-07-20 17:00:00,400.0,400.0,26.267006,26.267006,1656.692366,0.0,0.0,1957.204,0.0,1051.126745
2020-07-20 18:00:00,400.0,400.0,26.500239,70.187921,1399.305863,0.0,0.0,1446.1,0.0,1014.269121
2020-07-20 19:00:00,400.0,400.0,26.755559,76.557923,1370.361667,0.0,0.0,1309.986,0.0,1004.79365
2020-07-20 20:00:00,400.0,400.0,25.9087,33.622976,1440.583129,0.0,0.0,1614.032,0.0,966.067331
2020-07-20 21:00:00,400.0,400.0,25.9087,23.437807,1387.087449,0.0,0.0,1260.698,0.0,874.576583
2020-07-20 22:00:00,400.0,400.0,76.429316,25.751209,769.409741,0.0,244.031498,1147.098,0.0,783.703239
2020-07-20 23:00:00,400.0,400.0,73.437807,25.168071,926.010867,0.0,13.326803,1252.562,0.0,722.78267
2020-07-21 00:00:00,400.0,400.0,22.492854,21.287879,1367.83716,0.0,0.0,1401.082,0.0,678.786726
2020-07-21 01:00:00,400.0,400.0,21.116714,19.68943,1600.062677,0.0,0.0,1411.702,0.0,645.545898
2020-07-21 02:00:00,400.0,400.0,20.400003,19.034775,1764.835841,0.0,0.0,1400.032,0.0,619.079424
2020-07-21 03:00:00,400.0,400.0,19.983547,19.034775,1837.982025,0.0,0.0,1410.662,0.0,609.701996
2020-07-21 04:00:00,400.0,400.0,20.419098,19.034775,1730.86054,0.0,0.0,1337.288,0.0,614.764119
2020-07-21 05:00:00,400.0,400.0,21.843654,18.072542,1404.417002,0.0,0.0,1106.416,0.0,629.09985
2020-07-21 06:00:00,400.0,400.0,21.843654,0.0,1404.207166,0.0,0.0,1335.232,0.0,663.453725
2020-07-21 07:00:00,400.0,400.0,22.576747,19.983547,1280.794442,0.0,0.0,1547.364,0.0,713.785434
2020-07-21 08:00:00,400.0,400.0,22.576747,21.647258,1265.672337,0.0,0.0,2011.21,0.0,785.630649
2020-07-21 09:00:00,400.0,400.0,73.128644,22.732362,1074.383384,0.0,23.563608,2315.43,0.0,859.956992
2020-07-21 10:00:00,400.0,400.0,22.576747,27.590652,1289.554796,0.0,0.0,2599.604,0.0,921.307381
2020-07-21 11:00:00,400.0,400.0,22.576747,25.953694,1634.413364,0.0,0.0,2803.696,0.0,981.192395
2020-07-21 12:00:00,400.0,400.0,23.069973,28.035609,1712.476794,0.0,0.0,2865.432,0.0,1031.993281
2020-07-21 13:00:00,400.0,400.0,23.128644,31.870205,1828.500391,0.0,0.0,2855.566,0.0,1066.359841
2020-07-21 14:00:00,400.0,400.0,23.206766,34.285033,1806.299886,0.0,0.0,2743.812,0.0,1097.176817
2020-07-21 15:00:00,400.0,400.0,23.437807,36.406819,1861.417142,0.0,0.0,2624.502,0.0,1115.562729
2020-07-21 16:00:00,400.0,400.0,24.62179,62.766848,1846.565052,0.0,0.0,2248.162,0.0,1108.739542
2020-07-21 17:00:00,400.0,400.0,25.9087,77.274616,1975.870808,0.0,0.0,1876.346,0.0,1073.321279
2020-07-21 18:00:00,400.0,400.0,26.500239,72.836574,1700.266242,0.0,0.0,1279.37,0.0,1020.915564
2020-07-21 19:00:00,400.0,400.0,26.790897,36.630587,1538.287819,0.0,0.0,1082.73,0.0,995.466327
2020-07-21 20:00:00,400.0,400.0,26.790897,36.523235,1309.178267,0.0,0.0,931.336,0.0,957.62366
2020-07-21 21:00:00,400.0,400.0,26.324557,38.129093,1526.466318,0.0,0.0,941.0,0.0,893.480052
2020-07-21 22:00:00,400.0,400.0,26.324557,26.349733,1352.472021,0.0,0.0,790.236,0.0,817.449597
2020-07-21 23:00:00,400.0,400.0,76.429316,30.352423,949.379969,0.0,12.636636,703.584,0.0,751.680605
2020-07-22 00:00:00,400.0,400.0,26.324557,23.069973,1034.460471,0.0,0.0,452.9,0.0,701.315929
2020-07-22 01:00:00,400.0,400.0,23.657594,23.128644,1283.35912,0.0,0.0,459.618,0.0,664.988832
2020-07-22 02:00:00,400.0,400.0,23.069973,23.128644,1509.37049,0.0,0.0,524.662,0.0,640.843727
2020-07-22 03:00:00,400.0,400.0,23.069973,23.206766,1567.242123,0.0,0.0,517.482,0.0,631.085982
2020-07-22 04:00:00,400.0,400.0,23.069973,23.128644,1516.886688,0.0,0.0,483.168,0.0,633.492197
2020-07-22 05:00:00,400.0,400.0,23.069973,21.647258,1560.858629,0.0,0.0,604.398,0.0,645.080906
2020-07-22 06:00:00,400.0,400.0,21.647258,21.288154,1876.78854,0.0,0.0,1107.132,0.0,673.101519
2020-07-22 07:00:00,400.0,400.0,21.647258,21.288154,1889.438109,0.0,0.0,1574.82,0.0,741.357284
2020-07-22 08:00:00,400.0,400.0,21.647258,21.116714,1877.747624,0.0,0.0,1946.86,0.0,798.916856
2020-07-22 09:00:00,400.0,400.0,21.287879,21.843654,1965.159709,0.0,0.0,2430.864,0.0,858.405644
2020-07-22 10:00:00,400.0,400.0,22.492854,23.069973,1782.87827,0.0,0.0,2668.696,0.0,921.42266
2020-07-22 11:00:00,400.0,400.0,22.576747,29.09053,1675.777811,0.0,0.0,2774.678,0.0,978.885028
2020-07-22 12:00:00,400.0,400.0,22.732362,25.898842,1794.106222,0.0,0.0,2780.102,0.0,1015.199367
2020-07-22 13:00:00,400.0,400.0,22.576747,28.096552,2079.242746,0.0,0.0,2796.68,0.0,1028.165588
2020-07-22 14:00:00,400.0,400.0,23.069973,28.13337,1991.02441,0.0,0.0,2642.988,0.0,1046.094538
2020-07-22 15:00:00,400.0,400.0,23.206766,26.404825,1816.678208,0.0,0.0,2473.848,0.0,1046.875469
2020-07-22 16:00:00,400.0,400.0,24.617414,33.866373,1655.231582,0.0,0.0,2102.186,0.0,1025.243163
2020-07-22 17:00:00,400.0,400.0,25.9087,59.549453,1590.154273,0.0,0.0,1554.462,0.0,980.896159
2020-07-22 18:00:00,400.0,400.0,26.324557,77.128505,1567.129614,0.0,0.0,1042.384,0.0,938.138158
2020-07-22 19:00:00,400.0,400.0,26.500239,74.140598,1456.578692,0.0,0.0,768.018,0.0,917.765896
2020-07-22 20:00:00,400.0,400.0,26.755559,35.890753,1277.196605,0.0,0.0,701.498,0.0,894.945209
2020-07-22 21:00:00,400.0,400.0,26.429316,26.324557,1315.869158,0.0,0.0,642.518,0.0,839.047326
2020-07-22 22:00:00,400.0,400.0,24.62179,28.071802,1347.172271,0.0,0.0,569.814,0.0,770.196259
2020-07-22 23:00:00,400.0,400.0,26.429316,24.617414,983.313253,0.0,0.0,442.552,0.0,705.920812
2020-07-23 00:00:00,400.0,400.0,24.617414,22.732362,1147.248967,0.0,0.0,373.548,0.0,664.244855
2020-07-23 01:00:00,400.0,400.0,23.206766,21.647258,1376.942865,0.0,0.0,371.918,0.0,629.54627
2020-07-23 02:00:00,400.0,400.0,22.732362,21.647258,1575.216745,0.0,0.0,425.35,0.0,607.819988
2020-07-23 03:00:00,400.0,400.0,22.492854,21.474047,1727.290437,0.0,0.0,510.828,0.0,597.830634
2020-07-23 04:00:00,400.0,400.0,21.647258,22.185841,1867.028229,0.0,0.0,696.23,0.0,604.680266
2020-07-23 05:00:00,400.0,400.0,21.843654,20.419098,1767.884383,0.0,0.0,700.968,0.0,620.262543
2020-07-23 06:00:00,400.0,400.0,19.983547,18.861019,2157.555154,0.0,0.0,1252.436,0.0,644.532127
2020-07-23 07:00:00,400.0,400.0,19.430296,19.430296,2315.748323,0.0,0.0,1828.71,0.0,707.244252
2020-07-23 08:00:00,400.0,400.0,19.68943,19.983547,2236.290612,0.0,0.0,2158.568,0.0,768.641608
2020-07-23 09:00:00,400.0,400.0,19.983547,21.116411,2188.223787,0.0,0.0,2540.85,0.0,833.193932
2020-07-23 10:00:00,400.0,400.0,19.983547,22.492854,2205.857752,0.0,0.0,2732.37,0.0,884.776837
2020-07-23 11:00:00,400.0,400.0,21.288154,23.800725,2090.716969,0.0,0.0,2828.132,0.0,944.162255
2020-07-23 12:00:00,400.0,400.0,22.732362,29.490652,1767.449274,0.0,0.0,2695.034,0.0,998.187709
2020-07-23 13:00:00,400.0,400.0,23.437807,31.804956,1709.289054,0.0,0.0,2516.462,0.0,1043.275942
2020-07-23 14:00:00,400.0,400.0,23.437807,35.734507,1848.461654,0.0,0.0,2481.75,0.0,1076.293252
2020-07-23 15:00:00,400.0,400.0,26.324557,76.525384,1594.922178,0.0,0.0,1996.07,0.0,1085.422173
2020-07-23 16:00:00,400.0,400.0,26.429316,58.868051,1646.295276,0.0,0.0,1744.322,0.0,1053.754009
2020-07-23 17:00:00,400.0,400.0,25.9087,77.050889,1814.480311,0.0,0.0,1505.85,0.0,1003.555453
2020-07-23 18:00:00,400.0,400.0,26.429316,36.584017,1603.381627,0.0,0.0,1052.604,0.0,956.433356
2020-07-23 19:00:00,400.0,400.0,26.500239,36.428199,1466.699513,0.0,0.0,868.486,0.0,932.817973
2020-07-23 20:00:00,400.0,400.0,26.429316,36.657439,1538.19234,0.0,0.0,796.818,0.0,911.343849
2020-07-23 21:00:00,400.0,400.0,26.429316,32.319298,1372.852661,0.0,0.0,611.352,0.0,850.574901
2020-07-23 22:00:00,400.0,400.0,26.429316,29.705161,1283.145071,0.0,0.0,503.828,0.0,776.637439
2020-07-23 23:00:00,400.0,400.0,25.9087,26.429316,1205.389864,0.0,0.0,405.002,0.0,713.49182
2020-07-24 00:00:00,400.0,400.0,23.206766,23.206766,1568.138092,0.0,0.0,446.566,0.0,665.314186
2020-07-24 01:00:00,400.0,400.0,22.576747,22.732362,1870.218943,0.0,0.0,512.602,0.0,629.907459
2020-07-24 02:00:00,400.0,400.0,21.474047,21.647258,2078.842346,0.0,0.0,571.936,0.0,607.514048
2020-07-24 03:00:00,400.0,400.0,21.116714,21.288154,2176.290694,0.0,0.0,611.022,0.0,598.759696
2020-07-24 04:00:00,400.0,400.0,21.287879,21.647258,2139.361948,0.0,0.0,590.198,0.0,601.175408
2020-07-24 05:00:00,400.0,400.0,21.288154,21.116714,2102.453763,0.0,0.0,616.172,0.0,610.607736
2020-07-24 06:00:00,400.0,400.0,21.287879,21.287879,2140.519627,0.0,0.0,988.454,0.0,660.740156
2020-07-24 07:00:00,400.0,400.0,21.843654,21.287879,1970.614542,0.0,0.0,1362.37,0.0,742.313319
2020-07-24 08:00:00,400.0,400.0,22.492854,22.492854,1919.324421,0.0,0.0,1817.034,0.0,818.206437
2020-07-24 09:00:00,400.0,400.0,22.576747,22.732362,1875.282262,0.0,0.0,2253.122,0.0,890.225961
2020-07-24 10:00:00,400.0,400.0,22.732362,23.437807,1781.170471,0.0,0.0,2637.102,0.0,961.939729
2020-07-24 11:00:00,400.0,400.0,23.069973,30.845919,1694.081199,0.0,0.0,2768.77,0.0,1026.85332
2020-07-24 12:00:00,400.0,400.0,23.333922,33.982636,1775.496751,0.0,0.0,2745.532,0.0,1080.905287
2020-07-24 13:00:00,400.0,400.0,23.657594,36.192845,1779.297784,0.0,0.0,2689.37,0.0,1126.060832
2020-07-24 14:00:00,400.0,400.0,24.617414,55.77746,1874.734038,0.0,0.0,2645.768,0.0,1158.755094
2020-07-24 15:00:00,400.0,400.0,25.758899,26.755559,2023.572532,0.0,0.0,2563.52,0.0,1161.29212
2020-07-24 16:00:00,400.0,400.0,25.9087,26.818284,1984.515176,0.0,0.0,2281.132,0.0,1124.792524
2020-07-24 17:00:00,400.0,400.0,25.9087,72.924209,2004.325059,0.0,0.0,1905.16,0.0,1081.325241
2020-07-24 18:00:00,400.0,400.0,26.790897,76.816925,1740.752471,0.0,0.0,1215.91,0.0,1042.523629
2020-07-24 19:00:00,400.0,400.0,26.818284,68.438878,1625.596833,0.0,0.0,972.0,0.0,1013.010475
2020-07-24 20:00:00,400.0,400.0,26.500239,36.68094,1664.328254,0.0,0.0,1080.15,0.0,984.423262
2020-07-24 21:00:00,400.0,400.0,26.755559,36.657439,1394.674004,0.0,0.0,807.42,0.0,926.211899
2020-07-24 22:00:00,400.0,400.0,26.429316,34.06286,1371.898112,0.0,0.0,631.388,0.0,853.723483
2020-07-24 23:00:00,400.0,400.0,26.429316,27.162121,1228.833543,0.0,0.0,453.666,0.0,785.509869
2020-07-25 00:00:00,400.0,400.0,25.9087,26.324557,1403.734225,0.0,0.0,354.172,0.0,737.615666
2020-07-25 01:00:00,400.0,400.0,23.444698,23.87513,1675.120593,0.0,0.0,411.23,0.0,705.466411
2020-07-25 02:00:00,400.0,400.0,22.576747,23.069973,2053.337573,0.0,0.0,569.498,0.0,672.474064
2020-07-25 03:00:00,400.0,400.0,22.185841,22.516066,2163.709731,0.0,0.0,553.372,0.0,653.49934
2020-07-25 04:00:00,400.0,400.0,21.647258,22.492854,2209.002277,0.0,0.0,543.868,0.0,645.279858
2020-07-25 05:00:00,400.0,400.0,21.474047,19.68943,2290.767732,0.0,0.0,551.978,0.0,634.23154
2020-07-25 06:00:00,400.0,400.0,19.68943,19.430296,2659.462857,0.0,0.0,1077.214,0.0,657.712671
2020-07-25 07:00:00,400.0,400.0,19.983547,19.983547,2560.068984,0.0,0.0,1483.054,0.0,733.497752
2020-07-25 08:00:00,400.0,400.0,20.400003,21.116411,2535.551094,0.0,0.0,2011.612,0.0,816.459136
2020-07-25 09:00:00,400.0,400.0,20.400003,21.647258,2533.493894,0.0,0.0,2419.098,0.0,877.890616
2020-07-25 10:00:00,400.0,400.0,21.647258,22.576747,2267.916558,0.0,0.0,2498.754,0.0,929.675616
2020-07-25 11:00:00,400.0,400.0,22.732362,23.069973,2014.024109,0.0,0.0,2541.052,0.0,974.104184
2020-07-25 12:00:00,400.0,400.0,23.437807,24.62179,1743.262665,0.0,0.0,2503.612,0.0,1009.1024
2020-07-25 13:00:00,400.0,400.0,23.128644,33.982636,1829.165117,0.0,0.0,2497.052,0.0,1033.933032
2020-07-25 14:00:00,400.0,400.0,23.657594,44.825932,1830.891073,0.0,0.0,2236.988,0.0,1052.114539
2020-07-25 15:00:00,400.0,400.0,25.9087,26.324557,1665.275683,0.0,0.0,2032.81,0.0,1061.180148
2020-07-25 16:00:00,400.0,400.0,26.790897,36.420399,1320.249725,0.0,0.0,1635.012,0.0,1069.764341
2020-07-25 17:00:00,400.0,400.0,26.818284,62.603924,1417.965048,0.0,0.0,1267.018,0.0,1044.457943
2020-07-25 18:00:00,400.0,400.0,26.845129,74.229575,1519.480167,0.0,0.0,908.752,0.0,1012.390775
2020-07-25 19:00:00,400.0,400.0,26.845129,77.755129,1587.203176,0.0,0.0,824.596,0.0,1001.608924
2020-07-25 20:00:00,400.0,400.0,26.892495,43.699119,1400.966434,0.0,0.0,707.07,0.0,967.965535
2020-07-25 21:00:00,400.0,400.0,26.845129,27.013867,1204.681944,0.0,0.0,699.572,0.0,913.783508
2020-07-25 22:00:00,400.0,400.0,26.429316,37.559492,1463.740027,0.0,0.0,624.732,0.0,855.448796
2020-07-25 23:00:00,400.0,400.0,26.429316,28.171622,1335.716284,0.0,0.0,432.78,0.0,804.609557
2020-07-26 00:00:00,400.0,400.0,23.87513,23.388687,1645.589847,0.0,0.0,395.6,0.0,752.551523
2020-07-26 01:00:00,400.0,400.0,23.657594,23.006797,1620.570062,0.0,0.0,411.898,0.0,712.234191
2020-07-26 02:00:00,400.0,400.0,23.206766,21.647258,1758.274311,0.0,0.0,380.46,0.0,680.127853
2020-07-26 03:00:00,400.0,400.0,23.069973,21.288154,1900.767366,0.0,0.0,386.1,0.0,659.599895
2020-07-26 04:00:00,400.0,400.0,22.516066,21.287879,2066.719985,0.0,0.0,466.71,0.0,646.798502
2020-07-26 05:00:00,400.0,400.0,21.647258,19.430296,2223.917893,0.0,0.0,496.052,0.0,627.620116
2020-07-26 06:00:00,400.0,400.0,19.685338,0.0,2670.694317,0.0,0.0,964.918,0.0,630.933552
2020-07-26 07:00:00,400.0,400.0,18.573789,0.0,2841.640498,0.0,0.0,1539.002,0.0,691.404225
2020-07-26 08:00:00,400.0,400.0,18.861019,20.400003,2830.124349,0.0,0.0,2064.2,0.0,771.911348
2020-07-26 09:00:00,400.0,400.0,20.846138,21.647258,2415.812734,0.0,0.0,2131.154,0.0,844.10119
2020-07-26 10:00:00,400.0,400.0,22.576747,22.96816,2056.439522,0.0,0.0,2201.362,0.0,908.538372
2020-07-26 11:00:00,400.0,400.0,23.206766,24.617414,1747.906618,0.0,0.0,2198.21,0.0,954.345507
2020-07-26 12:00:00,400.0,400.0,23.657594,24.62179,1602.626866,0.0,0.0,2324.87,0.0,995.13647
2020-07-26 13:00:00,400.0,400.0,24.617414,33.803518,1526.910856,0.0,0.0,2399.35,0.0,1034.165872
2020-07-26 14:00:00,400.0,400.0,24.617414,36.36724,1695.882163,0.0,0.0,2297.77,0.0,1063.633176
2020-07-26 15:00:00,400.0,400.0,24.62179,36.898199,1872.59497,0.0,0.0,2087.252,0.0,1089.398554
2020-07-26 16:00:00,400.0,400.0,26.324557,72.924209,1985.782325,0.0,0.0,1894.38,0.0,1098.689651
2020-07-26 17:00:00,400.0,400.0,26.429316,77.276799,1967.865028,0.0,0.0,1515.848,0.0,1077.597446
2020-07-26 18:00:00,400.0,400.0,26.845129,70.653857,1648.347261,0.0,0.0,1036.73,0.0,1041.057411
2020-07-26 19:00:00,400.0,400.0,27.128505,43.649375,1545.555733,0.0,0.0,851.834,0.0,1025.74174
2020-07-26 20:00:00,400.0,400.0,27.128505,36.719564,1385.618216,0.0,0.0,770.568,0.0,996.292468
2020-07-26 21:00:00,400.0,400.0,26.845129,44.217502,1270.791468,0.0,0.0,682.67,0.0,934.33178
2020-07-26 22:00:00,400.0,400.0,26.845129,26.204319,1111.777209,0.0,0.0,461.55,0.0,850.765919
2020-07-26 23:00:00,400.0,400.0,77.276799,28.760914,757.472424,0.0,233.573512,366.932,0.0,781.703936
2020-07-27 00:00:00,400.0,400.0,26.429316,23.592361,1089.701642,0.0,0.0,426.416,0.0,734.057154
2020-07-27 01:00:00,400.0,400.0,24.617414,22.185841,1351.942571,0.0,0.0,461.048,0.0,699.915814
2020-07-27 02:00:00,400.0,400.0,23.206766,21.116714,1546.099373,0.0,0.0,506.08,0.0,677.547094
2020-07-27 03:00:00,400.0,400.0,23.128644,20.419098,1624.708314,0.0,0.0,516.33,0.0,667.293253
2020-07-27 04:00:00,400.0,400.0,23.206766,20.846138,1566.581113,0.0,0.0,481.07,0.0,670.723333
2020-07-27 05:00:00,400.0,400.0,23.128644,20.400003,1643.483452,0.0,0.0,560.34,0.0,671.078482
2020-07-27 06:00:00,400.0,400.0,22.576747,20.419098,1828.667034,0.0,0.0,962.66,0.0,703.648945
2020-07-27 07:00:00,400.0,400.0,22.185841,21.474047,1943.82845,0.0,0.0,1602.84,0.0,782.401732
2020-07-27 08:00:00,400.0,400.0,22.732362,23.437807,1775.508435,0.0,0.0,1954.246,0.0,860.360635
2020-07-27 09:00:00,400.0,400.0,22.732362,23.730547,1803.904608,0.0,0.0,2321.8,0.0,936.734309
2020-07-27 10:00:00,400.0,400.0,23.128644,31.620691,1794.41782,0.0,0.0,2565.07,0.0,1005.697827
2020-07-27 11:00:00,400.0,400.0,23.206766,33.996821,1749.618198,0.0,0.0,2676.164,0.0,1066.13187
2020-07-27 12:00:00,400.0,400.0,24.617414,35.611077,1711.071645,0.0,0.0,2646.94,0.0,1115.080253
2020-07-27 13:00:00,400.0,400.0,26.404825,36.211073,1502.496061,0.0,0.0,2497.764,0.0,1155.340191
2020-07-27 14:00:00,400.0,400.0,26.267006,56.965647,1757.330064,0.0,0.0,2512.8,0.0,1173.82049
2020-07-27 15:00:00,400.0,400.0,26.429316,26.755559,1881.349216,0.0,0.0,2310.454,0.0,1169.415718
2020-07-27 16:00:00,400.0,400.0,26.324557,26.818284,2021.84938,0.0,0.0,2321.53,0.0,1150.002093
2020-07-27 17:00:00,400.0,400.0,26.267006,67.598044,2049.419991,0.0,0.0,2095.55,0.0,1115.269501
2020-07-27 18:00:00,400.0,400.0,26.371819,72.924209,1989.777804,0.0,0.0,1652.9,0.0,1065.168329
2020-07-27 19:00:00,400.0,400.0,26.333777,77.89257,2062.549078,0.0,0.0,1544.913567,170.468433,1051.254673
2020-07-27 20:00:00,400.0,400.0,27.247116,44.626838,1714.446526,0.0,0.0,1379.180444,244.951556,1030.010088
2020-07-27 21:00:00,400.0,400.0,79.417995,26.409475,1182.077629,0.0,55.523371,1249.070964,181.195036,961.334
2020-07-27 22:00:00,400.0,400.0,78.389212,29.803363,898.048657,0.0,232.65655,1128.856702,128.893298,876.421207
2020-07-27 23:00:00,400.0,400.0,77.51719,28.365807,949.223211,0.0,99.741621,1092.028756,175.811244,809.970832
2020-07-28 00:00:00,400.0,400.0,24.08455,24.749386,1433.908851,0.0,0.0,1150.123124,145.344876,745.982141
2020-07-28 01:00:00,400.0,400.0,22.632352,22.709794,1820.263853,0.0,0.0,1411.444057,166.457943,718.977031
2020-07-28 02:00:00,400.0,400.0,19.983547,21.708134,2189.028817,0.0,0.0,1556.23,0.0,685.380177
2020-07-28 03:00:00,400.0,400.0,19.983547,20.526636,2201.881372,0.0,0.0,1523.948,0.0,678.609994
2020-07-28 04:00:00,400.0,400.0,20.400003,17.066874,2124.637603,0.0,0.0,1466.42,0.0,681.56736
2020-07-28 05:00:00,400.0,400.0,19.68943,0.0,2253.387573,0.0,0.0,1642.418,0.0,688.654564
2020-07-28 06:00:00,400.0,400.0,18.072542,0.0,2512.679248,0.0,0.0,2118.816,0.0,721.220513
2020-07-28 07:00:00,400.0,400.0,18.861019,0.0,2435.261072,0.0,0.0,2482.498,0.0,787.385539
2020-07-28 08:00:00,400.0,400.0,19.034775,19.430296,2362.21622,0.0,0.0,2860.702,0.0,855.072867
2020-07-28 09:00:00,400.0,400.0,20.846138,21.116714,2042.756752,0.0,0.0,3019.138,0.0,926.757187
2020-07-28 10:00:00,400.0,400.0,21.287879,22.516066,1941.686551,0.0,0.0,3035.682,0.0,969.899317
2020-07-28 11:00:00,400.0,400.0,22.576747,28.70137,1849.503205,0.0,0.0,3080.732,0.0,1043.734319
2020-07-28 12:00:00,400.0,400.0,22.732362,31.620691,1940.629605,0.0,0.0,3072.888,0.0,1092.038759
2020-07-28 13:00:00,400.0,400.0,22.96816,36.150291,2080.737282,0.0,0.0,2961.112,0.0,1119.956208
2020-07-28 14:00:00,400.0,400.0,23.206766,57.079993,2122.02989,0.0,0.0,2772.668,0.0,1136.645716
2020-07-28 15:00:00,400.0,400.0,24.62179,25.9087,1982.133799,0.0,0.0,2351.316,0.0,1119.17733
2020-07-28 16:00:00,400.0,400.0,25.9087,26.755559,1942.581935,0.0,0.0,2128.018,0.0,1091.61541
2020-07-28 17:00:00,400.0,400.0,26.790897,72.694968,1530.058852,0.0,0.0,1404.432,0.0,1049.755972
2020-07-28 18:00:00,400.0,400.0,27.050889,77.274616,1403.42675,0.0,0.0,887.63,0.0,1004.430488
2020-07-28 19:00:00,400.0,400.0,26.845129,69.73145,1444.091382,0.0,0.0,896.568,0.0,981.671493
2020-07-28 20:00:00,400.0,400.0,26.409475,26.994195,1472.943589,0.0,0.0,1204.991525,27.728475,941.10719
2020-07-28 21:00:00,400.0,400.0,26.408206,33.244644,1275.823838,0.0,0.0,1089.498,0.0,873.836124
2020-07-28 22:00:00,400.0,400.0,77.598384,24.880469,918.680497,0.0,110.483328,1028.686,0.0,796.800825
2020-07-28 23:00:00,400.0,400.0,23.444698,24.074771,1264.642221,0.0,0.0,916.682,0.0,728.105967
2020-07-29 00:00:00,400.0,400.0,23.128644,22.576747,1460.037398,0.0,0.0,811.032,0.0,682.94919
2020-07-29 01:00:00,400.0,400.0,21.843654,21.843654,1778.185707,0.0,0.0,936.932,0.0,654.111944
2020-07-29 02:00:00,400.0,400.0,20.846138,21.287879,2035.432546,0.0,0.0,1052.59,0.0,632.873618
2020-07-29 03:00:00,400.0,400.0,20.419098,21.116714,2091.18786,0.0,0.0,1093.818,0.0,630.694521
2020-07-29 04:00:00,400.0,400.0,20.419098,20.419098,2069.903787,0.0,0.0,1134.762,0.0,640.028732
2020-07-29 05:00:00,400.0,400.0,20.419098,18.072542,2085.61884,0.0,0.0,1221.512,0.0,650.683974
2020-07-29 06:00:00,400.0,400.0,21.287879,0.0,1960.14501,0.0,0.0,1291.318,0.0,679.975949
2020-07-29 07:00:00,400.0,400.0,21.843654,18.072542,1785.671001,0.0,0.0,1513.478,0.0,739.47105
2020-07-29 08:00:00,400.0,400.0,22.516066,19.685338,1691.809209,0.0,0.0,1805.734,0.0,797.388719
2020-07-29 09:00:00,400.0,400.0,21.647258,20.846138,1834.362364,0.0,0.0,2342.082,0.0,856.457945
2020-07-29 10:00:00,400.0,400.0,22.576747,22.516066,1653.562263,0.0,0.0,2591.46,0.0,920.984661
2020-07-29 11:00:00,400.0,400.0,23.128644,23.206766,1445.775097,0.0,0.0,2776.202,0.0,979.864035
2020-07-29 12:00:00,400.0,400.0,23.069973,29.44761,1479.027554,0.0,0.0,2838.152,0.0,1035.168667
2020-07-29 13:00:00,400.0,400.0,23.437807,27.633607,1645.73009,0.0,0.0,2869.92,0.0,1070.428486
2020-07-29 14:00:00,400.0,400.0,23.206766,33.803518,1723.230021,0.0,0.0,2882.104,0.0,1099.331097
2020-07-29 15:00:00,400.0,400.0,23.333922,36.420399,1895.772826,0.0,0.0,2559.852,0.0,1095.761876
2020-07-29 16:00:00,400.0,400.0,24.62179,37.915338,1863.943655,0.0,0.0,2032.26,0.0,1089.047452
2020-07-29 17:00:00,400.0,400.0,25.758899,77.755129,2159.246271,0.0,0.0,1522.304,0.0,1028.558659
2020-07-29 18:00:00,400.0,400.0,26.755559,73.212549,1804.897127,0.0,0.0,800.88,0.0,974.697431
2020-07-29 19:00:00,400.0,400.0,26.845129,67.883338,1573.265713,0.0,0.0,583.298,0.0,964.804843
2020-07-29 20:00:00,400.0,400.0,27.128505,36.719564,1345.671189,0.0,0.0,449.918,0.0,945.937022
2020-07-29 21:00:00,400.0,400.0,26.790897,39.437452,1334.264184,0.0,0.0,572.468,0.0,891.780572
2020-07-29 22:00:00,400.0,400.0,26.324557,26.429316,1446.978527,0.0,0.0,574.798,0.0,825.722921
2020-07-29 23:00:00,400.0,400.0,25.9087,30.424679,1396.662704,0.0,0.0,513.034,0.0,760.990694
2020-07-30 00:00:00,400.0,400.0,24.617414,23.206766,1563.556408,0.0,0.0,397.3,0.0,711.861539
2020-07-30 01:00:00,400.0,400.0,23.206766,22.96816,1762.030529,0.0,0.0,366.348,0.0,677.447621
2020-07-30 02:00:00,400.0,400.0,23.069973,22.96816,1875.182757,0.0,0.0,336.92,0.0,656.060586
2020-07-30 03:00:00,400.0,400.0,22.732362,22.96816,1977.665645,0.0,0.0,361.048,0.0,644.307353
2020-07-30 04:00:00,400.0,400.0,22.576747,22.732362,1999.446244,0.0,0.0,415.07,0.0,649.143563
2020-07-30 05:00:00,400.0,400.0,22.732362,21.288154,1966.586185,0.0,0.0,471.364,0.0,662.516672
2020-07-30 06:00:00,400.0,400.0,21.647258,19.983547,2180.679327,0.0,0.0,862.35,0.0,689.050601
2020-07-30 07:00:00,400.0,400.0,21.474047,19.68943,2246.272471,0.0,0.0,1327.748,0.0,749.021329
2020-07-30 08:00:00,400.0,400.0,21.116714,19.430296,2360.013918,0.0,0.0,1802.9,0.0,803.232912
2020-07-30 09:00:00,400.0,400.0,19.983547,19.983547,2560.270838,0.0,0.0,2336.63,0.0,853.253874
2020-07-30 10:00:00,400.0,400.0,21.116714,21.474047,2335.039835,0.0,0.0,2472.332,0.0,907.393825
2020-07-30 11:00:00,400.0,400.0,21.474047,22.96816,2249.612676,0.0,0.0,2690.852,0.0,952.985899
2020-07-30 12:00:00,400.0,400.0,22.492854,23.437807,2118.197915,0.0,0.0,2840.862,0.0,995.199613
2020-07-30 13:00:00,400.0,400.0,21.843654,31.620691,2157.917767,0.0,0.0,2953.684,0.0,1031.664935
2020-07-30 14:00:00,400.0,400.0,22.185841,42.651467,2192.000338,0.0,0.0,2869.964,0.0,1058.244549
2020-07-30 15:00:00,400.0,400.0,23.206766,24.617414,1981.02579,0.0,0.0,2531.002,0.0,1063.796431
2020-07-30 16:00:00,400.0,400.0,24.62179,35.538761,1687.873317,0.0,0.0,2163.254,0.0,1055.907102
2020-07-30 17:00:00,400.0,400.0,26.404825,61.273055,1503.627821,0.0,0.0,1657.95,0.0,1025.898327
2020-07-30 18:00:00,400.0,400.0,26.324557,77.050889,1648.729942,0.0,0.0,1264.266,0.0,972.080409
2020-07-30 19:00:00,400.0,400.0,26.790897,73.998992,1411.152095,0.0,0.0,868.396,0.0,956.136586
2020-07-30 20:00:00,400.0,400.0,26.845129,41.325775,1244.335221,0.0,0.0,730.018,0.0,937.152417
2020-07-30 21:00:00,400.0,400.0,26.755559,26.324557,1212.98258,0.0,0.0,713.988,0.0,873.450813
2020-07-30 22:00:00,400.0,400.0,77.274616,28.300252,726.662519,0.0,288.755903,460.432,0.0,800.350422
2020-07-30 23:00:00,400.0,400.0,77.050889,27.241342,713.185381,0.0,222.017312,378.53,0.0,736.836693
2020-07-31 00:00:00,400.0,400.0,26.324557,22.732362,1038.613987,0.0,0.0,441.368,0.0,690.713102
2020-07-31 01:00:00,400.0,400.0,23.206766,21.287879,1237.864464,0.0,0.0,793.722,0.0,660.42863
2020-07-31 02:00:00,400.0,400.0,21.843654,19.68943,1669.580604,0.0,0.0,1076.51,0.0,638.089409
2020-07-31 03:00:00,400.0,400.0,21.474047,18.687745,1766.403967,0.0,0.0,1113.902,0.0,629.174705
2020-07-31 04:00:00,400.0,400.0,20.419098,18.573789,1978.11013,0.0,0.0,1352.754,0.0,633.24658
2020-07-31 05:00:00,400.0,400.0,20.419098,0.0,1968.33419,0.0,0.0,1408.004,0.0,643.000472
2020-07-31 06:00:00,400.0,400.0,18.072542,0.0,2353.071208,0.0,0.0,2013.068,0.0,676.049519
2020-07-31 07:00:00,400.0,400.0,16.970947,0.0,2382.413493,0.0,0.0,2466.24,0.0,739.623976
2020-07-31 08:00:00,400.0,400.0,16.970947,17.243694,2383.205492,0.0,0.0,2854.316,0.0,797.716576
2020-07-31 09:00:00,400.0,400.0,17.968291,19.705191,2301.827451,0.0,0.0,3187.598,0.0,859.915582
2020-07-31 10:00:00,400.0,400.0,20.400003,21.288154,2000.268985,0.0,0.0,3244.038,0.0,913.615352
2020-07-31 11:00:00,400.0,400.0,21.288154,22.516066,1791.207879,0.0,0.0,3311.13,0.0,955.038318
2020-07-31 12:00:00,400.0,400.0,17.814779,25.54352,1821.579317,0.0,0.0,3413.21,0.0,991.294602
2020-07-31 13:00:00,400.0,400.0,17.022085,26.362053,2020.304709,0.0,0.0,3644.172,0.0,1023.880094
2020-07-31 14:00:00,400.0,400.0,21.116714,22.989389,1975.548306,0.0,0.0,3552.088,0.0,1042.280954
2020-07-31 15:00:00,400.0,400.0,21.116411,29.189574,2188.755404,0.0,0.0,3247.568,0.0,1043.371889
2020-07-31 16:00:00,400.0,400.0,22.492854,27.089498,2163.015834,0.0,0.0,2736.02,0.0,1026.000625
2020-07-31 17:00:00,400.0,400.0,23.128644,52.664807,1897.700404,0.0,0.0,2208.046,0.0,986.601839
2020-07-31 18:00:00,400.0,400.0,24.617414,76.790897,1571.503356,0.0,0.0,1537.554,0.0,944.257597
2020-07-31 19:00:00,400.0,400.0,26.429316,77.128505,1375.30626,0.0,0.0,1136.42,0.0,934.667061
2020-07-31 20:00:00,400.0,400.0,25.9087,31.956205,1486.672784,0.0,0.0,1229.95,0.0,909.791582
2020-07-31 21:00:00,400.0,400.0,23.128644,27.602223,1691.023406,0.0,0.0,1375.75,0.0,847.758989
2020-07-31 22:00:00,400.0,400.0,23.02472,26.277327,1676.503609,0.0,0.0,1312.714,0.0,787.231559
2020-07-31 23:00:00,400.0,400.0,23.128644,26.517685,1280.327494,0.0,0.0,1128.978,0.0,719.332576
2020-08-01 00:00:00,400.0,400.0,23.069973,23.437807,1305.249078,0.0,0.0,1118.54,0.0,699.043638
2020-08-01 01:00:00,400.0,400.0,22.96816,22.576747,1371.979292,0.0,0.0,1068.948,0.0,681.595306
2020-08-01 02:00:00,400.0,400.0,22.516066,21.647258,1523.836037,0.0,0.0,1020.17,0.0,651.500094
2020-08-01 03:00:00,400.0,400.0,21.647258,21.287879,1619.577037,0.0,0.0,1025.63,0.0,637.957944
2020-08-01 04:00:00,400.0,400.0,22.185841,21.116714,1572.318124,0.0,0.0,951.032,0.0,633.857081
2020-08-01 05:00:00,400.0,400.0,22.516066,19.430296,1525.748933,0.0,0.0,853.9,0.0,626.27266
2020-08-01 06:00:00,400.0,400.0,21.474047,19.430296,1711.315466,0.0,0.0,1105.77,0.0,636.21818
2020-08-01 07:00:00,400.0,400.0,21.647258,19.983547,1671.464717,0.0,0.0,1335.118,0.0,676.597992
2020-08-01 08:00:00,400.0,400.0,21.116714,21.287879,1794.764029,0.0,0.0,1832.66,0.0,732.734396
2020-08-01 09:00:00,400.0,400.0,21.116714,22.492854,1787.524489,0.0,0.0,2187.248,0.0,787.008527
2020-08-01 10:00:00,400.0,400.0,21.474047,22.732362,1706.840962,0.0,0.0,2392.248,0.0,829.861056
2020-08-01 11:00:00,400.0,400.0,21.843654,25.740703,1593.930965,0.0,0.0,2554.59,0.0,874.448855
2020-08-01 12:00:00,400.0,400.0,22.576747,25.610386,1506.885974,0.0,0.0,2601.28,0.0,902.759104
2020-08-01 13:00:00,400.0,400.0,22.576747,25.937045,1539.406854,0.0,0.0,2686.37,0.0,941.094472
2020-08-01 14:00:00,400.0,400.0,22.732362,26.359817,1646.281779,0.0,0.0,2655.35,0.0,973.660233
2020-08-01 15:00:00,400.0,400.0,23.069973,27.39731,1757.225208,0.0,0.0,2482.716,0.0,987.673619
2020-08-01 16:00:00,400.0,400.0,23.657594,27.010502,1704.840668,0.0,0.0,2190.0,0.0,984.3239
2020-08-01 17:00:00,400.0,400.0,24.617414,31.867812,1638.843095,0.0,0.0,1875.02,0.0,957.626536
2020-08-01 18:00:00,400.0,400.0,26.324557,60.363851,1520.921506,0.0,0.0,1357.0,0.0,919.211774
2020-08-01 19:00:00,400.0,400.0,26.324557,76.845129,1574.649946,0.0,0.0,1277.25,0.0,917.340008
2020-08-01 20:00:00,400.0,400.0,25.067686,70.394855,1766.467949,0.0,0.0,1389.084229,74.751771,898.742442
2020-08-01 21:00:00,400.0,400.0,25.067686,26.429316,1558.46056,0.0,0.0,1162.724867,221.879133,852.189646
2020-08-01 22:00:00,400.0,400.0,23.20063,28.738161,1923.011201,0.0,0.0,1512.487241,257.794759,796.721406
2020-08-01 23:00:00,400.0,400.0,17.864423,26.038058,2257.955677,0.0,0.0,1883.203003,286.048997,740.587099
2020-08-02 00:00:00,400.0,400.0,20.234035,22.732362,2028.736271,0.0,0.0,2140.435527,288.464473,690.554888
2020-08-02 01:00:00,400.0,400.0,19.899927,20.400003,1968.864461,0.0,0.0,2229.036044,308.183956,659.575737
2020-08-02 02:00:00,398.0,400.0,0.0,19.742759,2080.0,0.0,0.0,2202.780969,381.569031,638.967145
2020-08-02 03:00:00,398.0,400.0,0.0,19.68943,2079.0,0.0,0.0,2089.486842,355.341158,622.123026
2020-08-02 04:00:00,398.0,400.0,0.0,19.685338,2084.0,0.0,0.0,2046.914485,619.633515,614.987173
2020-08-02 05:00:00,398.0,400.0,0.0,0.0,2084.0,0.0,0.0,1962.463748,789.018252,602.319562
2020-08-02 06:00:00,398.0,400.0,0.0,0.0,2054.0,0.0,0.0,1969.894631,1176.203369,607.934195
2020-08-02 07:00:00,400.0,400.0,0.0,0.0,2046.0,0.0,0.0,2196.501699,1191.478301,643.125255
2020-08-02 08:00:00,398.0,400.0,0.0,0.0,2043.0,0.0,0.0,2508.935456,1505.982544,690.440318
2020-08-02 09:00:00,398.0,400.0,0.0,19.685338,2039.0,0.0,0.0,2832.896968,1393.749032,739.634545
2020-08-02 10:00:00,398.0,400.0,0.0,23.678872,2037.0,0.0,0.0,3133.943694,1266.666306,785.091554
2020-08-02 11:00:00,398.0,400.0,0.0,26.17582,2045.0,0.0,0.0,3268.272864,1077.517136,829.54093
2020-08-02 12:00:00,400.0,400.0,0.0,25.708948,2224.0,0.0,0.0,3445.401722,846.108278,861.810258
2020-08-02 13:00:00,400.0,400.0,3.221158,25.708948,2073.402972,0.0,0.0,3345.987429,846.714571,890.187669
2020-08-02 14:00:00,400.0,400.0,3.422271,25.303446,2125.633267,0.0,0.0,3391.515736,664.806264,916.93237
2020-08-02 15:00:00,400.0,400.0,3.519716,23.249419,1961.831365,0.0,0.0,3339.405459,394.884541,933.686114
2020-08-02 16:00:00,400.0,400.0,3.477326,23.069973,2086.73008,0.0,0.0,3135.96667,224.41533,935.435488
2020-08-02 17:00:00,400.0,400.0,3.744021,30.002609,2480.330069,0.0,0.0,2822.227056,58.618944,912.734548
2020-08-02 18:00:00,400.0,400.0,21.287879,59.788131,2329.253834,0.0,0.0,2183.398,0.0,879.321625
2020-08-02 19:00:00,400.0,400.0,22.576747,76.557923,2160.495757,0.0,0.0,1837.704,0.0,879.781236
2020-08-02 20:00:00,400.0,400.0,22.96816,74.391691,2111.195773,0.0,0.0,1642.362,0.0,864.474934
2020-08-02 21:00:00,400.0,400.0,22.96816,26.324557,1919.851376,0.0,0.0,1457.32,0.0,817.420294
2020-08-02 22:00:00,400.0,400.0,22.732362,26.435881,1594.98667,0.0,0.0,1430.688,0.0,755.6552
2020-08-02 23:00:00,400.0,400.0,22.516066,23.444698,1694.290163,0.0,0.0,1153.522,0.0,699.184776
2020-08-03 00:00:00,400.0,400.0,20.419098,23.069973,2101.316763,0.0,0.0,1306.332,0.0,661.052286
2020-08-03 01:00:00,400.0,400.0,19.430296,23.069973,2339.105917,0.0,0.0,1376.378,0.0,635.890812
2020-08-03 02:00:00,400.0,400.0,18.072542,22.732362,2517.576522,0.0,0.0,1458.652,0.0,621.461322
2020-08-03 03:00:00,398.0,400.0,0.0,22.96816,2619.0,0.0,0.0,1517.472561,13.057439,615.070884
2020-08-03 04:00:00,400.0,400.0,18.861019,23.128644,2471.799819,0.0,0.0,1427.986,0.0,623.727927
2020-08-03 05:00:00,400.0,400.0,19.430296,22.576747,2322.690155,0.0,0.0,1365.614,0.0,636.738577
2020-08-03 06:00:00,400.0,400.0,19.68943,22.516066,2264.716114,0.0,0.0,1471.8,0.0,661.362583
2020-08-03 07:00:00,400.0,400.0,21.116714,22.516066,1970.452995,0.0,0.0,1542.9,0.0,716.167051
2020-08-03 08:00:00,400.0,400.0,21.287879,22.732362,1932.350004,0.0,0.0,1835.462,0.0,765.766799
2020-08-03 09:00:00,400.0,400.0,21.647258,23.069973,1805.50355,0.0,0.0,2022.668,0.0,812.874667
2020-08-03 10:00:00,400.0,400.0,22.576747,23.206766,1679.845984,0.0,0.0,2222.312,0.0,861.669902
2020-08-03 11:00:00,400.0,400.0,21.647258,25.168732,1843.634523,0.0,0.0,2501.69,0.0,904.508322
2020-08-03 12:00:00,400.0,400.0,21.843654,28.879748,1953.243468,0.0,0.0,2531.51,0.0,945.78998
2020-08-03 13:00:00,400.0,400.0,21.647258,28.304251,2121.292097,0.0,0.0,2557.252,0.0,977.693985
2020-08-03 14:00:00,400.0,400.0,22.576747,26.672057,2062.216102,0.0,0.0,2527.582,0.0,1009.854885
2020-08-03 15:00:00,400.0,400.0,23.128644,25.9087,1890.911044,0.0,0.0,2455.672,0.0,1024.764143
2020-08-03 16:00:00,400.0,400.0,23.657594,31.860744,1685.519864,0.0,0.0,2130.538,0.0,1013.40272
2020-08-03 17:00:00,400.0,400.0,24.617414,72.949666,1661.85016,0.0,0.0,1679.12,0.0,971.440476
2020-08-03 18:00:00,400.0,400.0,26.324557,62.331616,1534.879626,0.0,0.0,1104.448,0.0,919.735256
2020-08-03 19:00:00,400.0,400.0,26.429316,75.423924,1406.05174,0.0,0.0,887.698,0.0,910.146939
2020-08-03 20:00:00,400.0,400.0,26.755559,30.72619,1219.536718,0.0,0.0,774.662,0.0,889.818792
2020-08-03 21:00:00,400.0,400.0,25.758899,26.761698,1488.789782,0.0,0.0,709.97,0.0,823.227033
2020-08-03 22:00:00,400.0,400.0,23.657594,26.429316,1496.618102,0.0,0.0,601.122,0.0,752.475585
2020-08-03 23:00:00,400.0,400.0,23.437807,25.9087,1366.61341,0.0,0.0,429.48,0.0,692.979989
2020-08-04 00:00:00,400.0,400.0,22.96816,23.206766,1604.00461,0.0,0.0,401.81,0.0,653.220809
2020-08-04 01:00:00,400.0,400.0,23.128644,23.206766,1451.937815,0.0,0.0,395.484,0.0,628.566928
2020-08-04 02:00:00,400.0,400.0,22.96816,22.732362,1550.675573,0.0,0.0,417.62,0.0,610.341664
2020-08-04 03:00:00,400.0,400.0,22.492854,22.576747,1733.476733,0.0,0.0,549.652,0.0,602.72629
2020-08-04 04:00:00,400.0,400.0,21.843654,22.96816,1794.21324,0.0,0.0,656.13,0.0,609.587514
2020-08-04 05:00:00,400.0,400.0,22.492854,21.647258,1744.122044,0.0,0.0,676.232,0.0,620.116493
2020-08-04 06:00:00,400.0,400.0,21.288154,21.116411,1914.139988,0.0,0.0,1046.798,0.0,650.198702
2020-08-04 07:00:00,400.0,400.0,21.287879,19.983547,1935.821501,0.0,0.0,1422.63,0.0,703.321275
2020-08-04 08:00:00,400.0,400.0,21.287879,19.983547,1948.330172,0.0,0.0,1769.502,0.0,753.475774
2020-08-04 09:00:00,400.0,400.0,21.288154,19.034775,1918.294752,0.0,0.0,2061.902,0.0,801.841087
2020-08-04 10:00:00,400.0,400.0,20.419098,19.68943,2060.535326,0.0,0.0,2512.37,0.0,848.075201
2020-08-04 11:00:00,400.0,400.0,20.846138,20.846138,2024.558727,0.0,0.0,2747.79,0.0,888.784691
2020-08-04 12:00:00,400.0,400.0,22.185841,21.843654,1755.889942,0.0,0.0,2719.386,0.0,924.824409
2020-08-04 13:00:00,400.0,400.0,22.576747,23.128644,1654.782155,0.0,0.0,2885.63,0.0,964.927177
2020-08-04 14:00:00,400.0,400.0,22.576747,23.437807,1648.735546,0.0,0.0,2888.23,0.0,991.724168
2020-08-04 15:00:00,400.0,400.0,22.576747,27.331236,1820.78747,0.0,0.0,2790.052,0.0,1004.439679
2020-08-04 16:00:00,400.0,400.0,22.576747,73.721085,2031.930587,0.0,0.0,2698.312,0.0,996.057212
2020-08-04 17:00:00,400.0,400.0,21.647258,76.429316,2304.797452,0.0,0.0,2563.386,0.0,950.038282
2020-08-04 18:00:00,400.0,400.0,23.206766,48.662839,1756.598336,0.0,0.0,1759.53,0.0,895.48975
2020-08-04 19:00:00,400.0,400.0,23.128644,31.93306,1855.678858,0.0,0.0,1777.402,0.0,883.308471
2020-08-04 20:00:00,400.0,400.0,22.709794,31.365464,2132.50637,0.0,0.0,1947.360534,148.439466,859.028125
2020-08-04 21:00:00,400.0,400.0,22.335927,24.074771,2291.182079,0.0,0.0,1642.269493,230.710507,789.463112
2020-08-04 22:00:00,400.0,400.0,21.647258,25.576462,1639.746226,0.0,0.0,1593.398,0.0,720.097766
2020-08-04 23:00:00,400.0,400.0,21.843654,26.14156,1406.211366,0.0,0.0,1330.664,0.0,662.467895
2020-08-05 00:00:00,400.0,400.0,21.116714,22.732362,1598.507035,0.0,0.0,1266.77,0.0,624.039445
2020-08-05 01:00:00,400.0,400.0,21.116714,22.576747,1592.566667,0.0,0.0,1108.73,0.0,601.2245
2020-08-05 02:00:00,400.0,400.0,20.419098,22.576747,1711.921935,0.0,0.0,1109.362,0.0,583.41601
2020-08-05 03:00:00,400.0,400.0,19.68943,22.576747,1860.65074,0.0,0.0,1218.332,0.0,577.452189
2020-08-05 04:00:00,400.0,400.0,19.983547,21.843654,1783.196189,0.0,0.0,1200.17,0.0,586.346072
2020-08-05 05:00:00,400.0,400.0,19.983547,20.419098,1832.050824,0.0,0.0,1338.23,0.0,599.726876
2020-08-05 06:00:00,400.0,400.0,20.419098,18.861019,1707.607746,0.0,0.0,1420.786,0.0,630.776738
2020-08-05 07:00:00,400.0,400.0,21.116411,19.430296,1628.499721,0.0,0.0,1684.754,0.0,682.238142
2020-08-05 08:00:00,400.0,400.0,21.116411,19.68943,1639.303653,0.0,0.0,2081.47,0.0,740.124952
2020-08-05 09:00:00,400.0,400.0,20.846138,20.846138,1671.94694,0.0,0.0,2462.052,0.0,792.315759
2020-08-05 10:00:00,400.0,400.0,21.647258,22.492854,1438.487359,0.0,0.0,2613.928,0.0,850.116096
2020-08-05 11:00:00,400.0,400.0,21.474047,24.054007,1526.390383,0.0,0.0,2775.55,0.0,912.173943
2020-08-05 12:00:00,400.0,400.0,21.474047,27.225317,1835.822384,0.0,0.0,2879.32,0.0,962.324642
2020-08-05 13:00:00,400.0,400.0,21.474047,26.362847,2001.375107,0.0,0.0,2828.432,0.0,1008.608534
2020-08-05 14:00:00,400.0,400.0,22.732362,29.531532,2040.174334,0.0,0.0,2755.982,0.0,1047.42115
2020-08-05 15:00:00,400.0,400.0,23.437807,34.031055,1769.196754,0.0,0.0,2516.552,0.0,1068.653287
2020-08-05 16:00:00,400.0,400.0,24.617414,36.428022,1737.931231,0.0,0.0,2099.69,0.0,1055.363815
2020-08-05 17:00:00,400.0,400.0,25.9087,77.128505,1797.638183,0.0,0.0,1563.004,0.0,1008.204873
2020-08-05 18:00:00,400.0,400.0,26.500239,72.924241,1567.590473,0.0,0.0,894.402,0.0,949.321729
2020-08-05 19:00:00,400.0,400.0,26.790897,63.082985,1475.948416,0.0,0.0,649.56,0.0,923.341738
2020-08-05 20:00:00,400.0,400.0,26.845129,35.949165,1196.564898,0.0,0.0,580.97,0.0,897.210765
2020-08-05 21:00:00,400.0,400.0,26.429316,29.307624,1267.526787,0.0,0.0,480.066,0.0,821.930882
2020-08-05 22:00:00,400.0,400.0,25.9087,27.735138,1358.728213,0.0,0.0,380.77,0.0,746.841268
2020-08-05 23:00:00,400.0,400.0,24.617414,28.132803,1320.240977,0.0,0.0,340.43,0.0,686.578353
2020-08-06 00:00:00,400.0,400.0,23.128644,23.069973,1603.612646,0.0,0.0,351.132,0.0,645.677903
2020-08-06 01:00:00,400.0,400.0,22.96816,22.732362,1741.227508,0.0,0.0,321.302,0.0,620.561174
2020-08-06 02:00:00,400.0,400.0,22.576747,22.732362,1836.397123,0.0,0.0,303.366,0.0,603.595332
2020-08-06 03:00:00,400.0,400.0,22.492854,23.069973,1907.537294,0.0,0.0,335.4,0.0,597.729406
2020-08-06 04:00:00,400.0,400.0,22.576747,22.96816,1851.832633,0.0,0.0,326.002,0.0,604.675405
2020-08-06 05:00:00,400.0,400.0,22.516066,21.288154,1876.724858,0.0,0.0,403.852,0.0,612.619071
2020-08-06 06:00:00,400.0,400.0,21.474047,19.68943,2075.196976,0.0,0.0,823.2,0.0,645.750454
2020-08-06 07:00:00,400.0,400.0,21.116411,19.034775,2180.222404,0.0,0.0,1331.086,0.0,706.179539
2020-08-06 08:00:00,400.0,400.0,20.846138,18.861019,2234.227131,0.0,0.0,1783.268,0.0,765.90613
2020-08-06 09:00:00,400.0,400.0,21.287879,19.430296,2120.508723,0.0,0.0,2020.77,0.0,818.589192
2020-08-06 10:00:00,400.0,400.0,21.843654,19.983547,1970.384833,0.0,0.0,2171.602,0.0,863.732575
2020-08-06 11:00:00,400.0,400.0,23.069973,21.287879,1706.51868,0.0,0.0,2172.322,0.0,903.420498
2020-08-06 12:00:00,400.0,400.0,23.206766,22.492854,1575.978763,0.0,0.0,2218.302,0.0,929.898486
2020-08-06 13:00:00,400.0,400.0,23.87513,23.128644,1403.639845,0.0,0.0,2229.218,0.0,957.386723
2020-08-06 14:00:00,400.0,400.0,23.87513,26.110545,1404.821337,0.0,0.0,2281.834,0.0,990.601899
2020-08-06 15:00:00,400.0,400.0,23.657594,27.121504,1625.694406,0.0,0.0,2253.38,0.0,1006.452839
2020-08-06 16:00:00,400.0,400.0,24.617414,31.860744,1590.727493,0.0,0.0,1950.65,0.0,994.038376
2020-08-06 17:00:00,400.0,400.0,23.657594,72.949666,1675.278762,0.0,0.0,1617.298,0.0,942.452886
2020-08-06 18:00:00,400.0,400.0,25.9087,26.845129,1552.687555,0.0,0.0,1048.02,0.0,889.099867
2020-08-06 19:00:00,400.0,400.0,26.404825,77.050889,1434.414667,0.0,0.0,795.212,0.0,877.3196
2020-08-06 20:00:00,400.0,400.0,26.755559,58.438314,1282.046706,0.0,0.0,592.614,0.0,861.385094
2020-08-06 21:00:00,400.0,400.0,26.324557,26.755559,1391.594121,0.0,0.0,435.58,0.0,796.647882
2020-08-06 22:00:00,400.0,400.0,25.9087,28.506253,1124.941304,0.0,0.0,449.652,0.0,732.256604
2020-08-06 23:00:00,400.0,400.0,24.617414,25.259136,977.507922,0.0,0.0,594.018,0.0,676.261512
2020-08-07 00:00:00,400.0,400.0,23.87513,23.069973,1019.759707,0.0,0.0,428.982,0.0,638.433344
2020-08-07 01:00:00,400.0,400.0,23.128644,23.128644,1259.283238,0.0,0.0,492.95,0.0,612.100014
2020-08-07 02:00:00,400.0,400.0,23.128644,23.128644,1225.501931,0.0,0.0,359.132,0.0,597.09451
2020-08-07 03:00:00,400.0,400.0,23.069973,23.128644,1301.351347,0.0,0.0,401.252,0.0,592.035098
2020-08-07 04:00:00,400.0,400.0,23.069973,23.128644,1315.577926,0.0,0.0,469.988,0.0,600.211511
2020-08-07 05:00:00,400.0,400.0,23.069973,21.647258,1342.834522,0.0,0.0,615.13,0.0,617.894322
2020-08-07 06:00:00,400.0,400.0,21.288154,20.846138,1724.294085,0.0,0.0,1154.846,0.0,641.632787
2020-08-07 07:00:00,400.0,400.0,20.419098,20.400003,1917.997328,0.0,0.0,1608.948,0.0,680.692601
2020-08-07 08:00:00,400.0,400.0,20.400003,21.116411,1959.205903,0.0,0.0,1933.868,0.0,723.249315
2020-08-07 09:00:00,400.0,400.0,19.034775,20.400003,2165.082151,0.0,0.0,2330.632,0.0,751.882477
2020-08-07 10:00:00,400.0,400.0,19.685338,20.419098,2098.889879,0.0,0.0,2448.198,0.0,779.446218
2020-08-07 11:00:00,400.0,400.0,19.685338,20.400003,2105.095665,0.0,0.0,2623.972,0.0,804.88145
2020-08-07 12:00:00,400.0,400.0,19.430296,21.116411,2136.127544,0.0,0.0,2848.888,0.0,833.964068
2020-08-07 13:00:00,400.0,400.0,19.983547,22.382792,1966.704537,0.0,0.0,2909.784,0.0,868.511919
2020-08-07 14:00:00,400.0,400.0,21.116411,23.069973,1828.735042,0.0,0.0,2809.068,0.0,899.599944
2020-08-07 15:00:00,400.0,400.0,21.647258,23.657594,1800.679372,0.0,0.0,2554.87,0.0,918.928594
2020-08-07 16:00:00,400.0,400.0,22.576747,28.051363,1844.994409,0.0,0.0,2213.65,0.0,914.348339
2020-08-07 17:00:00,400.0,400.0,23.206766,50.211174,1717.075019,0.0,0.0,1641.452,0.0,882.056547
2020-08-07 18:00:00,400.0,400.0,26.404825,76.525384,1350.965278,0.0,0.0,865.662,0.0,835.304508
2020-08-07 19:00:00,400.0,400.0,26.790897,72.666548,1154.571379,0.0,0.0,513.632,0.0,819.159093
2020-08-07 20:00:00,400.0,400.0,26.845129,29.283892,1041.914696,0.0,0.0,490.346,0.0,804.064696
2020-08-07 21:00:00,400.0,400.0,26.755559,25.067686,1097.134515,0.0,0.0,507.648,0.0,751.862023
2020-08-07 22:00:00,400.0,400.0,76.429316,25.531972,801.892674,0.0,93.010725,598.802,0.0,696.586399
2020-08-07 23:00:00,400.0,400.0,76.429316,26.724965,686.180424,0.0,146.975012,522.83,0.0,649.297436
2020-08-08 00:00:00,400.0,400.0,26.324557,22.96816,847.135525,0.0,0.0,438.934,0.0,612.569771
2020-08-08 01:00:00,400.0,400.0,23.437807,23.069973,1054.592643,0.0,0.0,480.514,0.0,587.688204
2020-08-08 02:00:00,400.0,400.0,23.437807,23.069973,1082.189025,0.0,0.0,394.398,0.0,570.631346
2020-08-08 03:00:00,400.0,400.0,23.128644,23.069973,1126.814766,0.0,0.0,355.238,0.0,558.063485
2020-08-08 04:00:00,400.0,400.0,23.437807,23.069973,1092.937301,0.0,0.0,316.152,0.0,557.282205
2020-08-08 05:00:00,400.0,400.0,23.069973,21.287879,1161.883416,0.0,0.0,308.16,0.0,545.741488
2020-08-08 06:00:00,400.0,400.0,21.647258,19.68943,1468.222615,0.0,0.0,715.866,0.0,560.946508
2020-08-08 07:00:00,400.0,400.0,19.983547,18.573789,1814.504817,0.0,0.0,1354.78,0.0,604.841277
2020-08-08 08:00:00,400.0,400.0,18.861019,19.034775,2078.786577,0.0,0.0,2015.25,0.0,664.269513
2020-08-08 09:00:00,400.0,400.0,18.861019,19.685338,2072.553209,0.0,0.0,2358.432,0.0,716.681819
2020-08-08 10:00:00,400.0,400.0,19.68943,20.419098,1908.618395,0.0,0.0,2525.838,0.0,766.382941
2020-08-08 11:00:00,400.0,400.0,20.400003,21.116714,1756.78751,0.0,0.0,2648.468,0.0,807.552074
2020-08-08 12:00:00,400.0,400.0,21.116714,22.576747,1614.131542,0.0,0.0,2792.948,0.0,850.622469
2020-08-08 13:00:00,400.0,400.0,21.287879,24.411884,1568.012498,0.0,0.0,2759.082,0.0,877.960425
2020-08-08 14:00:00,400.0,400.0,21.647258,26.297954,1626.823282,0.0,0.0,2615.97,0.0,900.922008
2020-08-08 15:00:00,400.0,400.0,21.647258,26.172726,1826.668322,0.0,0.0,2390.082,0.0,915.812052
2020-08-08 16:00:00,400.0,400.0,23.206766,28.864581,1763.240228,0.0,0.0,1965.398,0.0,917.123666
2020-08-08 17:00:00,400.0,400.0,23.87513,77.050889,1591.448917,0.0,0.0,1481.254,0.0,891.870762
2020-08-08 18:00:00,400.0,400.0,26.429316,72.694968,1358.666863,0.0,0.0,801.18,0.0,848.176971
2020-08-08 19:00:00,400.0,400.0,26.500239,61.087721,1255.692195,0.0,0.0,664.784,0.0,831.163771
2020-08-08 20:00:00,400.0,400.0,26.429316,28.581658,1204.256037,0.0,0.0,623.696,0.0,807.965994
2020-08-08 21:00:00,400.0,400.0,25.758899,26.650903,1420.535119,0.0,0.0,524.72,0.0,752.427732
2020-08-08 22:00:00,400.0,400.0,23.87513,27.201702,1408.509191,0.0,0.0,502.452,0.0,697.641421
2020-08-08 23:00:00,400.0,400.0,24.617414,27.596178,962.696425,0.0,0.0,424.66,0.0,646.344536
2020-08-09 00:00:00,400.0,400.0,23.437807,23.657594,1100.093346,0.0,0.0,303.268,0.0,607.526198
2020-08-09 01:00:00,400.0,400.0,23.069973,23.128644,1319.927436,0.0,0.0,354.814,0.0,582.282985
2020-08-09 02:00:00,400.0,400.0,22.732362,23.069973,1428.84877,0.0,0.0,331.486,0.0,562.445584
2020-08-09 03:00:00,400.0,400.0,22.576747,22.732362,1504.67647,0.0,0.0,334.02,0.0,551.451529
2020-08-09 04:00:00,400.0,400.0,22.516066,22.576747,1535.446963,0.0,0.0,330.268,0.0,546.273156
2020-08-09 05:00:00,400.0,400.0,21.647258,19.983547,1647.484491,0.0,0.0,348.93,0.0,532.266826
2020-08-09 06:00:00,400.0,400.0,19.68943,18.072542,2052.705212,0.0,0.0,817.36,0.0,541.748218
2020-08-09 07:00:00,400.0,400.0,15.731586,0.0,2442.056122,0.0,0.0,1441.13,0.0,576.911082
2020-08-09 08:00:00,400.0,400.0,0.0,0.0,2456.0,0.0,0.0,1807.874523,72.059477,629.831178
2020-08-09 09:00:00,398.0,400.0,0.0,0.811839,2455.0,0.0,0.0,2162.721024,12.674976,683.208154
2020-08-09 10:00:00,400.0,400.0,18.861019,19.034775,2244.487611,0.0,0.0,2332.62,0.0,740.269858
2020-08-09 11:00:00,400.0,400.0,19.68943,20.846138,2062.766251,0.0,0.0,2506.682,0.0,793.637362
2020-08-09 12:00:00,400.0,400.0,20.419098,22.185841,1891.189652,0.0,0.0,2651.962,0.0,841.165852
2020-08-09 13:00:00,400.0,400.0,21.647258,23.128644,1632.074574,0.0,0.0,2664.934,0.0,881.978914
2020-08-09 14:00:00,400.0,400.0,19.207903,26.899116,1829.305249,0.0,0.0,2615.25,0.0,921.441713
2020-08-09 15:00:00,400.0,400.0,22.185841,26.912392,2134.159447,0.0,0.0,2365.92,0.0,947.064083
2020-08-09 16:00:00,400.0,400.0,23.069973,28.170321,1918.538628,0.0,0.0,2019.682,0.0,955.221506
2020-08-09 17:00:00,400.0,400.0,23.437807,75.377354,1724.920487,0.0,0.0,1537.77,0.0,932.077427
2020-08-09 18:00:00,400.0,400.0,26.324557,70.423275,1540.636502,0.0,0.0,880.068,0.0,888.214725
2020-08-09 19:00:00,400.0,400.0,26.429316,65.079518,1436.690051,0.0,0.0,676.488,0.0,870.569692
2020-08-09 20:00:00,400.0,400.0,26.429316,28.247522,1331.05995,0.0,0.0,611.284,0.0,848.583608
2020-08-09 21:00:00,400.0,400.0,24.617414,27.014522,1600.185942,0.0,0.0,507.19,0.0,784.350609
2020-08-09 22:00:00,400.0,400.0,23.87513,27.322232,1470.741831,0.0,0.0,346.7,0.0,718.193725
2020-08-09 23:00:00,400.0,400.0,22.732362,28.416226,1839.904583,0.0,0.0,354.0,0.0,663.914313
2020-08-10 00:00:00,400.0,400.0,21.843654,23.128644,2027.437718,0.0,0.0,281.85,0.0,624.961842
2020-08-10 01:00:00,400.0,400.0,22.516066,22.732362,1904.894399,0.0,0.0,296.418,0.0,599.01354
2020-08-10 02:00:00,400.0,400.0,21.647258,22.576747,2019.839069,0.0,0.0,353.668,0.0,583.62434
2020-08-10 03:00:00,400.0,400.0,21.288154,22.576747,2100.293633,0.0,0.0,398.45,0.0,578.273455
2020-08-10 04:00:00,400.0,400.0,21.116714,22.576747,2171.746237,0.0,0.0,542.688,0.0,589.191264
2020-08-10 05:00:00,400.0,400.0,22.492854,20.846138,1936.730406,0.0,0.0,386.2,0.0,600.970439
2020-08-10 06:00:00,400.0,400.0,20.846138,20.400003,2221.395563,0.0,0.0,899.08,0.0,635.202666
2020-08-10 07:00:00,400.0,400.0,21.116411,20.419098,2187.219897,0.0,0.0,1279.384,0.0,697.374615
2020-08-10 08:00:00,400.0,400.0,21.647258,19.983547,2023.814177,0.0,0.0,1522.552,0.0,758.360673
2020-08-10 09:00:00,400.0,400.0,21.843654,21.116411,1973.69781,0.0,0.0,1863.366,0.0,817.000229
2020-08-10 10:00:00,400.0,400.0,21.843654,21.647258,1959.948592,0.0,0.0,2230.002,0.0,874.058011
2020-08-10 11:00:00,400.0,400.0,23.128644,22.217574,1618.596455,0.0,0.0,2249.968,0.0,928.255732
2020-08-10 12:00:00,400.0,400.0,23.069973,23.437807,1712.126044,0.0,0.0,2643.432,0.0,973.245893
2020-08-10 13:00:00,400.0,400.0,22.576747,27.893699,1821.109379,0.0,0.0,2842.24,0.0,1015.519593
2020-08-10 14:00:00,400.0,400.0,23.128644,27.241342,1854.35232,0.0,0.0,2728.146,0.0,1051.619052
2020-08-10 15:00:00,400.0,400.0,5.013489,31.555442,2499.880647,0.0,0.0,3308.33997,39.74003,1069.568898
2020-08-10 16:00:00,400.0,400.0,23.128644,35.666985,1915.099812,0.0,0.0,2567.284,0.0,1069.227628
2020-08-10 17:00:00,400.0,400.0,25.9087,77.128505,1710.839122,0.0,0.0,1661.06,0.0,1022.583132
2020-08-10 18:00:00,400.0,400.0,26.429316,77.276799,1735.999507,0.0,0.0,1112.052,0.0,969.457874
2020-08-10 19:00:00,400.0,400.0,4.610518,64.650373,3079.866286,0.0,0.0,2450.917936,140.912064,944.707747
2020-08-10 20:00:00,400.0,400.0,23.444698,24.617414,1755.935931,0.0,0.0,1455.496,0.0,911.48401
2020-08-10 21:00:00,400.0,400.0,22.492854,28.76449,1795.360884,0.0,0.0,1776.534,0.0,830.725967
2020-08-10 22:00:00,400.0,400.0,24.617414,23.241519,1049.893676,0.0,0.0,1169.37,0.0,751.706449
2020-08-10 23:00:00,400.0,400.0,25.758899,26.445778,990.053707,0.0,0.0,740.85,0.0,689.669444
2020-08-11 00:00:00,400.0,400.0,22.96816,25.658369,1255.744925,0.0,0.0,1074.312,0.0,646.585061
2020-08-11 01:00:00,400.0,400.0,73.657594,24.222691,755.715269,0.0,48.862941,755.25,0.0,620.48021
2020-08-11 02:00:00,400.0,400.0,22.185841,21.288154,1202.670865,0.0,0.0,1067.69,0.0,600.30287
2020-08-11 03:00:00,400.0,400.0,23.128644,20.526636,929.931652,0.0,0.0,719.28,0.0,588.952252
2020-08-11 04:00:00,400.0,400.0,21.474047,3.291541,1330.2702,0.0,0.0,1158.432,0.0,594.77427
2020-08-11 05:00:00,400.0,400.0,21.647258,18.861019,1261.01223,0.0,0.0,1140.532,0.0,602.477965
2020-08-11 06:00:00,400.0,400.0,21.288154,0.0,1350.007498,0.0,0.0,1419.518,0.0,630.976575
2020-08-11 07:00:00,400.0,400.0,20.419098,0.0,1553.415908,0.0,0.0,2000.482,0.0,687.609914
2020-08-11 08:00:00,400.0,400.0,20.400003,4.521014,1584.321929,0.0,0.0,2432.03,0.0,747.706211
2020-08-11 09:00:00,400.0,400.0,21.287879,15.934418,1381.474533,0.0,0.0,2670.94,0.0,813.96982
2020-08-11 10:00:00,400.0,400.0,72.576747,17.432437,1116.874664,0.0,9.695736,2855.264,0.0,881.3084
2020-08-11 11:00:00,400.0,400.0,73.069973,26.837143,1012.737094,0.0,110.290342,2845.88,0.0,946.521436
2020-08-11 12:00:00,400.0,400.0,73.657594,25.512666,1130.164514,0.0,122.519809,2891.4,0.0,1016.735323
2020-08-11 13:00:00,400.0,400.0,23.437807,25.965744,1343.946027,0.0,0.0,2934.886,0.0,1069.940996
2020-08-11 14:00:00,400.0,400.0,24.617414,25.742892,1563.753507,0.0,0.0,2898.89,0.0,1112.570474
2020-08-11 15:00:00,400.0,400.0,23.657594,30.850817,1667.795747,0.0,0.0,2942.38,0.0,1137.837638
2020-08-11 16:00:00,400.0,400.0,23.444698,72.354205,1749.110453,0.0,0.0,2780.148,0.0,1121.105632
2020-08-11 17:00:00,400.0,400.0,23.333922,76.790897,1937.203003,0.0,0.0,2414.968,0.0,1069.46475
2020-08-11 18:00:00,400.0,400.0,25.067686,26.404825,1637.83395,0.0,0.0,1924.810864,30.639136,1016.096537
2020-08-11 19:00:00,400.0,400.0,25.067686,64.693625,1731.988602,0.0,0.0,1845.09104,62.07696,990.015366
2020-08-11 20:00:00,400.0,400.0,24.79347,30.71603,1663.783061,0.0,0.0,1772.308604,249.389396,956.328831
2020-08-11 21:00:00,400.0,400.0,25.067686,23.437807,1200.753788,0.0,0.0,1429.317645,223.500355,867.834579
2020-08-11 22:00:00,400.0,400.0,22.632352,25.810775,1623.382281,0.0,0.0,1981.27702,0.78698,787.469211
2020-08-11 23:00:00,400.0,400.0,22.335927,25.177374,1398.699458,0.0,0.0,2057.756424,63.245576,719.408545
2020-08-12 00:00:00,400.0,400.0,20.400003,21.647258,1638.987984,0.0,0.0,1993.332,0.0,673.701602
2020-08-12 01:00:00,400.0,400.0,20.419098,21.116411,1613.372843,0.0,0.0,1759.2,0.0,642.424074
2020-08-12 02:00:00,400.0,400.0,19.68943,20.419098,1759.696339,0.0,0.0,1771.64,0.0,622.341549
2020-08-12 03:00:00,400.0,400.0,18.072542,21.116411,2023.537333,0.0,0.0,1980.828,0.0,614.1436
2020-08-12 04:00:00,400.0,400.0,18.861019,21.287879,1944.206667,0.0,0.0,1947.632,0.0,621.0638
2020-08-12 05:00:00,400.0,400.0,19.034775,20.400003,1903.415641,0.0,0.0,1951.202,0.0,627.717954
2020-08-12 06:00:00,400.0,400.0,16.970947,19.68943,2021.731608,0.0,0.0,2276.25,0.0,658.727759
2020-08-12 07:00:00,400.0,400.0,0.0,21.116411,2055.0,0.0,0.0,2644.472392,72.829608,708.970859
2020-08-12 08:00:00,400.0,400.0,17.633803,22.576747,1948.212209,0.0,0.0,2901.146,0.0,763.490069
2020-08-12 09:00:00,398.0,400.0,0.0,23.655874,2051.0,0.0,0.0,2939.679609,284.900391,830.351941
2020-08-12 10:00:00,400.0,400.0,19.430296,27.602142,2334.013983,0.0,0.0,3156.838,0.0,903.723603
2020-08-12 11:00:00,400.0,400.0,11.584835,23.206766,2376.474581,0.0,0.0,3171.207982,80.946018,950.51001
2020-08-12 12:00:00,400.0,400.0,17.952139,32.988425,2644.329909,0.0,0.0,3348.6,0.0,1021.240514
2020-08-12 13:00:00,400.0,400.0,18.698405,35.538761,2703.797332,0.0,0.0,3516.416,0.0,1086.6928
2020-08-12 14:00:00,400.0,400.0,20.944367,46.111945,2744.064153,0.0,0.0,3535.66,0.0,1144.589377
2020-08-12 15:00:00,400.0,400.0,21.671251,26.790897,2848.614459,0.0,0.0,3329.416,0.0,1152.420231
2020-08-12 16:00:00,400.0,400.0,22.492854,75.716057,2744.55351,0.0,0.0,2936.418,0.0,1123.779673
2020-08-12 17:00:00,400.0,400.0,23.206766,27.274563,2452.77458,0.0,0.0,2076.086,0.0,1048.546713
2020-08-12 18:00:00,400.0,400.0,26.429316,72.925551,1926.082858,0.0,0.0,1173.638,0.0,995.783271
2020-08-12 19:00:00,400.0,400.0,26.790897,75.799899,1700.756237,0.0,0.0,841.232,0.0,986.321364
2020-08-12 20:00:00,400.0,400.0,26.790897,43.801327,1483.621521,0.0,0.0,846.922,0.0,951.795072
2020-08-12 21:00:00,400.0,400.0,25.9087,26.830556,1580.540687,0.0,0.0,904.502,0.0,871.644197
2020-08-12 22:00:00,400.0,400.0,23.657594,29.989126,1607.820234,0.0,0.0,913.032,0.0,789.316765
2020-08-12 23:00:00,400.0,400.0,23.128644,26.324557,1593.688779,0.0,0.0,845.698,0.0,721.351383
2020-08-13 00:00:00,400.0,400.0,21.843654,23.206766,1963.418389,0.0,0.0,915.568,0.0,676.372442
2020-08-13 01:00:00,400.0,400.0,21.116411,23.069973,2202.85307,0.0,0.0,960.2,0.0,647.152039
2020-08-13 02:00:00,400.0,400.0,19.983547,21.647258,2338.118369,0.0,0.0,973.168,0.0,628.807445
2020-08-13 03:00:00,400.0,400.0,19.983547,21.647258,2345.394004,0.0,0.0,935.362,0.0,622.045199
2020-08-13 04:00:00,400.0,400.0,21.116714,22.576747,2171.698726,0.0,0.0,822.282,0.0,631.137491
2020-08-13 05:00:00,400.0,400.0,21.474047,21.647258,2058.351655,0.0,0.0,771.432,0.0,640.512052
2020-08-13 06:00:00,400.0,400.0,21.116714,20.846138,2156.157459,0.0,0.0,1084.732,0.0,672.836181
2020-08-13 07:00:00,400.0,400.0,21.116411,21.287879,2199.467834,0.0,0.0,1564.72,0.0,738.337825
2020-08-13 08:00:00,400.0,400.0,21.288154,21.843654,2106.825366,0.0,0.0,1938.912,0.0,808.362995
2020-08-13 09:00:00,400.0,400.0,21.288154,23.069973,2084.648102,0.0,0.0,2352.75,0.0,873.765285
2020-08-13 10:00:00,400.0,400.0,21.647258,23.87513,2033.855853,0.0,0.0,2741.98,0.0,939.768622
2020-08-13 11:00:00,400.0,400.0,21.287879,30.848545,2128.72634,0.0,0.0,3061.648,0.0,1008.888249
2020-08-13 12:00:00,400.0,400.0,21.288154,35.538761,2379.866114,0.0,0.0,3226.79,0.0,1073.988583
2020-08-13 13:00:00,400.0,400.0,21.288154,36.435922,2613.370706,0.0,0.0,3286.102,0.0,1123.459694
2020-08-13 14:00:00,400.0,400.0,21.474047,72.790004,2909.482334,0.0,0.0,3308.152,0.0,1158.55045
2020-08-13 15:00:00,400.0,400.0,21.647258,73.57798,3096.404936,0.0,0.0,3296.216,0.0,1169.97166
2020-08-13 16:00:00,400.0,400.0,22.23556,77.274616,3181.986124,0.0,0.0,3215.258215,55.529785,1151.590814
2020-08-13 17:00:00,400.0,400.0,21.843654,27.804249,2789.738262,0.0,0.0,2752.616,0.0,1074.731661
2020-08-13 18:00:00,400.0,400.0,23.069973,46.551608,2495.769564,0.0,0.0,2046.32,0.0,1012.882565
2020-08-13 19:00:00,400.0,400.0,25.067686,36.481358,1985.602893,0.0,0.0,1576.089169,101.748831,985.872941
2020-08-13 20:00:00,400.0,400.0,24.209571,37.360635,2012.815169,0.0,0.0,1730.844447,162.855553,955.504392
2020-08-13 21:00:00,400.0,400.0,22.972766,29.034386,2060.31317,0.0,0.0,1920.652355,148.577645,872.585878
2020-08-13 22:00:00,400.0,400.0,23.20063,26.768496,1449.369308,0.0,0.0,1904.215058,71.294942,795.276862
2020-08-13 23:00:00,400.0,400.0,73.87513,24.001474,733.041974,0.0,218.86063,1473.286,0.0,731.586604
2020-08-14 00:00:00,400.0,400.0,23.128644,23.069973,925.881452,0.0,0.0,1357.064,0.0,685.227382
2020-08-14 01:00:00,400.0,400.0,21.647258,21.647258,1295.719175,0.0,0.0,1536.17,0.0,656.617624
2020-08-14 02:00:00,400.0,400.0,20.419098,19.983547,1506.981305,0.0,0.0,1592.198,0.0,633.332504
2020-08-14 03:00:00,400.0,400.0,19.430296,20.419098,1782.109092,0.0,0.0,1807.754,0.0,624.396736
2020-08-14 04:00:00,400.0,400.0,19.034775,20.400003,1796.823864,0.0,0.0,1876.046,0.0,632.43332
2020-08-14 05:00:00,400.0,400.0,19.983547,19.430296,1653.342043,0.0,0.0,1789.98,0.0,641.045694
2020-08-14 06:00:00,400.0,400.0,19.68943,18.861019,1669.982853,0.0,0.0,2008.94,0.0,671.393572
2020-08-14 07:00:00,400.0,400.0,19.034775,17.537118,1820.830729,0.0,0.0,2550.38,0.0,729.982391
2020-08-14 08:00:00,400.0,400.0,19.68943,17.877399,1676.127716,0.0,0.0,2842.068,0.0,795.441043
2020-08-14 09:00:00,400.0,400.0,21.116411,21.287879,1458.358077,0.0,0.0,3045.65,0.0,858.643788
2020-08-14 10:00:00,400.0,400.0,21.287879,28.746152,1381.151256,0.0,0.0,2981.02,0.0,937.030312
2020-08-14 11:00:00,400.0,400.0,21.647258,24.037586,1805.8248,0.0,0.0,3016.364,0.0,987.38088
2020-08-14 12:00:00,400.0,400.0,22.576747,29.689311,1848.947795,0.0,0.0,2974.454,0.0,1027.875931
2020-08-14 13:00:00,400.0,400.0,23.069973,33.817653,1900.27927,0.0,0.0,2912.81,0.0,1074.079609
2020-08-14 14:00:00,400.0,400.0,23.069973,36.406819,2054.071158,0.0,0.0,2836.9,0.0,1108.624326
2020-08-14 15:00:00,400.0,400.0,23.437807,36.446398,2100.10024,0.0,0.0,2660.852,0.0,1121.512764
2020-08-14 16:00:00,400.0,400.0,24.617414,36.549081,2029.927299,0.0,0.0,2290.5,0.0,1099.585905
2020-08-14 17:00:00,400.0,400.0,23.444698,77.755129,2232.49188,0.0,0.0,1848.12,0.0,1042.444218
2020-08-14 18:00:00,400.0,400.0,25.9087,77.755129,2147.737639,0.0,0.0,1229.23,0.0,977.023854
2020-08-14 19:00:00,400.0,400.0,24.62179,62.096605,2149.184933,0.0,0.0,1135.398,0.0,944.73196
2020-08-14 20:00:00,400.0,400.0,24.749386,39.847028,2002.348748,0.0,0.0,1234.676366,31.221634,915.649143
2020-08-14 21:00:00,400.0,400.0,24.135391,26.403746,1882.387873,0.0,0.0,1243.42741,202.27459,838.940931
2020-08-14 22:00:00,400.0,400.0,24.135391,31.246291,1402.283355,0.0,0.0,1241.259789,164.874211,772.646465
2020-08-14 23:00:00,400.0,400.0,22.709794,24.749386,1522.591131,0.0,0.0,1352.064596,201.705404,701.47102
2020-08-15 00:00:00,400.0,400.0,23.388687,24.08455,1419.177193,0.0,0.0,975.258598,231.741402,660.462211
2020-08-15 01:00:00,400.0,400.0,23.20063,22.709794,1454.654753,0.0,0.0,820.667439,216.802561,631.951903
2020-08-15 02:00:00,400.0,400.0,21.368347,22.517588,1920.860519,0.0,0.0,1114.460877,120.571123,606.090054
2020-08-15 03:00:00,400.0,400.0,21.122752,21.288154,1948.786973,0.0,0.0,1076.039437,15.460563,596.13787
2020-08-15 04:00:00,400.0,400.0,21.116714,21.647258,1789.891698,0.0,0.0,920.498,0.0,596.640945
2020-08-15 05:00:00,400.0,400.0,21.287879,20.419098,1768.997646,0.0,0.0,815.218,0.0,583.983053
2020-08-15 06:00:00,400.0,400.0,19.68943,18.861019,2046.617518,0.0,0.0,1227.72,0.0,604.215372
2020-08-15 07:00:00,400.0,400.0,18.072542,0.0,2341.157919,0.0,0.0,1614.95,0.0,618.118812
2020-08-15 08:00:00,400.0,400.0,19.685338,19.034775,2094.573513,0.0,0.0,1882.46,0.0,695.232973
2020-08-15 09:00:00,400.0,400.0,19.430296,19.68943,2127.499001,0.0,0.0,2373.238,0.0,763.91085
2020-08-15 10:00:00,400.0,400.0,19.68943,21.116411,2071.912285,0.0,0.0,2625.33,0.0,810.062657
2020-08-15 11:00:00,400.0,400.0,20.419098,21.843654,1872.538204,0.0,0.0,2730.168,0.0,855.694469
2020-08-15 12:00:00,400.0,400.0,21.647258,23.128644,1676.075102,0.0,0.0,2746.332,0.0,887.588535
2020-08-15 13:00:00,400.0,400.0,21.474047,25.244951,1696.946391,0.0,0.0,2663.862,0.0,923.087341
2020-08-15 14:00:00,400.0,400.0,22.732362,27.934124,1790.054014,0.0,0.0,2556.562,0.0,951.826198
2020-08-15 15:00:00,400.0,400.0,22.576747,26.256647,1856.004244,0.0,0.0,2325.468,0.0,963.219563
2020-08-15 16:00:00,400.0,400.0,23.128644,28.278513,1899.519194,0.0,0.0,1983.052,0.0,960.829921
2020-08-15 17:00:00,400.0,400.0,23.333922,64.909492,1804.283876,0.0,0.0,1507.402,0.0,913.667719
2020-08-15 18:00:00,400.0,400.0,26.324557,75.282318,1499.922571,0.0,0.0,790.228,0.0,866.595814
2020-08-15 19:00:00,400.0,400.0,26.429316,70.56488,1428.287203,0.0,0.0,598.802,0.0,848.62722
2020-08-15 20:00:00,400.0,400.0,26.324557,28.918667,1431.491635,0.0,0.0,569.6,0.0,827.266255
2020-08-15 21:00:00,400.0,400.0,26.324557,26.755559,1223.431233,0.0,0.0,443.602,0.0,769.825615
2020-08-15 22:00:00,400.0,400.0,23.437807,28.132803,1533.74724,0.0,0.0,409.268,0.0,718.128114
2020-08-15 23:00:00,400.0,400.0,23.87513,23.657594,1216.122808,0.0,0.0,424.818,0.0,668.339279
2020-08-16 00:00:00,400.0,400.0,23.128644,23.069973,1441.184012,0.0,0.0,449.48,0.0,631.544398
2020-08-16 01:00:00,400.0,400.0,22.576747,22.732362,1659.001724,0.0,0.0,501.034,0.0,606.604841
2020-08-16 02:00:00,400.0,400.0,21.647258,22.576747,1811.586475,0.0,0.0,521.4,0.0,586.772029
2020-08-16 03:00:00,400.0,400.0,21.288154,22.576747,1915.772486,0.0,0.0,555.4,0.0,576.244127
2020-08-16 04:00:00,400.0,400.0,21.287879,22.516066,1953.747193,0.0,0.0,571.932,0.0,573.027721
2020-08-16 05:00:00,400.0,400.0,20.419098,20.846138,2078.410578,0.0,0.0,598.87,0.0,558.368913
2020-08-16 06:00:00,400.0,400.0,18.861019,18.861019,2411.220681,0.0,0.0,982.53,0.0,565.996398
2020-08-16 07:00:00,400.0,400.0,16.970947,0.0,2554.42583,0.0,0.0,1344.43,0.0,598.800625
2020-08-16 08:00:00,400.0,400.0,16.970947,4.036192,2542.529883,0.0,0.0,1661.2,0.0,648.100518
2020-08-16 09:00:00,400.0,400.0,18.861019,18.861019,2465.546381,0.0,0.0,1971.93,0.0,706.257543
2020-08-16 10:00:00,400.0,400.0,18.354551,19.983547,2490.518857,0.0,0.0,2386.814,0.0,764.744271
2020-08-16 11:00:00,400.0,400.0,17.952139,21.474047,2315.336258,0.0,0.0,2580.61,0.0,820.091061
2020-08-16 12:00:00,400.0,400.0,19.092055,22.576747,2065.301164,0.0,0.0,2629.49,0.0,864.928325
2020-08-16 13:00:00,400.0,400.0,21.287879,23.206766,1953.468938,0.0,0.0,2604.138,0.0,903.400359
2020-08-16 14:00:00,400.0,400.0,20.846138,27.541774,2236.845818,0.0,0.0,2526.78,0.0,928.040127
2020-08-16 15:00:00,400.0,400.0,21.647258,27.025305,2313.351628,0.0,0.0,2365.348,0.0,947.849456
2020-08-16 16:00:00,400.0,400.0,23.069973,26.95232,1927.910296,0.0,0.0,1983.496,0.0,948.387856
2020-08-16 17:00:00,400.0,400.0,23.437807,56.628291,1759.672227,0.0,0.0,1529.832,0.0,922.073966
2020-08-16 18:00:00,400.0,400.0,26.324557,73.998992,1501.711302,0.0,0.0,844.116,0.0,888.660705
2020-08-16 19:00:00,400.0,400.0,26.429316,77.274563,1451.09888,0.0,0.0,616.97,0.0,879.580668
2020-08-16 20:00:00,400.0,400.0,26.790897,36.326918,1245.623582,0.0,0.0,442.252,0.0,860.794263
2020-08-16 21:00:00,400.0,400.0,26.429316,26.755559,1277.014232,0.0,0.0,283.984,0.0,791.095465
2020-08-16 22:00:00,400.0,400.0,23.657594,28.217209,1679.441555,0.0,0.0,247.032,0.0,725.188567
2020-08-16 23:00:00,400.0,400.0,23.128644,26.565124,1675.933447,0.0,0.0,253.066,0.0,673.369883
2020-08-17 00:00:00,400.0,400.0,22.576747,22.732362,1903.642281,0.0,0.0,250.934,0.0,638.893758
2020-08-17 01:00:00,400.0,400.0,22.732362,22.516066,1770.594166,0.0,0.0,276.2,0.0,616.125875
2020-08-17 02:00:00,400.0,400.0,22.576747,21.843654,1822.583843,0.0,0.0,280.5,0.0,602.237424
2020-08-17 03:00:00,400.0,400.0,22.576747,22.516066,1852.586086,0.0,0.0,265.932,0.0,595.551887
2020-08-17 04:00:00,400.0,400.0,22.576747,23.069973,1822.129117,0.0,0.0,290.35,0.0,603.783132
2020-08-17 05:00:00,400.0,400.0,23.069973,22.516066,1716.936035,0.0,0.0,274.616,0.0,617.201995
2020-08-17 06:00:00,400.0,400.0,22.492854,20.846138,1925.56182,0.0,0.0,683.938,0.0,647.306427
2020-08-17 07:00:00,400.0,400.0,21.287879,20.419098,2127.615309,0.0,0.0,1287.446,0.0,707.524604
2020-08-17 08:00:00,400.0,400.0,20.419098,19.68943,2243.591826,0.0,0.0,1625.468,0.0,740.831426
2020-08-17 09:00:00,400.0,400.0,21.287879,20.846138,2124.328577,0.0,0.0,1955.252,0.0,808.188513
2020-08-17 10:00:00,400.0,400.0,21.288154,21.843654,2112.646145,0.0,0.0,2446.962,0.0,883.697378
2020-08-17 11:00:00,400.0,400.0,22.492854,23.069973,1922.466349,0.0,0.0,2601.632,0.0,935.424848
2020-08-17 12:00:00,400.0,400.0,23.128644,23.444698,1643.163689,0.0,0.0,2618.866,0.0,979.905347
2020-08-17 13:00:00,400.0,400.0,22.576747,25.069658,1817.506887,0.0,0.0,2691.888,0.0,1015.707167
2020-08-17 14:00:00,400.0,400.0,22.96816,31.937959,1985.599206,0.0,0.0,2659.364,0.0,1047.714719
2020-08-17 15:00:00,400.0,400.0,23.437807,31.870205,1789.992901,0.0,0.0,2446.4,0.0,1058.311065
2020-08-17 16:00:00,400.0,400.0,24.617414,31.746021,1672.101182,0.0,0.0,2130.31,0.0,1033.531323
2020-08-17 17:00:00,400.0,400.0,24.617414,77.128505,1713.945037,0.0,0.0,1579.262,0.0,967.697544
2020-08-17 18:00:00,400.0,400.0,26.429316,77.050889,1496.729486,0.0,0.0,869.598,0.0,919.480277
2020-08-17 19:00:00,400.0,400.0,26.755559,56.764111,1332.17454,0.0,0.0,712.988,0.0,896.672019
2020-08-17 20:00:00,400.0,400.0,26.845129,31.005626,1118.970294,0.0,0.0,618.98,0.0,873.301456
2020-08-17 21:00:00,400.0,400.0,26.429316,26.324557,1341.58577,0.0,0.0,378.488,0.0,795.585335
2020-08-17 22:00:00,400.0,400.0,76.790897,27.241342,769.368049,0.0,155.063744,385.98,0.0,729.526793
2020-08-17 23:00:00,400.0,400.0,25.9087,23.87513,1086.500602,0.0,0.0,374.902,0.0,673.56021
2020-08-18 00:00:00,400.0,400.0,23.444698,23.437807,1074.503686,0.0,0.0,467.3,0.0,635.969447
2020-08-18 01:00:00,400.0,400.0,23.069973,22.516066,1347.526217,0.0,0.0,577.252,0.0,611.508867
2020-08-18 02:00:00,400.0,400.0,21.843654,20.419098,1605.720326,0.0,0.0,705.748,0.0,592.054151
2020-08-18 03:00:00,400.0,400.0,18.861019,19.983547,2248.785296,0.0,0.0,1315.948,0.0,587.124406
2020-08-18 04:00:00,400.0,400.0,18.861019,19.68943,2273.623293,0.0,0.0,1401.618,0.0,596.249206
2020-08-18 05:00:00,400.0,400.0,18.072542,0.046648,2327.357187,0.0,0.0,1534.498,0.0,608.121122
2020-08-18 06:00:00,398.0,400.0,0.0,0.0,2428.0,0.0,0.0,1841.547098,41.968902,639.082065
2020-08-18 07:00:00,398.0,400.0,0.0,0.0,2420.0,0.0,0.0,2120.516855,45.665145,682.127528
2020-08-18 08:00:00,400.0,400.0,16.970947,18.861019,2357.182228,0.0,0.0,2360.4,0.0,727.532666
2020-08-18 09:00:00,400.0,400.0,18.072542,19.430296,2316.348173,0.0,0.0,2604.572,0.0,770.283574
2020-08-18 10:00:00,400.0,400.0,19.68943,20.846138,2052.278919,0.0,0.0,2658.836,0.0,818.033562
2020-08-18 11:00:00,400.0,400.0,19.983547,22.516066,1974.045351,0.0,0.0,2858.32,0.0,859.691197
2020-08-18 12:00:00,400.0,400.0,21.116714,23.069973,1776.895,0.0,0.0,2940.34,0.0,901.56675
2020-08-18 13:00:00,400.0,400.0,20.400003,25.447323,1951.246009,0.0,0.0,3047.534,0.0,942.493199
2020-08-18 14:00:00,400.0,400.0,21.474047,25.867664,2067.361934,0.0,0.0,3002.384,0.0,973.80331
2020-08-18 15:00:00,400.0,400.0,22.185841,25.557202,1948.296222,0.0,0.0,2852.63,0.0,994.700067
2020-08-18 16:00:00,400.0,400.0,22.492854,29.873762,1994.677552,0.0,0.0,2523.55,0.0,991.630867
2020-08-18 17:00:00,400.0,400.0,22.96816,76.727948,1995.476058,0.0,0.0,1908.866,0.0,946.258491
2020-08-18 18:00:00,400.0,400.0,24.62179,72.666548,1652.758798,0.0,0.0,1173.688,0.0,907.18938
2020-08-18 19:00:00,400.0,400.0,24.617414,63.149154,1717.759961,0.0,0.0,1163.682,0.0,889.938306
2020-08-18 20:00:00,400.0,400.0,23.809474,26.429316,2011.510347,0.0,0.0,1544.73,0.0,870.032948
2020-08-18 21:00:00,400.0,400.0,23.388687,27.163277,1651.008043,0.0,0.0,1373.976293,138.607707,791.995237
2020-08-18 22:00:00,400.0,400.0,23.080108,25.722004,1402.293687,0.0,0.0,1382.276799,160.503201,724.047467
2020-08-18 23:00:00,400.0,400.0,23.080108,26.044993,1337.719478,0.0,0.0,1256.405152,162.426848,668.337851
2020-08-19 00:00:00,400.0,400.0,22.656017,21.843654,1465.352651,0.0,0.0,1175.779382,163.100618,630.36401
2020-08-19 01:00:00,400.0,400.0,22.517588,21.288154,1517.087405,0.0,0.0,1063.633275,91.736725,605.78188
2020-08-19 02:00:00,400.0,400.0,21.868788,21.474047,1504.885911,0.0,0.0,937.33,0.0,588.666613
2020-08-19 03:00:00,400.0,400.0,21.843654,21.288154,1423.023193,0.0,0.0,829.47,0.0,584.767021
2020-08-19 04:00:00,400.0,400.0,22.516066,21.647258,1344.47279,0.0,0.0,791.678,0.0,590.880781
2020-08-19 05:00:00,400.0,400.0,23.128644,21.116411,1186.937653,0.0,0.0,726.388,0.0,604.717552
2020-08-19 06:00:00,400.0,400.0,22.96816,19.685338,1300.833449,0.0,0.0,1057.4,0.0,637.284983
2020-08-19 07:00:00,400.0,400.0,21.474047,18.861019,1527.734223,0.0,0.0,1587.138,0.0,682.710567
2020-08-19 08:00:00,400.0,400.0,21.287879,19.68943,1564.733872,0.0,0.0,1977.648,0.0,735.737119
2020-08-19 09:00:00,400.0,400.0,21.843654,19.983547,1425.859743,0.0,0.0,2183.268,0.0,787.411239
2020-08-19 10:00:00,400.0,400.0,21.647258,21.647258,1473.351276,0.0,0.0,2586.83,0.0,840.821809
2020-08-19 11:00:00,400.0,400.0,21.647258,17.432437,1439.562806,0.0,0.0,2834.834,0.0,883.090679
2020-08-19 12:00:00,400.0,400.0,21.287879,27.560534,1579.907963,0.0,0.0,2928.532,0.0,927.093606
2020-08-19 13:00:00,400.0,400.0,22.576747,22.732008,1684.557044,0.0,0.0,2918.602,0.0,965.406743
2020-08-19 14:00:00,400.0,400.0,21.287879,28.240052,1930.397399,0.0,0.0,2851.312,0.0,994.93719
2020-08-19 15:00:00,400.0,400.0,22.576747,26.117098,2100.604358,0.0,0.0,2556.612,0.0,1008.451146
2020-08-19 16:00:00,400.0,400.0,23.206766,31.777067,1817.353391,0.0,0.0,2186.596,0.0,1002.036391
2020-08-19 17:00:00,400.0,400.0,23.437807,74.094029,1778.43649,0.0,0.0,1604.27,0.0,950.825027
2020-08-19 18:00:00,400.0,400.0,26.429316,77.050889,1447.030588,0.0,0.0,760.23,0.0,904.529912
2020-08-19 19:00:00,400.0,400.0,26.790897,59.798587,1257.375861,0.0,0.0,545.43,0.0,882.758121
2020-08-19 20:00:00,400.0,400.0,26.845129,26.755559,1104.259587,0.0,0.0,566.262,0.0,859.350362
2020-08-19 21:00:00,400.0,400.0,26.429316,27.906326,1164.649325,0.0,0.0,505.41,0.0,787.914101
2020-08-19 22:00:00,400.0,400.0,24.617414,27.051154,1192.882019,0.0,0.0,438.096,0.0,720.332097
2020-08-19 23:00:00,400.0,400.0,77.274616,24.613665,407.713265,0.0,438.917445,307.638,0.0,665.52371
2020-08-20 00:00:00,400.0,400.0,74.617414,23.120589,778.05057,0.0,26.622045,467.568,0.0,627.227614
2020-08-20 01:00:00,400.0,400.0,23.128644,21.708134,1034.82198,0.0,0.0,548.0,0.0,600.776703
2020-08-20 02:00:00,400.0,400.0,23.069973,20.846138,1127.81243,0.0,0.0,535.762,0.0,584.992436
2020-08-20 03:00:00,400.0,400.0,22.576747,21.673368,1269.164221,0.0,0.0,626.366,0.0,577.380267
2020-08-20 04:00:00,400.0,400.0,22.516066,21.287879,1345.509214,0.0,0.0,743.204,0.0,583.454218
2020-08-20 05:00:00,400.0,400.0,22.732362,20.400003,1204.039564,0.0,0.0,683.262,0.0,595.683365
2020-08-20 06:00:00,400.0,400.0,22.576747,-0.0,1316.883377,0.0,0.0,999.852,0.0,626.245293
2020-08-20 07:00:00,400.0,400.0,21.288154,-0.0,1539.74274,0.0,0.0,1547.454,0.0,674.956689
2020-08-20 08:00:00,400.0,400.0,21.116411,-0.0,1647.526432,0.0,0.0,2005.322,0.0,727.469335
2020-08-20 09:00:00,400.0,400.0,19.983547,2.064912,1785.051476,0.0,0.0,2468.132,0.0,776.262079
2020-08-20 10:00:00,400.0,400.0,20.846138,19.983547,1654.676503,0.0,0.0,2697.918,0.0,830.286225
2020-08-20 11:00:00,400.0,400.0,21.647258,22.492854,1458.228886,0.0,0.0,2810.718,0.0,876.673367
2020-08-20 12:00:00,400.0,400.0,20.400003,27.524536,1768.83574,0.0,0.0,2884.45,0.0,917.642139
2020-08-20 13:00:00,400.0,400.0,20.419098,25.020221,2282.029868,0.0,0.0,2915.632,0.0,954.09032
2020-08-20 14:00:00,400.0,400.0,21.474047,27.292995,2239.240164,0.0,0.0,2891.332,0.0,984.613775
2020-08-20 15:00:00,400.0,400.0,22.492854,27.458056,2104.067461,0.0,0.0,2690.054,0.0,1000.197981
2020-08-20 16:00:00,400.0,400.0,23.128644,28.042777,1872.263002,0.0,0.0,2215.198,0.0,991.49025
2020-08-20 17:00:00,400.0,400.0,23.206766,77.128505,1783.642138,0.0,0.0,1651.35,0.0,939.706179
2020-08-20 18:00:00,400.0,400.0,26.429316,73.998992,1443.690378,0.0,0.0,889.14,0.0,893.617443
2020-08-20 19:00:00,400.0,400.0,26.404825,59.799219,1441.559684,0.0,0.0,793.416,0.0,867.578447
2020-08-20 20:00:00,400.0,400.0,25.9087,28.149681,1456.9427,0.0,0.0,780.864,0.0,838.638195
2020-08-20 21:00:00,400.0,400.0,23.657594,26.429316,1481.682852,0.0,0.0,637.902,0.0,760.232872
2020-08-20 22:00:00,400.0,400.0,22.576747,28.752613,1905.666412,0.0,0.0,618.948,0.0,693.792238
2020-08-20 23:00:00,400.0,400.0,23.069973,23.87513,1487.173184,0.0,0.0,493.15,0.0,637.931522
2020-08-21 00:00:00,400.0,400.0,22.576747,22.96816,1659.002926,0.0,0.0,443.384,0.0,597.957161
2020-08-21 01:00:00,400.0,400.0,21.843654,22.576747,1774.768928,0.0,0.0,404.3,0.0,574.729661
2020-08-21 02:00:00,400.0,400.0,21.647258,22.492854,1867.888874,0.0,0.0,401.2,0.0,560.296669
2020-08-21 03:00:00,400.0,400.0,21.116411,22.576747,2002.317726,0.0,0.0,505.532,0.0,555.782141
2020-08-21 04:00:00,400.0,400.0,21.116411,22.732362,2020.695129,0.0,0.0,567.898,0.0,562.380431
2020-08-21 05:00:00,400.0,400.0,21.288154,22.492854,1910.775274,0.0,0.0,529.918,0.0,573.171409
2020-08-21 06:00:00,400.0,400.0,21.287879,20.419098,1941.51065,0.0,0.0,759.882,0.0,603.055703
2020-08-21 07:00:00,400.0,400.0,19.983547,19.430296,2207.567061,0.0,0.0,1285.918,0.0,642.052641
2020-08-21 08:00:00,400.0,400.0,19.430296,18.861019,2322.627179,0.0,0.0,1760.728,0.0,696.015123
2020-08-21 09:00:00,400.0,400.0,18.861019,19.034775,2442.453919,0.0,0.0,2204.12,0.0,744.549912
2020-08-21 10:00:00,400.0,400.0,18.861019,19.68943,2437.857163,0.0,0.0,2542.248,0.0,795.958626
2020-08-21 11:00:00,400.0,400.0,18.573789,21.287879,2487.601145,0.0,0.0,2751.034,0.0,845.314928
2020-08-21 12:00:00,400.0,400.0,20.400003,22.732362,2303.643033,0.0,0.0,2782.168,0.0,905.328745
2020-08-21 13:00:00,400.0,400.0,19.983547,23.437807,2336.344312,0.0,0.0,2778.604,0.0,950.888953
2020-08-21 14:00:00,400.0,400.0,21.647258,28.194372,2308.272046,0.0,0.0,2673.436,0.0,994.824593
2020-08-21 15:00:00,400.0,400.0,22.732362,28.195499,2005.436589,0.0,0.0,2498.318,0.0,1013.982212
2020-08-21 16:00:00,400.0,400.0,23.437807,33.958122,1742.65554,0.0,0.0,2107.852,0.0,1008.029469
2020-08-21 17:00:00,400.0,400.0,23.87513,77.050889,1755.324059,0.0,0.0,1558.198,0.0,956.681091
2020-08-21 18:00:00,400.0,400.0,26.755559,76.892495,1347.678836,0.0,0.0,821.92,0.0,912.486175
2020-08-21 19:00:00,400.0,400.0,26.429316,54.085248,1415.496911,0.0,0.0,697.814,0.0,873.647563
2020-08-21 20:00:00,400.0,400.0,26.429316,26.755559,1298.568285,0.0,0.0,623.622,0.0,847.058057
2020-08-21 21:00:00,400.0,400.0,23.657594,26.755559,1671.635796,0.0,0.0,578.8,0.0,776.124631
2020-08-21 22:00:00,400.0,400.0,23.87513,28.908016,1264.507302,0.0,0.0,458.75,0.0,712.686405
2020-08-21 23:00:00,400.0,400.0,24.617414,26.736396,1185.080476,0.0,0.0,330.53,0.0,658.852429
2020-08-22 00:00:00,400.0,400.0,23.128644,23.206766,1444.415322,0.0,0.0,373.882,0.0,619.720002
2020-08-22 01:00:00,400.0,400.0,22.732362,23.069973,1588.997074,0.0,0.0,333.068,0.0,591.910639
2020-08-22 02:00:00,400.0,400.0,22.576747,22.96816,1674.306843,0.0,0.0,302.666,0.0,574.553874
2020-08-22 03:00:00,400.0,400.0,22.185841,22.732362,1755.9857,0.0,0.0,308.298,0.0,563.146845
2020-08-22 04:00:00,400.0,400.0,22.185841,22.732362,1763.959612,0.0,0.0,304.59,0.0,561.394558
2020-08-22 05:00:00,400.0,400.0,21.647258,21.116714,1810.769415,0.0,0.0,296.732,0.0,553.194388
2020-08-22 06:00:00,400.0,400.0,20.419098,18.861019,2067.741594,0.0,0.0,651.346,0.0,567.840661
2020-08-22 07:00:00,400.0,400.0,18.861019,0.0,2456.354287,0.0,0.0,1292.98,0.0,605.793857
2020-08-22 08:00:00,400.0,400.0,16.970947,0.0,2565.756163,0.0,0.0,1823.132,0.0,668.906376
2020-08-22 09:00:00,400.0,400.0,18.573789,18.573789,2478.345134,0.0,0.0,2158.568,0.0,732.33343
2020-08-22 10:00:00,400.0,400.0,18.861019,19.68943,2407.658596,0.0,0.0,2477.188,0.0,790.729411
2020-08-22 11:00:00,400.0,400.0,19.68943,21.287879,2265.016285,0.0,0.0,2702.23,0.0,845.882057
2020-08-22 12:00:00,400.0,400.0,20.846138,22.576747,2023.503542,0.0,0.0,2755.27,0.0,890.064969
2020-08-22 13:00:00,400.0,400.0,22.516066,23.437807,1719.008071,0.0,0.0,2710.63,0.0,929.043289
2020-08-22 14:00:00,400.0,400.0,21.474047,27.748332,1895.063744,0.0,0.0,2598.822,0.0,962.363738
2020-08-22 15:00:00,400.0,400.0,22.576747,25.9087,2100.002264,0.0,0.0,2369.128,0.0,980.41886
2020-08-22 16:00:00,400.0,400.0,23.206766,31.777067,1799.858071,0.0,0.0,2036.02,0.0,978.774289
2020-08-22 17:00:00,400.0,400.0,23.437807,77.050889,1741.149851,0.0,0.0,1568.148,0.0,941.849722
2020-08-22 18:00:00,400.0,400.0,26.429316,73.970573,1438.488122,0.0,0.0,852.098,0.0,900.091482
2020-08-22 19:00:00,400.0,400.0,26.429316,57.564837,1402.472324,0.0,0.0,725.068,0.0,871.439351
2020-08-22 20:00:00,400.0,400.0,26.429316,26.790897,1320.815295,0.0,0.0,680.28,0.0,843.969706
2020-08-22 21:00:00,400.0,400.0,24.617414,27.619819,1423.761476,0.0,0.0,673.09,0.0,774.199279
2020-08-22 22:00:00,400.0,400.0,23.206766,27.514036,1596.159679,0.0,0.0,478.068,0.0,719.086248
2020-08-22 23:00:00,400.0,400.0,22.96816,28.216004,1798.981873,0.0,0.0,366.46,0.0,671.921719
2020-08-23 00:00:00,400.0,400.0,22.732362,23.87513,1651.403099,0.0,0.0,325.818,0.0,634.712235
2020-08-23 01:00:00,400.0,400.0,22.96816,23.437807,1542.777377,0.0,0.0,333.48,0.0,605.640393
2020-08-23 02:00:00,400.0,400.0,22.732362,23.128644,1610.828,0.0,0.0,320.138,0.0,586.6965
2020-08-23 03:00:00,400.0,400.0,22.492854,23.069973,1727.619632,0.0,0.0,337.098,0.0,571.721755
2020-08-23 04:00:00,400.0,400.0,22.185841,22.96816,1755.17396,0.0,0.0,335.132,0.0,567.293706
2020-08-23 05:00:00,400.0,400.0,21.647258,21.116714,1850.135552,0.0,0.0,321.938,0.0,551.070367
2020-08-23 06:00:00,400.0,400.0,19.983547,18.861019,2185.12726,0.0,0.0,723.432,0.0,561.045711
2020-08-23 07:00:00,400.0,400.0,15.731586,0.0,2579.12274,0.0,0.0,1319.198,0.0,591.311289
2020-08-23 08:00:00,400.0,400.0,15.731586,0.0,2607.415475,0.0,0.0,1697.112,0.0,643.754479
2020-08-23 09:00:00,400.0,400.0,15.731586,0.0,2611.143905,0.0,0.0,2068.32,0.0,698.876414
2020-08-23 10:00:00,400.0,400.0,0.0,17.296362,2632.0,0.0,0.0,2503.511394,73.240606,761.026709
2020-08-23 11:00:00,400.0,400.0,10.268156,19.95038,2535.90099,0.0,0.0,2787.929343,57.066657,818.104253
2020-08-23 12:00:00,400.0,400.0,13.577215,21.647258,2307.197734,0.0,0.0,2903.368,0.0,869.72554
2020-08-23 13:00:00,400.0,400.0,20.152155,23.206766,1949.903678,0.0,0.0,2856.666,0.0,916.314348
2020-08-23 14:00:00,400.0,400.0,19.940952,26.385282,1752.403273,0.0,0.0,2746.002,0.0,954.839809
2020-08-23 15:00:00,400.0,400.0,22.492854,28.16692,1920.609242,0.0,0.0,2520.718,0.0,974.566314
2020-08-23 16:00:00,400.0,400.0,23.069973,31.746021,1945.056115,0.0,0.0,2172.18,0.0,977.418583
2020-08-23 17:00:00,400.0,400.0,23.437807,77.128505,1801.53448,0.0,0.0,1610.0,0.0,943.569828
2020-08-23 18:00:00,400.0,400.0,26.429316,77.128505,1485.219476,0.0,0.0,829.362,0.0,911.121379
2020-08-23 19:00:00,400.0,400.0,26.500239,56.764111,1337.322959,0.0,0.0,703.784,0.0,886.269156
2020-08-23 20:00:00,400.0,400.0,26.429316,28.550361,1279.058759,0.0,0.0,693.388,0.0,860.449386
2020-08-23 21:00:00,400.0,400.0,25.9087,26.365103,1272.751227,0.0,0.0,640.68,0.0,791.989316
2020-08-23 22:00:00,400.0,400.0,23.444698,28.453608,1327.247476,0.0,0.0,592.246,0.0,723.299779
2020-08-23 23:00:00,400.0,400.0,24.617414,26.030527,945.552573,0.0,0.0,522.0,0.0,670.252114
2020-08-24 00:00:00,400.0,400.0,23.206766,23.069973,1192.948574,0.0,0.0,552.562,0.0,630.992014
2020-08-24 01:00:00,400.0,400.0,22.96816,22.96816,1365.397885,0.0,0.0,575.702,0.0,608.595617
2020-08-24 02:00:00,400.0,400.0,22.576747,22.732362,1501.76891,0.0,0.0,589.362,0.0,590.188963
2020-08-24 03:00:00,400.0,400.0,21.843654,22.576747,1606.123211,0.0,0.0,630.938,0.0,580.772218
2020-08-24 04:00:00,400.0,400.0,22.492854,22.492854,1557.85579,0.0,0.0,659.498,0.0,592.296332
2020-08-24 05:00:00,400.0,400.0,22.96816,22.185841,1372.808832,0.0,0.0,538.738,0.0,601.939375
2020-08-24 06:00:00,400.0,400.0,23.069973,21.474047,1336.437013,0.0,0.0,731.346,0.0,636.286348
2020-08-24 07:00:00,400.0,400.0,22.185841,21.116411,1571.766743,0.0,0.0,1324.996,0.0,690.034389
2020-08-24 08:00:00,400.0,400.0,21.116714,20.846138,1796.570277,0.0,0.0,1958.85,0.0,751.391958
2020-08-24 09:00:00,400.0,400.0,21.116714,21.647258,1777.090772,0.0,0.0,2395.032,0.0,819.741184
2020-08-24 10:00:00,400.0,400.0,21.647258,23.069973,1630.494102,0.0,0.0,2709.284,0.0,888.868485
2020-08-24 11:00:00,400.0,400.0,21.647258,28.372559,1636.979836,0.0,0.0,2835.912,0.0,957.889825
2020-08-24 12:00:00,400.0,400.0,22.185841,25.794174,1944.792675,0.0,0.0,2878.29,0.0,1024.574599
2020-08-24 13:00:00,400.0,400.0,22.732362,30.911888,2016.506475,0.0,0.0,2922.746,0.0,1075.985929
2020-08-24 14:00:00,400.0,400.0,23.128644,33.803518,1870.02389,0.0,0.0,2944.79,0.0,1114.464916
2020-08-24 15:00:00,400.0,400.0,23.437807,58.73874,1884.182512,0.0,0.0,2717.048,0.0,1127.679823
2020-08-24 16:00:00,400.0,400.0,24.617414,76.845129,1993.946033,0.0,0.0,2362.852,0.0,1113.435895
2020-08-24 17:00:00,400.0,400.0,24.62179,77.050889,2046.475518,0.0,0.0,1889.15,0.0,1047.701172
2020-08-24 18:00:00,400.0,400.0,26.790897,36.523235,1367.546784,0.0,0.0,1115.2,0.0,984.697982
2020-08-24 19:00:00,400.0,400.0,76.755559,33.622976,1202.123602,0.0,2.583158,1194.602,0.0,938.92176
2020-08-24 20:00:00,400.0,400.0,24.617414,23.437807,1606.289916,0.0,0.0,1356.414,0.0,902.568613
2020-08-24 21:00:00,400.0,400.0,74.617414,26.124479,963.155026,0.0,98.04522,1539.03,0.0,820.166246
2020-08-24 22:00:00,400.0,400.0,23.206766,25.452257,1005.912446,0.0,0.0,1475.472,0.0,744.233933
2020-08-24 23:00:00,400.0,400.0,24.08455,25.465835,1016.403631,0.0,0.0,1445.668817,72.803183,684.939778
2020-08-25 00:00:00,400.0,400.0,22.576747,22.96816,1187.700116,0.0,0.0,1358.118,0.0,646.112683
2020-08-25 01:00:00,400.0,400.0,75.758899,22.736694,617.216794,0.0,180.212087,615.936,0.0,620.357881
2020-08-25 02:00:00,400.0,400.0,76.324557,20.419098,496.946563,0.0,271.062753,387.782,0.0,604.175316
2020-08-25 03:00:00,400.0,400.0,76.324557,19.983547,503.722464,0.0,252.295666,339.05,0.0,595.84913
2020-08-25 04:00:00,400.0,400.0,75.9087,19.034775,560.783397,0.0,216.288293,479.748,0.0,608.39469
2020-08-25 05:00:00,400.0,400.0,74.617414,0.0,680.198239,0.0,121.699425,692.636,0.0,622.415664
2020-08-25 06:00:00,400.0,400.0,23.128644,0.0,921.851996,0.0,0.0,1166.2,0.0,657.202201
2020-08-25 07:00:00,400.0,400.0,20.846138,0.0,1538.737352,0.0,0.0,2049.134,0.0,697.109497
2020-08-25 08:00:00,400.0,400.0,18.861019,0.0,1915.318847,0.0,0.0,2783.972,0.0,750.847973
2020-08-25 09:00:00,400.0,400.0,19.034775,14.846707,1853.376226,0.0,0.0,3146.752,0.0,814.556366
2020-08-25 10:00:00,400.0,400.0,15.822554,20.846138,1976.675321,0.0,0.0,3576.718,0.0,860.556402
2020-08-25 11:00:00,400.0,400.0,10.385069,26.041857,1971.723572,0.0,0.0,3910.717917,294.820083,936.899152
2020-08-25 12:00:00,400.0,400.0,3.477326,25.046246,1892.332924,0.0,0.0,4008.015913,638.300087,1016.652448
2020-08-25 13:00:00,400.0,400.0,3.477326,26.335375,2063.066225,0.0,0.0,4050.642019,443.107981,1076.186369
2020-08-25 14:00:00,400.0,400.0,3.739925,25.375726,2229.637149,0.0,0.0,3959.751277,109.518723,1118.567119
2020-08-25 15:00:00,400.0,400.0,21.172515,25.828975,2153.434081,0.0,0.0,3848.448,0.0,1141.052088
2020-08-25 16:00:00,400.0,400.0,23.128644,24.749386,1818.809227,0.0,0.0,3381.82,0.0,1121.251616
2020-08-25 17:00:00,400.0,400.0,23.855474,73.63047,1834.539135,0.0,0.0,2706.45,0.0,1054.18663
2020-08-25 18:00:00,400.0,400.0,25.067686,76.504181,1832.612894,0.0,0.0,2056.280793,85.159207,1013.050185
2020-08-25 19:00:00,400.0,400.0,24.08455,64.996322,2150.175039,0.0,0.0,2246.543026,81.818974,983.755198
2020-08-25 20:00:00,400.0,400.0,22.709794,25.9087,2083.682529,0.0,0.0,2475.950849,33.647151,945.640248
2020-08-25 21:00:00,400.0,400.0,20.419098,28.556398,2262.750112,0.0,0.0,2455.25,0.0,862.424983
2020-08-25 22:00:00,400.0,400.0,22.732362,22.96816,1216.977609,0.0,0.0,1966.13,0.0,786.172859
2020-08-25 23:00:00,400.0,400.0,21.647258,27.218703,1453.618379,0.0,0.0,1763.866,0.0,720.337143
2020-08-26 00:00:00,400.0,400.0,21.647258,23.069973,1486.37982,0.0,0.0,1496.964,0.0,675.387627
2020-08-26 01:00:00,400.0,400.0,21.116411,23.437807,1632.039074,0.0,0.0,1443.832,0.0,645.568939
2020-08-26 02:00:00,400.0,400.0,20.400003,23.128644,1762.77992,0.0,0.0,1463.302,0.0,628.878312
2020-08-26 03:00:00,400.0,400.0,21.287879,23.069973,1568.988041,0.0,0.0,1210.798,0.0,620.071494
2020-08-26 04:00:00,400.0,400.0,21.843654,23.069973,1402.948172,0.0,0.0,1097.6,0.0,627.997774
2020-08-26 05:00:00,400.0,400.0,22.516066,21.647258,1325.935284,0.0,0.0,1099.75,0.0,639.872207
2020-08-26 06:00:00,400.0,400.0,21.116714,19.685338,1601.942719,0.0,0.0,1620.388,0.0,676.566792
2020-08-26 07:00:00,400.0,400.0,19.983547,19.034775,1816.283881,0.0,0.0,2193.954,0.0,730.450518
2020-08-26 08:00:00,400.0,400.0,19.430296,22.492854,1964.403821,0.0,0.0,2792.938,0.0,798.080127
2020-08-26 09:00:00,400.0,400.0,19.684565,23.362778,1926.624513,0.0,0.0,3066.716,0.0,870.313723
2020-08-26 10:00:00,400.0,400.0,19.983547,27.602142,2001.030312,0.0,0.0,3149.61,0.0,950.336953
2020-08-26 11:00:00,400.0,400.0,19.983547,31.620691,2390.497678,0.0,0.0,3382.296,0.0,1027.619748
2020-08-26 12:00:00,400.0,400.0,21.116714,36.150291,2546.034039,0.0,0.0,3398.778,0.0,1102.911594
2020-08-26 13:00:00,400.0,400.0,21.843654,36.265495,2534.180269,0.0,0.0,3315.75,0.0,1152.98546
2020-08-26 14:00:00,400.0,400.0,23.069973,75.200156,2425.588431,0.0,0.0,3208.432,0.0,1188.576535
2020-08-26 15:00:00,400.0,400.0,23.437807,26.429316,2329.484673,0.0,0.0,3007.79,0.0,1190.295799
2020-08-26 16:00:00,400.0,400.0,24.617414,36.25523,2184.003567,0.0,0.0,2702.92,0.0,1166.387465
2020-08-26 17:00:00,400.0,400.0,24.617414,70.394855,2196.746369,0.0,0.0,2235.436,0.0,1094.353445
2020-08-26 18:00:00,400.0,400.0,26.267006,77.128505,1966.167467,0.0,0.0,1642.4,0.0,1047.18488
2020-08-26 19:00:00,400.0,400.0,26.115945,44.046661,2000.786154,0.0,0.0,1541.098,0.0,1011.346777
2020-08-26 20:00:00,400.0,400.0,26.333777,28.047542,1634.293885,0.0,0.0,1500.784016,74.851984,969.52352
2020-08-26 21:00:00,400.0,400.0,34.994973,28.781244,1130.039066,0.0,0.0,1361.679508,136.508492,875.031066
2020-08-26 22:00:00,400.0,400.0,24.749386,23.20063,1069.556188,0.0,0.0,1529.1739,107.4961,795.992657
2020-08-26 23:00:00,400.0,400.0,75.352154,25.546246,790.44657,0.0,157.960645,1511.268,0.0,728.673214
2020-08-27 00:00:00,400.0,400.0,23.20063,21.708134,1149.046492,0.0,0.0,1564.820178,5.509822,682.916053
2020-08-27 01:00:00,400.0,400.0,21.368347,21.122752,1539.333756,0.0,0.0,1748.475845,4.894155,651.921313
2020-08-27 02:00:00,400.0,400.0,20.42044,20.42044,1744.348022,0.0,0.0,1815.77079,16.88121,631.263415
2020-08-27 03:00:00,400.0,400.0,19.533879,20.234035,1935.650647,0.0,0.0,1934.087204,29.592796,620.315484
2020-08-27 04:00:00,400.0,400.0,16.970947,19.68943,1999.149342,0.0,0.0,2062.098,0.0,629.992299
2020-08-27 05:00:00,400.0,400.0,19.68943,18.861019,1708.405538,0.0,0.0,1836.722,0.0,639.797469
2020-08-27 06:00:00,400.0,400.0,20.400003,4.521014,1585.363384,0.0,0.0,1963.318,0.0,677.243192
2020-08-27 07:00:00,400.0,400.0,19.983547,14.316166,1619.354471,0.0,0.0,2321.0,0.0,725.796829
2020-08-27 08:00:00,400.0,400.0,19.68943,18.26176,1722.200372,0.0,0.0,2787.65,0.0,780.367444
2020-08-27 09:00:00,400.0,400.0,21.116411,21.288154,1458.063349,0.0,0.0,2853.022,0.0,829.793798
2020-08-27 10:00:00,400.0,400.0,21.647258,24.279258,1299.785572,0.0,0.0,2811.148,0.0,872.754364
2020-08-27 11:00:00,400.0,400.0,21.287879,26.223698,1575.850976,0.0,0.0,2890.5,0.0,921.997354
2020-08-27 12:00:00,400.0,400.0,21.647258,26.589134,1800.459486,0.0,0.0,2908.55,0.0,972.013577
2020-08-27 13:00:00,400.0,400.0,22.732362,27.107721,1802.269896,0.0,0.0,2834.83,0.0,1013.934016
2020-08-27 14:00:00,400.0,400.0,23.128644,29.19063,1802.4019,0.0,0.0,2692.448,0.0,1045.806915
2020-08-27 15:00:00,400.0,400.0,23.87513,33.84468,1657.176885,0.0,0.0,2355.382,0.0,1057.980767
2020-08-27 16:00:00,400.0,400.0,24.62179,61.274548,1630.865782,0.0,0.0,1946.15,0.0,1040.142633
2020-08-27 17:00:00,400.0,400.0,26.267006,77.128505,1700.46447,0.0,0.0,1337.38,0.0,975.28733
2020-08-27 18:00:00,400.0,400.0,26.790897,74.140598,1408.058416,0.0,0.0,678.998,0.0,928.190938
2020-08-27 19:00:00,400.0,400.0,26.755559,36.657439,1399.187943,0.0,0.0,550.452,0.0,895.239609
2020-08-27 20:00:00,400.0,400.0,26.845129,35.949176,1192.555709,0.0,0.0,512.71,0.0,871.073144
2020-08-27 21:00:00,400.0,400.0,26.429316,27.293588,1343.475391,0.0,0.0,390.45,0.0,797.096191
2020-08-27 22:00:00,400.0,400.0,26.429316,28.560338,1084.531641,0.0,0.0,346.1,0.0,729.520254
2020-08-27 23:00:00,400.0,400.0,76.790897,23.942604,640.783364,0.0,213.890731,286.404,0.0,673.893095
2020-08-28 00:00:00,400.0,400.0,25.758899,23.128644,933.272219,0.0,0.0,319.902,0.0,635.044467
2020-08-28 01:00:00,400.0,400.0,23.437807,23.069973,1131.999125,0.0,0.0,372.362,0.0,613.104431
2020-08-28 02:00:00,400.0,400.0,23.069973,23.069973,1336.692034,0.0,0.0,482.27,0.0,598.886695
2020-08-28 03:00:00,400.0,400.0,22.516066,22.96816,1515.040159,0.0,0.0,616.322,0.0,592.242276
2020-08-28 04:00:00,400.0,400.0,22.576747,23.206766,1461.963568,0.0,0.0,617.828,0.0,600.429665
2020-08-28 05:00:00,400.0,400.0,23.069973,22.576747,1346.814615,0.0,0.0,570.752,0.0,610.640608
2020-08-28 06:00:00,400.0,400.0,21.647258,20.419098,1626.50575,0.0,0.0,1075.88,0.0,644.456138
2020-08-28 07:00:00,400.0,400.0,20.400003,19.034775,1960.652524,0.0,0.0,1694.552,0.0,687.134921
2020-08-28 08:00:00,400.0,400.0,19.430296,19.034775,2125.519058,0.0,0.0,2198.32,0.0,737.970141
2020-08-28 09:00:00,400.0,400.0,19.034775,19.685338,2186.771603,0.0,0.0,2568.88,0.0,784.36626
2020-08-28 10:00:00,400.0,400.0,19.983547,20.846138,2004.375639,0.0,0.0,2722.312,0.0,834.740454
2020-08-28 11:00:00,400.0,400.0,19.685338,21.647258,2109.784054,0.0,0.0,3084.32,0.0,873.230392
2020-08-28 12:00:00,400.0,400.0,20.846138,22.732362,1844.265201,0.0,0.0,3126.912,0.0,919.44702
2020-08-28 13:00:00,400.0,400.0,20.846138,24.024676,1863.879546,0.0,0.0,3103.628,0.0,964.012268
2020-08-28 14:00:00,400.0,400.0,21.474047,27.827601,2010.408319,0.0,0.0,2907.08,0.0,993.550752
2020-08-28 15:00:00,400.0,400.0,22.516066,27.137436,1957.365442,0.0,0.0,2586.118,0.0,1006.612884
2020-08-28 16:00:00,400.0,400.0,23.069973,32.05649,1943.483725,0.0,0.0,2224.22,0.0,992.060441
2020-08-28 17:00:00,400.0,400.0,23.206766,76.525384,1907.204908,0.0,0.0,1638.116,0.0,930.436664
2020-08-28 18:00:00,400.0,400.0,26.429316,73.970573,1404.277911,0.0,0.0,808.74,0.0,890.469313
2020-08-28 19:00:00,400.0,400.0,26.404825,56.171955,1450.592886,0.0,0.0,723.738,0.0,855.771767
2020-08-28 20:00:00,400.0,400.0,26.324557,28.396107,1381.028551,0.0,0.0,657.638,0.0,831.541417
2020-08-28 21:00:00,400.0,400.0,24.62179,26.429316,1340.92102,0.0,0.0,556.698,0.0,769.166547
2020-08-28 22:00:00,400.0,400.0,23.657594,28.557477,1412.323089,0.0,0.0,551.722,0.0,711.194837
2020-08-28 23:00:00,400.0,400.0,23.657594,25.9087,1228.127867,0.0,0.0,432.518,0.0,660.95852
2020-08-29 00:00:00,400.0,400.0,23.069973,23.437807,1527.249993,0.0,0.0,493.034,0.0,625.167601
2020-08-29 01:00:00,400.0,400.0,22.576747,23.069973,1667.731977,0.0,0.0,461.066,0.0,599.300103
2020-08-29 02:00:00,400.0,400.0,21.647258,22.576747,1799.141688,0.0,0.0,463.032,0.0,579.883547
2020-08-29 03:00:00,400.0,400.0,21.287879,22.576747,1931.43245,0.0,0.0,525.438,0.0,569.400833
2020-08-29 04:00:00,400.0,400.0,21.287879,22.516066,1945.045655,0.0,0.0,537.062,0.0,569.102452
2020-08-29 05:00:00,400.0,400.0,20.846138,21.116411,2033.051875,0.0,0.0,542.632,0.0,556.737019
2020-08-29 06:00:00,400.0,400.0,19.68943,0.0,2261.019838,0.0,0.0,889.13,0.0,574.516524
2020-08-29 07:00:00,400.0,400.0,0.0,0.0,2631.0,0.0,0.0,1482.371551,136.160449,608.005733
2020-08-29 08:00:00,400.0,400.0,0.0,0.0,2635.0,0.0,0.0,1841.595964,248.986036,661.289395
2020-08-29 09:00:00,400.0,400.0,0.0,18.861019,2635.0,0.0,0.0,2246.445381,95.822619,722.016807
2020-08-29 10:00:00,400.0,400.0,15.731586,19.685338,2617.407208,0.0,0.0,2533.802,0.0,767.759219
2020-08-29 11:00:00,400.0,400.0,18.072542,20.419098,2518.871562,0.0,0.0,2724.738,0.0,811.179966
2020-08-29 12:00:00,400.0,400.0,19.430296,21.647258,2334.668552,0.0,0.0,2813.278,0.0,852.091417
2020-08-29 13:00:00,400.0,400.0,20.419098,22.96816,2066.692465,0.0,0.0,2803.17,0.0,890.77163
2020-08-29 14:00:00,400.0,400.0,20.846138,24.91305,2024.100622,0.0,0.0,2802.648,0.0,922.582107
2020-08-29 15:00:00,400.0,400.0,21.116714,26.568418,2171.643061,0.0,0.0,2682.788,0.0,935.721741
2020-08-29 16:00:00,400.0,400.0,22.732362,31.746021,1975.315384,0.0,0.0,2274.68,0.0,935.004692
2020-08-29 17:00:00,400.0,400.0,23.206766,77.128505,1765.501284,0.0,0.0,1603.422,0.0,890.538107
2020-08-29 18:00:00,400.0,400.0,26.755559,77.050889,1318.810321,0.0,0.0,790.782,0.0,859.345752
2020-08-29 19:00:00,400.0,400.0,26.755559,45.519798,1217.633071,0.0,0.0,670.42,0.0,829.468039
2020-08-29 20:00:00,400.0,400.0,26.429316,28.449343,1206.924568,0.0,0.0,639.568,0.0,801.696515
2020-08-29 21:00:00,400.0,400.0,24.62179,26.755559,1465.357179,0.0,0.0,499.15,0.0,741.868923
2020-08-29 22:00:00,400.0,400.0,23.206766,27.784074,1736.298369,0.0,0.0,420.416,0.0,689.417645
2020-08-29 23:00:00,400.0,400.0,22.96816,25.9087,1914.243773,0.0,0.0,272.2,0.0,640.493434
2020-08-30 00:00:00,400.0,400.0,23.128644,23.444698,1456.873298,0.0,0.0,270.632,0.0,602.363805
2020-08-30 01:00:00,400.0,400.0,22.732362,23.206766,1599.251732,0.0,0.0,253.4,0.0,578.42224
2020-08-30 02:00:00,400.0,400.0,22.516066,23.069973,1695.073187,0.0,0.0,235.698,0.0,561.393722
2020-08-30 03:00:00,400.0,400.0,21.843654,22.945852,1785.840418,0.0,0.0,231.938,0.0,547.214637
2020-08-30 04:00:00,400.0,400.0,21.647258,22.96816,1829.332289,0.0,0.0,263.868,0.0,545.480357
2020-08-30 05:00:00,400.0,400.0,21.474047,21.287879,1895.555722,0.0,0.0,239.068,0.0,531.826842
2020-08-30 06:00:00,400.0,400.0,19.68943,16.970947,2221.384127,0.0,0.0,631.622,0.0,541.835681
2020-08-30 07:00:00,400.0,400.0,0.0,0.0,2643.0,0.0,0.0,1227.978293,231.589707,568.046744
2020-08-30 08:00:00,400.0,400.0,0.0,0.0,2642.0,0.0,0.0,1579.827933,451.250067,620.97419
2020-08-30 09:00:00,400.0,400.0,0.0,0.0,2638.0,0.0,0.0,1954.772179,367.055821,677.815827
2020-08-30 10:00:00,400.0,400.0,0.0,18.573789,2635.0,0.0,0.0,2332.594616,189.657384,734.939192
2020-08-30 11:00:00,400.0,400.0,15.731586,19.68943,2597.162094,0.0,0.0,2705.688,0.0,796.578886
2020-08-30 12:00:00,400.0,400.0,19.034775,21.474047,2361.472919,0.0,0.0,2837.802,0.0,851.749362
2020-08-30 13:00:00,400.0,400.0,21.116411,23.069973,1993.927908,0.0,0.0,2808.7,0.0,902.515814
2020-08-30 14:00:00,400.0,400.0,21.647258,25.658638,1799.37491,0.0,0.0,2699.28,0.0,940.785764
2020-08-30 15:00:00,400.0,400.0,22.185841,26.78992,1937.370735,0.0,0.0,2483.568,0.0,966.47959
2020-08-30 16:00:00,400.0,400.0,23.069973,31.746021,1909.624437,0.0,0.0,2070.57,0.0,970.791834
2020-08-30 17:00:00,400.0,400.0,23.437807,77.128505,1794.199969,0.0,0.0,1506.332,0.0,931.069805
2020-08-30 18:00:00,400.0,400.0,26.755559,73.998992,1347.281885,0.0,0.0,766.718,0.0,895.715417
2020-08-30 19:00:00,400.0,400.0,26.429316,56.847815,1390.372275,0.0,0.0,707.936,0.0,862.434559
2020-08-30 20:00:00,400.0,400.0,26.324557,29.263682,1422.505926,0.0,0.0,614.316,0.0,827.071511
2020-08-30 21:00:00,400.0,400.0,26.324557,25.9087,1029.758826,0.0,0.0,493.922,0.0,753.174476
2020-08-30 22:00:00,400.0,400.0,23.444698,26.870661,1143.325617,0.0,0.0,509.282,0.0,685.193457
2020-08-30 23:00:00,400.0,400.0,76.324557,25.187693,659.655956,0.0,143.961751,342.854,0.0,633.014707
2020-08-31 00:00:00,400.0,400.0,23.657594,23.206766,859.551907,0.0,0.0,341.19,0.0,596.045714
2020-08-31 01:00:00,400.0,400.0,23.206766,23.069973,1016.86421,0.0,0.0,362.38,0.0,575.627369
2020-08-31 02:00:00,400.0,400.0,23.128644,22.732362,1076.629096,0.0,0.0,331.352,0.0,562.008436
2020-08-31 03:00:00,400.0,400.0,23.069973,23.128644,1107.956324,0.0,0.0,313.832,0.0,554.681351
2020-08-31 04:00:00,400.0,400.0,23.206766,23.437807,1010.564018,0.0,0.0,286.332,0.0,565.165197
2020-08-31 05:00:00,400.0,400.0,23.437807,23.069973,947.93987,0.0,0.0,299.202,0.0,576.489319
2020-08-31 06:00:00,400.0,400.0,23.069973,21.116714,1142.517233,0.0,0.0,700.246,0.0,607.459315
2020-08-31 07:00:00,400.0,400.0,21.287879,19.983547,1583.915296,0.0,0.0,1443.468,0.0,652.732906
2020-08-31 08:00:00,400.0,400.0,20.419098,19.68943,1708.76656,0.0,0.0,1974.854,0.0,713.713116
2020-08-31 09:00:00,400.0,400.0,21.116714,21.647258,1617.506109,0.0,0.0,2298.052,0.0,775.881884
2020-08-31 10:00:00,400.0,400.0,21.288154,23.330805,1544.053322,0.0,0.0,2549.59,0.0,850.130502
2020-08-31 11:00:00,400.0,400.0,20.400003,27.752619,1947.697214,0.0,0.0,2739.966,0.0,922.390318
2020-08-31 12:00:00,400.0,400.0,22.516066,26.471968,2063.025868,0.0,0.0,2773.516,0.0,993.37352
2020-08-31 13:00:00,400.0,400.0,23.069973,31.870205,1860.998475,0.0,0.0,2776.228,0.0,1057.384429
2020-08-31 14:00:00,400.0,400.0,23.657594,36.150291,1750.175378,0.0,0.0,2652.486,0.0,1112.896593
2020-08-31 15:00:00,400.0,400.0,24.62179,58.354743,1776.969924,0.0,0.0,2478.95,0.0,1134.447011
2020-08-31 16:00:00,400.0,400.0,26.324557,77.274563,1806.945441,0.0,0.0,2083.34,0.0,1122.959184
2020-08-31 17:00:00,400.0,400.0,26.429316,77.274616,1805.064329,0.0,0.0,1499.232,0.0,1053.175151
2020-08-31 18:00:00,400.0,400.0,77.274563,36.630587,1257.377472,0.0,8.037807,817.686,0.0,997.846279
2020-08-31 19:00:00,400.0,400.0,26.429316,36.569805,1545.306741,0.0,0.0,1042.216,0.0,947.086389
2020-08-31 20:00:00,400.0,400.0,24.617414,32.191579,1615.189695,0.0,0.0,1311.902,0.0,894.556846
2020-08-31 21:00:00,400.0,400.0,24.617414,23.128644,1131.86483,0.0,0.0,1242.898,0.0,803.689976
2020-08-31 22:00:00,400.0,400.0,23.128644,28.626146,1244.544784,0.0,0.0,1194.48,0.0,719.540282
2020-08-31 23:00:00,400.0,400.0,73.87513,22.042502,588.058931,0.0,270.437729,1192.15,0.0,657.91366
2020-09-01 00:00:00,400.0,400.0,22.632352,21.116714,1159.215655,0.0,0.0,1456.202883,62.829117,611.848084
2020-09-01 01:00:00,400.0,400.0,22.23556,21.116411,901.164302,0.0,0.0,1700.302966,286.129034,580.6708
2020-09-01 02:00:00,400.0,400.0,19.899927,0.0,1402.814266,0.0,0.0,2036.317867,331.834133,555.82554
2020-09-01 03:00:00,400.0,400.0,14.544199,0.0,1519.51153,0.0,0.0,2078.851562,327.980438,544.701005
2020-09-01 04:00:00,400.0,400.0,18.52187,19.685338,1477.600854,0.0,0.0,2133.153569,309.510431,559.132907
2020-09-01 05:00:00,400.0,400.0,19.533879,19.685338,1440.087367,0.0,0.0,2249.838529,326.747471,582.262674
2020-09-01 06:00:00,400.0,400.0,0.0,0.0,1517.0,0.0,0.0,2569.85805,362.90995,618.728708
2020-09-01 07:00:00,400.0,400.0,0.0,0.0,1512.0,0.0,0.0,2953.223844,606.272156,676.983577
2020-09-01 08:00:00,400.0,400.0,-0.0,0.0,1505.0,0.0,0.0,3342.780891,534.957109,736.467134
2020-09-01 09:00:00,400.0,400.0,-0.0,14.846707,1498.0,0.0,0.0,3732.821232,215.782768,796.023185
2020-09-01 10:00:00,400.0,400.0,10.29027,18.2357,1460.457271,0.0,0.0,3952.195654,180.242346,860.060757
2020-09-01 11:00:00,400.0,400.0,10.742238,19.096222,1538.713135,0.0,0.0,4070.615814,125.734186,919.335402
2020-09-01 12:00:00,400.0,400.0,16.264968,22.944658,1526.151641,0.0,0.0,4067.916397,14.815603,974.064713
2020-09-01 13:00:00,400.0,400.0,20.419098,24.582929,1567.250843,0.0,0.0,4041.036,0.0,1017.117774
2020-09-01 14:00:00,400.0,400.0,21.287879,25.10645,1650.284221,0.0,0.0,4015.27,0.0,1054.047867
2020-09-01 15:00:00,400.0,400.0,22.492854,25.428464,1607.962842,0.0,0.0,3459.868,0.0,1055.835774
2020-09-01 16:00:00,400.0,400.0,23.069973,25.272999,1653.696962,0.0,0.0,3131.702,0.0,1055.250756
2020-09-01 17:00:00,400.0,400.0,23.87513,25.624701,1406.346761,0.0,0.0,2535.068,0.0,1002.858186
2020-09-01 18:00:00,400.0,400.0,76.755559,68.129808,963.785234,0.0,241.193581,1902.004,0.0,979.982815
2020-09-01 19:00:00,400.0,400.0,24.479566,74.802165,1426.533753,0.0,0.0,2079.364,0.0,948.124537
2020-09-01 20:00:00,400.0,400.0,23.592361,23.128644,1762.995398,0.0,0.0,2209.299572,210.630428,908.745626
2020-09-01 21:00:00,400.0,400.0,22.632352,27.591483,1870.410292,0.0,0.0,2196.485845,229.034155,837.461333
2020-09-01 22:00:00,400.0,400.0,21.647258,23.069973,1492.373477,0.0,0.0,2009.832,0.0,759.668778
2020-09-01 23:00:00,400.0,400.0,20.400003,27.367945,1598.854775,0.0,0.0,2026.366,0.0,692.926684
2020-09-02 00:00:00,400.0,400.0,18.072542,20.846138,1966.590285,0.0,0.0,2131.932,0.0,645.351257
2020-09-02 01:00:00,400.0,400.0,0.0,19.685338,2066.0,0.0,0.0,2008.228164,78.573836,611.884225
2020-09-02 02:00:00,400.0,400.0,0.0,19.034775,2066.0,0.0,0.0,1859.648962,136.281038,589.597344
2020-09-02 03:00:00,400.0,400.0,0.0,19.68943,2066.0,0.0,0.0,1815.634692,182.285308,582.995204
2020-09-02 04:00:00,398.0,400.0,0.0,20.419098,2067.0,0.0,0.0,1918.26573,7.48427,598.239859
2020-09-02 05:00:00,400.0,400.0,18.072542,19.034775,1965.336265,0.0,0.0,1993.852,0.0,624.82736
2020-09-02 06:00:00,400.0,400.0,0.0,0.0,2058.0,0.0,0.0,2377.783487,130.886513,668.517523
2020-09-02 07:00:00,400.0,400.0,0.0,0.0,2056.0,0.0,0.0,2723.251099,389.816901,720.637665
2020-09-02 08:00:00,398.0,400.0,0.0,18.861019,2055.0,0.0,0.0,3136.674528,291.321472,782.801179
2020-09-02 09:00:00,398.0,400.0,0.0,21.287879,2052.0,0.0,0.0,3533.322331,279.455669,842.74835
2020-09-02 10:00:00,400.0,400.0,0.541806,22.900864,2047.0,0.0,0.0,3727.447573,245.262427,898.117136
2020-09-02 11:00:00,400.0,400.0,2.689091,26.950855,2225.558361,0.0,0.0,3542.579928,257.338072,947.853235
2020-09-02 12:00:00,400.0,400.0,3.943468,25.497495,2599.420401,0.0,0.0,3468.602561,85.765439,989.427324
2020-09-02 13:00:00,400.0,400.0,13.269233,27.531015,2690.394244,0.0,0.0,3450.718,0.0,1026.348563
2020-09-02 14:00:00,400.0,400.0,20.400003,26.027092,2697.546851,0.0,0.0,3442.352,0.0,1051.770772
2020-09-02 15:00:00,400.0,400.0,21.287879,27.48626,2428.78797,0.0,0.0,3236.648,0.0,1061.229004
2020-09-02 16:00:00,400.0,400.0,22.576747,73.001583,2079.048203,0.0,0.0,2691.598,0.0,1057.43247
2020-09-02 17:00:00,400.0,400.0,23.128644,25.9087,2126.12061,0.0,0.0,2116.868,0.0,996.412108
2020-09-02 18:00:00,400.0,400.0,24.617414,76.504181,1766.120495,0.0,0.0,1582.978,0.0,976.328626
2020-09-02 19:00:00,400.0,400.0,23.069973,70.394855,2158.401659,0.0,0.0,1796.272,0.0,949.480551
2020-09-02 20:00:00,400.0,400.0,21.843654,30.911173,2222.53604,0.0,0.0,2022.202,0.0,909.999894
2020-09-02 21:00:00,400.0,400.0,21.116411,23.783575,2329.287279,0.0,0.0,1993.1,0.0,836.371908
2020-09-02 22:00:00,400.0,400.0,22.576747,26.369428,1672.68058,0.0,0.0,1543.97,0.0,760.993413
2020-09-02 23:00:00,400.0,400.0,21.287879,24.75682,1754.256737,0.0,0.0,1527.33,0.0,693.010989
2020-09-03 00:00:00,400.0,400.0,19.034775,20.419098,2184.570146,0.0,0.0,1640.098,0.0,645.379178
2020-09-03 01:00:00,400.0,400.0,18.861019,19.983547,2271.943065,0.0,0.0,1500.734,0.0,611.36864
2020-09-03 02:00:00,400.0,400.0,18.463561,20.419098,2313.251524,0.0,0.0,1392.868,0.0,588.992471
2020-09-03 03:00:00,400.0,400.0,19.430296,21.287879,2150.407316,0.0,0.0,1184.364,0.0,582.143503
2020-09-03 04:00:00,400.0,400.0,19.983547,22.185841,1962.140674,0.0,0.0,1082.58,0.0,595.115899
2020-09-03 05:00:00,400.0,400.0,20.846138,21.647258,1841.480998,0.0,0.0,1115.438,0.0,618.14355
2020-09-03 06:00:00,400.0,400.0,21.287879,20.419098,1755.588169,0.0,0.0,1304.88,0.0,659.443775
2020-09-03 07:00:00,400.0,400.0,20.419098,21.116411,1877.759551,0.0,0.0,1790.95,0.0,714.028567
2020-09-03 08:00:00,400.0,400.0,21.116714,21.647258,1783.361655,0.0,0.0,2128.22,0.0,778.778752
2020-09-03 09:00:00,400.0,400.0,21.116411,22.576747,1836.929715,0.0,0.0,2418.996,0.0,839.859943
2020-09-03 10:00:00,400.0,400.0,20.400003,23.602558,2126.93245,0.0,0.0,2735.498,0.0,897.084833
2020-09-03 11:00:00,400.0,400.0,20.419098,27.617442,2288.501662,0.0,0.0,2840.82,0.0,941.897751
2020-09-03 12:00:00,400.0,400.0,21.647258,26.570699,2188.257625,0.0,0.0,2876.086,0.0,989.974256
2020-09-03 13:00:00,400.0,400.0,22.576747,29.369575,2021.909999,0.0,0.0,2777.496,0.0,1025.6379
2020-09-03 14:00:00,400.0,400.0,23.069973,33.880508,1948.398865,0.0,0.0,2621.046,0.0,1054.14707
2020-09-03 15:00:00,400.0,400.0,23.657594,35.72366,1808.651254,0.0,0.0,2341.898,0.0,1066.237012
2020-09-03 16:00:00,400.0,400.0,25.758899,61.462823,1729.366592,0.0,0.0,1937.71,0.0,1053.801511
2020-09-03 17:00:00,400.0,400.0,26.267006,77.274616,1811.842959,0.0,0.0,1432.36,0.0,1002.377556
2020-09-03 18:00:00,400.0,400.0,27.128505,74.140598,1347.308265,0.0,0.0,777.38,0.0,976.81076
2020-09-03 19:00:00,400.0,400.0,26.845129,36.718254,1417.502957,0.0,0.0,722.566,0.0,943.059456
2020-09-03 20:00:00,400.0,400.0,26.845129,35.86153,1173.399488,0.0,0.0,644.27,0.0,901.930577
2020-09-03 21:00:00,400.0,400.0,26.429316,27.92442,1351.088264,0.0,0.0,605.088,0.0,828.14996
2020-09-03 22:00:00,400.0,400.0,25.758899,29.010566,1419.697321,0.0,0.0,492.5,0.0,754.455402
2020-09-03 23:00:00,400.0,400.0,25.9087,24.617414,1055.053408,0.0,0.0,415.168,0.0,684.317189
2020-09-04 00:00:00,400.0,400.0,23.128644,22.732362,1445.50012,0.0,0.0,478.74,0.0,635.285982
2020-09-04 01:00:00,400.0,400.0,22.576747,21.116714,1662.629298,0.0,0.0,480.298,0.0,602.950305
2020-09-04 02:00:00,400.0,400.0,21.474047,19.983547,1875.799078,0.0,0.0,543.42,0.0,580.443138
2020-09-04 03:00:00,400.0,400.0,20.419098,19.034775,2064.020784,0.0,0.0,660.598,0.0,569.786582
2020-09-04 04:00:00,400.0,400.0,19.983547,20.419098,2163.326439,0.0,0.0,868.186,0.0,586.028934
2020-09-04 05:00:00,400.0,400.0,20.419098,20.400003,2114.094185,0.0,0.0,970.488,0.0,608.759072
2020-09-04 06:00:00,400.0,400.0,19.685338,0.0,2289.127604,0.0,0.0,1447.85,0.0,654.108359
2020-09-04 07:00:00,398.0,400.0,0.0,0.0,2612.0,0.0,0.0,2132.312641,48.553359,708.346896
2020-09-04 08:00:00,400.0,400.0,0.0,19.685338,2608.0,0.0,0.0,2577.579532,139.568468,775.73693
2020-09-04 09:00:00,400.0,400.0,0.0,21.288154,2604.0,0.0,0.0,2984.681336,330.866664,837.4022
2020-09-04 10:00:00,400.0,400.0,3.085631,22.516066,2579.512437,0.0,0.0,3360.655377,214.992623,897.471441
2020-09-04 11:00:00,400.0,400.0,3.221158,23.206766,2401.578692,0.0,0.0,3516.641316,185.072684,947.559394
2020-09-04 12:00:00,400.0,400.0,3.34053,29.047487,2388.739373,0.0,0.0,3455.202134,218.313866,991.269414
2020-09-04 13:00:00,400.0,400.0,19.68943,27.509577,2647.664001,0.0,0.0,3396.022,0.0,1024.5537
2020-09-04 14:00:00,400.0,400.0,21.474047,26.644915,2370.438235,0.0,0.0,3143.218,0.0,1055.966965
2020-09-04 15:00:00,400.0,400.0,22.516066,25.758899,2148.136986,0.0,0.0,2896.44,0.0,1052.295452
2020-09-04 16:00:00,400.0,400.0,23.069973,56.413252,1949.10654,0.0,0.0,2451.57,0.0,1045.119519
2020-09-04 17:00:00,400.0,400.0,22.732362,77.276799,2344.999175,0.0,0.0,2098.232,0.0,998.284924
2020-09-04 18:00:00,400.0,400.0,23.439019,77.276799,2789.140894,0.0,0.0,2201.49711,1.08289,972.653432
2020-09-04 19:00:00,400.0,400.0,25.758899,35.691068,1723.838164,0.0,0.0,1275.414,0.0,938.786375
2020-09-04 20:00:00,400.0,400.0,25.9087,29.78169,1461.448803,0.0,0.0,1184.002,0.0,898.43298
2020-09-04 21:00:00,400.0,400.0,23.069973,27.455947,1930.233787,0.0,0.0,1225.846,0.0,834.391832
2020-09-04 22:00:00,400.0,400.0,20.944367,27.458056,2559.48415,0.0,0.0,1411.002,0.0,767.777677
2020-09-04 23:00:00,400.0,400.0,21.116714,23.657594,1974.075956,0.0,0.0,1451.57,0.0,701.924107
2020-09-05 00:00:00,400.0,400.0,20.400003,22.516066,2127.091907,0.0,0.0,1279.252,0.0,653.124014
2020-09-05 01:00:00,400.0,400.0,18.861019,22.516066,2471.109468,0.0,0.0,1399.284,0.0,619.52618
2020-09-05 02:00:00,398.0,400.0,0.0,21.843654,2619.0,0.0,0.0,1380.574719,25.573281,594.536208
2020-09-05 03:00:00,398.0,400.0,0.0,21.287879,2622.0,0.0,0.0,1251.314047,18.453953,574.697107
2020-09-05 04:00:00,400.0,400.0,18.861019,21.288154,2429.566936,0.0,0.0,1052.034,0.0,573.67006
2020-09-05 05:00:00,400.0,400.0,19.685338,19.983547,2294.002228,0.0,0.0,826.96,0.0,560.243666
2020-09-05 06:00:00,400.0,400.0,19.430296,16.970947,2324.364707,0.0,0.0,979.134,0.0,578.515394
2020-09-05 07:00:00,400.0,400.0,18.072542,0.0,2547.628727,0.0,0.0,1539.638,0.0,629.101391
2020-09-05 08:00:00,400.0,400.0,18.861019,0.0,2421.539992,0.0,0.0,1944.16,0.0,708.693001
2020-09-05 09:00:00,400.0,400.0,19.68943,20.419098,2265.814738,0.0,0.0,2267.564,0.0,780.562389
2020-09-05 10:00:00,400.0,400.0,21.116714,21.647258,1978.963334,0.0,0.0,2401.0,0.0,843.6055
2020-09-05 11:00:00,400.0,400.0,22.492854,23.069973,1723.623033,0.0,0.0,2519.5,0.0,899.681545
2020-09-05 12:00:00,400.0,400.0,22.576747,23.507865,1683.794922,0.0,0.0,2568.95,0.0,938.573262
2020-09-05 13:00:00,400.0,400.0,22.492854,27.653114,1924.454254,0.0,0.0,2504.668,0.0,971.582062
2020-09-05 14:00:00,400.0,400.0,23.128644,27.516202,1844.502418,0.0,0.0,2193.21,0.0,992.356137
2020-09-05 15:00:00,400.0,400.0,25.9087,26.429316,1453.26202,0.0,0.0,1864.102,0.0,1001.675997
2020-09-05 16:00:00,400.0,400.0,26.429316,52.589277,1308.902902,0.0,0.0,1505.95,0.0,986.107065
2020-09-05 17:00:00,400.0,400.0,26.429316,77.276799,1462.175433,0.0,0.0,1014.738,0.0,935.184385
2020-09-05 18:00:00,400.0,400.0,26.790897,77.274616,1360.498716,0.0,0.0,630.536,0.0,903.305593
2020-09-05 19:00:00,400.0,400.0,26.755559,35.019908,1318.797318,0.0,0.0,623.252,0.0,868.718202
2020-09-05 20:00:00,400.0,400.0,26.324557,26.755559,1401.532538,0.0,0.0,709.018,0.0,836.172819
2020-09-05 21:00:00,400.0,400.0,23.206766,28.217209,1802.816499,0.0,0.0,706.5,0.0,775.602525
2020-09-05 22:00:00,400.0,400.0,23.657594,26.772246,1293.369061,0.0,0.0,513.704,0.0,716.600241
2020-09-05 23:00:00,400.0,400.0,23.437807,24.617414,1340.17479,0.0,0.0,484.02,0.0,658.611782
2020-09-06 00:00:00,400.0,400.0,22.732362,23.069973,1574.769349,0.0,0.0,490.198,0.0,617.614298
2020-09-06 01:00:00,400.0,400.0,22.492854,22.732362,1733.987574,0.0,0.0,459.498,0.0,589.126564
2020-09-06 02:00:00,400.0,400.0,21.647258,22.516066,1853.701364,0.0,0.0,436.17,0.0,567.670295
2020-09-06 03:00:00,400.0,400.0,20.846138,21.647258,2048.747243,0.0,0.0,522.898,0.0,551.422614
2020-09-06 04:00:00,400.0,400.0,19.983547,21.843654,2197.346035,0.0,0.0,656.672,0.0,549.198895
2020-09-06 05:00:00,400.0,400.0,19.983547,20.319148,2203.627574,0.0,0.0,550.96,0.0,532.399864
2020-09-06 06:00:00,400.0,400.0,18.861019,0.0,2402.735166,0.0,0.0,819.08,0.0,542.751725
2020-09-06 07:00:00,400.0,400.0,0.0,0.0,2619.0,0.0,0.0,1316.913641,633.006359,584.987046
2020-09-06 08:00:00,400.0,400.0,0.0,0.0,2628.0,0.0,0.0,1825.442564,491.759436,659.916385
2020-09-06 09:00:00,400.0,400.0,0.0,18.573789,2628.0,0.0,0.0,2281.998435,333.785565,728.399765
2020-09-06 10:00:00,400.0,400.0,0.0,19.430296,2627.0,0.0,0.0,2702.901248,72.388752,791.685187
2020-09-06 11:00:00,398.0,400.0,0.0,20.846138,2622.0,0.0,0.0,3044.051231,2.600769,843.607685
2020-09-06 12:00:00,400.0,400.0,19.68943,22.516066,2258.271432,0.0,0.0,2940.836,0.0,882.684685
2020-09-06 13:00:00,400.0,400.0,21.116714,23.206766,1970.975438,0.0,0.0,2877.052,0.0,916.211484
2020-09-06 14:00:00,400.0,400.0,22.576747,26.847198,1656.499827,0.0,0.0,2552.05,0.0,940.132526
2020-09-06 15:00:00,400.0,400.0,23.437807,25.9087,1516.509007,0.0,0.0,2083.42,0.0,944.086649
2020-09-06 16:00:00,400.0,400.0,23.206766,29.782538,1590.308567,0.0,0.0,1715.9,0.0,931.138715
2020-09-06 17:00:00,400.0,400.0,24.617414,77.128505,1600.460201,0.0,0.0,1153.848,0.0,896.75817
2020-09-06 18:00:00,400.0,400.0,26.429316,72.666548,1483.894036,0.0,0.0,782.682,0.0,888.118195
2020-09-06 19:00:00,400.0,400.0,26.324557,60.554202,1534.460266,0.0,0.0,752.702,0.0,864.03626
2020-09-06 20:00:00,400.0,400.0,26.404825,28.877067,1385.853604,0.0,0.0,649.718,0.0,837.879659
2020-09-06 21:00:00,400.0,400.0,24.617414,26.328474,1383.818548,0.0,0.0,642.6,0.0,775.617218
2020-09-06 22:00:00,400.0,400.0,23.87513,27.124073,1100.903384,0.0,0.0,662.568,0.0,714.549692
2020-09-06 23:00:00,400.0,400.0,23.657594,24.808822,1069.965989,0.0,0.0,554.1,0.0,656.405102
2020-09-07 00:00:00,400.0,400.0,23.437807,23.069973,1126.16993,0.0,0.0,352.298,0.0,610.96921
2020-09-07 01:00:00,400.0,400.0,23.128644,22.576747,1248.975306,0.0,0.0,270.472,0.0,580.274504
2020-09-07 02:00:00,400.0,400.0,22.732362,21.116714,1402.356028,0.0,0.0,285.832,0.0,559.571396
2020-09-07 03:00:00,400.0,400.0,20.419098,21.287879,1929.780794,0.0,0.0,718.228,0.0,545.317081
2020-09-07 04:00:00,400.0,400.0,0.0,21.116411,2436.0,0.0,0.0,1241.566037,415.955963,547.884906
2020-09-07 05:00:00,400.0,400.0,0.0,18.861019,2435.0,0.0,0.0,1181.0758,293.1742,538.96137
2020-09-07 06:00:00,400.0,400.0,16.970947,0.0,2366.983424,0.0,0.0,1232.198,0.0,556.832186
2020-09-07 07:00:00,400.0,400.0,18.072542,0.0,2350.078993,0.0,0.0,1512.08,0.0,601.350151
2020-09-07 08:00:00,400.0,400.0,18.861019,7.85223,2251.549862,0.0,0.0,1917.76,0.0,676.981521
2020-09-07 09:00:00,400.0,400.0,19.034775,19.685338,2181.496038,0.0,0.0,2329.534,0.0,749.255694
2020-09-07 10:00:00,400.0,400.0,19.68943,21.287879,2039.108579,0.0,0.0,2654.818,0.0,819.406413
2020-09-07 11:00:00,400.0,400.0,20.419098,23.128644,1921.978875,0.0,0.0,2755.57,0.0,877.588669
2020-09-07 12:00:00,400.0,400.0,19.983547,28.549686,2169.284724,0.0,0.0,2943.516,0.0,921.934691
2020-09-07 13:00:00,400.0,400.0,21.474047,26.040218,2059.450931,0.0,0.0,2675.232,0.0,951.41716
2020-09-07 14:00:00,400.0,400.0,22.185841,28.894987,2126.210433,0.0,0.0,2527.88,0.0,972.550435
2020-09-07 15:00:00,400.0,400.0,22.732362,32.128806,2060.053536,0.0,0.0,2275.94,0.0,982.33297
2020-09-07 16:00:00,400.0,400.0,23.657594,52.43252,1778.868738,0.0,0.0,1825.532,0.0,978.399489
2020-09-07 17:00:00,400.0,400.0,24.617414,77.274616,1751.390274,0.0,0.0,1358.382,0.0,943.348759
2020-09-07 18:00:00,400.0,400.0,26.790897,77.128505,1328.490654,0.0,0.0,798.01,0.0,930.227902
2020-09-07 19:00:00,400.0,400.0,26.755559,33.980818,1312.273785,0.0,0.0,843.614,0.0,902.751032
2020-09-07 20:00:00,400.0,400.0,26.429316,30.067066,1256.052387,0.0,0.0,812.768,0.0,873.557342
2020-09-07 21:00:00,400.0,400.0,24.62179,26.845774,1512.218861,0.0,0.0,623.116,0.0,806.684571
2020-09-07 22:00:00,400.0,400.0,23.128644,28.386497,1601.284537,0.0,0.0,905.498,0.0,735.917019
2020-09-07 23:00:00,400.0,400.0,76.324557,24.14172,674.123707,0.0,196.542937,685.828,0.0,675.555644
2020-09-08 00:00:00,400.0,400.0,23.657594,22.576747,860.000089,0.0,0.0,572.788,0.0,630.718187
2020-09-08 01:00:00,400.0,400.0,22.96816,21.288154,1174.522395,0.0,0.0,668.43,0.0,597.886141
2020-09-08 02:00:00,400.0,400.0,21.647258,21.116714,1444.23261,0.0,0.0,812.15,0.0,578.987608
2020-09-08 03:00:00,400.0,400.0,22.492854,21.116411,1373.202992,0.0,0.0,686.188,0.0,570.747751
2020-09-08 04:00:00,400.0,400.0,22.732362,22.576747,1240.835554,0.0,0.0,666.298,0.0,587.619367
2020-09-08 05:00:00,400.0,400.0,23.206766,23.128644,1003.714719,0.0,0.0,636.45,0.0,618.710292
2020-09-08 06:00:00,400.0,400.0,23.128644,21.647258,1077.69265,0.0,0.0,1009.5,0.0,663.571102
2020-09-08 07:00:00,400.0,400.0,22.185841,21.116714,1397.124761,0.0,0.0,1696.3,0.0,718.676286
2020-09-08 08:00:00,400.0,400.0,21.647258,21.647258,1485.842691,0.0,0.0,2226.32,0.0,784.871596
2020-09-08 09:00:00,400.0,400.0,22.516066,22.732362,1346.859946,0.0,0.0,2504.6,0.0,847.461008
2020-09-08 10:00:00,400.0,400.0,21.647258,26.223698,1497.578618,0.0,0.0,2736.938,0.0,910.703907
2020-09-08 11:00:00,400.0,400.0,21.287879,26.589134,1931.117373,0.0,0.0,2790.816,0.0,960.254794
2020-09-08 12:00:00,400.0,400.0,21.647258,30.174663,2219.877119,0.0,0.0,2791.504,0.0,1001.344032
2020-09-08 13:00:00,400.0,400.0,22.492854,34.55397,2206.470634,0.0,0.0,2708.81,0.0,1036.850905
2020-09-08 14:00:00,400.0,400.0,23.069973,36.192845,2101.962709,0.0,0.0,2543.448,0.0,1061.922794
2020-09-08 15:00:00,400.0,400.0,23.444698,36.467601,1970.208514,0.0,0.0,2274.782,0.0,1073.186023
2020-09-08 16:00:00,400.0,400.0,24.62179,58.14786,1913.901756,0.0,0.0,1941.52,0.0,1064.642737
2020-09-08 17:00:00,400.0,400.0,26.267006,77.755129,1954.109641,0.0,0.0,1409.032,0.0,1016.238354
2020-09-08 18:00:00,400.0,400.0,26.892495,77.276799,1499.297021,0.0,0.0,836.4,0.0,1001.115447
2020-09-08 19:00:00,400.0,400.0,26.790897,36.718254,1506.418969,0.0,0.0,901.212,0.0,973.018955
2020-09-08 20:00:00,400.0,400.0,24.62179,41.185649,1776.477195,0.0,0.0,1248.55,0.0,935.110921
2020-09-08 21:00:00,400.0,400.0,23.069973,26.429316,1995.108573,0.0,0.0,1348.988,0.0,859.631914
2020-09-08 22:00:00,400.0,400.0,23.128644,28.023134,1643.678288,0.0,0.0,1230.028,0.0,778.237457
2020-09-08 23:00:00,400.0,400.0,22.185841,26.324557,1950.419543,0.0,0.0,1137.616,0.0,711.629469
2020-09-09 00:00:00,400.0,400.0,20.419098,23.437807,2300.042957,0.0,0.0,1154.714,0.0,661.750656
2020-09-09 01:00:00,400.0,400.0,19.983547,22.96816,2392.029914,0.0,0.0,1005.416,0.0,625.557913
2020-09-09 02:00:00,400.0,400.0,19.430296,22.576747,2506.575266,0.0,0.0,969.82,0.0,603.03671
2020-09-09 03:00:00,400.0,400.0,18.861019,22.576747,2608.048661,0.0,0.0,993.332,0.0,591.342501
2020-09-09 04:00:00,400.0,400.0,19.68943,23.069973,2449.568485,0.0,0.0,955.4,0.0,609.424727
2020-09-09 05:00:00,400.0,400.0,21.116411,23.069973,2191.943662,0.0,0.0,810.97,0.0,626.403951
2020-09-09 06:00:00,400.0,400.0,21.647258,21.288154,2000.266096,0.0,0.0,968.398,0.0,678.769786
2020-09-09 07:00:00,400.0,400.0,20.400003,19.983547,2309.063092,0.0,0.0,1664.772,0.0,736.906336
2020-09-09 08:00:00,400.0,400.0,18.861019,19.430296,2593.690771,0.0,0.0,2257.46,0.0,783.115384
2020-09-09 09:00:00,400.0,400.0,19.685338,20.419098,2481.32738,0.0,0.0,2472.768,0.0,832.266093
2020-09-09 10:00:00,400.0,400.0,20.419098,21.843654,2287.853142,0.0,0.0,2663.732,0.0,889.931829
2020-09-09 11:00:00,400.0,400.0,21.474047,23.069973,2073.719971,0.0,0.0,2768.92,0.0,937.830004
2020-09-09 12:00:00,400.0,400.0,22.576747,24.617414,1822.426203,0.0,0.0,2805.318,0.0,980.98377
2020-09-09 13:00:00,400.0,400.0,21.843654,27.303456,1960.94353,0.0,0.0,2802.35,0.0,1010.760971
2020-09-09 14:00:00,400.0,400.0,22.96816,31.93306,1971.275866,0.0,0.0,2583.534,0.0,1035.18872
2020-09-09 15:00:00,400.0,400.0,23.657594,33.84468,1720.656,0.0,0.0,2282.432,0.0,1045.7664
2020-09-09 16:00:00,400.0,400.0,26.324557,58.351247,1508.194194,0.0,0.0,1705.43,0.0,1033.985371
2020-09-09 17:00:00,400.0,400.0,26.404825,77.276799,1690.387533,0.0,0.0,1219.65,0.0,982.83937
2020-09-09 18:00:00,400.0,400.0,26.892495,77.274563,1381.111411,0.0,0.0,789.44,0.0,968.299288
2020-09-09 19:00:00,400.0,400.0,26.845129,41.685135,1281.5682,0.0,0.0,790.352,0.0,940.61757
2020-09-09 20:00:00,400.0,400.0,76.845129,25.067686,1100.643676,0.0,32.357073,739.762,0.0,894.167749
2020-09-09 21:00:00,400.0,400.0,76.790897,29.623434,942.394743,0.0,99.326046,794.5,0.0,818.100789
2020-09-09 22:00:00,400.0,400.0,25.9087,28.057131,1077.184617,0.0,0.0,803.654,0.0,739.270407
2020-09-09 23:00:00,400.0,400.0,76.324557,25.114572,858.658919,0.0,5.858351,803.312,0.0,667.93027
2020-09-10 00:00:00,400.0,400.0,23.437807,22.632352,1074.029631,0.0,0.0,723.02,0.0,621.148555
2020-09-10 01:00:00,400.0,400.0,22.96816,20.547985,1255.935011,0.0,0.0,676.17,0.0,586.835248
2020-09-10 02:00:00,400.0,400.0,22.516066,19.685338,1349.733776,0.0,0.0,608.736,0.0,562.650334
2020-09-10 03:00:00,400.0,400.0,22.492854,20.419098,1356.497861,0.0,0.0,570.6,0.0,555.915321
2020-09-10 04:00:00,400.0,400.0,23.128644,21.647258,1149.990487,0.0,0.0,448.1,0.0,568.516427
2020-09-10 05:00:00,400.0,400.0,24.617414,22.516066,886.240582,0.0,0.0,395.232,0.0,600.148713
2020-09-10 06:00:00,400.0,400.0,26.324557,19.68943,845.976349,0.0,0.0,624.054,0.0,640.511648
2020-09-10 07:00:00,400.0,400.0,22.516066,18.072542,1351.166,0.0,0.0,1347.948,0.0,673.3173
2020-09-10 08:00:00,400.0,400.0,20.419098,19.685338,1729.587845,0.0,0.0,2050.51,0.0,721.938323
2020-09-10 09:00:00,400.0,400.0,20.419098,19.983547,1700.91946,0.0,0.0,2351.236,0.0,771.347481
2020-09-10 10:00:00,400.0,400.0,20.400003,21.287879,1755.481292,0.0,0.0,2717.598,0.0,818.117506
2020-09-10 11:00:00,400.0,400.0,21.116714,22.185841,1614.965932,0.0,0.0,2809.748,0.0,853.01731
2020-09-10 12:00:00,400.0,400.0,21.287879,23.724962,1576.813599,0.0,0.0,2823.214,0.0,886.26006
2020-09-10 13:00:00,400.0,400.0,21.843654,26.570567,1596.047599,0.0,0.0,2759.56,0.0,901.57686
2020-09-10 14:00:00,400.0,400.0,21.116714,26.140559,1788.221908,0.0,0.0,2660.63,0.0,908.911214
2020-09-10 15:00:00,400.0,400.0,21.843654,25.758899,1963.922118,0.0,0.0,2460.272,0.0,908.002482
2020-09-10 16:00:00,400.0,400.0,22.492854,26.55379,1912.170477,0.0,0.0,2164.38,0.0,896.881428
2020-09-10 17:00:00,400.0,400.0,22.576747,76.681379,2008.877661,0.0,0.0,1657.75,0.0,852.130851
2020-09-10 18:00:00,400.0,400.0,23.87513,72.666548,1744.445515,0.0,0.0,1239.886,0.0,853.116073
2020-09-10 19:00:00,400.0,400.0,23.866823,57.72819,1887.266297,0.0,0.0,1289.93,0.0,830.199555
2020-09-10 20:00:00,400.0,400.0,24.135391,28.665968,1760.903309,0.0,0.0,1142.204752,67.163248,793.995216
2020-09-10 21:00:00,400.0,400.0,22.709794,26.513211,2084.822956,0.0,0.0,1010.867103,123.462897,725.706622
2020-09-10 22:00:00,400.0,400.0,22.576747,26.303585,1449.584165,0.0,0.0,967.872,0.0,654.793175
2020-09-10 23:00:00,400.0,400.0,22.516066,23.069973,1510.979362,0.0,0.0,643.598,0.0,596.942796
2020-09-11 00:00:00,400.0,400.0,21.647258,21.843654,1654.475228,0.0,0.0,539.4,0.0,559.788716
2020-09-11 01:00:00,400.0,400.0,21.116714,21.474047,1798.465872,0.0,0.0,522.248,0.0,535.617319
2020-09-11 02:00:00,400.0,400.0,21.287879,21.288154,1753.904835,0.0,0.0,371.072,0.0,519.625075
2020-09-11 03:00:00,400.0,400.0,21.116714,21.843654,1795.079832,0.0,0.0,403.496,0.0,518.312425
2020-09-11 04:00:00,400.0,400.0,21.647258,23.069973,1655.773873,0.0,0.0,386.572,0.0,536.669719
2020-09-11 05:00:00,400.0,400.0,22.732362,23.206766,1413.567416,0.0,0.0,367.668,0.0,570.165088
2020-09-11 06:00:00,400.0,400.0,22.576747,21.288154,1471.910293,0.0,0.0,700.586,0.0,611.351356
2020-09-11 07:00:00,400.0,400.0,21.287879,20.419098,1773.061325,0.0,0.0,1257.264,0.0,649.680401
2020-09-11 08:00:00,400.0,400.0,20.400003,19.685338,1949.804624,0.0,0.0,1751.47,0.0,697.299806
2020-09-11 09:00:00,400.0,400.0,19.430296,19.034775,2126.038144,0.0,0.0,2219.312,0.0,741.041078
2020-09-11 10:00:00,400.0,400.0,19.034775,19.034775,2165.329218,0.0,0.0,2536.698,0.0,782.755317
2020-09-11 11:00:00,400.0,400.0,19.034775,19.68943,2204.115122,0.0,0.0,2789.722,0.0,814.891032
2020-09-11 12:00:00,400.0,400.0,19.034775,20.419098,2175.67149,0.0,0.0,2957.78,0.0,844.366277
2020-09-11 13:00:00,400.0,400.0,20.400003,22.492854,1947.771098,0.0,0.0,2935.58,0.0,875.221335
2020-09-11 14:00:00,400.0,400.0,21.474047,23.128644,1708.108376,0.0,0.0,2850.002,0.0,898.334044
2020-09-11 15:00:00,400.0,400.0,21.288154,23.437807,1720.505402,0.0,0.0,2549.034,0.0,902.32929
2020-09-11 16:00:00,400.0,400.0,22.576747,26.892452,1842.173226,0.0,0.0,2170.282,0.0,889.366316
2020-09-11 17:00:00,400.0,400.0,23.069973,76.790897,1741.714231,0.0,0.0,1588.538,0.0,841.173565
2020-09-11 18:00:00,400.0,400.0,22.478621,71.469316,2264.072078,0.0,0.0,2042.562968,46.785032,825.073634
2020-09-11 19:00:00,400.0,400.0,26.324557,25.9087,1227.875867,0.0,0.0,900.548,0.0,809.20082
2020-09-11 20:00:00,400.0,400.0,24.617414,29.172772,1410.183736,0.0,0.0,852.55,0.0,774.65494
2020-09-11 21:00:00,400.0,400.0,23.128644,26.381655,1549.869397,0.0,0.0,1010.796,0.0,724.18899
2020-09-11 22:00:00,400.0,400.0,75.758899,23.051037,655.426298,0.0,216.744257,1164.93,0.0,668.475555
2020-09-11 23:00:00,400.0,400.0,23.069973,22.838621,888.777256,0.0,0.0,1415.068,0.0,617.743612
2020-09-12 00:00:00,400.0,400.0,73.069973,24.035906,628.60781,0.0,133.191019,1361.6,0.0,578.998829
2020-09-12 01:00:00,400.0,400.0,72.492854,20.400003,717.024848,0.0,12.456825,1276.036,0.0,552.901673
2020-09-12 02:00:00,400.0,400.0,21.288154,20.419098,889.47652,0.0,0.0,1310.5,0.0,532.203522
2020-09-12 03:00:00,400.0,400.0,21.116411,20.400003,982.304222,0.0,0.0,1324.184,0.0,520.331967
2020-09-12 04:00:00,400.0,400.0,21.288154,20.846138,907.321252,0.0,0.0,1247.998,0.0,520.151512
2020-09-12 05:00:00,400.0,400.0,21.647258,20.846138,844.27821,0.0,0.0,1176.212,0.0,518.840068
2020-09-12 06:00:00,400.0,400.0,21.288154,0.0,889.673869,0.0,0.0,1367.802,0.0,540.76922
2020-09-12 07:00:00,398.0,400.0,0.0,0.0,1531.0,0.0,0.0,2266.289279,25.258721,579.343392
2020-09-12 08:00:00,400.0,400.0,19.034775,0.0,1373.338525,0.0,0.0,2478.802,0.0,634.869521
2020-09-12 09:00:00,398.0,400.0,0.0,0.0,1536.0,0.0,0.0,2915.005517,66.684483,675.900828
2020-09-12 10:00:00,400.0,400.0,0.0,0.0,1533.0,0.0,0.0,3150.234264,433.833736,711.63514
2020-09-12 11:00:00,400.0,400.0,0.0,21.728216,1531.0,0.0,0.0,3380.798828,405.881172,746.519824
2020-09-12 12:00:00,400.0,400.0,0.0,26.343885,1529.0,0.0,0.0,3321.313621,375.466379,763.397043
2020-09-12 13:00:00,398.0,400.0,0.0,22.186921,1715.0,0.0,0.0,3364.307649,410.404351,769.696147
2020-09-12 14:00:00,400.0,400.0,0.0,21.871153,1713.0,0.0,0.0,3266.895973,406.394027,782.084396
2020-09-12 15:00:00,398.0,400.0,0.0,21.288154,1900.0,0.0,0.0,3338.990372,185.825628,791.398556
2020-09-12 16:00:00,398.0,400.0,0.0,24.411944,1901.0,0.0,0.0,3154.012891,33.507109,789.001934
2020-09-12 17:00:00,400.0,400.0,19.983547,25.67481,1744.791588,0.0,0.0,2370.202,0.0,754.711562
2020-09-12 18:00:00,400.0,400.0,22.96816,73.209505,1348.835464,0.0,0.0,1716.036,0.0,757.23008
2020-09-12 19:00:00,400.0,400.0,23.128644,68.696934,1242.281298,0.0,0.0,1521.046,0.0,746.364705
2020-09-12 20:00:00,400.0,400.0,22.492854,25.729887,1531.506141,0.0,0.0,1635.484,0.0,714.146679
2020-09-12 21:00:00,400.0,400.0,22.732362,22.96816,1036.283404,0.0,0.0,1564.978,0.0,671.354189
2020-09-12 22:00:00,400.0,400.0,22.96816,21.843654,862.305444,0.0,0.0,1429.238,0.0,623.839883
2020-09-12 23:00:00,400.0,400.0,21.116714,21.288154,1219.732013,0.0,0.0,1447.28,0.0,572.932198
2020-09-13 00:00:00,400.0,400.0,21.116411,20.846138,1159.410371,0.0,0.0,1286.48,0.0,533.110444
2020-09-13 01:00:00,400.0,400.0,20.419098,21.474047,1218.02852,0.0,0.0,1179.334,0.0,508.245822
2020-09-13 02:00:00,400.0,400.0,21.116411,21.647258,1135.089941,0.0,0.0,954.53,0.0,486.966009
2020-09-13 03:00:00,400.0,400.0,21.288154,21.647258,1060.04589,0.0,0.0,794.684,0.0,474.245716
2020-09-13 04:00:00,400.0,400.0,21.647258,22.732362,1001.424392,0.0,0.0,730.63,0.0,473.430841
2020-09-13 05:00:00,400.0,400.0,21.647258,21.474047,988.893649,0.0,0.0,657.05,0.0,464.273453
2020-09-13 06:00:00,400.0,400.0,20.419098,0.0,1198.966227,0.0,0.0,928.502,0.0,473.480366
2020-09-13 07:00:00,400.0,400.0,19.034775,0.0,1499.110616,0.0,0.0,1450.502,0.0,506.758708
2020-09-13 08:00:00,400.0,400.0,19.430296,0.0,1476.759138,0.0,0.0,1830.33,0.0,567.085629
2020-09-13 09:00:00,400.0,400.0,19.685338,19.034775,1439.197937,0.0,0.0,2142.712,0.0,619.577109
2020-09-13 10:00:00,400.0,400.0,19.430296,19.983547,1476.97939,0.0,0.0,2535.464,0.0,672.822692
2020-09-13 11:00:00,400.0,400.0,19.68943,21.287879,1376.164581,0.0,0.0,2740.43,0.0,718.689813
2020-09-13 12:00:00,400.0,400.0,19.983547,21.802283,1319.648172,0.0,0.0,2755.818,0.0,754.975474
2020-09-13 13:00:00,400.0,400.0,20.400003,25.993004,1446.242725,0.0,0.0,2763.698,0.0,790.418291
2020-09-13 14:00:00,400.0,400.0,20.419098,23.176815,1605.652631,0.0,0.0,2690.752,0.0,808.814905
2020-09-13 15:00:00,400.0,400.0,21.116411,26.171738,1713.881392,0.0,0.0,2535.3,0.0,822.512791
2020-09-13 16:00:00,400.0,400.0,21.116714,24.617414,1857.611766,0.0,0.0,1984.562,0.0,822.592535
2020-09-13 17:00:00,400.0,400.0,22.732362,28.789494,1963.943534,0.0,0.0,1342.02,0.0,793.51147
2020-09-13 18:00:00,400.0,400.0,24.62179,76.845129,1433.863589,0.0,0.0,807.348,0.0,795.222662
2020-09-13 19:00:00,400.0,400.0,25.9087,70.758674,1389.523285,0.0,0.0,695.82,0.0,782.744507
2020-09-13 20:00:00,400.0,400.0,26.324557,26.683798,1133.715566,0.0,0.0,570.218,0.0,749.025365
2020-09-13 21:00:00,400.0,400.0,24.617414,26.594615,1138.465853,0.0,0.0,593.882,0.0,698.612422
2020-09-13 22:00:00,400.0,400.0,23.657594,25.392523,1054.126676,0.0,0.0,425.25,0.0,632.718499
2020-09-13 23:00:00,400.0,400.0,23.437807,25.624834,903.998539,0.0,0.0,278.716,0.0,580.007619
2020-09-14 00:00:00,400.0,400.0,22.96816,22.576747,1185.919446,0.0,0.0,291.34,0.0,539.613083
2020-09-14 01:00:00,400.0,400.0,22.576747,22.516066,1317.48977,0.0,0.0,268.318,0.0,516.424234
2020-09-14 02:00:00,400.0,400.0,21.647258,22.492854,1441.844263,0.0,0.0,271.902,0.0,498.308661
2020-09-14 03:00:00,400.0,400.0,21.647258,22.516066,1447.803608,0.0,0.0,260.73,0.0,495.738959
2020-09-14 04:00:00,400.0,400.0,22.516066,23.069973,1335.833648,0.0,0.0,281.268,0.0,515.615153
2020-09-14 05:00:00,400.0,400.0,23.069973,23.437807,1160.628329,0.0,0.0,330.334,0.0,549.255851
2020-09-14 06:00:00,400.0,400.0,22.96816,21.287879,1166.564914,0.0,0.0,606.302,0.0,589.760563
2020-09-14 07:00:00,400.0,400.0,20.419098,19.983547,1700.369636,0.0,0.0,1437.886,0.0,634.427455
2020-09-14 08:00:00,400.0,400.0,19.983547,20.400003,1808.011144,0.0,0.0,1934.986,0.0,692.846228
2020-09-14 09:00:00,400.0,400.0,20.419098,21.288154,1715.62647,0.0,0.0,2186.722,0.0,744.464329
2020-09-14 10:00:00,400.0,400.0,21.116714,21.116714,1614.644079,0.0,0.0,2405.548,0.0,792.435588
2020-09-14 11:00:00,400.0,400.0,21.116411,21.647258,1633.514622,0.0,0.0,2753.87,0.0,841.853307
2020-09-14 12:00:00,400.0,400.0,21.116411,24.185011,1643.722646,0.0,0.0,2872.452,0.0,883.609403
2020-09-14 13:00:00,400.0,400.0,20.419098,26.394201,1891.524009,0.0,0.0,2820.586,0.0,917.409299
2020-09-14 14:00:00,400.0,400.0,21.647258,24.848952,2025.97752,0.0,0.0,2615.73,0.0,947.512872
2020-09-14 15:00:00,400.0,400.0,22.185841,26.082332,2128.827679,0.0,0.0,2473.118,0.0,963.943548
2020-09-14 16:00:00,400.0,400.0,23.069973,31.953423,1943.702727,0.0,0.0,2018.134,0.0,957.814691
2020-09-14 17:00:00,400.0,400.0,24.617414,77.128505,1627.909906,0.0,0.0,1237.62,0.0,913.006514
2020-09-14 18:00:00,400.0,400.0,26.500239,77.050889,1400.709049,0.0,0.0,764.818,0.0,899.866343
2020-09-14 19:00:00,400.0,400.0,26.429316,56.140032,1341.933268,0.0,0.0,672.196,0.0,872.58941
2020-09-14 20:00:00,400.0,400.0,26.429316,27.358393,1337.578208,0.0,0.0,545.222,0.0,829.446569
2020-09-14 21:00:00,400.0,400.0,23.657594,26.429316,1679.130325,0.0,0.0,511.254,0.0,764.868551
2020-09-14 22:00:00,400.0,400.0,23.87513,25.9087,1092.795335,0.0,0.0,467.6,0.0,686.5207
2020-09-14 23:00:00,400.0,400.0,23.437807,26.076618,1024.288531,0.0,0.0,338.02,0.0,624.10972
2020-09-15 00:00:00,400.0,400.0,22.732362,23.657594,1301.076103,0.0,0.0,315.352,0.0,579.191385
2020-09-15 01:00:00,400.0,400.0,23.069973,23.128644,1142.724854,0.0,0.0,290.284,0.0,552.668872
2020-09-15 02:00:00,400.0,400.0,22.732362,23.069973,1250.435377,0.0,0.0,299.28,0.0,531.126693
2020-09-15 03:00:00,400.0,400.0,22.576747,23.069973,1285.583717,0.0,0.0,297.67,0.0,525.612942
2020-09-15 04:00:00,400.0,400.0,22.96816,23.206766,1182.621603,0.0,0.0,307.8,0.0,542.57676
2020-09-15 05:00:00,400.0,400.0,23.069973,46.900653,1116.778065,0.0,0.0,305.232,0.0,577.56809
2020-09-15 06:00:00,400.0,400.0,23.128644,21.647258,1265.569669,0.0,0.0,496.166,0.0,611.63945
2020-09-15 07:00:00,400.0,400.0,21.116714,20.419098,1780.787311,0.0,0.0,1277.02,0.0,651.484903
2020-09-15 08:00:00,400.0,400.0,19.983547,20.419098,1973.55066,0.0,0.0,1864.982,0.0,710.764701
2020-09-15 09:00:00,400.0,400.0,20.419098,21.116411,1899.437204,0.0,0.0,2155.7,0.0,765.489419
2020-09-15 10:00:00,400.0,400.0,20.846138,21.288154,1847.977857,0.0,0.0,2458.07,0.0,818.563821
2020-09-15 11:00:00,400.0,400.0,21.287879,22.732362,1748.87574,0.0,0.0,2669.888,0.0,865.201839
2020-09-15 12:00:00,400.0,400.0,21.647258,26.504921,1671.460679,0.0,0.0,2707.588,0.0,907.969098
2020-09-15 13:00:00,400.0,400.0,21.647258,26.260889,1860.662631,0.0,0.0,2786.13,0.0,944.620105
2020-09-15 14:00:00,400.0,400.0,22.492854,24.617414,1913.12219,0.0,0.0,2641.038,0.0,968.237372
2020-09-15 15:00:00,400.0,400.0,22.732362,32.611528,1855.142292,0.0,0.0,2297.282,0.0,978.620956
2020-09-15 16:00:00,400.0,400.0,24.617414,72.928463,1606.78122,0.0,0.0,1727.88,0.0,964.814817
2020-09-15 17:00:00,400.0,400.0,25.758899,60.846881,1553.847475,0.0,0.0,1264.538,0.0,913.153579
2020-09-15 18:00:00,400.0,400.0,26.790897,72.949666,1194.271039,0.0,0.0,819.738,0.0,900.370044
2020-09-15 19:00:00,400.0,400.0,26.790897,28.461756,1170.223801,0.0,0.0,720.112,0.0,872.53323
2020-09-15 20:00:00,400.0,400.0,76.755559,29.803143,1007.739279,0.0,42.397529,618.718,0.0,828.446808
2020-09-15 21:00:00,400.0,400.0,81.727779,24.074771,323.47611,0.0,637.702874,488.116,0.0,758.480983
2020-09-15 22:00:00,400.0,400.0,127.274616,24.161316,176.544597,0.0,689.704355,443.252,0.0,683.541952
2020-09-15 23:00:00,400.0,400.0,77.755129,24.78057,351.635427,0.0,438.582659,371.416,0.0,623.517086
2020-09-16 00:00:00,400.0,400.0,76.429316,20.419098,612.724224,0.0,124.321942,342.652,0.0,580.039166
2020-09-16 01:00:00,400.0,400.0,76.429316,19.983547,486.770169,0.0,215.063506,376.068,0.0,550.694675
2020-09-16 02:00:00,400.0,400.0,73.87513,20.419098,655.855785,0.0,26.286147,424.662,0.0,532.620932
2020-09-16 03:00:00,400.0,400.0,23.069973,19.983547,862.921032,0.0,0.0,597.936,0.0,527.552245
2020-09-16 04:00:00,400.0,400.0,23.069973,20.419098,874.44811,0.0,0.0,720.48,0.0,544.204783
2020-09-16 05:00:00,400.0,400.0,23.069973,21.116714,872.38264,0.0,0.0,953.87,0.0,579.523104
2020-09-16 06:00:00,400.0,400.0,22.492854,0.0,1067.107209,0.0,0.0,1405.548,0.0,618.066119
2020-09-16 07:00:00,400.0,400.0,19.430296,0.0,1656.602396,0.0,0.0,2251.982,0.0,656.606941
2020-09-16 08:00:00,400.0,400.0,19.034775,0.0,1696.47921,0.0,0.0,2653.21,0.0,710.809618
2020-09-16 09:00:00,400.0,400.0,18.861019,13.049619,1763.451789,0.0,0.0,3030.98,0.0,757.429232
2020-09-16 10:00:00,400.0,400.0,14.191367,20.419098,1865.994882,0.0,0.0,3406.63,0.0,798.395268
2020-09-16 11:00:00,398.0,400.0,0.0,22.538583,1866.0,0.0,0.0,3518.911034,210.086966,840.736655
2020-09-16 12:00:00,398.0,400.0,-0.0,26.980604,2048.0,0.0,0.0,3590.442644,249.939356,877.416397
2020-09-16 13:00:00,400.0,400.0,1.141936,25.4922,2230.0,0.0,0.0,3625.046063,197.789937,908.556909
2020-09-16 14:00:00,400.0,400.0,3.818428,28.602961,2369.629658,0.0,0.0,3598.064392,292.653608,936.81521
2020-09-16 15:00:00,400.0,400.0,4.738327,23.069973,2333.317151,0.0,0.0,3456.803281,188.178719,948.82292
2020-09-16 16:00:00,400.0,400.0,6.89266,27.176128,2149.997355,0.0,0.0,3137.30626,53.33174,931.696336
2020-09-16 17:00:00,400.0,400.0,21.474047,29.695437,1915.032138,0.0,0.0,2511.360343,43.871657,877.999231
2020-09-16 18:00:00,400.0,400.0,24.504995,24.749386,1474.671009,0.0,0.0,2000.897888,63.350112,870.784032
2020-09-16 19:00:00,400.0,400.0,22.96816,77.464999,1686.563566,0.0,0.0,1998.784091,69.013909,855.633079
2020-09-16 20:00:00,400.0,400.0,8.090573,68.548999,2203.789736,0.0,0.0,2320.614377,95.789623,814.323696
2020-09-16 21:00:00,400.0,400.0,4.719644,25.198544,2266.000791,0.0,0.0,2334.474531,143.479469,753.821061
2020-09-16 22:00:00,398.0,400.0,0.0,29.26909,2437.0,0.0,0.0,2141.547941,96.254059,682.732191
2020-09-16 23:00:00,398.0,400.0,0.0,21.328099,1890.0,0.0,0.0,2273.685191,37.950809,624.852779
2020-09-17 00:00:00,398.0,400.0,0.0,25.122938,1708.0,0.0,0.0,2177.459481,195.878519,584.468922
2020-09-17 01:00:00,398.0,400.0,0.0,21.122752,1715.0,0.0,0.0,2012.313553,554.976447,558.647033
2020-09-17 02:00:00,398.0,400.0,0.0,20.234035,1715.0,0.0,0.0,1879.745715,640.102285,538.761857
2020-09-17 03:00:00,398.0,400.0,0.0,0.0,1713.0,0.0,0.0,1851.923555,579.828445,534.888533
2020-09-17 04:00:00,400.0,400.0,0.0,0.0,1706.0,0.0,0.0,1939.83736,359.07264,549.125604
2020-09-17 05:00:00,400.0,400.0,0.0,19.685338,1706.0,0.0,0.0,2212.696089,139.033911,590.054413
2020-09-17 06:00:00,398.0,400.0,0.0,0.0,1705.0,0.0,0.0,2498.494931,52.395069,633.07424
2020-09-17 07:00:00,400.0,400.0,0.0,0.0,1659.0,0.0,0.0,2649.311749,240.288251,662.596762
2020-09-17 08:00:00,398.0,400.0,0.0,0.0,1660.0,0.0,0.0,2941.102161,101.315839,706.215324
2020-09-17 09:00:00,398.0,400.0,0.0,19.983547,1660.0,0.0,0.0,3189.95615,78.75385,743.543423
2020-09-17 10:00:00,400.0,400.0,0.0,25.379529,1658.0,0.0,0.0,3223.37535,130.51465,774.356303
2020-09-17 11:00:00,400.0,400.0,18.861019,23.967529,1715.590417,0.0,0.0,3230.95,0.0,794.603937
2020-09-17 12:00:00,400.0,400.0,18.861019,28.924298,1740.988403,0.0,0.0,3230.432,0.0,816.21654
2020-09-17 13:00:00,400.0,400.0,19.983547,21.116714,1723.38903,0.0,0.0,3142.79,0.0,833.460145
2020-09-17 14:00:00,400.0,400.0,20.400003,20.419098,1649.586025,0.0,0.0,3208.266,0.0,854.351996
2020-09-17 15:00:00,400.0,400.0,22.185841,21.647258,1272.052628,0.0,0.0,2814.788,0.0,851.960306
2020-09-17 16:00:00,400.0,400.0,21.287879,22.492854,1466.121898,0.0,0.0,2410.072,0.0,838.642515
2020-09-17 17:00:00,400.0,400.0,23.128644,31.353969,1437.768083,0.0,0.0,1443.778,0.0,806.701488
2020-09-17 18:00:00,400.0,400.0,24.617414,76.245579,1348.730951,0.0,0.0,1144.454,0.0,805.308457
2020-09-17 19:00:00,400.0,400.0,24.617414,72.417061,1361.679704,0.0,0.0,1192.446,0.0,808.164944
2020-09-17 20:00:00,400.0,400.0,22.576747,23.437807,1865.511077,0.0,0.0,1424.9,0.0,767.458338
2020-09-17 21:00:00,400.0,400.0,22.516066,24.73903,1522.372001,0.0,0.0,1455.402,0.0,717.0045
2020-09-17 22:00:00,400.0,400.0,21.647258,21.647258,1434.441578,0.0,0.0,1252.082,0.0,646.446063
2020-09-17 23:00:00,400.0,400.0,19.68943,21.843654,1879.705741,0.0,0.0,1334.618,0.0,592.036839
2020-09-18 00:00:00,400.0,400.0,18.861019,20.419098,2066.729642,0.0,0.0,1257.85,0.0,552.468054
2020-09-18 01:00:00,400.0,400.0,18.072542,20.400003,2156.46379,0.0,0.0,1174.25,0.0,526.467931
2020-09-18 02:00:00,400.0,400.0,19.68943,20.419098,1853.304803,0.0,0.0,745.75,0.0,507.66678
2020-09-18 03:00:00,400.0,400.0,19.68943,19.983547,1860.583093,0.0,0.0,730.878,0.0,504.344236
2020-09-18 04:00:00,400.0,400.0,19.68943,21.116411,1874.571245,0.0,0.0,828.004,0.0,516.814913
2020-09-18 05:00:00,400.0,400.0,21.116411,21.287879,1626.606223,0.0,0.0,836.936,0.0,555.349467
2020-09-18 06:00:00,400.0,400.0,20.846138,18.861019,1660.923358,0.0,0.0,1099.65,0.0,589.608996
2020-09-18 07:00:00,400.0,400.0,18.861019,18.573789,2081.626508,0.0,0.0,1737.016,0.0,622.108424
2020-09-18 08:00:00,400.0,400.0,18.861019,19.034775,2046.419778,0.0,0.0,1961.152,0.0,661.009833
2020-09-18 09:00:00,400.0,400.0,18.072542,19.983547,2135.976152,0.0,0.0,2257.396,0.0,692.012977
2020-09-18 10:00:00,400.0,400.0,0.0,18.861019,2252.0,0.0,0.0,2518.074584,133.223416,713.711188
2020-09-18 11:00:00,400.0,400.0,0.0,19.034775,2250.0,0.0,0.0,2658.695576,321.740424,735.104336
2020-09-18 12:00:00,400.0,400.0,0.0,18.072542,2242.0,0.0,0.0,2768.551422,572.914578,752.782713
2020-09-18 13:00:00,400.0,400.0,0.0,18.861019,2243.0,0.0,0.0,2826.871736,607.628264,761.38076
2020-09-18 14:00:00,400.0,400.0,0.0,19.983547,2243.0,0.0,0.0,2916.317054,386.450946,774.797558
2020-09-18 15:00:00,400.0,400.0,0.0,21.116714,2239.0,0.0,0.0,2848.409104,411.740896,765.211366
2020-09-18 16:00:00,400.0,400.0,19.034775,22.732362,1991.410933,0.0,0.0,2557.55,0.0,758.72086
2020-09-18 17:00:00,400.0,400.0,21.116411,60.369887,1652.036594,0.0,0.0,1780.778,0.0,719.811211
2020-09-18 18:00:00,400.0,400.0,22.96816,76.324557,1352.883529,0.0,0.0,1205.99,0.0,715.815971
2020-09-18 19:00:00,400.0,400.0,23.128644,26.560262,1236.871533,0.0,0.0,1152.048,0.0,714.32647
2020-09-18 20:00:00,400.0,400.0,23.069973,25.567725,1153.821425,0.0,0.0,1208.97,0.0,682.072286
2020-09-18 21:00:00,400.0,400.0,21.647258,27.142176,1456.100798,0.0,0.0,1205.33,0.0,636.18438
2020-09-18 22:00:00,400.0,400.0,21.647258,23.529842,1178.984479,0.0,0.0,1307.762,0.0,586.616628
2020-09-18 23:00:00,400.0,400.0,20.846138,20.846138,1174.238922,0.0,0.0,1332.732,0.0,537.823962
2020-09-19 00:00:00,400.0,400.0,19.430296,19.68943,1226.917947,0.0,0.0,1555.702,0.0,502.767608
2020-09-19 01:00:00,400.0,400.0,20.234035,19.034775,1048.992099,0.0,0.0,1670.84924,57.34876,476.228571
2020-09-19 02:00:00,400.0,400.0,0.0,29.848311,1231.0,0.0,0.0,1719.904208,155.109792,456.285631
2020-09-19 03:00:00,400.0,400.0,0.0,19.68943,1232.0,0.0,0.0,1698.267191,254.400809,452.890079
2020-09-19 04:00:00,398.0,400.0,0.0,18.861019,1231.0,0.0,0.0,1705.360017,470.007983,452.304003
2020-09-19 05:00:00,398.0,400.0,0.0,-0.0,1228.0,0.0,0.0,1724.961652,342.700348,455.694248
2020-09-19 06:00:00,398.0,400.0,0.0,-0.0,1224.0,0.0,0.0,1768.669804,449.832196,462.850471
2020-09-19 07:00:00,398.0,400.0,0.0,-0.0,1219.0,0.0,0.0,2016.172113,989.825887,500.725817
2020-09-19 08:00:00,398.0,400.0,0.0,-0.0,1219.0,0.0,0.0,2308.431062,1259.814938,544.564659
2020-09-19 09:00:00,398.0,400.0,0.0,-0.0,1218.0,0.0,0.0,2457.76426,1488.18374,567.114639
2020-09-19 10:00:00,400.0,400.0,0.0,-0.0,1213.0,0.0,0.0,2784.893221,1195.436779,616.933983
2020-09-19 11:00:00,400.0,400.0,0.0,-0.0,1213.0,0.0,0.0,2915.580577,1408.937423,636.537087
2020-09-19 12:00:00,400.0,400.0,0.0,-0.0,1210.0,0.0,0.0,3029.184227,1260.511773,654.027634
2020-09-19 13:00:00,400.0,400.0,0.0,-0.0,1210.0,0.0,0.0,3090.195656,1239.634344,663.179348
2020-09-19 14:00:00,400.0,400.0,0.0,19.430296,1210.0,0.0,0.0,3017.260137,1130.637863,677.739021
2020-09-19 15:00:00,400.0,400.0,-0.0,20.419098,1395.0,0.0,0.0,2728.843592,1226.928408,685.476539
2020-09-19 16:00:00,400.0,400.0,0.0,22.576747,1766.0,0.0,0.0,2391.614083,1141.797917,685.742112
2020-09-19 17:00:00,398.0,400.0,0.0,74.352035,2142.0,0.0,0.0,2234.611832,619.984168,661.291775
2020-09-19 18:00:00,400.0,400.0,0.0,73.657594,2143.0,0.0,0.0,2261.978637,223.069363,670.046796
2020-09-19 19:00:00,400.0,400.0,18.072542,27.252895,2072.03472,0.0,0.0,2254.638,0.0,674.790492
2020-09-19 20:00:00,400.0,400.0,14.191367,22.576747,2134.323519,0.0,0.0,2103.638,0.0,642.797172
2020-09-19 21:00:00,400.0,400.0,0.0,21.647258,2144.0,0.0,0.0,1885.383122,176.370878,608.607468
2020-09-19 22:00:00,400.0,400.0,0.0,19.430296,1960.0,0.0,0.0,1734.471783,180.566217,560.320767
2020-09-19 23:00:00,400.0,400.0,0.0,20.419098,1592.0,0.0,0.0,1777.762927,95.225073,515.514439
2020-09-20 00:00:00,400.0,400.0,18.573789,24.537333,1317.607458,0.0,0.0,1626.2,0.0,480.688881
2020-09-20 01:00:00,398.0,400.0,0.0,24.537333,1409.0,0.0,0.0,1567.425556,36.954444,458.163833
2020-09-20 02:00:00,398.0,400.0,0.0,21.116411,1410.0,0.0,0.0,1454.999958,28.884042,441.149994
2020-09-20 03:00:00,400.0,400.0,0.0,28.963908,1407.0,0.0,0.0,1373.098654,78.101346,429.314798
2020-09-20 04:00:00,400.0,400.0,18.573789,21.116714,1321.458931,0.0,0.0,1323.4,0.0,434.69116
2020-09-20 05:00:00,400.0,400.0,18.573789,19.034775,1135.222585,0.0,0.0,1428.932,0.0,425.206412
2020-09-20 06:00:00,398.0,400.0,0.0,0.0,1222.0,0.0,0.0,1558.463925,136.916075,431.619589
2020-09-20 07:00:00,400.0,400.0,0.0,0.0,1217.0,0.0,0.0,1704.040674,876.941326,454.206101
2020-09-20 08:00:00,400.0,400.0,0.0,0.0,1215.0,0.0,0.0,2033.136476,920.111524,503.870471
2020-09-20 09:00:00,400.0,400.0,0.0,0.0,1219.0,0.0,0.0,2290.191284,704.708716,541.828693
2020-09-20 10:00:00,400.0,400.0,0.0,0.0,1230.0,0.0,0.0,2539.954576,430.363424,577.643186
2020-09-20 11:00:00,400.0,400.0,0.0,0.0,1235.0,0.0,0.0,2776.556666,282.375334,612.3835
2020-09-20 12:00:00,400.0,400.0,0.0,19.034775,1233.0,0.0,0.0,2792.05207,296.49993,640.50781
2020-09-20 13:00:00,400.0,400.0,16.970947,20.666957,1384.515159,0.0,0.0,2970.53,0.0,672.302226
2020-09-20 14:00:00,400.0,400.0,18.861019,23.931846,1304.936745,0.0,0.0,2850.848,0.0,701.086688
2020-09-20 15:00:00,400.0,400.0,18.573789,23.069168,1602.016837,0.0,0.0,2641.254,0.0,717.785574
2020-09-20 16:00:00,400.0,400.0,19.68943,25.207405,1709.654572,0.0,0.0,2072.202,0.0,722.782114
2020-09-20 17:00:00,400.0,400.0,21.843654,27.546554,1571.766148,0.0,0.0,1236.202,0.0,699.065378
2020-09-20 18:00:00,400.0,400.0,24.617414,76.755559,1206.253447,0.0,0.0,737.504,0.0,714.037583
2020-09-20 19:00:00,400.0,400.0,26.324557,70.145367,1033.024012,0.0,0.0,592.666,0.0,711.096298
2020-09-20 20:00:00,400.0,400.0,23.657594,26.324557,1249.762472,0.0,0.0,558.018,0.0,673.388329
2020-09-20 21:00:00,400.0,400.0,23.128644,23.87513,1458.529217,0.0,0.0,443.798,0.0,624.940317
2020-09-20 22:00:00,400.0,400.0,22.732362,24.617414,1440.962773,0.0,0.0,382.084,0.0,565.068184
2020-09-20 23:00:00,400.0,400.0,23.128644,23.834636,953.636771,0.0,0.0,281.1,0.0,516.519484
2020-09-21 00:00:00,400.0,400.0,22.576747,23.069973,1123.212919,0.0,0.0,281.648,0.0,482.915262
2020-09-21 01:00:00,400.0,400.0,22.492854,22.576747,1209.123804,0.0,0.0,230.19,0.0,462.309929
2020-09-21 02:00:00,400.0,400.0,21.647258,22.492854,1297.008227,0.0,0.0,237.498,0.0,450.223466
2020-09-21 03:00:00,400.0,400.0,21.288154,22.492854,1369.318467,0.0,0.0,249.632,0.0,441.19703
2020-09-21 04:00:00,400.0,400.0,22.732362,23.069973,1055.828391,0.0,0.0,284.886,0.0,493.508641
2020-09-21 05:00:00,400.0,400.0,23.069973,30.943325,962.05021,0.0,0.0,261.49,0.0,504.065968
2020-09-21 06:00:00,400.0,400.0,22.732362,19.983547,1049.692507,0.0,0.0,540.268,0.0,532.736324
2020-09-21 07:00:00,400.0,400.0,19.983547,0.0,1670.265943,0.0,0.0,1426.67,0.0,572.610609
2020-09-21 08:00:00,398.0,400.0,0.0,0.0,2038.0,0.0,0.0,2077.520867,23.251133,615.07813
2020-09-21 09:00:00,400.0,400.0,0.0,0.0,2025.0,0.0,0.0,2313.713553,335.690447,652.457033
2020-09-21 10:00:00,400.0,400.0,0.0,0.0,2018.0,0.0,0.0,2541.376954,633.775046,687.656543
2020-09-21 11:00:00,400.0,400.0,0.0,18.861019,2023.0,0.0,0.0,2818.726429,363.645571,728.508964
2020-09-21 12:00:00,400.0,400.0,0.0,19.983547,2028.0,0.0,0.0,2935.316596,86.087404,745.247489
2020-09-21 13:00:00,400.0,400.0,19.430296,21.116411,1796.776998,0.0,0.0,2921.478,0.0,777.85515
2020-09-21 14:00:00,400.0,400.0,20.846138,22.492854,1499.111181,0.0,0.0,2758.25,0.0,798.020823
2020-09-21 15:00:00,400.0,400.0,21.116411,23.600299,1476.121144,0.0,0.0,2518.154,0.0,816.454928
2020-09-21 16:00:00,400.0,400.0,21.116714,27.918098,1751.098271,0.0,0.0,2093.612,0.0,818.027059
2020-09-21 17:00:00,400.0,400.0,23.069973,76.05271,1629.15138,0.0,0.0,1333.32,0.0,777.775293
2020-09-21 18:00:00,400.0,400.0,24.62179,70.082512,1267.343504,0.0,0.0,959.86,0.0,776.027474
2020-09-21 19:00:00,400.0,400.0,24.617414,28.072354,1305.203628,0.0,0.0,916.25,0.0,763.806956
2020-09-21 20:00:00,400.0,400.0,23.87513,26.381655,1192.131888,0.0,0.0,819.288,0.0,712.973417
2020-09-21 21:00:00,400.0,400.0,76.429316,23.069973,727.762576,0.0,107.159838,683.552,0.0,655.768414
2020-09-21 22:00:00,400.0,400.0,23.437807,23.069973,1012.927751,0.0,0.0,503.632,0.0,586.005637
2020-09-21 23:00:00,400.0,400.0,74.617414,23.128644,556.899516,0.0,112.853457,360.646,0.0,526.461973
2020-09-22 00:00:00,400.0,400.0,23.128644,22.23556,859.700955,0.0,0.0,428.368,0.0,491.200057
2020-09-22 01:00:00,400.0,400.0,76.429316,22.23556,291.26807,0.0,317.82712,456.916,0.0,474.247189
2020-09-22 02:00:00,400.0,400.0,73.069973,21.122752,525.656869,0.0,45.6217,481.214,0.0,442.73357
2020-09-22 03:00:00,400.0,400.0,73.437807,20.526636,445.401325,0.0,136.064776,463.102,0.0,452.055101
2020-09-22 04:00:00,400.0,400.0,76.429316,20.526636,287.103821,0.0,313.727106,417.93,0.0,469.023927
2020-09-22 05:00:00,400.0,400.0,158.035526,21.368347,5.353254,0.0,641.048058,389.362,0.0,507.001312
2020-09-22 06:00:00,400.0,400.0,500.0,0.0,0.0,20.122877,725.108232,562.252,0.0,536.756232
2020-09-22 07:00:00,400.0,400.0,72.96816,0.0,606.426837,0.0,143.285237,1397.714,0.0,568.093074
2020-09-22 08:00:00,400.0,400.0,20.419098,0.0,985.564831,0.0,0.0,2089.462,0.0,614.984575
2020-09-22 09:00:00,400.0,400.0,19.68943,0.0,1164.524974,0.0,0.0,2469.538,0.0,645.151954
2020-09-22 10:00:00,400.0,400.0,19.68943,0.0,1160.449039,0.0,0.0,2760.612,0.0,689.424444
2020-09-22 11:00:00,400.0,400.0,20.400003,0.0,1048.272772,0.0,0.0,2902.7,0.0,727.564084
2020-09-22 12:00:00,400.0,400.0,71.116411,20.90376,906.24381,0.0,35.322118,2985.83,0.0,764.637928
2020-09-22 13:00:00,400.0,400.0,19.983547,25.197925,1134.171541,0.0,0.0,2909.882,0.0,800.506569
2020-09-22 14:00:00,400.0,400.0,20.419098,25.495765,1571.769117,0.0,0.0,2816.81,0.0,829.656132
2020-09-22 15:00:00,400.0,400.0,22.96816,23.069973,1308.708285,0.0,0.0,2457.064,0.0,842.903357
2020-09-22 16:00:00,400.0,400.0,22.492854,26.167016,1429.30722,0.0,0.0,2002.696,0.0,833.158317
2020-09-22 17:00:00,400.0,400.0,23.206766,68.922112,1560.230785,0.0,0.0,1294.048,0.0,790.472582
2020-09-22 18:00:00,400.0,400.0,23.87513,76.755559,1413.653724,0.0,0.0,1099.7,0.0,788.106941
2020-09-22 19:00:00,400.0,400.0,23.128644,27.401355,1611.48059,0.0,0.0,1281.196,0.0,780.857311
2020-09-22 20:00:00,400.0,400.0,22.656017,25.9087,1764.059877,0.0,0.0,1506.392508,97.957492,738.499895
2020-09-22 21:00:00,400.0,400.0,22.632352,25.56088,1635.439115,0.0,0.0,1341.70067,273.41933,679.839233
2020-09-22 22:00:00,400.0,400.0,22.709794,25.638701,1160.26014,0.0,0.0,1132.446428,231.217572,613.227943
2020-09-22 23:00:00,400.0,400.0,21.708134,22.335927,1326.958671,0.0,0.0,1268.732606,254.801394,555.41609
2020-09-23 00:00:00,400.0,400.0,22.335927,23.97613,795.265884,0.0,0.0,1199.463358,185.964642,518.279621
2020-09-23 01:00:00,400.0,400.0,21.647258,23.057368,732.609791,0.0,0.0,989.216,0.0,496.140931
2020-09-23 02:00:00,400.0,400.0,18.072542,22.23556,1392.101294,0.0,0.0,1547.232,0.0,480.919606
2020-09-23 03:00:00,400.0,400.0,0.0,20.234035,1322.0,0.0,0.0,1817.270893,414.063107,478.690634
2020-09-23 04:00:00,400.0,400.0,0.0,19.034775,1318.0,0.0,0.0,1923.072631,226.525369,495.160895
2020-09-23 05:00:00,400.0,400.0,18.926085,32.69975,1247.777779,0.0,0.0,2115.14244,220.40956,535.704699
2020-09-23 06:00:00,400.0,400.0,19.899927,0.0,1198.446193,0.0,0.0,2296.416101,256.081899,569.095486
2020-09-23 07:00:00,400.0,400.0,0.0,0.0,1315.0,0.0,0.0,2593.261182,798.054818,596.139177
2020-09-23 08:00:00,400.0,400.0,0.0,0.0,1308.0,0.0,0.0,2880.362845,971.221155,640.254427
2020-09-23 09:00:00,400.0,400.0,0.0,0.0,1305.0,0.0,0.0,3112.807149,993.490851,675.571072
2020-09-23 10:00:00,400.0,400.0,0.0,0.0,1303.0,0.0,0.0,3311.632109,832.481891,705.694816
2020-09-23 11:00:00,400.0,400.0,0.0,0.0,1302.0,0.0,0.0,3462.143858,776.606142,728.421579
2020-09-23 12:00:00,400.0,400.0,0.0,0.0,1301.0,0.0,0.0,3598.797534,742.772466,749.06963
2020-09-23 13:00:00,398.0,400.0,0.0,18.861019,1301.0,0.0,0.0,3675.022303,633.445697,760.503345
2020-09-23 14:00:00,400.0,400.0,0.0,0.0,1299.0,0.0,0.0,3538.155183,593.146817,765.773277
2020-09-23 15:00:00,400.0,400.0,0.0,0.0,1485.0,0.0,0.0,3227.489431,849.562569,770.023415
2020-09-23 16:00:00,398.0,400.0,0.0,17.243604,1857.0,0.0,0.0,2965.760226,326.225774,755.964034
2020-09-23 17:00:00,400.0,400.0,18.861019,22.96816,1851.320656,0.0,0.0,2495.312,0.0,717.298702
2020-09-23 18:00:00,400.0,400.0,19.68943,68.164964,1742.190308,0.0,0.0,2311.44,0.0,724.237454
2020-09-23 19:00:00,400.0,400.0,19.034775,74.617414,1937.793119,0.0,0.0,2258.8,0.0,723.301032
2020-09-23 20:00:00,400.0,400.0,0.0,51.17331,2220.0,0.0,0.0,2391.120522,56.143478,684.318078
2020-09-23 21:00:00,400.0,400.0,0.0,24.074771,1975.0,0.0,0.0,2234.074908,563.085092,633.011236
2020-09-23 22:00:00,398.0,400.0,0.0,0.0,1793.0,0.0,0.0,1986.278765,654.485235,569.891815
2020-09-23 23:00:00,400.0,400.0,0.0,0.0,1421.0,0.0,0.0,1996.256466,502.673534,520.68847
2020-09-24 00:00:00,400.0,400.0,0.0,-0.0,1140.0,0.0,0.0,1980.79888,361.55312,484.019832
2020-09-24 01:00:00,398.0,400.0,0.0,-0.0,1138.0,0.0,0.0,1816.544484,383.557516,459.681673
2020-09-24 02:00:00,398.0,400.0,0.0,-0.0,1143.0,0.0,0.0,1746.556611,539.205389,448.433492
2020-09-24 03:00:00,398.0,400.0,0.0,-0.0,1146.0,0.0,0.0,1717.48686,674.94514,443.623029
2020-09-24 04:00:00,398.0,400.0,0.0,-0.0,1142.0,0.0,0.0,1827.69139,453.97861,460.753709
2020-09-24 05:00:00,400.0,400.0,0.0,-0.0,1141.0,0.0,0.0,2078.68327,283.34873,498.552491
2020-09-24 06:00:00,398.0,400.0,0.0,-0.0,1145.0,0.0,0.0,2310.81622,387.00178,532.772433
2020-09-24 07:00:00,398.0,400.0,0.0,-0.0,1139.0,0.0,0.0,2474.846643,1113.757357,558.276996
2020-09-24 08:00:00,398.0,400.0,0.0,-0.0,1130.0,0.0,0.0,2713.054599,1154.365401,595.35819
2020-09-24 09:00:00,398.0,400.0,0.0,-0.0,1136.0,0.0,0.0,2905.145381,1652.234619,623.271807
2020-09-24 10:00:00,398.0,400.0,0.0,-0.0,1136.0,0.0,0.0,3117.737444,1865.914556,655.160617
2020-09-24 11:00:00,398.0,400.0,0.0,-0.0,1127.0,0.0,0.0,3205.613163,1636.486837,678.991974
2020-09-24 12:00:00,400.0,400.0,-0.0,-0.0,1211.0,0.0,0.0,3344.242899,1329.993101,701.136435
2020-09-24 13:00:00,398.0,400.0,0.0,-0.0,1211.0,0.0,0.0,3473.484677,1150.153323,720.522702
2020-09-24 14:00:00,400.0,400.0,0.0,-0.0,1208.0,0.0,0.0,3605.31123,675.83677,740.746685
2020-09-24 15:00:00,400.0,400.0,0.0,10.703168,1208.0,0.0,0.0,3503.22886,578.75714,750.934329
2020-09-24 16:00:00,398.0,400.0,0.0,31.190009,1395.0,0.0,0.0,2911.775944,434.392056,741.716392
2020-09-24 17:00:00,400.0,400.0,21.70426,22.632352,1752.951663,0.0,0.0,2481.022348,48.709652,711.610603
2020-09-24 18:00:00,400.0,400.0,23.592361,75.433611,1038.846389,0.0,0.0,1808.175248,251.614752,721.399329
2020-09-24 19:00:00,400.0,400.0,75.557295,68.65717,872.170449,0.0,64.843781,1636.245318,153.072682,720.01123
2020-09-24 20:00:00,400.0,400.0,50.412666,22.972766,891.624647,0.0,0.0,1484.08896,249.32704,683.019647
2020-09-24 21:00:00,400.0,400.0,22.972766,22.656017,1143.29205,0.0,0.0,1409.98273,249.92727,634.153602
2020-09-24 22:00:00,400.0,400.0,21.905537,21.122752,1425.155514,0.0,0.0,1278.509224,235.644776,572.153056
2020-09-24 23:00:00,400.0,400.0,22.23556,20.42044,1179.347157,0.0,0.0,1030.784574,125.137426,518.615613
2020-09-25 00:00:00,400.0,400.0,21.116714,21.122752,975.056921,0.0,0.0,951.262,0.0,484.080762
2020-09-25 01:00:00,400.0,400.0,19.983547,19.794116,1155.681614,0.0,0.0,1062.8,0.0,465.467758
2020-09-25 02:00:00,400.0,400.0,19.430296,-0.0,1267.706461,0.0,0.0,1094.87,0.0,453.474531
2020-09-25 03:00:00,400.0,400.0,19.983547,18.861019,1152.253081,0.0,0.0,981.33,0.0,453.761538
2020-09-25 04:00:00,400.0,400.0,20.419098,19.983547,1049.252816,0.0,0.0,989.432,0.0,470.426878
2020-09-25 05:00:00,400.0,400.0,22.709794,54.165854,823.065463,0.0,0.0,1034.79331,70.73869,511.159177
2020-09-25 06:00:00,400.0,400.0,78.13491,1.861425,337.990146,0.0,382.524231,1138.745993,144.234007,546.263377
2020-09-25 07:00:00,400.0,400.0,21.122752,-0.0,978.358975,0.0,0.0,1956.980811,38.059189,572.943275
2020-09-25 08:00:00,400.0,400.0,19.68943,-0.0,1071.117283,0.0,0.0,2296.67,0.0,609.982908
2020-09-25 09:00:00,400.0,400.0,19.68943,-0.0,1086.219849,0.0,0.0,2484.788,0.0,635.935223
2020-09-25 10:00:00,400.0,400.0,19.68943,-0.0,1117.590792,0.0,0.0,2647.382,0.0,655.618681
2020-09-25 11:00:00,400.0,400.0,19.68943,18.861019,1086.774974,0.0,0.0,2744.55,0.0,674.816254
2020-09-25 12:00:00,400.0,400.0,19.68943,18.861019,1073.110385,0.0,0.0,2824.77,0.0,688.898942
2020-09-25 13:00:00,400.0,400.0,19.68943,19.68943,1117.579109,0.0,0.0,2937.512,0.0,699.139934
2020-09-25 14:00:00,400.0,400.0,19.983547,21.405972,1016.239795,0.0,0.0,2681.412,0.0,705.925831
2020-09-25 15:00:00,400.0,400.0,19.034775,23.964094,1326.119224,0.0,0.0,2582.164,0.0,704.706716
2020-09-25 16:00:00,400.0,400.0,16.970947,25.395807,1721.184349,0.0,0.0,2116.048,0.0,689.079548
2020-09-25 17:00:00,400.0,400.0,21.647258,27.307149,1664.128797,0.0,0.0,1260.0,0.0,666.43068
2020-09-25 18:00:00,400.0,400.0,22.96816,76.755559,1380.731711,0.0,0.0,973.162,0.0,677.914543
2020-09-25 19:00:00,400.0,400.0,23.206766,66.474647,1216.726261,0.0,0.0,892.68,0.0,684.443061
2020-09-25 20:00:00,400.0,400.0,22.516066,23.657594,1510.839081,0.0,0.0,884.24,0.0,633.060138
2020-09-25 21:00:00,400.0,400.0,22.576747,24.587434,1272.590105,0.0,0.0,803.932,0.0,603.501284
2020-09-25 22:00:00,400.0,400.0,22.576747,23.437807,1292.741804,0.0,0.0,557.762,0.0,563.553029
2020-09-25 23:00:00,400.0,400.0,23.069973,23.128644,1023.144152,0.0,0.0,335.73,0.0,517.437877
2020-09-26 00:00:00,400.0,400.0,23.069973,27.165661,846.360375,0.0,0.0,278.372,0.0,482.101744
2020-09-26 01:00:00,400.0,400.0,22.732362,23.437807,947.837809,0.0,0.0,223.73,0.0,458.683829
2020-09-26 02:00:00,400.0,400.0,21.843654,23.128644,1102.035056,0.0,0.0,269.884,0.0,442.477342
2020-09-26 03:00:00,400.0,400.0,21.843654,23.069973,1118.588832,0.0,0.0,243.248,0.0,435.998875
2020-09-26 04:00:00,400.0,400.0,22.185841,23.128644,1075.44611,0.0,0.0,229.252,0.0,440.370884
2020-09-26 05:00:00,400.0,400.0,22.492854,33.657797,1067.527057,0.0,0.0,261.92,0.0,446.458941
2020-09-26 06:00:00,400.0,400.0,73.437807,19.983547,469.834905,0.0,112.111159,453.102,0.0,458.290064
2020-09-26 07:00:00,400.0,400.0,19.68943,18.861019,1201.561137,0.0,0.0,1361.31,0.0,484.762329
2020-09-26 08:00:00,400.0,400.0,18.072542,0.0,1478.522862,0.0,0.0,1986.402,0.0,536.981871
2020-09-26 09:00:00,400.0,400.0,0.0,0.0,1535.0,0.0,0.0,2250.756293,139.893707,568.163444
2020-09-26 10:00:00,400.0,400.0,0.0,0.0,1533.0,0.0,0.0,2428.971098,173.378902,595.195665
2020-09-26 11:00:00,400.0,400.0,0.0,0.0,1532.0,0.0,0.0,2545.862627,218.725373,612.879394
2020-09-26 12:00:00,400.0,400.0,0.0,0.0,1529.0,0.0,0.0,2636.26855,200.68545,626.890282
2020-09-26 13:00:00,398.0,400.0,0.0,19.034775,1530.0,0.0,0.0,2742.525763,21.544237,642.678864
2020-09-26 14:00:00,400.0,400.0,19.430296,19.983547,1291.340619,0.0,0.0,2584.552,0.0,654.781707
2020-09-26 15:00:00,400.0,400.0,19.68943,21.474047,1192.27389,0.0,0.0,2362.722,0.0,661.867216
2020-09-26 16:00:00,400.0,400.0,19.68943,24.556067,1411.85431,0.0,0.0,1842.33,0.0,655.121354
2020-09-26 17:00:00,400.0,400.0,22.576747,26.961519,1281.391537,0.0,0.0,1016.364,0.0,637.345869
2020-09-26 18:00:00,400.0,400.0,23.206766,76.324557,1037.26092,0.0,0.0,707.212,0.0,648.742662
2020-09-26 19:00:00,400.0,400.0,24.617414,66.747644,862.206086,0.0,0.0,579.17,0.0,656.094587
2020-09-26 20:00:00,400.0,400.0,23.206766,26.439995,1105.02762,0.0,0.0,569.32,0.0,618.193857
2020-09-26 21:00:00,400.0,400.0,23.128644,24.617414,1103.830521,0.0,0.0,421.998,0.0,588.025122
2020-09-26 22:00:00,400.0,400.0,23.437807,23.128644,908.354415,0.0,0.0,301.19,0.0,545.975338
2020-09-26 23:00:00,400.0,400.0,23.128644,23.069973,806.19216,0.0,0.0,273.168,0.0,503.846376
2020-09-27 00:00:00,400.0,400.0,22.576747,27.275069,938.500629,0.0,0.0,293.23,0.0,470.509406
2020-09-27 01:00:00,400.0,400.0,23.069973,23.471044,695.330524,0.0,0.0,248.95,0.0,447.092921
2020-09-27 02:00:00,400.0,400.0,22.492854,23.069973,805.115424,0.0,0.0,263.852,0.0,432.860486
2020-09-27 03:00:00,400.0,400.0,21.647258,23.069973,910.418806,0.0,0.0,297.462,0.0,422.106479
2020-09-27 04:00:00,400.0,400.0,21.647258,23.069973,899.379891,0.0,0.0,309.386,0.0,425.550916
2020-09-27 05:00:00,400.0,400.0,21.647258,32.43328,920.787868,0.0,0.0,311.952,0.0,422.72462
2020-09-27 06:00:00,400.0,400.0,21.647258,18.861019,728.923915,0.0,0.0,485.77,0.0,424.326913
2020-09-27 07:00:00,398.0,400.0,0.0,0.0,1537.0,0.0,0.0,1436.501605,28.266395,445.725241
2020-09-27 08:00:00,400.0,400.0,0.0,0.0,1536.0,0.0,0.0,1762.887709,279.924291,494.833156
2020-09-27 09:00:00,400.0,400.0,0.0,0.0,1536.0,0.0,0.0,2038.778491,293.421509,536.216774
2020-09-27 10:00:00,400.0,400.0,0.0,0.0,1534.0,0.0,0.0,2252.339448,363.760552,568.550917
2020-09-27 11:00:00,400.0,400.0,0.0,0.0,1531.0,0.0,0.0,2458.953401,380.928599,599.99301
2020-09-27 12:00:00,400.0,400.0,0.0,16.970947,1528.0,0.0,0.0,2628.686016,208.003984,625.902902
2020-09-27 13:00:00,400.0,400.0,16.970947,19.68943,1465.215493,0.0,0.0,2748.5,0.0,653.292676
2020-09-27 14:00:00,400.0,400.0,18.861019,21.364537,1352.912015,0.0,0.0,2627.548,0.0,677.495398
2020-09-27 15:00:00,400.0,400.0,19.034775,22.656356,1454.099994,0.0,0.0,2479.204,0.0,693.315601
2020-09-27 16:00:00,400.0,400.0,19.430296,24.264325,1582.36935,0.0,0.0,1932.052,0.0,696.252397
2020-09-27 17:00:00,400.0,400.0,22.96816,28.379806,1356.974887,0.0,0.0,1053.0,0.0,681.453767
2020-09-27 18:00:00,400.0,400.0,23.444698,76.245579,1072.696882,0.0,0.0,781.616,0.0,695.087868
2020-09-27 19:00:00,400.0,400.0,25.9087,67.954047,980.051446,0.0,0.0,701.84,0.0,699.568283
2020-09-27 20:00:00,400.0,400.0,23.437807,25.611356,1140.806976,0.0,0.0,615.98,0.0,656.575954
2020-09-27 21:00:00,400.0,400.0,23.444698,23.59785,989.241258,0.0,0.0,530.386,0.0,613.221711
2020-09-27 22:00:00,400.0,400.0,22.96816,22.732362,1283.648422,0.0,0.0,431.368,0.0,554.207937
2020-09-27 23:00:00,400.0,400.0,23.069973,23.437807,871.267564,0.0,0.0,419.682,0.0,507.812165
2020-09-28 00:00:00,400.0,400.0,22.576747,22.732362,1007.573631,0.0,0.0,332.95,0.0,474.356455
2020-09-28 01:00:00,400.0,400.0,22.492854,22.576747,1082.445895,0.0,0.0,294.384,0.0,457.340716
2020-09-28 02:00:00,400.0,400.0,21.647258,22.492854,1176.41686,0.0,0.0,312.698,0.0,445.992171
2020-09-28 03:00:00,400.0,400.0,21.843654,22.576747,1153.167893,0.0,0.0,304.752,0.0,448.287616
2020-09-28 04:00:00,400.0,400.0,21.647258,23.128644,1200.417244,0.0,0.0,325.888,0.0,469.870613
2020-09-28 05:00:00,400.0,400.0,22.96816,73.915834,1081.758578,0.0,0.0,301.668,0.0,511.786413
2020-09-28 06:00:00,400.0,400.0,23.128644,20.846138,978.295607,0.0,0.0,434.852,0.0,547.283459
2020-09-28 07:00:00,400.0,400.0,19.68943,19.68943,1771.395967,0.0,0.0,1434.0,0.0,578.190605
2020-09-28 08:00:00,400.0,400.0,19.034775,0.0,1914.777683,0.0,0.0,1899.728,0.0,626.542548
2020-09-28 09:00:00,400.0,400.0,16.970947,0.0,2077.729553,0.0,0.0,2297.35,0.0,661.743067
2020-09-28 10:00:00,400.0,400.0,16.970947,19.034775,2086.653228,0.0,0.0,2577.172,0.0,702.377816
2020-09-28 11:00:00,400.0,400.0,18.573789,20.400003,2027.334599,0.0,0.0,2731.35,0.0,734.40231
2020-09-28 12:00:00,400.0,400.0,19.685338,21.288154,1830.368521,0.0,0.0,2737.746,0.0,764.906622
2020-09-28 13:00:00,400.0,400.0,20.846138,22.576747,1570.200678,0.0,0.0,2700.228,0.0,798.304098
2020-09-28 14:00:00,400.0,400.0,20.419098,26.131767,1605.772384,0.0,0.0,2575.502,0.0,825.259442
2020-09-28 15:00:00,400.0,400.0,21.474047,24.652194,1808.598573,0.0,0.0,2347.61,0.0,841.651714
2020-09-28 16:00:00,400.0,400.0,22.576747,27.401355,1704.813606,0.0,0.0,1835.738,0.0,833.688659
2020-09-28 17:00:00,400.0,400.0,24.617414,72.612806,1378.21354,0.0,0.0,1066.928,0.0,798.707169
2020-09-28 18:00:00,400.0,400.0,25.9087,75.200156,1269.697713,0.0,0.0,851.0,0.0,787.995343
2020-09-28 19:00:00,400.0,400.0,26.324557,27.455947,1169.756727,0.0,0.0,826.55,0.0,782.068991
2020-09-28 20:00:00,400.0,400.0,23.437807,26.662785,1478.105811,0.0,0.0,789.04,0.0,730.190128
2020-09-28 21:00:00,400.0,400.0,23.87513,25.9087,1282.000786,0.0,0.0,551.35,0.0,670.702382
2020-09-28 22:00:00,400.0,400.0,23.87513,26.326857,907.865261,0.0,0.0,440.684,0.0,603.722811
2020-09-28 23:00:00,400.0,400.0,23.657594,23.128644,823.090297,0.0,0.0,340.898,0.0,548.221155
2020-09-29 00:00:00,400.0,400.0,22.732362,23.069973,1144.048927,0.0,0.0,412.818,0.0,510.865361
2020-09-29 01:00:00,400.0,400.0,22.732362,22.492854,1165.274581,0.0,0.0,262.8,0.0,485.178813
2020-09-29 02:00:00,400.0,400.0,22.185841,22.185841,1267.300643,0.0,0.0,274.232,0.0,471.589704
2020-09-29 03:00:00,400.0,400.0,21.647258,22.516066,1332.491764,0.0,0.0,313.12,0.0,467.644235
2020-09-29 04:00:00,400.0,400.0,22.185841,23.128644,1269.279341,0.0,0.0,368.016,0.0,485.360499
2020-09-29 05:00:00,400.0,400.0,23.128644,55.392772,1015.364547,0.0,0.0,372.246,0.0,528.882218
2020-09-29 06:00:00,400.0,400.0,23.657594,21.474047,815.980714,0.0,0.0,452.384,0.0,566.010493
2020-09-29 07:00:00,400.0,400.0,21.474047,19.68943,1382.098941,0.0,0.0,1215.298,0.0,595.529859
2020-09-29 08:00:00,400.0,400.0,20.400003,19.034775,1628.221688,0.0,0.0,1767.966,0.0,641.511647
2020-09-29 09:00:00,400.0,400.0,20.400003,19.034775,1622.475648,0.0,0.0,2035.4,0.0,682.488653
2020-09-29 10:00:00,400.0,400.0,20.419098,19.034775,1615.702498,0.0,0.0,2303.496,0.0,723.719025
2020-09-29 11:00:00,400.0,400.0,19.68943,19.983547,1729.946089,0.0,0.0,2676.836,0.0,762.583487
2020-09-29 12:00:00,400.0,400.0,20.419098,21.474047,1607.587749,0.0,0.0,2797.234,0.0,798.996938
2020-09-29 13:00:00,400.0,400.0,21.116714,23.166987,1487.71413,0.0,0.0,2735.718,0.0,833.25058
2020-09-29 14:00:00,400.0,400.0,21.287879,25.537157,1628.378318,0.0,0.0,2526.168,0.0,859.468452
2020-09-29 15:00:00,400.0,400.0,21.474047,24.617414,1951.836622,0.0,0.0,2242.38,0.0,874.881507
2020-09-29 16:00:00,400.0,400.0,22.96816,28.809859,1915.511244,0.0,0.0,1760.152,0.0,863.496113
2020-09-29 17:00:00,400.0,400.0,26.324557,75.253898,1307.379648,0.0,0.0,889.02,0.0,828.846053
2020-09-29 18:00:00,400.0,400.0,26.429316,71.568919,1246.869235,0.0,0.0,722.15,0.0,814.092115
2020-09-29 19:00:00,400.0,400.0,26.429316,28.213816,1253.510924,0.0,0.0,717.768,0.0,806.438561
2020-09-29 20:00:00,400.0,400.0,26.324557,26.769322,1163.749996,0.0,0.0,616.88,0.0,751.519501
2020-09-29 21:00:00,400.0,400.0,24.62179,25.758899,1115.152531,0.0,0.0,541.67,0.0,694.27762
2020-09-29 22:00:00,400.0,400.0,23.437807,25.691972,1132.60442,0.0,0.0,446.078,0.0,624.071037
2020-09-29 23:00:00,400.0,400.0,23.128644,23.206766,1075.759138,0.0,0.0,354.362,0.0,565.590429
2020-09-30 00:00:00,400.0,400.0,22.185841,22.576747,1388.656317,0.0,0.0,371.548,0.0,521.233752
2020-09-30 01:00:00,400.0,400.0,21.474047,22.185841,1520.532764,0.0,0.0,331.072,0.0,495.380885
2020-09-30 02:00:00,400.0,400.0,21.287879,21.647258,1584.209764,0.0,0.0,285.298,0.0,478.963235
2020-09-30 03:00:00,400.0,400.0,21.116411,21.647258,1642.061471,0.0,0.0,295.948,0.0,471.882979
2020-09-30 04:00:00,400.0,400.0,21.288154,22.732362,1530.667615,0.0,0.0,315.19,0.0,491.478358
2020-09-30 05:00:00,400.0,400.0,22.732362,23.206766,1224.100291,0.0,0.0,283.662,0.0,532.734256
2020-09-30 06:00:00,400.0,400.0,23.069973,20.419098,1111.246813,0.0,0.0,394.662,0.0,566.312278
2020-09-30 07:00:00,400.0,400.0,19.983547,18.861019,1838.579386,0.0,0.0,1329.238,0.0,597.398792
2020-09-30 08:00:00,400.0,400.0,18.861019,18.573789,2081.222025,0.0,0.0,1895.12,0.0,645.884696
2020-09-30 09:00:00,400.0,400.0,18.861019,18.861019,2088.984629,0.0,0.0,2179.122,0.0,687.320606
2020-09-30 10:00:00,400.0,400.0,18.861019,19.685338,2053.279283,0.0,0.0,2430.672,0.0,730.408908
2020-09-30 11:00:00,400.0,400.0,19.430296,20.400003,1966.663975,0.0,0.0,2613.828,0.0,770.874604
2020-09-30 12:00:00,400.0,400.0,19.983547,21.288154,1798.818611,0.0,0.0,2730.682,0.0,813.579508
2020-09-30 13:00:00,400.0,400.0,21.116714,22.576747,1601.557752,0.0,0.0,2777.234,0.0,850.151437
2020-09-30 14:00:00,400.0,400.0,21.647258,23.71745,1490.136091,0.0,0.0,2669.27,0.0,876.170086
2020-09-30 15:00:00,400.0,400.0,21.288154,23.437807,1738.500394,0.0,0.0,2468.448,0.0,887.542141
2020-09-30 16:00:00,400.0,400.0,22.576747,28.870012,1851.183627,0.0,0.0,1948.682,0.0,873.674756
2020-09-30 17:00:00,400.0,400.0,25.758899,72.634009,1431.644194,0.0,0.0,1094.302,0.0,837.398671
2020-09-30 18:00:00,400.0,400.0,26.324557,76.845129,1322.912855,0.0,0.0,826.44,0.0,817.729072
2020-09-30 19:00:00,400.0,400.0,26.429316,26.755559,1276.528319,0.0,0.0,717.232,0.0,802.905552
2020-09-30 20:00:00,400.0,400.0,23.87513,26.830504,1567.271188,0.0,0.0,635.0,0.0,746.959322
2020-09-30 21:00:00,400.0,400.0,26.429316,25.9087,981.094986,0.0,0.0,365.912,0.0,688.022552
2020-09-30 22:00:00,400.0,400.0,24.617414,23.87513,1124.774561,0.0,0.0,378.496,0.0,615.108216
2020-09-30 23:00:00,400.0,400.0,23.206766,23.437807,1113.844494,0.0,0.0,295.166,0.0,550.998226
2020-10-01 00:00:00,400.0,400.0,22.732362,23.069973,1338.02286,0.0,0.0,310.67,0.0,519.697071
2020-10-01 01:00:00,400.0,400.0,22.516066,22.732362,1405.978104,0.0,0.0,262.162,0.0,502.227584
2020-10-01 02:00:00,400.0,400.0,21.647258,22.492854,1509.49711,0.0,0.0,231.232,0.0,482.060234
2020-10-01 03:00:00,400.0,400.0,21.647258,22.492854,1538.25854,0.0,0.0,241.332,0.0,479.261019
2020-10-01 04:00:00,400.0,400.0,21.843654,23.069973,1469.456654,0.0,0.0,269.0,0.0,493.731502
2020-10-01 05:00:00,400.0,400.0,23.069973,23.437807,1226.508206,0.0,0.0,263.33,0.0,529.323269
2020-10-01 06:00:00,400.0,400.0,23.128644,20.419098,1169.106743,0.0,0.0,389.88,0.0,556.915989
2020-10-01 07:00:00,400.0,400.0,20.419098,19.034775,1791.608512,0.0,0.0,1213.52,0.0,587.086723
2020-10-01 08:00:00,400.0,400.0,19.034775,19.034775,2077.557695,0.0,0.0,1835.148,0.0,637.438546
2020-10-01 09:00:00,400.0,400.0,19.685338,19.68943,2000.27892,0.0,0.0,2080.362,0.0,685.812462
2020-10-01 10:00:00,400.0,400.0,19.983547,19.983547,1854.238969,0.0,0.0,2286.15,0.0,738.586655
2020-10-01 11:00:00,400.0,400.0,20.419098,21.116411,1795.341581,0.0,0.0,2524.25,0.0,783.136263
2020-10-01 12:00:00,400.0,400.0,21.288154,21.843654,1609.317666,0.0,0.0,2598.18,0.0,822.12935
2020-10-01 13:00:00,400.0,400.0,22.516066,22.732362,1404.505979,0.0,0.0,2541.8,0.0,844.394103
2020-10-01 14:00:00,400.0,400.0,22.732362,23.683207,1366.37349,0.0,0.0,2429.76,0.0,858.807976
2020-10-01 15:00:00,400.0,400.0,22.516066,23.437807,1593.0935,0.0,0.0,2235.572,0.0,874.421775
2020-10-01 16:00:00,400.0,400.0,22.732362,29.664599,1870.96155,0.0,0.0,1883.78,0.0,860.972767
2020-10-01 17:00:00,400.0,400.0,23.444698,71.781591,1636.552162,0.0,0.0,1200.22,0.0,823.750176
2020-10-01 18:00:00,400.0,400.0,24.617414,75.221359,1530.474177,0.0,0.0,959.55,0.0,808.361373
2020-10-01 19:00:00,400.0,400.0,25.9087,27.836723,1399.004416,0.0,0.0,771.16,0.0,792.623338
2020-10-01 20:00:00,400.0,400.0,24.617414,27.186656,1323.312253,0.0,0.0,702.7,0.0,740.458162
2020-10-01 21:00:00,400.0,400.0,23.437807,25.924422,1297.474674,0.0,0.0,638.962,0.0,681.523099
2020-10-01 22:00:00,400.0,400.0,23.069973,23.444698,1292.495431,0.0,0.0,551.716,0.0,615.933085
2020-10-01 23:00:00,400.0,400.0,22.732362,23.069973,1227.405995,0.0,0.0,471.1,0.0,560.354101
2020-10-02 00:00:00,400.0,400.0,21.843654,21.647258,1419.843259,0.0,0.0,418.722,0.0,523.631811
2020-10-02 01:00:00,400.0,400.0,21.474047,21.288154,1507.957747,0.0,0.0,351.568,0.0,500.341538
2020-10-02 02:00:00,400.0,400.0,21.116411,21.474047,1625.800426,0.0,0.0,366.768,0.0,484.945136
2020-10-02 03:00:00,400.0,400.0,21.287879,21.647258,1589.817696,0.0,0.0,286.132,0.0,478.247146
2020-10-02 04:00:00,400.0,400.0,21.647258,22.492854,1488.41861,0.0,0.0,277.968,0.0,492.232408
2020-10-02 05:00:00,400.0,400.0,22.576747,23.069973,1293.345623,0.0,0.0,323.132,0.0,528.267957
2020-10-02 06:00:00,400.0,400.0,22.96816,19.68943,1184.579854,0.0,0.0,375.596,0.0,552.452422
2020-10-02 07:00:00,400.0,400.0,19.68943,18.463561,1856.009533,0.0,0.0,1240.304,0.0,581.44417
2020-10-02 08:00:00,400.0,400.0,18.573789,16.970947,2126.553037,0.0,0.0,1829.038,0.0,629.172744
2020-10-02 09:00:00,400.0,400.0,19.034775,18.861019,2017.10378,0.0,0.0,2029.868,0.0,675.714633
2020-10-02 10:00:00,400.0,400.0,19.685338,19.034775,1931.131777,0.0,0.0,2247.496,0.0,721.254633
2020-10-02 11:00:00,400.0,400.0,19.685338,19.983547,1921.006857,0.0,0.0,2491.734,0.0,759.409071
2020-10-02 12:00:00,400.0,400.0,20.400003,20.419098,1752.537611,0.0,0.0,2573.83,0.0,796.993858
2020-10-02 13:00:00,400.0,400.0,21.287879,21.647258,1575.735049,0.0,0.0,2606.35,0.0,828.392243
2020-10-02 14:00:00,400.0,400.0,21.287879,23.282522,1574.045942,0.0,0.0,2570.882,0.0,848.825409
2020-10-02 15:00:00,400.0,400.0,21.287879,23.128644,1748.207098,0.0,0.0,2205.652,0.0,846.666735
2020-10-02 16:00:00,400.0,400.0,22.96816,29.412628,1721.774485,0.0,0.0,1662.796,0.0,824.703227
2020-10-02 17:00:00,400.0,400.0,26.324557,70.145367,1139.725684,0.0,0.0,828.068,0.0,788.001347
2020-10-02 18:00:00,400.0,400.0,25.9087,76.525384,1208.99923,0.0,0.0,723.752,0.0,769.762916
2020-10-02 19:00:00,400.0,400.0,26.324557,26.576835,1136.736315,0.0,0.0,647.8,0.0,760.209553
2020-10-02 20:00:00,400.0,400.0,23.657594,26.732932,1415.343055,0.0,0.0,598.614,0.0,711.040642
2020-10-02 21:00:00,400.0,400.0,23.657594,26.324557,1311.546165,0.0,0.0,540.634,0.0,664.663175
2020-10-02 22:00:00,400.0,400.0,24.617414,23.437807,879.404125,0.0,0.0,479.47,0.0,613.809881
2020-10-02 23:00:00,400.0,400.0,23.444698,23.444698,831.623239,0.0,0.0,463.1,0.0,565.271514
2020-10-03 00:00:00,400.0,400.0,23.437807,26.271382,709.32309,0.0,0.0,439.034,0.0,526.756636
2020-10-03 01:00:00,400.0,400.0,23.069973,26.914851,826.50348,0.0,0.0,406.862,0.0,504.353778
2020-10-03 02:00:00,400.0,400.0,23.128644,23.25743,632.81442,0.0,0.0,450.04,0.0,486.633837
2020-10-03 03:00:00,400.0,400.0,23.069973,22.185841,719.319414,0.0,0.0,455.248,0.0,474.439288
2020-10-03 04:00:00,400.0,400.0,22.96816,22.185841,750.246649,0.0,0.0,480.416,0.0,473.575403
2020-10-03 05:00:00,400.0,400.0,23.069973,21.116714,675.65801,0.0,0.0,437.782,0.0,478.368598
2020-10-03 06:00:00,400.0,400.0,22.732362,0.0,779.151962,0.0,0.0,575.3,0.0,483.472206
2020-10-03 07:00:00,400.0,400.0,18.861019,0.0,1578.200773,0.0,0.0,1500.18,0.0,502.346884
2020-10-03 08:00:00,400.0,400.0,0.0,0.0,1702.0,0.0,0.0,2020.559483,205.040517,561.833922
2020-10-03 09:00:00,400.0,400.0,0.0,0.0,1698.0,0.0,0.0,2302.417771,345.530229,604.712666
2020-10-03 10:00:00,400.0,400.0,18.072542,9.22825,1661.056378,0.0,0.0,2546.548,0.0,646.873743
2020-10-03 11:00:00,400.0,400.0,18.861019,19.685338,1567.956453,0.0,0.0,2711.868,0.0,685.636732
2020-10-03 12:00:00,400.0,400.0,18.861019,20.400003,1562.338812,0.0,0.0,2888.102,0.0,712.914478
2020-10-03 13:00:00,400.0,400.0,20.419098,22.316171,1215.045932,0.0,0.0,2683.538,0.0,734.32381
2020-10-03 14:00:00,400.0,400.0,19.983547,21.845992,1338.882867,0.0,0.0,2559.382,0.0,748.12487
2020-10-03 15:00:00,400.0,400.0,21.116411,22.520836,1505.722759,0.0,0.0,2213.804,0.0,752.262186
2020-10-03 16:00:00,400.0,400.0,21.116714,28.500415,1666.931287,0.0,0.0,1918.27,0.0,737.000807
2020-10-03 17:00:00,400.0,400.0,22.516066,25.715553,1519.098993,0.0,0.0,1502.352,0.0,724.537951
2020-10-03 18:00:00,400.0,400.0,21.116714,76.755559,1792.631199,0.0,0.0,1615.116,0.0,720.22272
2020-10-03 19:00:00,400.0,400.0,21.647258,66.554085,1747.584809,0.0,0.0,1589.99,0.0,719.910779
2020-10-03 20:00:00,400.0,400.0,20.419098,23.206766,1775.312305,0.0,0.0,1705.752,0.0,679.865954
2020-10-03 21:00:00,400.0,400.0,19.68943,23.069973,1689.195801,0.0,0.0,1830.862,0.0,646.89993
2020-10-03 22:00:00,400.0,400.0,19.983547,21.647258,1296.291696,0.0,0.0,1866.09,0.0,604.619746
2020-10-03 23:00:00,400.0,400.0,19.68943,26.547983,1365.940612,0.0,0.0,1682.37,0.0,566.614408
2020-10-04 00:00:00,400.0,400.0,19.034775,21.287879,1372.119642,0.0,0.0,1598.98,0.0,536.679054
2020-10-04 01:00:00,400.0,400.0,18.861019,21.287879,1475.009646,0.0,0.0,1572.632,0.0,517.293353
2020-10-04 02:00:00,400.0,400.0,20.419098,20.400003,1138.414031,0.0,0.0,1140.82,0.0,503.010895
2020-10-04 03:00:00,400.0,400.0,21.116714,21.116714,1001.933591,0.0,0.0,910.18,0.0,488.886961
2020-10-04 04:00:00,400.0,400.0,20.400003,21.288154,1155.262722,0.0,0.0,1101.63,0.0,494.605092
2020-10-04 05:00:00,400.0,400.0,19.68943,19.034775,1252.723108,0.0,0.0,1035.28,0.0,470.033534
2020-10-04 06:00:00,400.0,400.0,15.731586,0.0,1607.382527,0.0,0.0,1448.73,0.0,478.852121
2020-10-04 07:00:00,400.0,400.0,0.0,0.0,1618.0,0.0,0.0,1390.068757,514.351243,468.460314
2020-10-04 08:00:00,400.0,400.0,0.0,19.034775,1619.0,0.0,0.0,1789.131904,325.450096,528.169786
2020-10-04 09:00:00,400.0,400.0,18.861019,20.419098,1447.309357,0.0,0.0,1979.232,0.0,582.438396
2020-10-04 10:00:00,400.0,400.0,18.861019,21.116411,1453.747292,0.0,0.0,2223.652,0.0,618.135706
2020-10-04 11:00:00,400.0,400.0,19.034775,21.35836,1400.095125,0.0,0.0,2213.298,0.0,650.130431
2020-10-04 12:00:00,400.0,400.0,19.983547,26.77056,1414.958031,0.0,0.0,2033.668,0.0,674.206495
2020-10-04 13:00:00,400.0,400.0,20.419098,25.431147,1512.359479,0.0,0.0,2076.004,0.0,693.696678
2020-10-04 14:00:00,400.0,400.0,19.68943,25.288284,1659.95713,0.0,0.0,2112.43,0.0,702.520931
2020-10-04 15:00:00,400.0,400.0,20.400003,24.548252,1712.938344,0.0,0.0,2032.178,0.0,710.285948
2020-10-04 16:00:00,400.0,400.0,19.983547,25.991309,1753.02104,0.0,0.0,1685.096,0.0,703.211244
2020-10-04 17:00:00,400.0,400.0,20.846138,27.844467,1990.211074,0.0,0.0,1430.514,0.0,710.445439
2020-10-04 18:00:00,400.0,400.0,21.116714,76.790897,2116.65932,0.0,0.0,1360.614,0.0,713.543202
2020-10-04 19:00:00,400.0,400.0,21.843654,65.563711,1934.478353,0.0,0.0,1263.11,0.0,721.444747
2020-10-04 20:00:00,400.0,400.0,21.708134,27.735655,2209.35948,0.0,0.0,1303.961154,46.428846,686.340251
2020-10-04 21:00:00,400.0,400.0,21.708134,26.591092,2030.099958,0.0,0.0,1239.3826,209.5034,650.292396
2020-10-04 22:00:00,400.0,400.0,21.116411,26.557435,1788.827255,0.0,0.0,1043.27,0.0,603.816412
2020-10-04 23:00:00,400.0,400.0,20.419098,25.283378,1736.311782,0.0,0.0,1074.23,0.0,563.087733
2020-10-05 00:00:00,400.0,400.0,19.430296,23.128644,1974.674112,0.0,0.0,1126.232,0.0,535.133683
2020-10-05 01:00:00,400.0,400.0,18.861019,22.96816,2104.732159,0.0,0.0,1126.932,0.0,515.729976
2020-10-05 02:00:00,400.0,400.0,18.861019,22.732362,2102.861131,0.0,0.0,1037.568,0.0,502.60603
2020-10-05 03:00:00,400.0,400.0,19.685338,23.069973,1925.577015,0.0,0.0,844.532,0.0,500.243248
2020-10-05 04:00:00,400.0,400.0,20.419098,23.069973,1759.926241,0.0,0.0,791.704,0.0,517.166664
2020-10-05 05:00:00,400.0,400.0,21.116411,23.128644,1647.382176,0.0,0.0,939.768,0.0,556.257874
2020-10-05 06:00:00,400.0,400.0,21.474047,21.116411,1529.794807,0.0,0.0,1003.03,0.0,583.385279
2020-10-05 07:00:00,400.0,400.0,18.072542,19.68943,2136.241429,0.0,0.0,1805.38,0.0,612.770786
2020-10-05 08:00:00,400.0,400.0,19.034775,19.034775,2043.873608,0.0,0.0,2003.12,0.0,656.286959
2020-10-05 09:00:00,400.0,400.0,14.191367,19.68943,2210.969679,0.0,0.0,2472.654,0.0,701.652648
2020-10-05 10:00:00,398.0,400.0,0.0,19.430296,2218.0,0.0,0.0,2766.211359,26.252641,744.631704
2020-10-05 11:00:00,398.0,400.0,0.0,20.400003,2217.0,0.0,0.0,2972.292308,14.191692,775.693846
2020-10-05 12:00:00,400.0,400.0,19.034775,21.647258,2011.579136,0.0,0.0,2938.022,0.0,801.36643
2020-10-05 13:00:00,400.0,400.0,21.116411,22.732362,1647.87648,0.0,0.0,2705.068,0.0,820.978728
2020-10-05 14:00:00,400.0,400.0,20.419098,22.732362,1741.235303,0.0,0.0,2513.41,0.0,829.226205
2020-10-05 15:00:00,400.0,400.0,19.983547,30.312846,2209.744279,0.0,0.0,2320.99,0.0,836.586858
2020-10-05 16:00:00,400.0,400.0,21.647258,27.782826,2151.584081,0.0,0.0,1689.512,0.0,806.089188
2020-10-05 17:00:00,400.0,400.0,24.617414,26.429316,1483.883365,0.0,0.0,834.702,0.0,778.022795
2020-10-05 18:00:00,400.0,400.0,24.62179,75.221359,1423.858762,0.0,0.0,730.182,0.0,773.748486
2020-10-05 19:00:00,400.0,400.0,26.324557,70.362316,1303.481962,0.0,0.0,648.09,0.0,777.091206
2020-10-05 20:00:00,400.0,400.0,26.429316,26.755559,1076.769392,0.0,0.0,490.298,0.0,734.179291
2020-10-05 21:00:00,400.0,400.0,24.617414,25.9087,1343.477944,0.0,0.0,402.704,0.0,681.033908
2020-10-05 22:00:00,400.0,400.0,24.617414,26.752956,954.918716,0.0,0.0,306.738,0.0,618.422893
2020-10-05 23:00:00,400.0,400.0,23.437807,23.437807,909.854562,0.0,0.0,280.05,0.0,567.929316
2020-10-06 00:00:00,400.0,400.0,23.069973,22.96816,1118.741993,0.0,0.0,279.75,0.0,536.551201
2020-10-06 01:00:00,400.0,400.0,22.576747,22.576747,1283.405186,0.0,0.0,279.402,0.0,511.799522
2020-10-06 02:00:00,400.0,400.0,21.647258,21.647258,1389.921616,0.0,0.0,280.898,0.0,496.046458
2020-10-06 03:00:00,400.0,400.0,21.474047,22.516066,1473.058334,0.0,0.0,333.13,0.0,491.41075
2020-10-06 04:00:00,400.0,400.0,22.492854,23.069973,1326.078985,0.0,0.0,275.102,0.0,504.753452
2020-10-06 05:00:00,400.0,400.0,23.069973,23.437807,1107.458177,0.0,0.0,293.868,0.0,540.361473
2020-10-06 06:00:00,400.0,400.0,23.069973,21.116714,1076.804038,0.0,0.0,404.568,0.0,561.564594
2020-10-06 07:00:00,400.0,400.0,20.400003,18.861019,1705.112213,0.0,0.0,1262.396,0.0,595.992568
2020-10-06 08:00:00,400.0,400.0,18.072542,18.463561,2127.979392,0.0,0.0,2022.54,0.0,646.584091
2020-10-06 09:00:00,400.0,400.0,18.072542,0.0,2133.44886,0.0,0.0,2361.398,0.0,696.592371
2020-10-06 10:00:00,400.0,400.0,14.191367,18.573789,2217.275208,0.0,0.0,2732.9,0.0,739.743719
2020-10-06 11:00:00,400.0,400.0,16.970947,19.430296,2135.522458,0.0,0.0,2842.354,0.0,768.424731
2020-10-06 12:00:00,400.0,400.0,19.430296,20.400003,1914.353292,0.0,0.0,2780.052,0.0,792.254806
2020-10-06 13:00:00,400.0,400.0,20.419098,21.287879,1686.578713,0.0,0.0,2656.02,0.0,807.816193
2020-10-06 14:00:00,400.0,400.0,20.419098,22.576747,1672.878,0.0,0.0,2537.868,0.0,817.6485
2020-10-06 15:00:00,400.0,400.0,20.419098,23.206766,1840.601963,0.0,0.0,2176.116,0.0,816.977106
2020-10-06 16:00:00,400.0,400.0,21.843654,77.128505,1917.921552,0.0,0.0,1638.912,0.0,794.698567
2020-10-06 17:00:00,400.0,400.0,76.429316,69.949222,1012.326685,0.0,8.549812,702.87,0.0,775.731497
2020-10-06 18:00:00,400.0,400.0,24.62179,30.95324,1255.171575,0.0,0.0,876.516,0.0,765.351664
2020-10-06 19:00:00,400.0,400.0,76.429316,25.067686,933.576596,0.0,48.774315,926.196,0.0,767.792911
2020-10-06 20:00:00,400.0,400.0,77.128505,27.433279,701.953697,0.0,226.107348,775.734,0.0,726.717045
2020-10-06 21:00:00,400.0,400.0,77.050889,23.437807,603.350733,0.0,255.254457,662.932,0.0,671.33719
2020-10-06 22:00:00,400.0,400.0,76.429316,22.892841,620.690765,0.0,159.99292,624.582,0.0,609.733685
2020-10-06 23:00:00,400.0,400.0,23.437807,23.878032,913.289132,0.0,0.0,606.698,0.0,563.16133
2020-10-07 00:00:00,400.0,400.0,23.069973,23.069973,828.771858,0.0,0.0,661.232,0.0,530.769021
2020-10-07 01:00:00,400.0,400.0,22.96816,22.23556,917.500443,0.0,0.0,598.902,0.0,508.110234
2020-10-07 02:00:00,400.0,400.0,21.843654,21.905537,1008.616982,0.0,0.0,592.65,0.0,493.504953
2020-10-07 03:00:00,400.0,400.0,21.474047,22.23556,1100.746647,0.0,0.0,640.5,0.0,486.863003
2020-10-07 04:00:00,400.0,400.0,21.647258,22.517588,1047.993162,0.0,0.0,667.52,0.0,498.829026
2020-10-07 05:00:00,400.0,400.0,23.128644,22.656017,812.881289,0.0,0.0,685.73,0.0,536.827307
2020-10-07 06:00:00,400.0,400.0,23.128644,19.958349,793.717509,0.0,0.0,830.4,0.0,561.402374
2020-10-07 07:00:00,400.0,400.0,21.287879,0.0,1170.059788,0.0,0.0,1382.318,0.0,587.738732
2020-10-07 08:00:00,400.0,400.0,20.400003,0.0,1346.35266,0.0,0.0,1816.78,0.0,626.464101
2020-10-07 09:00:00,400.0,400.0,16.970947,0.0,1761.811964,0.0,0.0,2503.148,0.0,667.100405
2020-10-07 10:00:00,400.0,400.0,15.731586,0.0,1822.623033,0.0,0.0,2835.97,0.0,707.902045
2020-10-07 11:00:00,400.0,400.0,18.861019,18.861019,1682.4336,0.0,0.0,2902.09,0.0,738.84846
2020-10-07 12:00:00,400.0,400.0,19.68943,22.083614,1469.404267,0.0,0.0,2866.57,0.0,765.47486
2020-10-07 13:00:00,400.0,400.0,19.983547,24.20441,1418.462675,0.0,0.0,2784.85,0.0,786.358099
2020-10-07 14:00:00,400.0,400.0,19.983547,23.13548,1574.537947,0.0,0.0,2642.514,0.0,794.846408
2020-10-07 15:00:00,400.0,400.0,19.430296,23.780993,1917.649093,0.0,0.0,2479.55,0.0,797.685136
2020-10-07 16:00:00,400.0,400.0,19.68943,28.957695,2180.645271,0.0,0.0,2070.952,0.0,777.946009
2020-10-07 17:00:00,400.0,400.0,22.576747,76.247211,1828.715985,0.0,0.0,1385.18,0.0,761.619602
2020-10-07 18:00:00,400.0,400.0,22.656017,72.417061,1977.057008,0.0,0.0,1471.685636,61.946364,758.344294
2020-10-07 19:00:00,400.0,400.0,21.905537,27.458056,2146.181882,0.0,0.0,1734.679123,149.852877,760.424586
2020-10-07 20:00:00,400.0,400.0,21.368347,26.783531,2054.415812,0.0,0.0,1748.93546,132.81454,723.077947
2020-10-07 21:00:00,400.0,400.0,20.234035,23.87513,2202.753726,0.0,0.0,1922.453299,268.716701,673.604936
2020-10-07 22:00:00,400.0,400.0,22.23556,23.206766,1626.89296,0.0,0.0,1318.164948,279.583052,616.090798
2020-10-07 23:00:00,400.0,400.0,22.732362,23.97043,1076.378389,0.0,0.0,811.05,0.0,569.350742
2020-10-08 00:00:00,400.0,400.0,22.576747,23.069973,1114.844478,0.0,0.0,629.968,0.0,536.418528
2020-10-08 01:00:00,400.0,400.0,22.576747,23.128644,1151.825961,0.0,0.0,512.848,0.0,513.303306
2020-10-08 02:00:00,400.0,400.0,21.647258,22.732362,1302.005097,0.0,0.0,574.92,0.0,500.087235
2020-10-08 03:00:00,400.0,400.0,21.116714,22.732362,1447.698777,0.0,0.0,689.632,0.0,495.439983
2020-10-08 04:00:00,400.0,400.0,19.034775,23.069973,1841.382073,0.0,0.0,1157.468,0.0,506.562889
2020-10-08 05:00:00,400.0,400.0,18.861019,73.87513,1864.334762,0.0,0.0,1414.186,0.0,550.027686
2020-10-08 06:00:00,400.0,400.0,20.400003,21.287879,1602.728099,0.0,0.0,1390.832,0.0,577.365585
2020-10-08 07:00:00,400.0,400.0,0.0,18.861019,1992.0,0.0,0.0,1921.496038,197.173962,598.574406
2020-10-08 08:00:00,400.0,400.0,0.0,0.0,1985.0,0.0,0.0,2139.947863,509.318137,632.392179
2020-10-08 09:00:00,398.0,400.0,0.0,0.0,2014.0,0.0,0.0,2399.545556,571.422444,666.981833
2020-10-08 10:00:00,398.0,400.0,0.0,0.0,2016.0,0.0,0.0,2588.401126,620.650874,695.010169
2020-10-08 11:00:00,400.0,400.0,0.0,0.0,2018.0,0.0,0.0,2706.559459,490.468541,712.433919
2020-10-08 12:00:00,400.0,400.0,0.0,18.573789,2019.0,0.0,0.0,2806.391927,322.312073,727.258789
2020-10-08 13:00:00,400.0,400.0,0.0,19.430296,2020.0,0.0,0.0,2861.636275,174.953725,735.395441
2020-10-08 14:00:00,400.0,400.0,0.0,20.419098,2019.0,0.0,0.0,2788.443501,141.126499,724.566525
2020-10-08 15:00:00,400.0,400.0,18.072542,21.647258,1958.729495,0.0,0.0,2456.97,0.0,709.386076
2020-10-08 16:00:00,398.0,400.0,0.0,23.437807,2189.0,0.0,0.0,2015.004776,19.873224,687.300716
2020-10-08 17:00:00,400.0,400.0,21.843654,66.378761,1742.460337,0.0,0.0,1195.232,0.0,686.815749
2020-10-08 18:00:00,400.0,400.0,22.576747,76.755559,1655.016808,0.0,0.0,1069.118,0.0,695.415179
2020-10-08 19:00:00,400.0,400.0,21.647258,26.579713,1819.172717,0.0,0.0,1384.216,0.0,703.656492
2020-10-08 20:00:00,400.0,400.0,20.846138,26.665112,1988.543293,0.0,0.0,1333.512,0.0,670.645306
2020-10-08 21:00:00,400.0,400.0,21.288154,25.683685,1500.741416,0.0,0.0,1264.986,0.0,627.036688
2020-10-08 22:00:00,400.0,400.0,20.419098,24.2501,1469.787246,0.0,0.0,1235.878,0.0,574.063613
2020-10-08 23:00:00,400.0,400.0,20.400003,21.474047,1418.229817,0.0,0.0,1259.27,0.0,532.056027
2020-10-09 00:00:00,400.0,400.0,18.861019,21.116714,1681.163665,0.0,0.0,1329.43,0.0,503.13995
2020-10-09 01:00:00,400.0,400.0,18.861019,20.846138,1725.761509,0.0,0.0,1253.332,0.0,485.035574
2020-10-09 02:00:00,400.0,400.0,19.034775,20.400003,1650.770031,0.0,0.0,1101.704,0.0,473.540095
2020-10-09 03:00:00,400.0,400.0,19.034775,20.419098,1628.920371,0.0,0.0,1086.012,0.0,474.463744
2020-10-09 04:00:00,400.0,400.0,19.68943,21.116714,1541.665588,0.0,0.0,1092.15,0.0,488.472662
2020-10-09 05:00:00,400.0,400.0,21.288154,45.728502,1194.268911,0.0,0.0,1036.052,0.0,532.167463
2020-10-09 06:00:00,400.0,400.0,73.069973,19.983547,697.24191,0.0,41.592303,1056.43,0.0,556.528213
2020-10-09 07:00:00,400.0,400.0,18.861019,0.0,1520.545009,0.0,0.0,2008.03,0.0,575.772749
2020-10-09 08:00:00,398.0,400.0,0.0,0.0,1634.0,0.0,0.0,2326.649471,45.768529,606.547421
2020-10-09 09:00:00,400.0,400.0,0.0,0.0,1650.0,0.0,0.0,2569.138911,72.861089,640.520837
2020-10-09 10:00:00,398.0,400.0,0.0,0.0,1655.0,0.0,0.0,2759.774385,42.097615,668.366158
2020-10-09 11:00:00,400.0,400.0,18.573789,0.0,1573.302112,0.0,0.0,2779.502,0.0,683.579983
2020-10-09 12:00:00,400.0,400.0,18.861019,18.573789,1542.157409,0.0,0.0,2846.818,0.0,698.349089
2020-10-09 13:00:00,400.0,400.0,18.861019,20.419098,1534.802573,0.0,0.0,2890.932,0.0,706.069414
2020-10-09 14:00:00,400.0,400.0,18.463561,22.99329,1583.510933,0.0,0.0,2753.36,0.0,703.62736
2020-10-09 15:00:00,400.0,400.0,18.463561,21.116411,1764.466702,0.0,0.0,2499.7,0.0,691.684995
2020-10-09 16:00:00,400.0,400.0,19.68943,23.354364,1738.712632,0.0,0.0,2068.884,0.0,658.675705
2020-10-09 17:00:00,400.0,400.0,22.492854,28.55387,1206.588965,0.0,0.0,1149.262,0.0,651.550955
2020-10-09 18:00:00,400.0,400.0,21.287879,76.429316,1717.360904,0.0,0.0,1289.048,0.0,653.803064
2020-10-09 19:00:00,400.0,400.0,20.419098,65.36213,1869.185661,0.0,0.0,1493.184,0.0,659.249751
2020-10-09 20:00:00,400.0,400.0,20.42044,24.08455,1885.913015,0.0,0.0,1646.684554,74.565446,626.515731
2020-10-09 21:00:00,400.0,400.0,20.234035,24.249881,1788.983423,0.0,0.0,1649.529074,268.556926,588.231848
2020-10-09 22:00:00,400.0,400.0,20.234035,22.709794,1583.724335,0.0,0.0,1485.511388,251.722612,541.168058
2020-10-09 23:00:00,400.0,400.0,18.926085,20.526636,1532.093121,0.0,0.0,1518.830803,257.497197,500.660652
2020-10-10 00:00:00,400.0,400.0,13.352779,11.049042,1543.802815,0.0,0.0,1507.106174,269.447826,473.895504
2020-10-10 01:00:00,398.0,400.0,0.0,20.526636,1379.0,0.0,0.0,1544.421496,447.994504,450.963224
2020-10-10 02:00:00,398.0,400.0,0.0,20.526636,1379.0,0.0,0.0,1469.222968,406.691032,439.683445
2020-10-10 03:00:00,398.0,400.0,0.0,20.526636,1379.0,0.0,0.0,1421.127879,382.874121,432.469182
2020-10-10 04:00:00,398.0,400.0,0.0,23.493395,1378.0,0.0,0.0,1445.901347,306.796653,436.335202
2020-10-10 05:00:00,398.0,400.0,0.0,21.905537,1378.0,0.0,0.0,1491.8826,212.2274,443.23239
2020-10-10 06:00:00,398.0,400.0,0.0,0.0,1374.0,0.0,0.0,1484.716018,413.465982,442.757403
2020-10-10 07:00:00,400.0,400.0,0.0,0.0,1370.0,0.0,0.0,1615.703531,1078.796469,463.00553
2020-10-10 08:00:00,398.0,400.0,0.0,0.0,1371.0,0.0,0.0,1905.3872,1414.2628,506.30808
2020-10-10 09:00:00,398.0,400.0,0.0,0.0,1372.0,0.0,0.0,2126.395869,1848.916131,539.30938
2020-10-10 10:00:00,398.0,400.0,0.0,0.0,1371.0,0.0,0.0,2295.931296,1927.698704,564.889694
2020-10-10 11:00:00,398.0,400.0,0.0,0.0,1369.0,0.0,0.0,2404.911225,1803.508775,581.536684
2020-10-10 12:00:00,398.0,400.0,0.0,0.0,1368.0,0.0,0.0,2477.749197,1526.612803,592.61238
2020-10-10 13:00:00,400.0,400.0,0.0,18.861019,1363.0,0.0,0.0,2540.429851,1353.998149,602.764478
2020-10-10 14:00:00,400.0,400.0,0.0,20.757779,1362.0,0.0,0.0,2591.88909,1025.00891,610.633363
2020-10-10 15:00:00,400.0,400.0,0.0,23.055153,1363.0,0.0,0.0,2396.035622,944.226378,615.905343
2020-10-10 16:00:00,398.0,400.0,0.0,26.161743,1643.0,0.0,0.0,1808.034246,811.497754,603.905137
2020-10-10 17:00:00,400.0,400.0,19.034775,26.008108,1926.980681,0.0,0.0,1593.42,0.0,612.365898
2020-10-10 18:00:00,400.0,400.0,19.034775,75.9087,1949.614812,0.0,0.0,1620.836,0.0,621.483178
2020-10-10 19:00:00,400.0,400.0,21.905537,66.258233,1605.887235,0.0,0.0,1372.31852,12.63148,627.364693
2020-10-10 20:00:00,400.0,400.0,21.122752,23.87513,1722.207881,0.0,0.0,1272.134657,110.535343,594.889016
2020-10-10 21:00:00,400.0,400.0,21.122752,23.128644,1737.648544,0.0,0.0,1100.505798,206.982202,566.828588
2020-10-10 22:00:00,400.0,400.0,19.958349,23.128644,2008.508334,0.0,0.0,1106.506171,230.781829,527.099676
2020-10-10 23:00:00,400.0,400.0,21.905537,23.437807,1291.412715,0.0,0.0,866.339846,199.726154,492.13907
2020-10-11 00:00:00,400.0,400.0,21.122752,27.105115,1451.518693,0.0,0.0,853.917568,146.730432,466.259831
2020-10-11 01:00:00,400.0,400.0,21.122752,23.069973,1236.305377,0.0,0.0,845.019476,133.248524,443.957115
2020-10-11 02:00:00,400.0,400.0,20.526636,23.069973,1337.589947,0.0,0.0,862.76233,119.92367,431.425858
2020-10-11 03:00:00,400.0,400.0,19.68943,23.069973,1329.896726,0.0,0.0,816.414,0.0,425.627591
2020-10-11 04:00:00,400.0,400.0,20.419098,28.519837,1175.556224,0.0,0.0,677.632,0.0,427.961366
2020-10-11 05:00:00,400.0,400.0,20.419098,30.179197,1153.54507,0.0,0.0,677.632,0.0,431.26304
2020-10-11 06:00:00,400.0,400.0,21.116411,19.034775,911.692488,0.0,0.0,756.68,0.0,426.148127
2020-10-11 07:00:00,400.0,400.0,0.0,-0.0,1465.0,0.0,0.0,1419.748332,140.423668,442.61225
2020-10-11 08:00:00,400.0,400.0,0.0,-0.0,1476.0,0.0,0.0,1683.633669,371.936331,480.54505
2020-10-11 09:00:00,400.0,400.0,0.0,-0.0,1483.0,0.0,0.0,1918.531525,399.486475,514.729729
2020-10-11 10:00:00,400.0,400.0,0.0,-0.0,1480.0,0.0,0.0,2107.878659,630.593341,543.581799
2020-10-11 11:00:00,400.0,400.0,0.0,-0.0,1480.0,0.0,0.0,2259.947687,690.950313,566.392153
2020-10-11 12:00:00,400.0,400.0,0.0,-0.0,1480.0,0.0,0.0,2381.503198,572.116802,584.62548
2020-10-11 13:00:00,400.0,400.0,0.0,18.861019,1479.0,0.0,0.0,2491.696569,415.135431,601.304485
2020-10-11 14:00:00,400.0,400.0,0.0,20.400003,1478.0,0.0,0.0,2585.640655,118.627345,615.546098
2020-10-11 15:00:00,398.0,400.0,0.0,20.846138,1481.0,0.0,0.0,2299.836209,21.125791,623.225431
2020-10-11 16:00:00,400.0,400.0,18.861019,23.621872,1682.831669,0.0,0.0,1728.048,0.0,613.68245
2020-10-11 17:00:00,400.0,400.0,22.576747,31.625589,1245.131302,0.0,0.0,958.278,0.0,629.272005
2020-10-11 18:00:00,400.0,400.0,22.576747,75.9087,1383.359453,0.0,0.0,1033.872,0.0,641.926882
2020-10-11 19:00:00,400.0,400.0,22.516066,66.430486,1402.794297,0.0,0.0,1154.596,0.0,649.920255
2020-10-11 20:00:00,400.0,400.0,22.576747,25.25182,1388.854497,0.0,0.0,925.85,0.0,617.699325
2020-10-11 21:00:00,400.0,400.0,23.069973,22.516066,1064.192103,0.0,0.0,843.184,0.0,577.498785
2020-10-11 22:00:00,400.0,400.0,22.23556,20.846138,1393.622827,0.0,0.0,876.892853,9.819147,533.140504
2020-10-11 23:00:00,400.0,400.0,23.388687,21.158652,882.903536,0.0,0.0,784.827158,89.604842,489.438543
2020-10-12 00:00:00,400.0,400.0,22.23556,21.905537,1129.198292,0.0,0.0,861.927608,113.004392,464.059397
2020-10-12 01:00:00,400.0,400.0,21.122752,22.23556,1299.066402,0.0,0.0,920.130241,128.601759,447.309576
2020-10-12 02:00:00,400.0,400.0,21.122752,22.335927,1297.213734,0.0,0.0,855.822557,287.645443,437.941323
2020-10-12 03:00:00,400.0,400.0,20.526636,22.335927,1352.449027,0.0,0.0,916.906371,302.157629,438.818602
2020-10-12 04:00:00,400.0,400.0,20.526636,23.388687,1343.148853,0.0,0.0,1013.362478,330.437522,454.682044
2020-10-12 05:00:00,400.0,400.0,21.122752,78.389212,1285.011653,0.0,0.0,1166.921421,379.478579,497.236465
2020-10-12 06:00:00,400.0,400.0,21.905537,20.526636,1111.343964,0.0,0.0,1351.605599,377.962401,523.689245
2020-10-12 07:00:00,400.0,400.0,20.234035,0.0,1036.775016,0.0,0.0,2170.988285,339.509715,551.28199
2020-10-12 08:00:00,400.0,400.0,0.0,0.0,1201.0,0.0,0.0,2536.788908,383.741092,581.518336
2020-10-12 09:00:00,398.0,400.0,0.0,0.0,1190.0,0.0,0.0,2733.142194,741.977806,612.621329
2020-10-12 10:00:00,398.0,400.0,0.0,0.0,1194.0,0.0,0.0,2920.306365,972.193635,640.095955
2020-10-12 11:00:00,398.0,400.0,0.0,0.0,1198.0,0.0,0.0,3019.092906,1408.477094,654.313936
2020-10-12 12:00:00,398.0,400.0,0.0,0.0,1212.0,0.0,0.0,3140.236043,1543.729957,670.385406
2020-10-12 13:00:00,398.0,400.0,0.0,0.0,1216.0,0.0,0.0,3213.787642,1498.666358,680.818146
2020-10-12 14:00:00,398.0,400.0,-0.0,0.0,1215.0,0.0,0.0,3251.605058,1437.094942,686.640759
2020-10-12 15:00:00,398.0,400.0,0.0,0.0,1226.0,0.0,0.0,3285.085041,1247.764959,690.012756
2020-10-12 16:00:00,398.0,400.0,0.0,20.42044,1220.0,0.0,0.0,2469.399143,1307.880857,670.559871
2020-10-12 17:00:00,398.0,400.0,0.0,77.464999,1963.0,0.0,0.0,2368.488038,355.497962,671.173206
2020-10-12 18:00:00,400.0,400.0,20.234035,76.755559,1885.729412,0.0,0.0,2122.502232,290.381768,679.765923
2020-10-12 19:00:00,400.0,400.0,21.122752,25.200278,1608.426008,0.0,0.0,2062.787386,258.660614,685.554207
2020-10-12 20:00:00,400.0,400.0,20.42044,21.905537,1548.601143,0.0,0.0,1922.592118,235.237882,620.998646
2020-10-12 21:00:00,400.0,400.0,18.52187,20.547985,1756.188349,0.0,0.0,1875.010871,115.985129,582.723378
2020-10-12 22:00:00,400.0,400.0,19.899927,19.533879,1690.024408,0.0,0.0,1562.664285,148.369715,545.795982
2020-10-12 23:00:00,398.0,400.0,0.0,13.460274,1846.0,0.0,0.0,1425.661606,237.588394,501.849241
2020-10-13 00:00:00,398.0,400.0,0.0,0.0,1813.0,0.0,0.0,1263.407052,166.422948,474.211058
2020-10-13 01:00:00,400.0,400.0,13.352779,0.0,1800.64602,0.0,0.0,1151.926045,184.911955,459.342004
2020-10-13 02:00:00,400.0,400.0,18.52187,18.52187,1725.802635,0.0,0.0,1021.704829,148.257171,451.035329
2020-10-13 03:00:00,400.0,400.0,17.392886,19.430296,1752.016574,0.0,0.0,1062.567261,200.902739,453.232603
2020-10-13 04:00:00,400.0,400.0,19.899927,20.419098,1640.919851,0.0,0.0,996.974452,159.955548,460.05819
2020-10-13 05:00:00,400.0,400.0,21.905537,65.104308,1312.296748,0.0,0.0,982.171779,103.530221,507.131255
2020-10-13 06:00:00,400.0,400.0,73.128644,20.42044,692.670409,0.0,11.96073,873.518,0.0,530.527139
2020-10-13 07:00:00,400.0,400.0,21.843654,5.532094,941.99279,0.0,0.0,1256.11,0.0,550.517582
2020-10-13 08:00:00,400.0,400.0,19.68943,0.0,1279.388195,0.0,0.0,1779.096,0.0,578.356171
2020-10-13 09:00:00,400.0,400.0,18.072542,0.0,1516.849425,0.0,0.0,2195.314,0.0,605.169686
2020-10-13 10:00:00,400.0,400.0,0.0,0.0,1630.0,0.0,0.0,2489.772741,156.697259,632.365911
2020-10-13 11:00:00,400.0,400.0,0.0,0.0,1634.0,0.0,0.0,2629.16082,338.65718,652.674123
2020-10-13 12:00:00,400.0,400.0,0.0,16.970947,1636.0,0.0,0.0,2752.224334,287.565666,670.83365
2020-10-13 13:00:00,400.0,400.0,0.0,19.685338,1634.0,0.0,0.0,2854.597876,142.804124,686.489681
2020-10-13 14:00:00,400.0,400.0,18.573789,21.288154,1507.475724,0.0,0.0,2763.07,0.0,691.739141
2020-10-13 15:00:00,400.0,400.0,18.072542,24.037767,1527.443142,0.0,0.0,2420.53,0.0,688.363029
2020-10-13 16:00:00,400.0,400.0,18.861019,28.691571,1780.858062,0.0,0.0,1803.522,0.0,667.599591
2020-10-13 17:00:00,400.0,400.0,23.87513,27.455947,1219.510712,0.0,0.0,839.15,0.0,667.595893
2020-10-13 18:00:00,400.0,400.0,24.617414,76.504181,1192.145049,0.0,0.0,833.282,0.0,676.820543
2020-10-13 19:00:00,400.0,400.0,26.324557,69.502579,1082.062021,0.0,0.0,731.166,0.0,675.015597
2020-10-13 20:00:00,400.0,400.0,25.9087,26.324557,1096.438034,0.0,0.0,605.12,0.0,642.702295
2020-10-13 21:00:00,400.0,400.0,24.617414,24.617414,1046.689676,0.0,0.0,583.996,0.0,593.745949
2020-10-13 22:00:00,400.0,400.0,22.576747,23.128644,1415.175556,0.0,0.0,590.2,0.0,539.403667
2020-10-13 23:00:00,400.0,400.0,21.474047,22.96816,1568.698467,0.0,0.0,451.272,0.0,495.53603
2020-10-14 00:00:00,400.0,400.0,22.576747,22.96816,1251.304749,0.0,0.0,307.97,0.0,468.399788
2020-10-14 01:00:00,400.0,400.0,21.843654,22.576747,1367.663531,0.0,0.0,321.03,0.0,452.90497
2020-10-14 02:00:00,400.0,400.0,21.287879,21.843654,1454.739335,0.0,0.0,323.268,0.0,440.1793
2020-10-14 03:00:00,400.0,400.0,20.846138,22.516066,1552.936448,0.0,0.0,428.97,0.0,441.305033
2020-10-14 04:00:00,400.0,400.0,21.287879,23.069973,1465.357578,0.0,0.0,436.83,0.0,455.620863
2020-10-14 05:00:00,400.0,400.0,22.732362,43.674232,1195.936549,0.0,0.0,439.032,0.0,496.364318
2020-10-14 06:00:00,400.0,400.0,24.617414,21.843654,697.23117,0.0,0.0,445.77,0.0,518.930824
2020-10-14 07:00:00,400.0,400.0,20.846138,19.685338,1372.196223,0.0,0.0,1257.57,0.0,539.456067
2020-10-14 08:00:00,400.0,400.0,16.970947,-0.0,1810.634029,0.0,0.0,1907.572,0.0,571.190696
2020-10-14 09:00:00,400.0,400.0,0.0,-0.0,1828.0,0.0,0.0,2133.116566,180.603434,602.417485
2020-10-14 10:00:00,400.0,400.0,0.0,-0.0,1828.0,0.0,0.0,2302.375966,320.342034,627.806395
2020-10-14 11:00:00,400.0,400.0,0.0,-0.0,1827.0,0.0,0.0,2443.326539,337.503461,649.098981
2020-10-14 12:00:00,400.0,400.0,0.0,-0.0,1824.0,0.0,0.0,2597.331292,284.998708,672.649694
2020-10-14 13:00:00,400.0,400.0,0.0,19.430296,1822.0,0.0,0.0,2709.381423,92.166577,689.757213
2020-10-14 14:00:00,400.0,400.0,18.861019,21.171025,1700.043681,0.0,0.0,2670.388,0.0,702.201648
2020-10-14 15:00:00,400.0,400.0,16.970947,22.96816,1791.188574,0.0,0.0,2425.434,0.0,702.786814
2020-10-14 16:00:00,400.0,400.0,20.419098,29.891029,1795.599581,0.0,0.0,1754.514,0.0,682.487163
2020-10-14 17:00:00,400.0,400.0,24.617414,26.886943,1124.704119,0.0,0.0,873.92,0.0,678.782382
2020-10-14 18:00:00,400.0,400.0,24.617414,75.004411,1115.959909,0.0,0.0,856.35,0.0,679.858514
2020-10-14 19:00:00,400.0,400.0,25.9087,63.832483,1063.92279,0.0,0.0,808.618,0.0,678.104281
2020-10-14 20:00:00,400.0,400.0,24.617414,27.625961,1169.520716,0.0,0.0,655.38,0.0,639.278893
2020-10-14 21:00:00,400.0,400.0,24.617414,26.324557,947.120552,0.0,0.0,474.646,0.0,592.278817
2020-10-14 22:00:00,400.0,400.0,22.96816,23.206766,1252.69259,0.0,0.0,383.832,0.0,532.820911
2020-10-14 23:00:00,400.0,400.0,22.732362,23.069973,1115.570735,0.0,0.0,313.172,0.0,489.54019
2020-10-15 00:00:00,400.0,400.0,21.474047,23.069973,1317.860913,0.0,0.0,359.618,0.0,466.163563
2020-10-15 01:00:00,400.0,400.0,21.116714,22.732362,1435.063837,0.0,0.0,365.938,0.0,449.531124
2020-10-15 02:00:00,400.0,400.0,20.846138,22.492854,1480.807089,0.0,0.0,348.162,0.0,440.003237
2020-10-15 03:00:00,400.0,400.0,20.419098,22.576747,1558.529379,0.0,0.0,421.838,0.0,439.396293
2020-10-15 04:00:00,400.0,400.0,21.116411,23.069973,1459.314109,0.0,0.0,417.0,0.0,453.552884
2020-10-15 05:00:00,400.0,400.0,22.576747,43.680624,1196.947666,0.0,0.0,430.232,0.0,494.89265
2020-10-15 06:00:00,400.0,400.0,22.732362,21.474047,1112.850068,0.0,0.0,487.848,0.0,516.14969
2020-10-15 07:00:00,400.0,400.0,20.419098,19.034775,1390.955598,0.0,0.0,1286.852,0.0,541.03446
2020-10-15 08:00:00,400.0,400.0,16.970947,-0.0,1804.385097,0.0,0.0,1902.102,0.0,571.307535
2020-10-15 09:00:00,400.0,400.0,0.0,-0.0,1832.0,0.0,0.0,2139.235483,197.450517,602.735322
2020-10-15 10:00:00,400.0,400.0,0.0,-0.0,1830.0,0.0,0.0,2321.441686,438.208314,630.366253
2020-10-15 11:00:00,400.0,400.0,0.0,-0.0,1829.0,0.0,0.0,2443.926524,392.625476,648.888979
2020-10-15 12:00:00,400.0,400.0,0.0,4.323494,1826.0,0.0,0.0,2581.66965,299.52635,670.000448
2020-10-15 13:00:00,400.0,400.0,0.0,19.68943,1825.0,0.0,0.0,2730.295986,78.608014,692.444398
2020-10-15 14:00:00,400.0,400.0,18.861019,21.843654,1655.478197,0.0,0.0,2633.272,0.0,703.31907
2020-10-15 15:00:00,400.0,400.0,19.034775,22.732362,1626.981266,0.0,0.0,2307.55,0.0,705.23531
2020-10-15 16:00:00,400.0,400.0,19.68943,26.6112,1887.081776,0.0,0.0,1695.562,0.0,684.672034
2020-10-15 17:00:00,400.0,400.0,23.206766,27.708976,1322.616931,0.0,0.0,771.63,0.0,686.25196
2020-10-15 18:00:00,400.0,400.0,23.437807,75.004411,1246.457401,0.0,0.0,682.982,0.0,684.37869
2020-10-15 19:00:00,400.0,400.0,24.617414,66.044418,1177.477444,0.0,0.0,592.868,0.0,681.208583
2020-10-15 20:00:00,400.0,400.0,23.437807,26.657928,1286.27952,0.0,0.0,461.6,0.0,645.198072
2020-10-15 21:00:00,400.0,400.0,24.617414,26.515914,877.077335,0.0,0.0,446.382,0.0,597.7957
2020-10-15 22:00:00,400.0,400.0,23.069973,23.128644,1161.974545,0.0,0.0,361.968,0.0,542.399018
2020-10-15 23:00:00,400.0,400.0,22.732362,23.128644,1080.928527,0.0,0.0,345.762,0.0,498.875021
2020-10-16 00:00:00,400.0,400.0,21.647258,22.516066,1213.317277,0.0,0.0,332.77,0.0,477.067909
2020-10-16 01:00:00,400.0,400.0,21.116714,21.752445,1385.778695,0.0,0.0,347.918,0.0,453.470896
2020-10-16 02:00:00,400.0,400.0,20.846138,21.647258,1428.676642,0.0,0.0,328.048,0.0,444.055704
2020-10-16 03:00:00,400.0,400.0,20.846138,22.492854,1429.237183,0.0,0.0,331.5,0.0,444.489423
2020-10-16 04:00:00,400.0,400.0,21.287879,23.069973,1334.454573,0.0,0.0,326.08,0.0,457.893814
2020-10-16 05:00:00,400.0,400.0,22.96816,23.437807,1015.762657,0.0,0.0,288.752,0.0,500.098401
2020-10-16 06:00:00,400.0,400.0,23.128644,21.116714,915.762908,0.0,0.0,338.898,0.0,522.620264
2020-10-16 07:00:00,400.0,400.0,21.287879,19.034775,1339.372337,0.0,0.0,912.532,0.0,545.123949
2020-10-16 08:00:00,400.0,400.0,18.861019,18.861019,1860.84571,0.0,0.0,1619.668,0.0,572.973343
2020-10-16 09:00:00,398.0,400.0,0.0,5.66329,2024.0,0.0,0.0,1975.732941,7.195059,601.909941
2020-10-16 10:00:00,400.0,400.0,0.0,0.0,2021.0,0.0,0.0,2140.17219,229.47981,627.025829
2020-10-16 11:00:00,400.0,400.0,0.0,0.0,2004.0,0.0,0.0,2231.933695,84.300305,643.340054
2020-10-16 12:00:00,400.0,400.0,18.861019,19.68943,1835.486319,0.0,0.0,2174.2,0.0,659.957052
2020-10-16 13:00:00,400.0,400.0,19.68943,21.116411,1631.19744,0.0,0.0,2038.754,0.0,670.283484
2020-10-16 14:00:00,400.0,400.0,20.846138,22.899135,1426.578391,0.0,0.0,1809.81,0.0,666.634741
2020-10-16 15:00:00,400.0,400.0,20.419098,26.564001,1506.65031,0.0,0.0,1672.918,0.0,659.590154
2020-10-16 16:00:00,400.0,400.0,20.846138,25.870788,1632.033484,0.0,0.0,1316.13,0.0,640.514477
2020-10-16 17:00:00,400.0,400.0,23.069973,58.549553,1297.242211,0.0,0.0,900.904,0.0,656.199268
2020-10-16 18:00:00,400.0,400.0,23.128644,76.245579,1226.756051,0.0,0.0,813.56,0.0,658.470592
2020-10-16 19:00:00,400.0,400.0,23.128644,27.966072,1195.294282,0.0,0.0,782.2,0.0,653.685858
2020-10-16 20:00:00,400.0,400.0,22.576747,26.325806,1429.918643,0.0,0.0,831.77,0.0,625.927704
2020-10-16 21:00:00,400.0,400.0,23.069973,25.954122,1066.495761,0.0,0.0,577.48,0.0,589.047636
2020-10-16 22:00:00,400.0,400.0,23.206766,24.922631,826.885596,0.0,0.0,416.514,0.0,547.594261
2020-10-16 23:00:00,400.0,400.0,23.128644,23.206766,927.202688,0.0,0.0,281.184,0.0,512.247197
2020-10-17 00:00:00,400.0,400.0,23.069973,23.128644,781.646703,0.0,0.0,297.104,0.0,483.218595
2020-10-17 01:00:00,400.0,400.0,22.576747,22.732362,942.034355,0.0,0.0,329.85,0.0,464.072347
2020-10-17 02:00:00,400.0,400.0,21.287879,22.732362,1234.786008,0.0,0.0,546.97,0.0,452.727599
2020-10-17 03:00:00,400.0,400.0,20.400003,22.732362,1411.786429,0.0,0.0,690.082,0.0,447.644336
2020-10-17 04:00:00,400.0,400.0,19.68943,22.732362,1538.46215,0.0,0.0,831.116,0.0,449.798078
2020-10-17 05:00:00,400.0,400.0,20.419098,23.069973,1358.892782,0.0,0.0,752.098,0.0,464.880783
2020-10-17 06:00:00,400.0,400.0,19.983547,21.116714,1478.965194,0.0,0.0,903.98,0.0,469.652221
2020-10-17 07:00:00,398.0,400.0,0.0,21.116411,1803.0,0.0,0.0,1378.051096,75.868904,492.157664
2020-10-17 08:00:00,400.0,400.0,0.0,19.68943,1800.0,0.0,0.0,1602.970813,269.597187,526.345622
2020-10-17 09:00:00,400.0,400.0,0.0,19.034775,1802.0,0.0,0.0,1696.330969,487.691031,540.049645
2020-10-17 10:00:00,400.0,400.0,0.0,19.034775,1803.0,0.0,0.0,1781.002736,534.879264,552.60041
2020-10-17 11:00:00,400.0,400.0,0.0,0.0,1807.0,0.0,0.0,1806.756213,326.545787,555.863432
2020-10-17 12:00:00,400.0,400.0,0.0,0.0,1823.0,0.0,0.0,1815.469205,163.418795,554.770381
2020-10-17 13:00:00,400.0,400.0,0.0,3.240197,1825.0,0.0,0.0,1814.845626,249.852374,554.376844
2020-10-17 14:00:00,398.0,400.0,0.0,19.68943,1827.0,0.0,0.0,1809.527219,38.152781,553.279083
2020-10-17 15:00:00,400.0,400.0,0.0,21.288154,1819.0,0.0,0.0,1784.195763,90.642237,550.679364
2020-10-17 16:00:00,400.0,400.0,18.861019,22.732362,1682.14046,0.0,0.0,1381.518,0.0,536.306631
2020-10-17 17:00:00,400.0,400.0,21.647258,28.319046,1207.906011,0.0,0.0,922.768,0.0,569.679298
2020-10-17 18:00:00,400.0,400.0,21.116714,71.069684,1423.227634,0.0,0.0,1174.488,0.0,583.689055
2020-10-17 19:00:00,398.0,400.0,0.0,61.546121,2065.0,0.0,0.0,1831.579208,21.892792,586.586881
2020-10-17 20:00:00,400.0,400.0,0.0,25.468409,2054.0,0.0,0.0,1706.701806,395.148194,565.305271
2020-10-17 21:00:00,400.0,400.0,0.0,26.975397,2054.0,0.0,0.0,1532.792631,384.575369,539.218895
2020-10-17 22:00:00,400.0,400.0,0.0,23.458605,1684.0,0.0,0.0,1638.682206,109.831794,504.102331
2020-10-17 23:00:00,400.0,400.0,16.970947,21.122752,1083.817033,0.0,0.0,1783.978,0.0,475.524145
2020-10-18 00:00:00,400.0,400.0,0.0,20.234035,1060.0,0.0,0.0,1753.016069,92.885931,451.20241
2020-10-18 01:00:00,398.0,400.0,0.0,0.0,877.0,0.0,0.0,1818.798375,13.601625,435.269756
2020-10-18 02:00:00,400.0,400.0,0.0,0.0,893.0,0.0,0.0,1767.845193,800.086807,425.226779
2020-10-18 03:00:00,400.0,400.0,0.0,0.0,889.0,0.0,0.0,1724.117958,732.550042,419.267694
2020-10-18 04:00:00,400.0,400.0,0.0,0.0,878.0,0.0,0.0,1724.337964,425.064036,420.950695
2020-10-18 05:00:00,400.0,400.0,0.0,0.0,877.0,0.0,0.0,1771.62067,382.60933,428.1931
2020-10-18 06:00:00,398.0,400.0,0.0,0.0,892.0,0.0,0.0,1765.702003,1035.427997,425.0553
2020-10-18 07:00:00,398.0,400.0,0.0,0.0,879.0,0.0,0.0,1819.527578,1671.958422,435.079137
2020-10-18 08:00:00,398.0,400.0,0.0,0.0,869.0,0.0,0.0,2034.410995,1690.541005,468.811649
2020-10-18 09:00:00,400.0,400.0,0.0,0.0,862.0,0.0,0.0,2131.622584,1777.265416,493.743388
2020-10-18 10:00:00,398.0,400.0,0.0,0.0,942.0,0.0,0.0,2253.167284,1886.946716,513.925093
2020-10-18 11:00:00,398.0,400.0,0.0,0.0,937.0,0.0,0.0,2307.170111,1713.897889,522.775517
2020-10-18 12:00:00,398.0,400.0,0.0,0.0,948.0,0.0,0.0,2380.215516,1285.048484,532.082327
2020-10-18 13:00:00,398.0,400.0,0.0,0.0,948.0,0.0,0.0,2407.372066,1393.205934,536.15581
2020-10-18 14:00:00,398.0,400.0,0.0,0.0,957.0,0.0,0.0,2460.497828,1757.520172,542.774674
2020-10-18 15:00:00,398.0,400.0,0.0,0.0,957.0,0.0,0.0,2319.478471,1860.237529,547.121771
2020-10-18 16:00:00,398.0,400.0,0.0,0.0,1137.0,0.0,0.0,2139.559336,1303.850664,546.3839
2020-10-18 17:00:00,398.0,400.0,0.0,53.984102,1344.0,0.0,0.0,2328.360511,382.337489,581.304077
2020-10-18 18:00:00,398.0,400.0,0.0,74.511808,1451.0,0.0,0.0,2327.512421,663.235579,601.276863
2020-10-18 19:00:00,398.0,400.0,0.0,74.060266,1544.0,0.0,0.0,2423.881274,421.168726,603.732191
2020-10-18 20:00:00,400.0,400.0,0.0,21.122752,1259.0,0.0,0.0,2433.126264,488.409736,577.06894
2020-10-18 21:00:00,400.0,396.0,0.0,7.890139,1261.0,0.0,0.0,2219.02183,615.09817,544.653274
2020-10-18 22:00:00,0.0,0.0,0.0,7.911969,1261.0,0.0,0.0,2341.232589,432.819411,502.984888
2020-10-18 23:00:00,0.0,0.0,0.0,0.0,1078.0,0.0,0.0,2272.217124,469.252876,466.832569
2020-10-19 00:00:00,0.0,0.0,0.0,0.0,1046.0,0.0,0.0,2156.318303,546.983697,445.997745
2020-10-19 01:00:00,0.0,0.0,0.0,0.0,1046.0,0.0,0.0,2062.193934,543.326066,431.87909
2020-10-19 02:00:00,0.0,0.0,0.0,0.0,1046.0,0.0,0.0,2014.192076,576.007924,424.678811
2020-10-19 03:00:00,0.0,0.0,0.0,0.0,1037.0,0.0,0.0,2015.189826,284.178174,426.178474
2020-10-19 04:00:00,0.0,0.0,20.42044,20.42044,815.830449,0.0,0.0,1900.134046,93.361954,442.095539
2020-10-19 05:00:00,0.0,0.0,74.762577,74.060266,595.864961,0.0,15.790119,1932.058826,22.241174,488.87908
2020-10-19 06:00:00,0.0,0.0,73.069973,0.0,435.310727,0.0,247.196664,1828.68,0.0,511.255391
2020-10-19 07:00:00,0.0,0.0,19.68943,0.0,839.69172,0.0,0.0,2371.182,0.0,531.973542
2020-10-19 08:00:00,0.0,0.0,20.400003,0.0,779.585523,0.0,0.0,2491.228,0.0,558.996372
2020-10-19 09:00:00,0.0,0.0,0.0,0.0,1093.0,0.0,0.0,2974.491881,185.220119,584.473782
2020-10-19 10:00:00,0.0,0.0,19.430296,0.0,875.835204,0.0,0.0,2895.26,0.0,605.163719
2020-10-19 11:00:00,0.0,0.0,72.492854,0.0,530.264583,0.0,281.28273,2623.86,0.0,616.289313
2020-10-19 12:00:00,0.0,0.0,72.492854,22.085093,537.743818,0.0,277.554409,2661.072,0.0,625.249227
2020-10-19 13:00:00,0.0,0.0,72.492854,21.248105,571.92057,0.0,230.264845,2536.39,0.0,633.820414
2020-10-19 14:00:00,0.0,0.0,72.516066,22.941684,698.301028,0.0,104.359618,2321.532,0.0,635.884646
2020-10-19 15:00:00,0.0,0.0,22.492854,25.228736,923.350338,0.0,0.0,1963.132,0.0,636.417249
2020-10-19 16:00:00,0.0,0.0,20.400003,26.826684,1626.578708,0.0,0.0,1767.246,0.0,622.000094
2020-10-19 17:00:00,0.0,0.0,22.656017,72.612806,1664.334606,0.0,0.0,1590.551251,20.476749,648.932497
2020-10-19 18:00:00,0.0,0.0,22.335927,77.274563,1839.987837,0.0,0.0,1715.06602,165.40398,657.461727
2020-10-19 19:00:00,0.0,0.0,22.709794,26.429316,1645.479608,0.0,0.0,1611.631982,221.036018,651.322856
2020-10-19 20:00:00,0.0,0.0,22.972766,23.657594,1403.455171,0.0,0.0,1540.666928,276.965072,623.731764
2020-10-19 21:00:00,0.0,0.0,22.972766,23.809474,1210.69943,0.0,0.0,1396.088043,300.673957,577.708292
2020-10-19 22:00:00,0.0,0.0,20.42044,23.855474,1511.144062,0.0,0.0,1700.947666,341.670334,525.120541
2020-10-19 23:00:00,0.0,0.0,22.709794,23.069973,1050.079919,0.0,0.0,955.142219,335.179781,482.409345
2020-10-20 00:00:00,0.0,0.0,21.368347,22.576747,1361.616715,0.0,0.0,1088.816932,313.629068,455.730033
2020-10-20 01:00:00,0.0,0.0,20.234035,22.335927,1584.428345,0.0,0.0,1230.774893,293.977107,443.601982
2020-10-20 02:00:00,0.0,0.0,20.42044,22.517588,1521.847216,0.0,0.0,1117.549575,265.766425,436.005354
2020-10-20 03:00:00,0.0,0.0,21.122752,22.632352,1401.038888,0.0,0.0,986.290314,292.561686,434.437714
2020-10-20 04:00:00,0.0,0.0,22.335927,23.388687,1234.409873,0.0,0.0,922.268785,304.629215,449.828837
2020-10-20 05:00:00,0.0,0.0,23.592361,75.794369,884.834977,0.0,0.0,862.485708,281.192292,496.89761
2020-10-20 06:00:00,0.0,0.0,24.209571,22.632352,779.923473,0.0,0.0,931.565706,247.316294,519.396335
2020-10-20 07:00:00,0.0,0.0,21.905537,19.533879,1103.867537,0.0,0.0,1755.23669,189.05331,541.105373
2020-10-20 08:00:00,0.0,0.0,0.0,0.0,1618.0,0.0,0.0,2446.548322,115.701678,567.682248
2020-10-20 09:00:00,0.0,0.0,0.0,0.0,1624.0,0.0,0.0,2609.989327,158.858673,591.298399
2020-10-20 10:00:00,0.0,0.0,16.970947,0.0,1572.579546,0.0,0.0,2679.538,0.0,609.443768
2020-10-20 11:00:00,0.0,0.0,0.0,0.0,1639.0,0.0,0.0,2805.110257,28.741743,618.316539
2020-10-20 12:00:00,0.0,0.0,16.970947,0.393266,1578.22524,0.0,0.0,2777.136,0.0,623.236614
2020-10-20 13:00:00,0.0,0.0,18.861019,19.034775,1433.815739,0.0,0.0,2697.836,0.0,633.003039
2020-10-20 14:00:00,0.0,0.0,19.430296,20.419098,1323.841389,0.0,0.0,2568.382,0.0,630.081092
2020-10-20 15:00:00,0.0,0.0,15.731586,22.605383,1596.039789,0.0,0.0,2309.412,0.0,622.405832
2020-10-20 16:00:00,0.0,0.0,19.983547,29.891967,1766.739246,0.0,0.0,1595.882,0.0,602.271413
2020-10-20 17:00:00,0.0,0.0,23.437807,26.883219,1059.363584,0.0,0.0,816.238,0.0,625.781162
2020-10-20 18:00:00,0.0,0.0,24.617414,66.501679,1030.344661,0.0,0.0,824.212,0.0,641.230101
2020-10-20 19:00:00,0.0,0.0,25.9087,72.732717,976.643348,0.0,0.0,742.418,0.0,637.016198
2020-10-20 20:00:00,0.0,0.0,25.9087,26.649943,877.153825,0.0,0.0,549.4,0.0,606.486926
2020-10-20 21:00:00,0.0,0.0,23.437807,26.641321,1073.878997,0.0,0.0,443.68,0.0,561.12015
2020-10-20 22:00:00,396.0,396.0,23.128644,22.96816,980.004383,0.0,0.0,338.602,0.0,512.339642
2020-10-20 23:00:00,400.0,400.0,22.492854,21.843654,1205.374504,0.0,0.0,295.766,0.0,472.708724
2020-10-21 00:00:00,400.0,400.0,23.069973,22.516066,688.244934,0.0,0.0,327.01,0.0,448.46476
2020-10-21 01:00:00,400.0,400.0,22.492854,22.516066,834.354079,0.0,0.0,376.57,0.0,433.982388
2020-10-21 02:00:00,400.0,400.0,21.647258,21.474047,954.126011,0.0,0.0,448.198,0.0,426.760798
2020-10-21 03:00:00,400.0,400.0,21.474047,21.647258,972.686209,0.0,0.0,483.032,0.0,429.201869
2020-10-21 04:00:00,400.0,400.0,21.647258,22.96816,894.069076,0.0,0.0,503.952,0.0,444.132439
2020-10-21 05:00:00,400.0,400.0,22.96816,42.344486,717.945334,0.0,0.0,613.398,0.0,490.5679
2020-10-21 06:00:00,400.0,400.0,22.96816,19.430296,723.66649,0.0,0.0,773.41,0.0,510.111527
2020-10-21 07:00:00,400.0,400.0,19.983547,0.0,1118.143765,0.0,0.0,1673.232,0.0,532.663235
2020-10-21 08:00:00,400.0,400.0,0.0,0.0,1466.0,0.0,0.0,2191.279182,212.770818,558.191877
2020-10-21 09:00:00,400.0,400.0,0.0,0.0,1472.0,0.0,0.0,2340.392323,343.809677,579.658848
2020-10-21 10:00:00,400.0,400.0,0.0,0.0,1477.0,0.0,0.0,2469.157857,406.690143,598.223679
2020-10-21 11:00:00,400.0,400.0,0.0,0.0,1475.0,0.0,0.0,2547.74759,451.39041,610.312139
2020-10-21 12:00:00,400.0,400.0,0.0,0.0,1473.0,0.0,0.0,2607.858256,364.139744,619.628738
2020-10-21 13:00:00,400.0,400.0,0.0,0.0,1468.0,0.0,0.0,2662.721244,288.048756,628.608187
2020-10-21 14:00:00,400.0,400.0,0.0,0.0,1463.0,0.0,0.0,2495.87812,413.59188,629.831718
2020-10-21 15:00:00,400.0,400.0,0.0,19.430296,1647.0,0.0,0.0,2306.228047,425.209953,627.034207
2020-10-21 16:00:00,400.0,400.0,15.731586,73.069973,1809.209381,0.0,0.0,2116.298,0.0,610.363293
2020-10-21 17:00:00,400.0,400.0,73.069973,53.771192,794.769524,0.0,34.789847,1319.652,0.0,634.632371
2020-10-21 18:00:00,400.0,400.0,21.843654,53.553322,987.196817,0.0,0.0,1591.432,0.0,646.535277
2020-10-21 19:00:00,400.0,400.0,73.128644,24.369747,680.046343,0.0,162.208206,1495.35,0.0,643.545549
2020-10-21 20:00:00,400.0,400.0,76.755559,21.122752,269.958788,0.0,533.211894,1538.67,0.0,611.806682
2020-10-21 21:00:00,400.0,400.0,74.617414,20.234035,420.108109,0.0,324.372575,1413.886,0.0,564.566684
2020-10-21 22:00:00,400.0,400.0,72.492854,0.0,469.054494,0.0,209.380332,1462.04,0.0,511.197826
2020-10-21 23:00:00,400.0,400.0,73.069973,15.813014,262.515021,0.0,333.495226,1319.47,0.0,470.843247
2020-10-22 00:00:00,400.0,400.0,72.492854,0.0,382.264539,0.0,217.59348,1249.798,0.0,447.380019
2020-10-22 01:00:00,400.0,400.0,19.68943,0.0,678.653623,0.0,0.0,1449.4,0.0,432.861957
2020-10-22 02:00:00,400.0,400.0,18.861019,0.0,828.140224,0.0,0.0,1558.08,0.0,426.740966
2020-10-22 03:00:00,400.0,400.0,18.861019,0.0,861.478028,0.0,0.0,1603.054,0.0,428.486396
2020-10-22 04:00:00,400.0,400.0,0.0,0.0,969.0,0.0,0.0,1809.881251,130.486749,443.382188
2020-10-22 05:00:00,400.0,400.0,19.958349,20.234035,855.648936,0.0,0.0,2024.549227,26.082773,492.585044
2020-10-22 06:00:00,400.0,400.0,18.861019,0.0,823.308862,0.0,0.0,2123.532,0.0,512.283471
2020-10-22 07:00:00,400.0,400.0,0.0,0.0,961.0,0.0,0.0,2389.521517,442.258483,531.528228
2020-10-22 08:00:00,400.0,400.0,0.0,0.0,966.0,0.0,0.0,2563.674696,1184.173304,556.901204
2020-10-22 09:00:00,400.0,400.0,0.0,0.0,973.0,0.0,0.0,2745.937014,1578.244986,583.190552
2020-10-22 10:00:00,400.0,400.0,0.0,0.0,973.0,0.0,0.0,2882.625943,1744.936057,603.693891
2020-10-22 11:00:00,400.0,400.0,0.0,0.0,972.0,0.0,0.0,2971.813181,1741.048819,617.221977
2020-10-22 12:00:00,398.0,400.0,0.0,0.0,976.0,0.0,0.0,3048.075332,1860.624668,632.5613
2020-10-22 13:00:00,398.0,400.0,0.0,0.0,1019.0,0.0,0.0,3117.777034,1805.944966,643.466555
2020-10-22 14:00:00,398.0,400.0,0.0,0.0,1019.0,0.0,0.0,2965.366001,1759.463999,646.1049
2020-10-22 15:00:00,398.0,400.0,-0.0,0.0,1205.0,0.0,0.0,2948.550946,1448.617054,643.432642
2020-10-22 16:00:00,398.0,400.0,0.0,37.576493,1206.0,0.0,0.0,2760.415045,825.236955,624.962257
2020-10-22 17:00:00,400.0,400.0,20.42044,72.166898,995.591497,0.0,0.0,2466.237116,251.460884,641.646843
2020-10-22 18:00:00,400.0,400.0,20.234035,72.752177,1167.82979,0.0,0.0,2620.050243,221.849757,654.483068
2020-10-22 19:00:00,400.0,400.0,20.761583,24.226847,901.704176,0.0,0.0,2554.144712,154.423288,646.26608
2020-10-22 20:00:00,400.0,400.0,20.234035,24.547567,909.460928,0.0,0.0,2548.833495,100.776505,616.405885
2020-10-22 21:00:00,400.0,400.0,18.463561,16.818254,985.79485,0.0,0.0,2382.604,0.0,568.621372
2020-10-22 22:00:00,400.0,400.0,18.072542,0.0,856.488068,0.0,0.0,2263.0,0.0,516.82679
2020-10-22 23:00:00,400.0,400.0,0.0,0.0,926.0,0.0,0.0,2054.882191,134.785809,475.182329
2020-10-23 00:00:00,400.0,400.0,0.0,-0.0,926.0,0.0,0.0,1894.148324,272.871676,451.072249
2020-10-23 01:00:00,400.0,400.0,0.0,-0.0,925.0,0.0,0.0,1791.88543,247.06057,435.882814
2020-10-23 02:00:00,400.0,400.0,18.861019,-0.0,791.585462,0.0,0.0,1619.468,0.0,430.032381
2020-10-23 03:00:00,400.0,400.0,19.034775,19.034775,760.633505,0.0,0.0,1595.5,0.0,431.079974
2020-10-23 04:00:00,400.0,400.0,18.573789,23.902104,837.366359,0.0,0.0,1551.8,0.0,447.815046
2020-10-23 05:00:00,400.0,400.0,21.287879,72.96816,688.645841,0.0,0.0,1299.668,0.0,495.003324
2020-10-23 06:00:00,400.0,400.0,77.073029,19.430296,360.782866,0.0,329.075704,1164.0,0.0,517.38257
2020-10-23 07:00:00,400.0,400.0,21.116411,-0.0,784.116628,0.0,0.0,1711.12,0.0,535.950506
2020-10-23 08:00:00,398.0,400.0,0.0,-0.0,1253.0,0.0,0.0,2369.29314,66.95486,564.343971
2020-10-23 09:00:00,400.0,400.0,18.861019,-0.0,1140.065153,0.0,0.0,2442.738,0.0,592.300927
2020-10-23 10:00:00,400.0,400.0,19.430296,18.861019,1012.021169,0.0,0.0,2475.602,0.0,616.437125
2020-10-23 11:00:00,400.0,400.0,19.034775,21.393793,1080.080126,0.0,0.0,2656.5,0.0,633.362981
2020-10-23 12:00:00,400.0,400.0,19.430296,22.667672,1010.723315,0.0,0.0,2700.602,0.0,651.581803
2020-10-23 13:00:00,400.0,400.0,19.034775,20.664722,1080.198926,0.0,0.0,2696.718,0.0,664.877861
2020-10-23 14:00:00,400.0,400.0,19.034775,26.63487,1228.449063,0.0,0.0,2538.252,0.0,672.120441
2020-10-23 15:00:00,400.0,400.0,19.034775,23.032857,1433.610368,0.0,0.0,2187.762,0.0,667.522745
2020-10-23 16:00:00,400.0,400.0,20.419098,29.902198,1586.454022,0.0,0.0,1474.922,0.0,644.170197
2020-10-23 17:00:00,400.0,400.0,24.617414,76.308435,1150.715386,0.0,0.0,729.53,0.0,654.422192
2020-10-23 18:00:00,400.0,400.0,24.617414,61.137882,1149.415262,0.0,0.0,744.014,0.0,655.589811
2020-10-23 19:00:00,400.0,400.0,23.657594,26.805857,1214.46501,0.0,0.0,691.828,0.0,638.004449
2020-10-23 20:00:00,400.0,400.0,24.617414,25.9087,943.621697,0.0,0.0,592.184,0.0,610.434345
2020-10-23 21:00:00,400.0,400.0,23.206766,24.999622,1111.602095,0.0,0.0,519.786,0.0,574.377586
2020-10-23 22:00:00,400.0,400.0,23.128644,23.206766,944.523371,0.0,0.0,404.248,0.0,528.858694
2020-10-23 23:00:00,400.0,400.0,22.732362,22.732362,1145.179879,0.0,0.0,341.932,0.0,489.412818
2020-10-24 00:00:00,400.0,400.0,22.576747,25.68969,1008.191295,0.0,0.0,390.18,0.0,463.948306
2020-10-24 01:00:00,400.0,400.0,21.843654,23.069973,1097.554062,0.0,0.0,352.266,0.0,444.856791
2020-10-24 02:00:00,400.0,400.0,21.843654,23.069973,1120.672662,0.0,0.0,290.2,0.0,432.079101
2020-10-24 03:00:00,400.0,400.0,22.492854,23.069973,1085.463421,0.0,0.0,235.1,0.0,429.095487
2020-10-24 04:00:00,400.0,400.0,22.516066,23.206766,1045.304221,0.0,0.0,220.452,0.0,432.922167
2020-10-24 05:00:00,400.0,400.0,22.732362,38.679491,928.562835,0.0,0.0,197.796,0.0,447.034975
2020-10-24 06:00:00,400.0,400.0,76.324557,20.419098,274.512763,0.0,290.495923,234.664,0.0,444.172686
2020-10-24 07:00:00,400.0,400.0,20.846138,11.509652,1004.053571,0.0,0.0,1104.538,0.0,465.222664
2020-10-24 08:00:00,400.0,400.0,18.072542,0.0,1417.326598,0.0,0.0,1764.368,0.0,502.20621
2020-10-24 09:00:00,400.0,400.0,0.0,0.0,1465.0,0.0,0.0,2005.152185,126.947815,531.172828
2020-10-24 10:00:00,400.0,400.0,0.0,0.0,1464.0,0.0,0.0,2143.309308,251.406692,552.046396
2020-10-24 11:00:00,400.0,400.0,0.0,0.0,1462.0,0.0,0.0,2217.394619,296.175381,563.459193
2020-10-24 12:00:00,400.0,400.0,0.0,0.0,1458.0,0.0,0.0,2291.465019,272.134981,575.169753
2020-10-24 13:00:00,400.0,400.0,0.0,18.573789,1456.0,0.0,0.0,2346.356969,152.103031,583.703545
2020-10-24 14:00:00,398.0,400.0,0.0,20.400003,1456.0,0.0,0.0,2385.080813,11.381187,589.512122
2020-10-24 15:00:00,400.0,400.0,0.0,21.253777,1450.0,0.0,0.0,1917.269152,278.158848,592.240373
2020-10-24 16:00:00,400.0,400.0,15.731586,25.935491,1986.304895,0.0,0.0,1628.882,0.0,581.036566
2020-10-24 17:00:00,400.0,400.0,22.576747,73.917269,1276.538033,0.0,0.0,904.83,0.0,609.043795
2020-10-24 18:00:00,400.0,400.0,22.732362,69.058226,1238.740403,0.0,0.0,920.068,0.0,620.59914
2020-10-24 19:00:00,400.0,400.0,22.576747,25.482733,1244.03573,0.0,0.0,883.49,0.0,608.318141
2020-10-24 20:00:00,400.0,400.0,22.516066,25.535016,1111.657585,0.0,0.0,918.182,0.0,580.128662
2020-10-24 21:00:00,400.0,400.0,21.647258,22.96816,1218.026913,0.0,0.0,831.568,0.0,551.181163
2020-10-24 22:00:00,400.0,400.0,21.116411,21.843654,1419.639166,0.0,0.0,784.63,0.0,513.898625
2020-10-24 23:00:00,400.0,400.0,22.492854,21.923274,848.178434,0.0,0.0,685.962,0.0,478.317535
2020-10-25 00:00:00,400.0,400.0,21.474047,21.647258,980.248804,0.0,0.0,659.732,0.0,454.572479
2020-10-25 01:00:00,400.0,400.0,21.288154,21.288154,990.392971,0.0,0.0,562.304,0.0,438.436654
2020-10-25 02:00:00,400.0,400.0,21.474047,21.474047,989.757638,0.0,0.0,488.828,0.0,427.510554
2020-10-25 03:00:00,400.0,400.0,21.474047,22.516066,989.653401,0.0,0.0,457.552,0.0,422.83479
2020-10-25 04:00:00,400.0,400.0,21.647258,22.96816,919.721687,0.0,0.0,398.85,0.0,424.519247
2020-10-25 05:00:00,400.0,400.0,22.516066,43.152108,823.554426,0.0,0.0,361.162,0.0,433.291136
2020-10-25 06:00:00,400.0,400.0,73.069973,19.68943,516.60387,0.0,24.41105,342.89,0.0,423.34292
2020-10-25 07:00:00,400.0,400.0,19.68943,0.0,1130.213622,0.0,0.0,1057.146,0.0,438.439857
2020-10-25 08:00:00,400.0,400.0,0.0,0.0,1491.0,0.0,0.0,1630.914354,113.275646,470.387153
2020-10-25 09:00:00,400.0,400.0,0.0,0.0,1491.0,0.0,0.0,1814.993463,369.374537,497.999019
2020-10-25 10:00:00,400.0,400.0,0.0,0.0,1491.0,0.0,0.0,1976.299721,366.652279,522.194958
2020-10-25 11:00:00,400.0,400.0,0.0,0.0,1490.0,0.0,0.0,2072.024954,348.113046,536.703743
2020-10-25 12:00:00,400.0,400.0,0.0,0.0,1487.0,0.0,0.0,2173.469995,254.220005,552.370499
2020-10-25 13:00:00,400.0,400.0,0.0,19.034775,1486.0,0.0,0.0,2278.87381,89.05619,568.331072
2020-10-25 14:00:00,400.0,400.0,18.861019,20.419098,1327.117695,0.0,0.0,2202.688,0.0,580.735546
2020-10-25 15:00:00,398.0,400.0,0.0,20.845483,1487.0,0.0,0.0,1923.953563,25.336437,591.443034
2020-10-25 16:00:00,400.0,400.0,19.685338,23.437807,1704.876018,0.0,0.0,1366.24,0.0,583.854597
2020-10-25 17:00:00,400.0,400.0,23.128644,73.349594,1018.587715,0.0,0.0,662.266,0.0,615.851743
2020-10-25 18:00:00,400.0,400.0,23.206766,76.324557,1042.626346,0.0,0.0,681.212,0.0,631.437848
2020-10-25 19:00:00,400.0,400.0,23.437807,22.020572,926.443374,0.0,0.0,598.238,0.0,621.419194
2020-10-25 20:00:00,400.0,400.0,76.324557,22.96816,622.478998,0.0,138.619152,617.58,0.0,593.41515
2020-10-25 21:00:00,400.0,400.0,23.437807,22.732362,797.025251,0.0,0.0,511.648,0.0,551.343412
2020-10-25 22:00:00,400.0,400.0,21.116411,21.116714,1365.436617,0.0,0.0,769.504,0.0,504.760107
2020-10-25 23:00:00,400.0,400.0,19.68943,20.876918,1119.548216,0.0,0.0,1337.582,0.0,467.105068
2020-10-26 00:00:00,400.0,400.0,19.034775,20.358826,1240.841509,0.0,0.0,1309.0,0.0,444.623774
2020-10-26 01:00:00,400.0,400.0,18.463561,19.983547,1334.521233,0.0,0.0,1321.068,0.0,432.382015
2020-10-26 02:00:00,400.0,400.0,0.0,20.400003,1407.0,0.0,0.0,1347.999129,70.400871,425.549869
2020-10-26 03:00:00,400.0,400.0,18.573789,20.419098,1311.437872,0.0,0.0,1256.112,0.0,426.101119
2020-10-26 04:00:00,400.0,400.0,18.861019,21.647258,1284.832855,0.0,0.0,1203.688,0.0,447.728272
2020-10-26 05:00:00,400.0,400.0,20.419098,72.732834,1143.756412,0.0,0.0,1145.518,0.0,497.214238
2020-10-26 06:00:00,400.0,400.0,21.288154,19.983547,994.181483,0.0,0.0,1074.5,0.0,514.697778
2020-10-26 07:00:00,400.0,400.0,21.096312,0.0,801.195966,0.0,0.0,1065.45,0.0,542.288105
2020-10-26 08:00:00,398.0,400.0,0.0,0.0,1648.0,0.0,0.0,2127.00779,271.94221,574.501168
2020-10-26 09:00:00,398.0,400.0,0.0,19.034775,1647.0,0.0,0.0,2349.461707,427.540293,608.019256
2020-10-26 10:00:00,400.0,400.0,14.191367,19.034775,1648.609944,0.0,0.0,2578.832,0.0,642.183308
2020-10-26 11:00:00,400.0,400.0,0.0,19.983547,1650.0,0.0,0.0,2693.496687,223.985313,659.174503
2020-10-26 12:00:00,400.0,400.0,19.430296,21.116714,1429.731197,0.0,0.0,2627.12,0.0,682.25832
2020-10-26 13:00:00,400.0,400.0,20.419098,22.838533,1202.911035,0.0,0.0,2375.488,0.0,704.036545
2020-10-26 14:00:00,400.0,400.0,21.116714,22.845279,1240.694602,0.0,0.0,2110.482,0.0,711.86811
2020-10-26 15:00:00,400.0,400.0,20.419098,23.239915,1558.123589,0.0,0.0,1863.388,0.0,705.939662
2020-10-26 16:00:00,400.0,400.0,21.474047,29.447578,1651.091975,0.0,0.0,1277.846,0.0,685.163104
2020-10-26 17:00:00,400.0,400.0,23.87513,69.274177,1183.032921,0.0,0.0,715.102,0.0,698.710362
2020-10-26 18:00:00,400.0,400.0,23.657594,72.732717,1211.702943,0.0,0.0,732.704,0.0,698.250159
2020-10-26 19:00:00,400.0,400.0,23.437807,27.512649,1301.223227,0.0,0.0,737.73,0.0,684.376016
2020-10-26 20:00:00,400.0,400.0,22.732362,24.617414,1575.963659,0.0,0.0,761.686,0.0,646.758351
2020-10-26 21:00:00,400.0,400.0,21.647258,23.128644,1572.338203,0.0,0.0,761.3,0.0,593.99427
2020-10-26 22:00:00,400.0,400.0,20.846138,22.96816,1632.217191,0.0,0.0,795.14,0.0,536.838421
2020-10-26 23:00:00,400.0,400.0,20.419098,22.732362,1533.926749,0.0,0.0,761.88,0.0,493.342988
2020-10-27 00:00:00,400.0,400.0,21.116411,26.333323,1298.275149,0.0,0.0,710.002,0.0,467.659028
2020-10-27 01:00:00,400.0,400.0,20.419098,24.788698,1153.531306,0.0,0.0,823.968,0.0,453.215504
2020-10-27 02:00:00,400.0,400.0,21.116714,21.647258,892.014226,0.0,0.0,831.33,0.0,443.597366
2020-10-27 03:00:00,400.0,400.0,21.287879,21.288154,872.522532,0.0,0.0,773.38,0.0,442.77862
2020-10-27 04:00:00,400.0,400.0,21.287879,21.474047,894.330457,0.0,0.0,918.952,0.0,461.343231
2020-10-27 05:00:00,400.0,400.0,72.516066,33.95568,666.849202,0.0,10.102418,1026.7,0.0,511.62762
2020-10-27 06:00:00,400.0,400.0,21.116411,19.68943,948.229837,0.0,0.0,1518.302,0.0,543.160824
2020-10-27 07:00:00,400.0,400.0,0.0,0.0,1280.0,0.0,0.0,2352.85349,106.79651,565.328024
2020-10-27 08:00:00,400.0,400.0,0.0,0.0,1299.0,0.0,0.0,2499.95407,479.44593,584.54311
2020-10-27 09:00:00,400.0,400.0,0.0,0.0,1292.0,0.0,0.0,2692.759863,511.130137,614.513979
2020-10-27 10:00:00,400.0,400.0,0.0,0.0,1305.0,0.0,0.0,2859.799154,565.246846,637.619873
2020-10-27 11:00:00,400.0,400.0,0.0,0.0,1304.0,0.0,0.0,2941.165938,691.986062,649.974891
2020-10-27 12:00:00,400.0,400.0,0.0,0.0,1303.0,0.0,0.0,2973.49543,666.73457,654.974314
2020-10-27 13:00:00,400.0,400.0,0.0,0.0,1304.0,0.0,0.0,3027.587733,1061.074267,662.93816
2020-10-27 14:00:00,398.0,400.0,0.0,0.0,1306.0,0.0,0.0,3043.890911,809.807089,665.083637
2020-10-27 15:00:00,400.0,400.0,0.0,0.0,1304.0,0.0,0.0,2827.233051,604.714949,658.384958
2020-10-27 16:00:00,398.0,400.0,0.0,20.234035,1492.0,0.0,0.0,2644.4609,111.8211,637.119135
2020-10-27 17:00:00,400.0,400.0,21.905537,74.332639,897.240841,0.0,0.0,2040.137692,244.116308,659.534528
2020-10-27 18:00:00,400.0,400.0,20.526636,74.762577,1299.666189,0.0,0.0,2421.305797,199.044203,678.395941
2020-10-27 19:00:00,400.0,400.0,74.060266,25.141684,762.829066,0.0,101.541929,2073.449035,195.780965,661.142995
2020-10-27 20:00:00,400.0,400.0,60.533308,22.931485,825.721118,0.0,0.0,2268.161907,6.518093,629.766118
2020-10-27 21:00:00,400.0,400.0,21.569791,20.234035,1162.321889,0.0,0.0,2272.360018,86.767982,578.105719
2020-10-27 22:00:00,398.0,400.0,0.0,0.0,1317.0,0.0,0.0,2088.776005,71.983995,527.366401
2020-10-27 23:00:00,398.0,400.0,0.0,0.0,1136.0,0.0,0.0,1982.9545,183.0635,485.393175
2020-10-28 00:00:00,398.0,400.0,0.0,0.0,1135.0,0.0,0.0,1825.992916,194.741084,461.998937
2020-10-28 01:00:00,398.0,400.0,0.0,0.0,1135.0,0.0,0.0,1738.758286,349.757714,448.913743
2020-10-28 02:00:00,398.0,400.0,0.0,0.0,1135.0,0.0,0.0,1678.438322,278.045678,439.865748
2020-10-28 03:00:00,398.0,400.0,0.0,0.0,1134.0,0.0,0.0,1684.018089,89.013911,440.852713
2020-10-28 04:00:00,400.0,400.0,16.970947,0.0,1092.076972,0.0,0.0,1769.63,0.0,459.982954
2020-10-28 05:00:00,400.0,400.0,20.400003,39.26038,724.259819,0.0,0.0,1720.68,0.0,507.813027
2020-10-28 06:00:00,400.0,400.0,71.116714,0.0,597.986378,0.0,104.339665,1744.12,0.0,530.270043
2020-10-28 07:00:00,400.0,400.0,19.034775,0.0,929.86454,0.0,0.0,2234.298,0.0,554.015019
2020-10-28 08:00:00,398.0,400.0,0.0,0.0,1115.0,0.0,0.0,2550.468749,41.933251,573.670312
2020-10-28 09:00:00,398.0,400.0,0.0,0.0,1109.0,0.0,0.0,2760.636151,26.233849,606.095423
2020-10-28 10:00:00,400.0,400.0,0.0,0.0,1122.0,0.0,0.0,2839.790833,194.019167,616.018625
2020-10-28 11:00:00,400.0,400.0,0.0,0.0,1122.0,0.0,0.0,3055.681443,225.436557,648.402216
2020-10-28 12:00:00,400.0,400.0,0.0,0.0,1122.0,0.0,0.0,3078.585977,204.164023,651.837897
2020-10-28 13:00:00,398.0,400.0,0.0,19.431398,1123.0,0.0,0.0,3111.447707,51.102293,656.617156
2020-10-28 14:00:00,400.0,400.0,0.0,19.749986,1120.0,0.0,0.0,2913.66267,98.46933,652.8994
2020-10-28 15:00:00,400.0,400.0,0.0,20.846138,1305.0,0.0,0.0,2293.069025,394.208975,645.610354
2020-10-28 16:00:00,398.0,400.0,0.0,30.647946,1954.0,0.0,0.0,1996.262795,89.717205,626.439419
2020-10-28 17:00:00,400.0,400.0,21.843654,73.657594,1435.026228,0.0,0.0,1459.42,0.0,652.709066
2020-10-28 18:00:00,400.0,400.0,21.843654,70.781924,1443.363914,0.0,0.0,1563.8,0.0,670.115413
2020-10-28 19:00:00,400.0,400.0,21.287879,23.206766,1574.842713,0.0,0.0,1609.512,0.0,653.050393
2020-10-28 20:00:00,400.0,400.0,19.983547,22.732362,1786.613995,0.0,0.0,1628.998,0.0,624.207601
2020-10-28 21:00:00,400.0,400.0,18.861019,20.400003,2025.6374,0.0,0.0,1573.68,0.0,580.05639
2020-10-28 22:00:00,398.0,400.0,0.0,19.983547,1963.0,0.0,0.0,1511.83358,60.04842,526.925037
2020-10-28 23:00:00,400.0,400.0,0.0,20.419098,1778.0,0.0,0.0,1387.136638,314.881362,482.720496
2020-10-29 00:00:00,400.0,400.0,0.0,21.287879,1746.0,0.0,0.0,1242.115271,544.502729,457.517291
2020-10-29 01:00:00,398.0,400.0,0.0,20.400003,1749.0,0.0,0.0,1162.315496,614.888504,445.097324
2020-10-29 02:00:00,398.0,400.0,0.0,20.419098,1749.0,0.0,0.0,1104.160012,696.955988,436.374002
2020-10-29 03:00:00,400.0,400.0,0.0,21.116714,1746.0,0.0,0.0,1108.301172,469.430828,437.445176
2020-10-29 04:00:00,398.0,400.0,0.0,21.647258,1746.0,0.0,0.0,1225.780645,51.119355,455.067097
2020-10-29 05:00:00,400.0,400.0,20.419098,44.977436,1297.459699,0.0,0.0,1107.868,0.0,504.661245
2020-10-29 06:00:00,400.0,400.0,20.846138,20.419098,1037.667303,0.0,0.0,1337.566,0.0,524.834805
2020-10-29 07:00:00,398.0,400.0,0.0,0.0,1370.0,0.0,0.0,2159.199351,177.900649,544.979903
2020-10-29 08:00:00,398.0,400.0,0.0,0.0,1369.0,0.0,0.0,2269.202962,675.857038,561.630444
2020-10-29 09:00:00,398.0,400.0,0.0,0.0,1369.0,0.0,0.0,2416.124623,1083.685377,583.668693
2020-10-29 10:00:00,398.0,400.0,0.0,0.0,1369.0,0.0,0.0,2520.873209,1252.958791,599.380981
2020-10-29 11:00:00,398.0,400.0,0.0,0.0,1369.0,0.0,0.0,2647.518371,1410.929629,618.377756
2020-10-29 12:00:00,398.0,400.0,0.0,0.0,1366.0,0.0,0.0,2672.807359,1237.094641,622.621104
2020-10-29 13:00:00,398.0,400.0,0.0,18.463561,1367.0,0.0,0.0,2667.27378,1166.78822,621.641067
2020-10-29 14:00:00,398.0,400.0,0.0,19.858833,1367.0,0.0,0.0,2687.071291,1096.078709,624.610694
2020-10-29 15:00:00,400.0,400.0,0.0,20.846138,1364.0,0.0,0.0,2319.201726,817.164274,620.880259
2020-10-29 16:00:00,400.0,400.0,0.0,25.993623,1735.0,0.0,0.0,1693.466697,719.835303,603.370005
2020-10-29 17:00:00,400.0,400.0,0.0,76.411503,2296.0,0.0,0.0,1830.83993,231.21207,629.975989
2020-10-29 18:00:00,400.0,400.0,0.0,72.354205,2328.0,0.0,0.0,1966.809589,146.276411,648.121438
2020-10-29 19:00:00,400.0,400.0,0.0,26.495575,2329.0,0.0,0.0,1886.041824,224.528176,634.656274
2020-10-29 20:00:00,400.0,400.0,0.0,23.206766,2145.0,0.0,0.0,1869.371448,119.846552,606.505717
2020-10-29 21:00:00,400.0,400.0,0.0,21.647258,2147.0,0.0,0.0,1587.394325,374.071675,563.909149
2020-10-29 22:00:00,400.0,400.0,0.0,19.858833,2148.0,0.0,0.0,1263.420006,679.379994,515.163001
2020-10-29 23:00:00,400.0,400.0,0.0,20.419098,1779.0,0.0,0.0,1342.242056,516.505944,475.836308
2020-10-30 00:00:00,400.0,400.0,0.0,20.846138,1409.0,0.0,0.0,1538.514885,81.601115,454.277233
2020-10-30 01:00:00,400.0,400.0,14.191367,19.983547,1405.406061,0.0,0.0,1441.11,0.0,440.205591
2020-10-30 02:00:00,400.0,400.0,0.0,19.983547,1409.0,0.0,0.0,1400.359976,71.878024,433.553996
2020-10-30 03:00:00,400.0,400.0,0.0,16.52272,1409.0,0.0,0.0,1407.635646,156.716354,434.645347
2020-10-30 04:00:00,400.0,400.0,18.861019,19.430296,1300.172689,0.0,0.0,1402.73,0.0,450.233597
2020-10-30 05:00:00,400.0,400.0,20.419098,45.888519,914.287148,0.0,0.0,1274.984,0.0,490.154528
2020-10-30 06:00:00,400.0,400.0,72.492854,0.0,478.385891,0.0,194.822726,1313.33,0.0,506.841616
2020-10-30 07:00:00,400.0,400.0,19.034775,0.0,1056.071168,0.0,0.0,2046.99,0.0,530.237825
2020-10-30 08:00:00,398.0,400.0,0.0,0.0,1217.0,0.0,0.0,2355.712523,137.335477,552.406878
2020-10-30 09:00:00,400.0,400.0,0.0,0.0,1217.0,0.0,0.0,2525.040162,337.129838,577.806024
2020-10-30 10:00:00,400.0,400.0,0.0,0.0,1221.0,0.0,0.0,2668.025613,122.960387,598.653842
2020-10-30 11:00:00,400.0,400.0,0.0,0.0,1223.0,0.0,0.0,2740.983124,141.066876,609.297469
2020-10-30 12:00:00,398.0,400.0,0.0,0.0,1224.0,0.0,0.0,2815.928944,40.671056,620.389342
2020-10-30 13:00:00,400.0,400.0,16.970947,18.861019,1184.70905,0.0,0.0,2837.79,0.0,629.562143
2020-10-30 14:00:00,400.0,400.0,18.573789,20.147467,1125.07152,0.0,0.0,2651.446,0.0,636.056172
2020-10-30 15:00:00,400.0,400.0,18.072542,23.867112,1322.783307,0.0,0.0,2253.036,0.0,625.387904
2020-10-30 16:00:00,398.257104,400.0,0.0,26.588956,1772.742896,0.0,0.0,1892.964,0.0,613.683166
2020-10-30 17:00:00,400.0,400.0,16.970947,75.9087,2097.064069,0.0,0.0,1878.568,0.0,634.12559
2020-10-30 18:00:00,398.0,400.0,0.0,69.051408,2203.0,0.0,0.0,2076.07953,172.77247,643.061929
2020-10-30 19:00:00,398.0,400.0,-0.0,23.206766,2114.0,0.0,0.0,2001.058536,308.837464,622.65878
2020-10-30 20:00:00,398.0,400.0,0.0,22.96816,2116.0,0.0,0.0,1825.888109,389.657891,596.083216
2020-10-30 21:00:00,398.0,400.0,0.0,22.732362,2118.0,0.0,0.0,1590.941174,566.326826,560.541176
2020-10-30 22:00:00,400.0,400.0,-0.0,22.516066,1931.0,0.0,0.0,1456.394694,642.589306,515.159204
2020-10-30 23:00:00,400.0,400.0,-0.0,22.732362,1932.0,0.0,0.0,1228.429987,786.298013,480.814498
2020-10-31 00:00:00,400.0,400.0,-0.0,23.128644,1748.0,0.0,0.0,1190.495931,718.594069,449.47439
2020-10-31 01:00:00,400.0,400.0,-0.0,28.702673,1748.0,0.0,0.0,1152.00726,724.49274,443.701089
2020-10-31 02:00:00,400.0,400.0,0.0,24.842432,1563.0,0.0,0.0,1260.503018,598.558982,434.475453
2020-10-31 03:00:00,400.0,400.0,0.0,24.541679,1563.0,0.0,0.0,1221.230598,617.255402,428.58459
2020-10-31 04:00:00,400.0,400.0,0.0,24.101017,1563.0,0.0,0.0,1271.653627,593.160373,436.148044
2020-10-31 05:00:00,400.0,400.0,0.0,24.4564,1377.0,0.0,0.0,1527.685831,270.852169,449.202875
2020-10-31 06:00:00,398.0,400.0,0.0,-0.0,1286.0,0.0,0.0,1597.291122,138.718878,450.043668
2020-10-31 07:00:00,398.0,400.0,0.0,-0.0,1271.0,0.0,0.0,1707.070247,484.195753,468.760537
2020-10-31 08:00:00,398.0,400.0,0.0,-0.0,1277.0,0.0,0.0,1913.092461,789.757539,498.763869
2020-10-31 09:00:00,398.921,400.0,0.0,-0.0,1276.079,0.0,0.0,2095.827287,1001.750713,526.312243
2020-10-31 10:00:00,399.183,400.0,0.0,-0.0,1277.817,0.0,0.0,2218.042246,732.207754,544.383787
2020-10-31 11:00:00,400.0,400.0,0.0,-0.0,1284.0,0.0,0.0,2294.559721,522.362279,554.933958
2020-10-31 12:00:00,400.0,400.0,0.0,-0.0,1291.0,0.0,0.0,2347.518107,352.791893,561.827716
2020-10-31 13:00:00,400.0,400.0,0.0,-0.0,1292.0,0.0,0.0,2384.604871,150.873129,567.240731
2020-10-31 14:00:00,398.0,400.0,0.0,19.034775,1294.0,0.0,0.0,2428.457772,11.644228,573.518666
2020-10-31 15:00:00,400.0,400.0,0.0,19.983547,1284.0,0.0,0.0,1917.776722,440.371278,574.916508
2020-10-31 16:00:00,400.0,400.0,20.400003,33.741893,1425.02177,0.0,0.0,1469.88,0.0,569.828734
2020-10-31 17:00:00,400.0,400.0,76.324557,73.437807,533.065903,0.0,105.096012,716.172,0.0,603.465915
2020-10-31 18:00:00,400.0,400.0,76.790897,68.211838,494.556628,0.0,290.288078,770.248,0.0,615.703706
2020-10-31 19:00:00,400.0,400.0,76.790897,20.419098,372.1895,0.0,390.630875,838.952,0.0,594.849375
2020-10-31 20:00:00,400.0,400.0,76.429316,21.287879,456.048965,0.0,287.05739,835.978,0.0,575.089355
2020-10-31 21:00:00,400.0,400.0,22.96816,18.861019,944.850402,0.0,0.0,1103.698,0.0,541.92714
2020-10-31 22:00:00,400.0,400.0,23.069973,19.034775,906.202008,0.0,0.0,822.67,0.0,505.570199
2020-10-31 23:00:00,400.0,400.0,133.035526,19.830275,56.736173,0.0,565.754401,814.9,0.0,472.074574
2020-11-01 00:00:00,400.0,400.0,72.96816,19.034775,374.075044,0.0,231.573499,1016.452,0.0,454.706543
2020-11-01 01:00:00,400.0,400.0,69.68943,18.573789,570.799017,0.0,22.296331,1591.768,0.0,441.745347
2020-11-01 02:00:00,398.0,400.0,0.0,-0.0,833.0,0.0,0.0,1763.657716,267.658284,422.198657
2020-11-01 03:00:00,400.0,400.0,0.0,-0.0,843.0,0.0,0.0,1704.292426,665.621574,411.793864
2020-11-01 04:00:00,398.0,400.0,0.0,-0.0,839.0,0.0,0.0,1704.914406,501.855594,412.487161
2020-11-01 05:00:00,398.0,400.0,0.0,-0.0,832.0,0.0,0.0,1730.667374,175.600626,417.400106
2020-11-01 06:00:00,400.0,400.0,0.0,-0.0,842.0,0.0,0.0,1737.463168,664.184832,418.119475
2020-11-01 07:00:00,400.0,400.0,0.0,-0.0,826.0,0.0,0.0,1773.84526,1015.41674,424.776789
2020-11-01 08:00:00,400.0,400.0,0.0,-0.0,825.0,0.0,0.0,1904.17848,1563.41152,444.476772
2020-11-01 09:00:00,400.0,400.0,0.0,-0.0,842.0,0.0,0.0,2113.034753,2487.867247,473.255213
2020-11-01 10:00:00,400.0,400.0,0.0,-0.0,841.0,0.0,0.0,2270.250918,2518.867082,496.987638
2020-11-01 11:00:00,400.0,400.0,0.0,-0.0,840.0,0.0,0.0,2358.745894,2556.872106,510.411884
2020-11-01 12:00:00,398.0,400.0,0.0,-0.0,840.0,0.0,0.0,2406.37218,2559.48182,519.955827
2020-11-01 13:00:00,400.0,400.0,0.0,-0.0,833.0,0.0,0.0,2454.146005,2132.385995,525.771901
2020-11-01 14:00:00,398.0,400.0,0.0,-0.0,839.0,0.0,0.0,2487.656251,2213.041749,529.898438
2020-11-01 15:00:00,398.0,400.0,0.0,-0.0,840.0,0.0,0.0,2520.348946,1740.003054,534.652342
2020-11-01 16:00:00,398.0,400.0,0.0,15.509957,836.0,0.0,0.0,2507.180955,1025.999045,534.477143
2020-11-01 17:00:00,398.0,400.0,0.0,19.987876,837.0,0.0,0.0,2568.069726,217.266274,567.760459
2020-11-01 18:00:00,400.0,400.0,18.769533,37.040564,947.042098,0.0,0.0,2569.206417,91.025583,604.674648
2020-11-01 19:00:00,400.0,400.0,19.930337,20.246804,1048.916048,0.0,0.0,2465.647668,59.522332,601.609743
2020-11-01 20:00:00,400.0,400.0,77.722664,19.909462,600.940744,0.0,168.959925,1906.378539,67.921461,584.915669
2020-11-01 21:00:00,400.0,400.0,20.943144,70.846138,898.528474,0.0,0.0,1951.808486,59.539514,557.592002
2020-11-01 22:00:00,400.0,400.0,14.191367,19.430296,1289.336272,0.0,0.0,2042.154,0.0,525.272659
2020-11-01 23:00:00,398.0,400.0,0.0,65.337097,1293.0,0.0,0.0,1790.500904,237.001096,486.975136
2020-11-02 00:00:00,398.0,400.0,0.0,18.861019,1260.0,0.0,0.0,1599.584533,114.333467,455.03768
2020-11-02 01:00:00,400.0,400.0,18.573789,0.0,1128.527595,0.0,0.0,1352.55,0.0,437.703361
2020-11-02 02:00:00,400.0,400.0,16.970947,0.0,1186.271651,0.0,0.0,1381.368,0.0,433.364452
2020-11-02 03:00:00,400.0,400.0,19.034775,18.072542,1019.498157,0.0,0.0,1192.4,0.0,430.035276
2020-11-02 04:00:00,400.0,400.0,18.463561,19.034775,1139.981815,0.0,0.0,1362.52,0.0,437.480728
2020-11-02 05:00:00,400.0,400.0,19.034775,20.419098,1032.767575,0.0,0.0,1455.78,0.0,467.551864
2020-11-02 06:00:00,400.0,400.0,19.68943,71.116714,934.700967,0.0,0.0,1456.35,0.0,493.747355
2020-11-02 07:00:00,400.0,400.0,0.0,20.419098,1334.0,0.0,0.0,1992.126136,99.873864,525.61892
2020-11-02 08:00:00,400.0,400.0,0.0,19.68943,1340.0,0.0,0.0,2167.931134,444.486866,551.08967
2020-11-02 09:00:00,400.0,400.0,0.0,18.573789,1341.0,0.0,0.0,2296.434484,448.745516,570.215173
2020-11-02 10:00:00,398.0,400.0,0.0,0.0,1328.0,0.0,0.0,2396.796277,496.965723,587.219442
2020-11-02 11:00:00,400.0,400.0,0.0,0.0,1328.0,0.0,0.0,2478.387429,405.394571,599.458114
2020-11-02 12:00:00,400.0,400.0,0.0,0.0,1341.0,0.0,0.0,2540.002956,454.765044,606.750443
2020-11-02 13:00:00,400.0,400.0,0.0,18.072542,1348.0,0.0,0.0,2591.151393,193.916607,613.372709
2020-11-02 14:00:00,398.0,400.0,0.0,23.003375,1354.0,0.0,0.0,2561.446455,16.685545,617.316968
2020-11-02 15:00:00,398.0,400.0,0.0,22.516066,1455.0,0.0,0.0,2045.121719,3.560281,615.168258
2020-11-02 16:00:00,400.0,400.0,19.68943,30.376287,1618.451575,0.0,0.0,1279.43,0.0,610.046764
2020-11-02 17:00:00,400.0,400.0,24.617414,75.004411,1114.925689,0.0,0.0,640.08,0.0,647.573147
2020-11-02 18:00:00,400.0,400.0,26.324557,68.21081,991.416407,0.0,0.0,607.838,0.0,658.863239
2020-11-02 19:00:00,400.0,400.0,24.617414,26.854912,1111.682374,0.0,0.0,603.854,0.0,640.225744
2020-11-02 20:00:00,400.0,400.0,26.324557,26.429316,886.820305,0.0,0.0,606.312,0.0,621.073754
2020-11-02 21:00:00,400.0,400.0,23.87513,24.617414,1076.865168,0.0,0.0,579.068,0.0,588.480425
2020-11-02 22:00:00,400.0,400.0,23.069973,24.488131,1304.366333,0.0,0.0,494.55,0.0,541.67755
2020-11-02 23:00:00,400.0,400.0,23.657594,23.206766,718.763711,0.0,0.0,335.48,0.0,499.157443
2020-11-03 00:00:00,400.0,400.0,22.96816,22.732362,955.498889,0.0,0.0,355.428,0.0,466.639367
2020-11-03 01:00:00,400.0,400.0,22.576747,22.96816,1062.832334,0.0,0.0,357.018,0.0,450.77785
2020-11-03 02:00:00,400.0,400.0,22.732362,22.732362,1025.457023,0.0,0.0,257.262,0.0,441.420747
2020-11-03 03:00:00,400.0,400.0,22.576747,22.732362,1048.925556,0.0,0.0,253.77,0.0,437.376667
2020-11-03 04:00:00,400.0,400.0,22.732362,23.069973,1030.380894,0.0,0.0,273.2,0.0,443.072866
2020-11-03 05:00:00,400.0,400.0,23.069973,72.420348,879.684,0.0,0.0,295.598,0.0,470.2371
2020-11-03 06:00:00,400.0,400.0,24.617414,24.953855,637.247352,0.0,0.0,271.102,0.0,501.728197
2020-11-03 07:00:00,400.0,400.0,73.206766,21.116411,672.65927,0.0,27.320039,855.448,0.0,530.81831
2020-11-03 08:00:00,400.0,400.0,20.419098,19.430296,1204.489298,0.0,0.0,1534.902,0.0,552.961905
2020-11-03 09:00:00,400.0,400.0,19.034775,0.0,1423.305946,0.0,0.0,1889.32,0.0,573.302108
2020-11-03 10:00:00,400.0,400.0,19.034775,0.0,1467.394075,0.0,0.0,2025.368,0.0,587.096089
2020-11-03 11:00:00,400.0,400.0,18.861019,0.0,1503.851415,0.0,0.0,2120.89,0.0,595.955788
2020-11-03 12:00:00,400.0,400.0,18.861019,0.0,1475.790615,0.0,0.0,2137.602,0.0,602.671708
2020-11-03 13:00:00,400.0,400.0,18.861019,0.0,1471.89967,0.0,0.0,2169.65,0.0,608.062549
2020-11-03 14:00:00,400.0,400.0,18.861019,19.034775,1529.17314,0.0,0.0,2253.11,0.0,611.990529
2020-11-03 15:00:00,400.0,400.0,0.0,21.474047,1641.0,0.0,0.0,2041.769591,71.084409,610.015439
2020-11-03 16:00:00,400.0,400.0,20.419098,25.277893,1538.0605,0.0,0.0,1452.916,0.0,602.978325
2020-11-03 17:00:00,400.0,400.0,21.152212,72.561221,1033.520259,0.0,0.0,967.752,0.0,633.484761
2020-11-03 18:00:00,400.0,400.0,21.684577,61.496464,1085.295027,0.0,0.0,1059.69,0.0,630.059246
2020-11-03 19:00:00,400.0,400.0,21.354359,25.322517,1276.944887,0.0,0.0,1158.4,0.0,607.868267
2020-11-03 20:00:00,400.0,400.0,22.601932,25.467248,1061.711434,0.0,0.0,1233.981673,18.480327,598.240536
2020-11-03 21:00:00,400.0,400.0,22.492854,25.363602,1109.070132,0.0,0.0,1114.28,0.0,573.18148
2020-11-03 22:00:00,400.0,400.0,21.647258,24.666494,962.389257,0.0,0.0,1043.132,0.0,531.261411
2020-11-03 23:00:00,400.0,400.0,22.656017,21.647258,812.393089,0.0,0.0,1000.593576,71.224424,494.130073
2020-11-04 00:00:00,400.0,400.0,22.23556,21.905537,922.037155,0.0,0.0,918.445815,19.920185,465.361299
2020-11-04 01:00:00,400.0,400.0,21.474047,20.419098,867.724227,0.0,0.0,759.7,0.0,449.696366
2020-11-04 02:00:00,400.0,400.0,21.288154,21.647258,887.096487,0.0,0.0,728.102,0.0,442.050827
2020-11-04 03:00:00,400.0,400.0,21.474047,21.288154,854.212997,0.0,0.0,667.666,0.0,437.91795
2020-11-04 04:00:00,400.0,400.0,21.474047,21.843654,845.268839,0.0,0.0,722.468,0.0,447.479874
2020-11-04 05:00:00,400.0,400.0,22.516066,73.437807,689.913546,0.0,0.0,642.002,0.0,473.113268
2020-11-04 06:00:00,400.0,400.0,73.437807,22.604772,464.558033,0.0,191.894962,749.418,0.0,500.378995
2020-11-04 07:00:00,400.0,400.0,21.288154,0.0,864.738054,0.0,0.0,1329.96,0.0,527.433292
2020-11-04 08:00:00,398.0,400.0,0.0,0.0,1494.0,0.0,0.0,2108.890185,14.295815,549.883528
2020-11-04 09:00:00,400.0,400.0,0.0,0.0,1503.0,0.0,0.0,2229.793755,323.574245,566.669063
2020-11-04 10:00:00,400.0,400.0,0.0,0.0,1507.0,0.0,0.0,2335.521322,291.168678,581.928198
2020-11-04 11:00:00,400.0,400.0,0.0,0.0,1509.0,0.0,0.0,2412.97406,320.82794,593.246109
2020-11-04 12:00:00,400.0,400.0,0.0,0.0,1506.0,0.0,0.0,2464.885527,264.144473,601.482829
2020-11-04 13:00:00,400.0,400.0,0.0,18.861019,1508.0,0.0,0.0,2454.114067,214.837933,599.56711
2020-11-04 14:00:00,398.0,400.0,0.0,20.379556,1511.0,0.0,0.0,2494.73469,7.88131,605.210203
2020-11-04 15:00:00,400.0,400.0,0.0,21.474047,1511.0,0.0,0.0,1954.751149,262.832851,600.712672
2020-11-04 16:00:00,400.0,400.0,19.983547,27.610805,1707.676136,0.0,0.0,1415.216,0.0,599.03098
2020-11-04 17:00:00,400.0,400.0,23.181549,75.9087,1004.433335,0.0,0.0,766.27,0.0,640.9255
2020-11-04 18:00:00,400.0,400.0,24.617414,69.642352,882.14081,0.0,0.0,786.35,0.0,656.281378
2020-11-04 19:00:00,400.0,400.0,76.429316,23.128644,576.796503,0.0,233.435522,755.97,0.0,636.026025
2020-11-04 20:00:00,400.0,400.0,75.9087,21.288154,627.257457,0.0,161.535924,698.44,0.0,619.827381
2020-11-04 21:00:00,400.0,400.0,23.87513,19.705191,779.462379,0.0,0.0,616.61,0.0,584.722143
2020-11-04 22:00:00,400.0,400.0,23.069973,20.378071,960.427091,0.0,0.0,534.668,0.0,545.286136
2020-11-04 23:00:00,400.0,400.0,75.9087,21.261269,355.197178,0.0,289.386546,385.222,0.0,507.153723
2020-11-05 00:00:00,400.0,400.0,77.050889,20.846138,181.646731,0.0,420.004059,344.812,0.0,473.87479
2020-11-05 01:00:00,400.0,400.0,74.617414,20.400003,287.203062,0.0,286.038679,303.668,0.0,451.869741
2020-11-05 02:00:00,400.0,400.0,73.437807,19.68943,397.701127,0.0,160.103204,328.39,0.0,439.003331
2020-11-05 03:00:00,400.0,400.0,73.069973,19.68943,501.786702,0.0,50.980993,404.498,0.0,434.806695
2020-11-05 04:00:00,400.0,400.0,73.069973,19.983547,496.365261,0.0,62.13515,425.368,0.0,438.750411
2020-11-05 05:00:00,400.0,400.0,74.617414,43.632825,286.198224,0.0,312.644043,433.78,0.0,471.537266
2020-11-05 06:00:00,400.0,400.0,133.946708,19.68943,48.542075,0.0,592.732214,415.184,0.0,504.396289
2020-11-05 07:00:00,400.0,400.0,74.617414,0.0,274.735332,0.0,416.428968,824.104,0.0,531.8053
2020-11-05 08:00:00,400.0,400.0,21.647258,0.0,766.748395,0.0,0.0,1431.09,0.0,549.051241
2020-11-05 09:00:00,400.0,400.0,19.034775,0.0,1269.11138,0.0,0.0,2066.584,0.0,569.020893
2020-11-05 10:00:00,398.0,400.0,0.0,0.0,1488.0,0.0,0.0,2382.437765,7.912235,583.565665
2020-11-05 11:00:00,398.0,400.0,0.0,0.0,1488.0,0.0,0.0,2459.648992,15.771008,595.147349
2020-11-05 12:00:00,400.0,400.0,0.0,0.0,1485.0,0.0,0.0,2454.016329,48.847671,594.752449
2020-11-05 13:00:00,398.0,400.0,0.0,18.463561,1487.0,0.0,0.0,2477.084597,10.065403,597.91269
2020-11-05 14:00:00,400.0,400.0,18.861019,19.034775,1328.49463,0.0,0.0,2326.08,0.0,599.037805
2020-11-05 15:00:00,400.0,400.0,19.034775,19.034775,1287.84223,0.0,0.0,1981.236,0.0,604.409065
2020-11-05 16:00:00,400.0,400.0,22.492854,22.555121,1015.539189,0.0,0.0,1298.74,0.0,604.980122
2020-11-05 17:00:00,400.0,400.0,77.274616,72.282507,342.286405,0.0,300.035134,690.43,0.0,642.321539
2020-11-05 18:00:00,400.0,400.0,136.124055,70.401455,55.943406,0.0,782.128083,585.34,0.0,660.059489
2020-11-05 19:00:00,400.0,400.0,86.124055,23.978839,181.670519,0.0,630.898903,668.28,0.0,637.141422
2020-11-05 20:00:00,396.0,400.0,69.322719,24.100599,181.407072,0.0,618.806867,850.3,0.0,621.013939
2020-11-05 21:00:00,400.0,400.0,68.919307,21.287879,401.91353,0.0,366.735641,1076.748,0.0,588.87517
2020-11-05 22:00:00,400.0,400.0,77.050889,19.034775,307.874272,0.0,405.021788,1005.188,0.0,545.747059
2020-11-05 23:00:00,400.0,400.0,463.530297,19.034775,0.0,415.76947,661.246221,733.032,0.0,507.705221
2020-11-06 00:00:00,400.0,400.0,500.0,-0.0,0.0,402.898809,611.294321,563.31,0.0,473.581321
2020-11-06 01:00:00,400.0,400.0,500.0,-0.0,0.0,265.471323,585.768199,564.47,0.0,453.141199
2020-11-06 02:00:00,400.0,400.0,500.0,-0.0,0.0,80.743236,582.308485,685.52,0.0,443.589485
2020-11-06 03:00:00,400.0,400.0,73.657594,-0.0,243.971558,0.0,338.603709,967.28,0.0,437.146266
2020-11-06 04:00:00,400.0,400.0,77.050889,-0.0,149.199585,0.0,435.948477,903.48,0.0,441.792062
2020-11-06 05:00:00,400.0,400.0,500.0,-0.0,0.0,73.896254,623.925238,890.252,0.0,473.272238
2020-11-06 06:00:00,400.0,400.0,500.0,-0.0,0.0,67.903569,665.528435,1099.586,0.0,503.773435
2020-11-06 07:00:00,400.0,400.0,19.034775,-0.0,816.366564,0.0,0.0,2176.688,0.0,532.698215
2020-11-06 08:00:00,400.0,400.0,0.0,-0.0,1003.0,0.0,0.0,2502.161192,329.800808,553.524179
2020-11-06 09:00:00,398.0,400.0,0.0,-0.0,1008.0,0.0,0.0,2595.007006,971.830994,571.201051
2020-11-06 10:00:00,398.0,400.0,0.0,-0.0,1040.0,0.0,0.0,2702.105048,1114.264952,589.365757
2020-11-06 11:00:00,398.0,400.0,0.0,-0.0,1039.0,0.0,0.0,2768.307679,1050.576321,599.446152
2020-11-06 12:00:00,398.0,400.0,0.0,-0.0,1026.0,0.0,0.0,2785.058856,831.673144,603.908828
2020-11-06 13:00:00,400.0,400.0,0.0,-0.0,1027.0,0.0,0.0,2805.584712,0.837288,606.837707
2020-11-06 14:00:00,398.0,400.0,0.0,-0.0,1030.0,0.0,0.0,2827.927882,45.272118,609.739182
2020-11-06 15:00:00,398.0,400.0,0.0,-0.0,1035.0,0.0,0.0,2456.145045,572.938955,604.221757
2020-11-06 16:00:00,398.0,400.0,0.0,73.069973,1418.0,0.0,0.0,2247.702481,418.267519,603.105372
2020-11-06 17:00:00,400.0,400.0,21.70426,76.324557,1434.339791,0.0,0.0,2124.484049,299.403951,634.221639
2020-11-06 18:00:00,400.0,400.0,22.517176,22.517588,1300.188437,0.0,0.0,2204.914292,290.731708,643.758878
2020-11-06 19:00:00,400.0,400.0,20.234035,41.434618,1406.981919,0.0,0.0,2217.199035,330.772965,621.332567
2020-11-06 20:00:00,400.0,400.0,13.352779,23.931256,1589.017306,0.0,0.0,2299.442113,295.385887,606.363721
2020-11-06 21:00:00,400.0,396.0,13.352779,17.392886,1580.009982,0.0,0.0,2106.677352,335.692648,578.800105
2020-11-06 22:00:00,0.0,0.0,17.392886,-0.0,1556.331274,0.0,0.0,2246.5442,285.7918,543.331939
2020-11-06 23:00:00,0.0,0.0,0.0,15.832722,1260.0,0.0,0.0,2418.13442,349.64758,507.020163
2020-11-07 00:00:00,0.0,0.0,17.392886,19.958349,949.722406,0.0,0.0,2385.755647,355.506353,472.204986
2020-11-07 01:00:00,0.0,0.0,0.0,18.926085,984.0,0.0,0.0,2266.547418,454.870582,449.182113
2020-11-07 02:00:00,0.0,0.0,0.0,0.0,985.0,0.0,0.0,2158.994084,504.075916,432.899113
2020-11-07 03:00:00,0.0,0.0,0.0,0.0,985.0,0.0,0.0,2115.02932,621.45868,426.304398
2020-11-07 04:00:00,0.0,0.0,0.0,0.0,986.0,0.0,0.0,2083.253315,669.846685,421.387997
2020-11-07 05:00:00,0.0,0.0,0.0,0.0,985.0,0.0,0.0,2159.605137,600.040863,432.990771
2020-11-07 06:00:00,0.0,0.0,0.0,0.0,985.0,0.0,0.0,2170.568923,639.483077,434.635338
2020-11-07 07:00:00,0.0,0.0,0.0,0.0,967.0,0.0,0.0,2250.222557,1164.179443,449.283384
2020-11-07 08:00:00,0.0,0.0,0.0,0.0,976.0,0.0,0.0,2433.75706,1625.14094,475.463559
2020-11-07 09:00:00,0.0,0.0,0.0,0.0,976.0,0.0,0.0,2655.169175,1816.180825,508.675376
2020-11-07 10:00:00,0.0,0.0,0.0,0.0,975.0,0.0,0.0,2803.098282,1876.403718,531.014742
2020-11-07 11:00:00,0.0,0.0,-0.0,0.0,974.0,0.0,0.0,2919.757806,1861.340194,548.663671
2020-11-07 12:00:00,0.0,0.0,0.0,0.0,971.0,0.0,0.0,2979.237162,1758.142838,559.235574
2020-11-07 13:00:00,0.0,0.0,0.0,0.0,967.0,0.0,0.0,2832.091463,1706.322537,562.063719
2020-11-07 14:00:00,0.0,0.0,0.0,18.861019,1149.0,0.0,0.0,2658.47548,1547.25452,561.971322
2020-11-07 15:00:00,0.0,0.0,0.0,21.287879,1333.0,0.0,0.0,2461.915424,1389.750576,561.437314
2020-11-07 16:00:00,0.0,0.0,0.0,76.137586,1553.0,0.0,0.0,2047.937026,1225.512974,562.940554
2020-11-07 17:00:00,0.0,0.0,0.0,95.716436,2134.0,0.0,0.0,2205.659184,681.460816,600.098878
2020-11-07 18:00:00,0.0,0.0,0.0,21.122752,2054.0,0.0,0.0,2506.114973,406.437027,622.217246
2020-11-07 19:00:00,0.0,0.0,17.392886,20.922341,1452.573597,0.0,0.0,2635.004416,257.283584,595.564623
2020-11-07 20:00:00,0.0,0.0,19.533879,8.580673,1409.194207,0.0,0.0,2498.960057,214.609943,581.664877
2020-11-07 21:00:00,0.0,0.0,20.547985,0.0,1056.055192,0.0,0.0,2339.900734,313.129266,557.526831
2020-11-07 22:00:00,0.0,0.0,21.368347,18.861019,785.775944,0.0,0.0,2219.313814,306.336186,526.73068
2020-11-07 23:00:00,0.0,0.0,19.808255,20.733686,731.704859,0.0,0.0,2320.716799,296.863201,496.801791
2020-11-08 00:00:00,0.0,0.0,0.0,24.03244,956.0,0.0,0.0,2326.983754,80.314246,464.097563
2020-11-08 01:00:00,0.0,0.0,19.533879,19.899927,726.855264,0.0,0.0,2303.39539,297.59261,441.681019
2020-11-08 02:00:00,0.0,0.0,0.0,-0.0,777.0,0.0,0.0,2252.21394,395.34806,426.482091
2020-11-08 03:00:00,0.0,0.0,0.0,-0.0,778.0,0.0,0.0,2174.01567,579.38233,414.60235
2020-11-08 04:00:00,0.0,0.0,0.0,-0.0,778.0,0.0,0.0,2123.660387,596.951613,411.549058
2020-11-08 05:00:00,0.0,0.0,0.0,-0.0,824.0,0.0,0.0,2186.762292,536.855708,421.014344
2020-11-08 06:00:00,0.0,0.0,0.0,-0.0,824.0,0.0,0.0,2147.708244,672.341756,415.156237
2020-11-08 07:00:00,0.0,0.0,0.0,-0.0,809.0,0.0,0.0,2194.4976,1226.5724,424.42464
2020-11-08 08:00:00,0.0,0.0,0.0,-0.0,815.0,0.0,0.0,2343.245193,1809.624807,445.836779
2020-11-08 09:00:00,0.0,0.0,-0.0,-0.0,816.0,0.0,0.0,2567.695338,2045.136662,479.354301
2020-11-08 10:00:00,0.0,0.0,-0.0,-0.0,814.0,0.0,0.0,2750.934188,2010.933812,507.140128
2020-11-08 11:00:00,0.0,0.0,0.0,-0.0,814.0,0.0,0.0,2839.422947,1995.197053,524.913442
2020-11-08 12:00:00,0.0,0.0,-0.0,-0.0,857.0,0.0,0.0,2909.945194,1978.390806,537.141779
2020-11-08 13:00:00,0.0,0.0,0.0,-0.0,857.0,0.0,0.0,2808.550444,1972.283556,546.232567
2020-11-08 14:00:00,0.0,0.0,0.0,-0.0,1041.0,0.0,0.0,2845.24638,1674.17162,551.886957
2020-11-08 15:00:00,0.0,0.0,0.0,-0.0,1039.0,0.0,0.0,2380.350251,1586.847749,554.452538
2020-11-08 16:00:00,0.0,0.0,0.0,75.9087,1602.0,0.0,0.0,2144.530547,634.171453,555.529582
2020-11-08 17:00:00,0.0,0.0,20.943144,73.437807,1714.053312,0.0,0.0,2271.165894,36.796106,601.666887
2020-11-08 18:00:00,0.0,0.0,22.32226,38.899516,1493.025857,0.0,0.0,2381.868927,51.149073,626.826461
2020-11-08 19:00:00,0.0,0.0,18.769533,21.287879,1776.794495,0.0,0.0,2525.21541,246.26659,605.763137
2020-11-08 20:00:00,0.0,0.0,0.0,29.290266,1810.0,0.0,0.0,2420.86096,442.27704,585.129144
2020-11-08 21:00:00,0.0,0.0,0.0,21.843654,1628.0,0.0,0.0,2326.763144,675.706856,551.814472
2020-11-08 22:00:00,0.0,0.0,0.0,-0.0,1398.0,0.0,0.0,2307.79183,628.12617,518.818774
2020-11-08 23:00:00,0.0,0.0,0.0,12.815223,1030.0,0.0,0.0,2393.562723,387.535277,480.384408
2020-11-09 00:00:00,0.0,0.0,0.0,17.777264,846.0,0.0,0.0,2362.739775,372.010225,450.110966
2020-11-09 01:00:00,0.0,0.0,0.0,0.0,847.0,0.0,0.0,2240.451601,473.330399,431.61774
2020-11-09 02:00:00,0.0,0.0,0.0,0.0,848.0,0.0,0.0,2173.83805,536.79995,421.475707
2020-11-09 03:00:00,0.0,0.0,0.0,0.0,848.0,0.0,0.0,2156.727429,544.750571,418.909114
2020-11-09 04:00:00,0.0,0.0,0.0,0.0,848.0,0.0,0.0,2190.595125,535.976875,423.989269
2020-11-09 05:00:00,0.0,0.0,19.430296,45.020239,688.501776,0.0,0.0,2219.132,0.0,461.494534
2020-11-09 06:00:00,0.0,0.0,70.419098,0.0,547.327049,0.0,108.835394,2192.57,0.0,492.636443
2020-11-09 07:00:00,0.0,0.0,19.430296,0.0,773.711752,0.0,0.0,2594.032,0.0,523.398037
2020-11-09 08:00:00,0.0,0.0,0.0,0.0,958.0,0.0,0.0,2917.867402,454.850598,551.23011
2020-11-09 09:00:00,0.0,0.0,0.0,0.0,958.0,0.0,0.0,3103.695594,743.058406,579.104339
2020-11-09 10:00:00,0.0,0.0,0.0,0.0,958.0,0.0,0.0,3284.410797,791.417203,606.21162
2020-11-09 11:00:00,0.0,0.0,0.0,0.0,957.0,0.0,0.0,3336.633184,869.106816,623.494978
2020-11-09 12:00:00,0.0,0.0,0.0,0.0,1048.0,0.0,0.0,3442.345754,766.604246,639.651863
2020-11-09 13:00:00,0.0,0.0,0.0,0.0,1047.0,0.0,0.0,3506.716707,590.833293,649.457506
2020-11-09 14:00:00,0.0,0.0,0.0,0.0,1047.0,0.0,0.0,3566.855291,395.178709,658.478294
2020-11-09 15:00:00,0.0,0.0,0.0,0.0,1048.0,0.0,0.0,3403.057075,273.074925,659.258561
2020-11-09 16:00:00,0.0,0.0,15.731586,39.864836,1188.307153,0.0,0.0,2978.402,0.0,656.564227
2020-11-09 17:00:00,0.0,0.0,57.165884,73.432808,880.375628,0.0,0.0,2451.139813,27.614187,685.314628
2020-11-09 18:00:00,0.0,0.0,74.332639,68.581157,882.259435,0.0,16.437585,2512.80624,95.89176,693.082021
2020-11-09 19:00:00,0.0,0.0,23.944864,26.384197,987.861297,0.0,0.0,2472.864143,175.005857,663.000427
2020-11-09 20:00:00,0.0,0.0,23.85927,23.802535,856.405372,0.0,0.0,2543.789346,209.450654,640.857596
2020-11-09 21:00:00,0.0,0.0,22.517176,20.547985,1035.735909,0.0,0.0,2614.586345,324.329655,601.327565
2020-11-09 22:00:00,0.0,0.0,17.392886,15.270348,1259.243866,0.0,0.0,2566.551382,305.568618,560.596127
2020-11-09 23:00:00,0.0,0.0,19.533879,18.529456,1054.2766,0.0,0.0,2419.782082,345.479918,516.075822
2020-11-10 00:00:00,0.0,0.0,18.926085,19.958349,851.513801,0.0,0.0,2396.440967,329.297033,481.489075
2020-11-10 01:00:00,0.0,0.0,0.0,0.0,927.0,0.0,0.0,2327.516778,406.715222,459.827517
2020-11-10 02:00:00,0.0,0.0,0.0,0.0,928.0,0.0,0.0,2248.191133,469.008867,447.77867
2020-11-10 03:00:00,0.0,0.0,0.0,0.0,928.0,0.0,0.0,2195.021696,560.916304,439.803254
2020-11-10 04:00:00,0.0,0.0,0.0,0.0,928.0,0.0,0.0,2214.450209,615.051791,442.717531
2020-11-10 05:00:00,0.0,0.0,0.0,32.172047,926.0,0.0,0.0,2418.824923,371.937077,473.673738
2020-11-10 06:00:00,0.0,0.0,73.018717,0.0,655.142448,0.0,1.496768,2360.363889,336.838111,505.533216
2020-11-10 07:00:00,0.0,0.0,0.0,0.0,920.0,0.0,0.0,2834.426429,445.171571,536.913964
2020-11-10 08:00:00,0.0,0.0,0.0,0.0,914.0,0.0,0.0,3001.17055,920.19945,562.825583
2020-11-10 09:00:00,0.0,0.0,0.0,0.0,906.0,0.0,0.0,3050.515544,1099.338456,592.427332
2020-11-10 10:00:00,0.0,0.0,0.0,0.0,1110.0,0.0,0.0,3209.846703,994.233297,617.227005
2020-11-10 11:00:00,0.0,0.0,0.0,0.0,1108.0,0.0,0.0,3354.97572,787.63828,639.296358
2020-11-10 12:00:00,0.0,0.0,0.0,0.0,1105.0,0.0,0.0,3478.19464,573.07336,658.229196
2020-11-10 13:00:00,0.0,0.0,0.0,0.0,1104.0,0.0,0.0,3549.413068,227.434932,669.06196
2020-11-10 14:00:00,0.0,0.0,0.0,0.0,1105.0,0.0,0.0,3634.541167,150.408833,681.681175
2020-11-10 15:00:00,0.0,0.0,0.0,12.126812,1106.0,0.0,0.0,3300.170883,343.161117,682.375632
2020-11-10 16:00:00,0.0,0.0,17.392886,54.752233,1415.994138,0.0,0.0,3082.665911,202.420089,677.950766
2020-11-10 17:00:00,0.0,0.0,23.336023,74.9512,1130.631751,0.0,0.0,2639.711157,143.278843,696.311911
2020-11-10 18:00:00,0.0,0.0,23.351637,49.193555,1082.947224,0.0,0.0,2750.225327,159.072673,706.841715
2020-11-10 19:00:00,0.0,0.0,23.06481,25.632504,1154.068227,0.0,0.0,2709.774717,310.041283,673.605974
2020-11-10 20:00:00,0.0,0.0,23.06481,25.026558,961.381532,0.0,0.0,2705.711702,333.986298,648.649525
2020-11-10 21:00:00,0.0,0.0,21.70426,21.719168,1205.220381,0.0,0.0,2688.362206,329.401794,609.471274
2020-11-10 22:00:00,0.0,0.0,-0.0,1.445628,1442.0,0.0,0.0,2631.660429,175.377571,565.449064
2020-11-10 23:00:00,0.0,0.0,20.943144,20.234035,786.280859,0.0,0.0,2387.547185,6.040815,520.689949
2020-11-11 00:00:00,0.0,0.0,19.68943,18.861019,719.980743,0.0,0.0,2078.25,0.0,484.240389
2020-11-11 01:00:00,0.0,0.0,71.287879,4.885909,527.556204,0.0,87.424666,1718.562,0.0,459.150869
2020-11-11 02:00:00,0.0,0.0,72.492854,0.0,435.196361,0.0,159.138085,1517.046,0.0,442.777446
2020-11-11 03:00:00,0.0,0.0,73.069973,7.911534,325.912248,0.0,259.472215,1363.622,0.0,436.156463
2020-11-11 04:00:00,396.0,396.0,19.430296,18.573789,816.84853,0.0,0.0,1481.45,0.0,439.590221
2020-11-11 05:00:00,400.0,400.0,71.288154,42.213604,504.636732,0.0,95.550758,1358.8,0.0,474.32449
2020-11-11 06:00:00,400.0,400.0,72.516066,68.686331,410.420106,0.0,248.253378,1406.83,0.0,505.561484
2020-11-11 07:00:00,400.0,400.0,19.034775,0.0,941.465652,0.0,0.0,2147.616,0.0,532.822552
2020-11-11 08:00:00,400.0,400.0,0.0,0.0,1096.0,0.0,0.0,2459.461264,421.806736,556.41919
2020-11-11 09:00:00,400.0,400.0,0.0,0.0,1097.0,0.0,0.0,2668.08076,416.49124,587.562114
2020-11-11 10:00:00,400.0,400.0,0.0,0.0,1097.0,0.0,0.0,2834.147126,370.706874,612.472069
2020-11-11 11:00:00,400.0,400.0,0.0,0.0,1099.0,0.0,0.0,2960.932168,212.513832,631.189825
2020-11-11 12:00:00,398.0,400.0,0.0,20.787761,1100.0,0.0,0.0,2900.49866,236.51534,647.474799
2020-11-11 13:00:00,400.0,400.0,0.0,26.327789,1288.0,0.0,0.0,2820.958717,87.111283,660.593808
2020-11-11 14:00:00,400.0,400.0,0.0,21.390956,1470.0,0.0,0.0,2688.889948,103.020052,666.733492
2020-11-11 15:00:00,400.0,400.0,18.573789,25.113658,1514.063742,0.0,0.0,2235.25,0.0,670.827939
2020-11-11 16:00:00,400.0,400.0,21.287879,26.715977,1422.106774,0.0,0.0,1395.15,0.0,665.106484
2020-11-11 17:00:00,400.0,400.0,23.657594,76.308435,1270.78031,0.0,0.0,994.782,0.0,684.450253
2020-11-11 18:00:00,400.0,400.0,23.206766,26.324557,1255.235664,0.0,0.0,1114.8,0.0,695.33465
2020-11-11 19:00:00,400.0,400.0,22.576747,67.748642,1585.841346,0.0,0.0,1223.728,0.0,662.082998
2020-11-11 20:00:00,400.0,400.0,21.287879,28.483991,1772.254572,0.0,0.0,1271.852,0.0,641.339614
2020-11-11 21:00:00,400.0,400.0,19.034775,24.617414,1754.421099,0.0,0.0,1714.666,0.0,603.936735
2020-11-11 22:00:00,400.0,400.0,19.430296,23.128644,1696.841745,0.0,0.0,1364.632,0.0,560.068538
2020-11-11 23:00:00,400.0,400.0,21.116411,25.153915,1253.157952,0.0,0.0,993.832,0.0,517.751107
2020-11-12 00:00:00,400.0,400.0,22.492854,25.792581,897.772566,0.0,0.0,758.27,0.0,482.474615
2020-11-12 01:00:00,400.0,400.0,20.419098,26.253194,1160.736136,0.0,0.0,860.098,0.0,458.30428
2020-11-12 02:00:00,400.0,400.0,19.034775,22.492854,1358.141448,0.0,0.0,967.886,0.0,444.861683
2020-11-12 03:00:00,400.0,400.0,18.861019,21.116411,1409.214475,0.0,0.0,963.314,0.0,436.514929
2020-11-12 04:00:00,400.0,400.0,18.861019,22.732362,1466.240112,0.0,0.0,1038.968,0.0,439.309183
2020-11-12 05:00:00,400.0,400.0,18.573789,36.07571,1492.067514,0.0,0.0,1267.086,0.0,469.652773
2020-11-12 06:00:00,400.0,400.0,21.116411,20.400003,761.348824,0.0,0.0,1457.19,0.0,501.276176
2020-11-12 07:00:00,400.0,400.0,19.430296,0.0,1016.392343,0.0,0.0,1905.868,0.0,530.321349
2020-11-12 08:00:00,400.0,400.0,14.191367,0.0,1247.571173,0.0,0.0,2313.93,0.0,556.853824
2020-11-12 09:00:00,400.0,400.0,0.0,0.0,1253.0,0.0,0.0,2501.752275,101.009725,584.212841
2020-11-12 10:00:00,400.0,400.0,18.861019,0.0,1106.446139,0.0,0.0,2489.812,0.0,604.404879
2020-11-12 11:00:00,400.0,400.0,19.685338,0.0,1004.248703,0.0,0.0,2497.832,0.0,620.937495
2020-11-12 12:00:00,400.0,400.0,19.034775,0.0,1082.909387,0.0,0.0,2638.986,0.0,630.311492
2020-11-12 13:00:00,400.0,400.0,16.970947,0.0,1216.680891,0.0,0.0,2795.554,0.0,633.730966
2020-11-12 14:00:00,400.0,400.0,18.861019,19.034775,1116.154478,0.0,0.0,2572.25,0.0,640.814328
2020-11-12 15:00:00,400.0,400.0,0.0,21.474047,1437.0,0.0,0.0,2191.105006,259.916994,635.265751
2020-11-12 16:00:00,400.0,400.0,21.287879,70.754027,1417.568185,0.0,0.0,1543.23,0.0,627.999272
2020-11-12 17:00:00,400.0,400.0,23.437807,72.130094,825.999474,0.0,0.0,1108.61,0.0,653.941579
2020-11-12 18:00:00,400.0,400.0,74.617414,22.732362,711.589864,0.0,161.788956,1141.582,0.0,673.64882
2020-11-12 19:00:00,400.0,400.0,23.128644,22.516066,986.129178,0.0,0.0,1184.966,0.0,638.975523
2020-11-12 20:00:00,400.0,400.0,23.069973,28.259531,1042.69128,0.0,0.0,1261.732,0.0,618.756108
2020-11-12 21:00:00,400.0,400.0,21.287879,21.843654,1105.765238,0.0,0.0,1606.966,0.0,585.030114
2020-11-12 22:00:00,400.0,400.0,19.68943,19.034775,1176.004992,0.0,0.0,1793.452,0.0,549.217051
2020-11-12 23:00:00,400.0,400.0,71.647258,20.815198,509.650342,0.0,127.376406,1514.902,0.0,504.187749
2020-11-13 00:00:00,400.0,400.0,19.983547,19.68943,809.481669,0.0,0.0,1565.67,0.0,471.77825
2020-11-13 01:00:00,400.0,400.0,19.68943,19.034775,849.310789,0.0,0.0,1455.932,0.0,449.343182
2020-11-13 02:00:00,400.0,400.0,18.463561,19.430296,1053.890944,0.0,0.0,1560.562,0.0,435.100658
2020-11-13 03:00:00,400.0,400.0,0.0,19.034775,1139.0,0.0,0.0,1590.165049,19.496951,427.824757
2020-11-13 04:00:00,400.0,400.0,19.430296,18.861019,887.422781,0.0,0.0,1359.332,0.0,430.936383
2020-11-13 05:00:00,400.0,400.0,71.647258,70.846138,514.471034,0.0,33.568011,1112.578,0.0,455.866045
2020-11-13 06:00:00,400.0,400.0,73.437807,18.861019,247.639708,0.0,385.288436,1036.014,0.0,476.606144
2020-11-13 07:00:00,400.0,400.0,72.492854,-0.0,435.154252,0.0,258.90681,1402.048,0.0,503.384062
2020-11-13 08:00:00,398.0,400.0,0.0,-0.0,1128.0,0.0,0.0,2262.949451,118.080549,528.592418
2020-11-13 09:00:00,400.0,400.0,0.0,-0.0,1123.0,0.0,0.0,2455.075428,617.470572,558.161314
2020-11-13 10:00:00,400.0,400.0,0.0,-0.0,1122.0,0.0,0.0,2589.358104,993.479896,578.453716
2020-11-13 11:00:00,400.0,400.0,0.0,-0.0,1122.0,0.0,0.0,2666.209206,1186.706794,589.981381
2020-11-13 12:00:00,400.0,400.0,0.0,-0.0,1122.0,0.0,0.0,2718.56122,1387.02278,597.834183
2020-11-13 13:00:00,400.0,400.0,0.0,-0.0,1128.0,0.0,0.0,2752.999545,1699.820455,602.099932
2020-11-13 14:00:00,398.0,400.0,0.0,-0.0,1132.0,0.0,0.0,2777.930346,1571.317654,605.239552
2020-11-13 15:00:00,398.0,400.0,0.0,-0.0,1136.0,0.0,0.0,2762.513666,1353.286334,602.32705
2020-11-13 16:00:00,398.0,400.0,0.0,20.42044,1130.0,0.0,0.0,2586.127906,660.172094,602.269186
2020-11-13 17:00:00,400.0,400.0,20.526636,20.42044,932.840567,0.0,0.0,2387.52303,316.99697,629.802369
2020-11-13 18:00:00,400.0,400.0,20.526636,20.547985,973.288617,0.0,0.0,2450.376881,305.271119,639.76324
2020-11-13 19:00:00,400.0,400.0,14.544199,73.5944,1347.877392,0.0,0.0,2475.328295,218.205705,609.667635
2020-11-13 20:00:00,398.0,400.0,0.0,74.060266,1514.0,0.0,0.0,2383.248295,194.803705,596.737244
2020-11-13 21:00:00,398.0,400.0,0.0,29.033572,1488.0,0.0,0.0,2263.002192,132.597808,569.400329
2020-11-13 22:00:00,400.0,396.0,0.0,22.960714,1415.0,0.0,0.0,2102.993148,113.446852,539.848972
2020-11-13 23:00:00,0.0,0.0,19.68943,1.165846,839.785112,0.0,0.0,2060.266,0.0,505.422133
2020-11-14 00:00:00,0.0,0.0,70.419098,19.430296,610.319079,0.0,23.714059,1983.18,0.0,475.029138
2020-11-14 01:00:00,0.0,0.0,19.68943,19.034775,691.842323,0.0,0.0,1907.968,0.0,451.518852
2020-11-14 02:00:00,0.0,0.0,71.116714,19.034775,518.94603,0.0,66.660265,1628.328,0.0,435.507295
2020-11-14 03:00:00,0.0,0.0,19.68943,18.861019,670.972253,0.0,0.0,1731.004,0.0,428.104762
2020-11-14 04:00:00,0.0,0.0,19.68943,19.430296,726.042064,0.0,0.0,1772.996,0.0,426.14309
2020-11-14 05:00:00,0.0,0.0,20.419098,50.025224,596.446709,0.0,0.0,1725.272,0.0,438.423794
2020-11-14 06:00:00,0.0,0.0,72.492854,0.0,403.895289,0.0,190.362817,1561.336,0.0,442.716107
2020-11-14 07:00:00,0.0,0.0,71.474047,0.0,470.283408,0.0,143.372381,1735.462,0.0,458.876789
2020-11-14 08:00:00,0.0,0.0,0.0,0.0,973.0,0.0,0.0,2390.016393,76.635607,481.652459
2020-11-14 09:00:00,0.0,0.0,0.0,0.0,977.0,0.0,0.0,2612.884507,311.711493,514.482676
2020-11-14 10:00:00,0.0,0.0,0.0,0.0,991.0,0.0,0.0,2738.279469,427.454531,531.19192
2020-11-14 11:00:00,0.0,0.0,0.0,0.0,977.0,0.0,0.0,2814.895071,484.350929,544.784261
2020-11-14 12:00:00,0.0,0.0,0.0,0.0,990.0,0.0,0.0,2816.657984,736.492016,543.848698
2020-11-14 13:00:00,0.0,0.0,0.0,0.0,994.0,0.0,0.0,2790.901439,969.146561,540.435216
2020-11-14 14:00:00,0.0,0.0,0.0,0.0,996.0,0.0,0.0,2746.396468,739.073532,533.45947
2020-11-14 15:00:00,0.0,0.0,0.0,19.958349,1000.0,0.0,0.0,2535.281139,208.586861,526.692171
2020-11-14 16:00:00,0.0,0.0,0.0,21.368347,1196.0,0.0,0.0,2395.585299,117.734701,536.187795
2020-11-14 17:00:00,0.0,0.0,21.905537,76.141538,909.224146,0.0,0.0,1995.335736,194.584264,577.816739
2020-11-14 18:00:00,0.0,0.0,21.122752,74.746283,1141.583927,0.0,0.0,2411.739477,282.460523,606.923333
2020-11-14 19:00:00,0.0,0.0,20.234035,21.368347,1190.746415,0.0,0.0,2559.460258,280.777742,584.207076
2020-11-14 20:00:00,0.0,0.0,20.234035,20.42044,1089.820466,0.0,0.0,2534.23247,302.09753,569.011801
2020-11-14 21:00:00,0.0,0.0,16.100294,17.819124,1268.524622,0.0,0.0,2562.666378,298.435622,546.471263
2020-11-14 22:00:00,0.0,0.0,0.0,19.244039,1306.0,0.0,0.0,2447.599826,384.210174,523.589974
2020-11-14 23:00:00,0.0,0.0,18.52187,19.958349,1059.039778,0.0,0.0,2355.034647,334.869353,493.49923
2020-11-15 00:00:00,0.0,0.0,19.958349,21.703538,732.766644,0.0,0.0,2350.426976,324.675024,465.24905
2020-11-15 01:00:00,0.0,0.0,0.0,0.0,844.0,0.0,0.0,2300.701362,200.284638,441.105204
2020-11-15 02:00:00,0.0,0.0,0.0,0.0,847.0,0.0,0.0,2206.855747,373.826253,426.578362
2020-11-15 03:00:00,0.0,0.0,0.0,0.0,848.0,0.0,0.0,2150.061372,481.836628,417.909206
2020-11-15 04:00:00,0.0,0.0,0.0,0.0,848.0,0.0,0.0,2118.852123,549.785877,413.227818
2020-11-15 05:00:00,0.0,0.0,0.0,0.0,848.0,0.0,0.0,2165.599813,503.928187,420.239972
2020-11-15 06:00:00,0.0,0.0,0.0,0.0,848.0,0.0,0.0,2142.707091,562.846909,416.806064
2020-11-15 07:00:00,0.0,0.0,0.0,0.0,833.0,0.0,0.0,2191.446346,1001.091654,426.366952
2020-11-15 08:00:00,0.0,0.0,0.0,0.0,839.0,0.0,0.0,2331.862263,1660.285737,446.52934
2020-11-15 09:00:00,0.0,0.0,0.0,0.0,822.0,0.0,0.0,2493.048425,1862.371575,473.257264
2020-11-15 10:00:00,0.0,0.0,0.0,0.0,839.0,0.0,0.0,2634.231459,2092.290541,491.884719
2020-11-15 11:00:00,0.0,0.0,0.0,0.0,833.0,0.0,0.0,2697.903422,1932.098578,502.335513
2020-11-15 12:00:00,0.0,0.0,0.0,0.0,831.0,0.0,0.0,2730.947167,1873.702833,507.592075
2020-11-15 13:00:00,0.0,0.0,0.0,0.0,835.0,0.0,0.0,2759.024792,1859.157208,511.203719
2020-11-15 14:00:00,0.0,0.0,0.0,0.0,836.0,0.0,0.0,2758.702877,1792.235123,511.005432
2020-11-15 15:00:00,0.0,0.0,0.0,0.0,837.0,0.0,0.0,2579.432981,1613.117019,509.464947
2020-11-15 16:00:00,0.0,0.0,0.0,26.697253,1011.0,0.0,0.0,2301.420009,867.877991,520.413001
2020-11-15 17:00:00,0.0,0.0,13.352779,72.96816,1352.892511,0.0,0.0,2562.562498,177.133502,574.300498
2020-11-15 18:00:00,0.0,0.0,20.234035,73.069973,1285.520641,0.0,0.0,2620.755318,185.548682,611.285202
2020-11-15 19:00:00,0.0,0.0,19.958349,24.688571,1286.877357,0.0,0.0,2577.199231,69.128769,590.898281
2020-11-15 20:00:00,0.0,0.0,18.52187,22.783256,1293.485056,0.0,0.0,2564.881122,137.152878,576.65941
2020-11-15 21:00:00,0.0,0.0,0.0,20.482906,1410.0,0.0,0.0,2486.516632,211.713368,547.427495
2020-11-15 22:00:00,0.0,0.0,0.0,20.419098,1412.0,0.0,0.0,2278.824428,446.771572,515.973664
2020-11-15 23:00:00,0.0,0.0,0.0,15.54176,1229.0,0.0,0.0,2218.564263,436.687737,481.134639
2020-11-16 00:00:00,0.0,0.0,0.0,0.0,1045.0,0.0,0.0,2192.776529,497.625471,451.616479
2020-11-16 01:00:00,0.0,0.0,0.0,0.0,1041.0,0.0,0.0,2060.085129,389.682871,432.312769
2020-11-16 02:00:00,0.0,0.0,0.0,0.0,1043.0,0.0,0.0,2002.798988,442.947012,423.419848
2020-11-16 03:00:00,0.0,0.0,0.0,0.0,1044.0,0.0,0.0,1980.251831,482.400169,419.887775
2020-11-16 04:00:00,0.0,0.0,0.0,0.0,1043.0,0.0,0.0,2038.480748,410.089252,428.772112
2020-11-16 05:00:00,396.0,396.0,0.0,44.611934,1026.0,0.0,0.0,1787.42036,69.90964,460.863054
2020-11-16 06:00:00,400.0,400.0,18.072542,70.846138,1046.456219,0.0,0.0,1905.22,0.0,502.014567
2020-11-16 07:00:00,400.0,400.0,18.926085,0.0,881.172145,0.0,0.0,2354.703277,83.214723,535.12967
2020-11-16 08:00:00,398.0,400.0,0.0,0.0,948.0,0.0,0.0,2510.09093,926.87107,549.613639
2020-11-16 09:00:00,398.0,400.0,0.0,0.0,926.0,0.0,0.0,2654.930684,1424.159316,565.189603
2020-11-16 10:00:00,400.0,400.0,0.0,0.0,921.0,0.0,0.0,2718.319867,1566.192133,575.44798
2020-11-16 11:00:00,400.0,400.0,0.0,0.0,930.0,0.0,0.0,2801.881874,2102.706126,587.832281
2020-11-16 12:00:00,400.0,400.0,-0.0,0.0,927.0,0.0,0.0,2901.053778,2023.496222,601.958067
2020-11-16 13:00:00,400.0,400.0,0.0,0.0,927.0,0.0,0.0,2917.431997,1839.450003,604.4148
2020-11-16 14:00:00,398.0,400.0,0.0,0.0,916.0,0.0,0.0,2903.616174,1437.383826,603.992426
2020-11-16 15:00:00,398.0,400.0,0.0,0.0,901.0,0.0,0.0,2604.253073,966.814927,586.837961
2020-11-16 16:00:00,398.0,400.0,0.0,20.061984,1108.0,0.0,0.0,2488.545652,761.492348,587.181848
2020-11-16 17:00:00,400.0,400.0,18.52187,73.873861,1244.616772,0.0,0.0,2678.035645,277.086355,631.412831
2020-11-16 18:00:00,400.0,400.0,20.526636,61.843459,960.280288,0.0,0.0,2566.270976,179.725024,652.498603
2020-11-16 19:00:00,400.0,400.0,20.547985,30.927877,907.192685,0.0,0.0,2378.126311,346.077689,632.240044
2020-11-16 20:00:00,400.0,400.0,21.122752,22.531994,843.405561,0.0,0.0,2271.02874,326.62326,614.343477
2020-11-16 21:00:00,400.0,400.0,20.234035,21.568244,1068.467163,0.0,0.0,2346.20818,216.04182,580.461153
2020-11-16 22:00:00,399.122,400.0,0.0,4.220613,1145.878,0.0,0.0,2323.115582,226.336418,542.135637
2020-11-16 23:00:00,398.0,400.0,0.0,0.0,962.0,0.0,0.0,2228.317399,255.884601,502.24761
2020-11-17 00:00:00,400.0,400.0,0.0,-0.0,960.0,0.0,0.0,2000.867375,403.662625,468.430106
2020-11-17 01:00:00,400.0,400.0,0.0,-0.0,958.0,0.0,0.0,1866.959924,466.030076,448.643989
2020-11-17 02:00:00,400.0,400.0,0.0,-0.0,953.0,0.0,0.0,1787.12169,430.79231,437.418254
2020-11-17 03:00:00,400.0,400.0,0.0,-0.0,948.0,0.0,0.0,1755.263111,173.682889,433.389467
2020-11-17 04:00:00,398.0,400.0,0.0,-0.0,950.0,0.0,0.0,1801.453149,131.230851,440.017972
2020-11-17 05:00:00,400.0,400.0,19.430296,20.234035,780.433874,0.0,0.0,1828.286,0.0,473.977819
2020-11-17 06:00:00,400.0,400.0,71.647258,-0.0,483.966094,0.0,192.347792,1722.172,0.0,509.430886
2020-11-17 07:00:00,400.0,400.0,19.68943,-0.0,728.711425,0.0,0.0,2147.978,0.0,536.589986
2020-11-17 08:00:00,398.0,400.0,0.0,-0.0,978.0,0.0,0.0,2483.815806,331.848194,549.572371
2020-11-17 09:00:00,398.0,400.0,0.0,-0.0,972.0,0.0,0.0,2597.437536,444.562464,567.51563
2020-11-17 10:00:00,398.0,400.0,0.0,-0.0,958.0,0.0,0.0,2654.643529,241.008471,578.196529
2020-11-17 11:00:00,398.0,400.0,0.0,-0.0,957.0,0.0,0.0,2711.332349,197.717651,586.849852
2020-11-17 12:00:00,398.0,400.0,0.0,-0.0,973.0,0.0,0.0,2759.892275,255.177725,591.733841
2020-11-17 13:00:00,398.0,400.0,0.0,-0.0,982.0,0.0,0.0,2779.988467,419.697533,593.39827
2020-11-17 14:00:00,400.0,400.0,0.0,-0.0,982.0,0.0,0.0,2631.525391,304.524609,596.628809
2020-11-17 15:00:00,398.0,400.0,0.0,18.861019,1167.0,0.0,0.0,1749.037799,1010.776201,591.75567
2020-11-17 16:00:00,398.0,400.0,0.0,23.128644,2086.0,0.0,0.0,1717.629076,16.920924,597.244361
2020-11-17 17:00:00,400.0,400.0,23.206766,75.9087,1204.805336,0.0,0.0,984.734,0.0,634.6393
2020-11-17 18:00:00,400.0,400.0,23.657594,76.324557,1077.528799,0.0,0.0,952.31,0.0,653.66718
2020-11-17 19:00:00,400.0,400.0,23.128644,36.211949,1278.07943,0.0,0.0,1035.65,0.0,630.085585
2020-11-17 20:00:00,400.0,400.0,22.492854,23.206766,1565.333556,0.0,0.0,1215.036,0.0,613.905367
2020-11-17 21:00:00,398.0,400.0,0.0,19.430296,2193.0,0.0,0.0,1630.83571,143.49629,582.125356
2020-11-17 22:00:00,400.0,400.0,0.0,-0.0,1915.0,0.0,0.0,1602.122915,83.249085,543.468437
2020-11-17 23:00:00,400.0,400.0,20.234035,18.861019,894.942031,0.0,0.0,2060.6799,14.4661,499.01068
2020-11-18 00:00:00,400.0,400.0,0.0,-0.0,999.0,0.0,0.0,2039.402337,171.887663,480.210351
2020-11-18 01:00:00,400.0,400.0,0.0,-0.0,995.0,0.0,0.0,1954.154397,136.797603,468.02316
2020-11-18 02:00:00,400.0,400.0,0.0,-0.0,995.0,0.0,0.0,1866.047111,125.668889,454.807067
2020-11-18 03:00:00,400.0,400.0,0.0,-0.0,995.0,0.0,0.0,1841.553788,113.098212,451.133068
2020-11-18 04:00:00,400.0,400.0,0.0,-0.0,1001.0,0.0,0.0,1880.089711,354.210289,456.013457
2020-11-18 05:00:00,400.0,400.0,18.072542,20.234035,960.593529,0.0,0.0,2083.23,0.0,492.545471
2020-11-18 06:00:00,400.0,400.0,20.547985,-0.0,734.13307,0.0,0.0,2093.22791,35.82209,528.014226
2020-11-18 07:00:00,400.0,400.0,19.958349,-0.0,934.152005,0.0,0.0,2476.183901,81.298099,555.454784
2020-11-18 08:00:00,400.0,400.0,0.0,-0.0,1000.0,0.0,0.0,2625.197844,1212.670156,567.929677
2020-11-18 09:00:00,400.0,400.0,0.0,-0.0,1002.0,0.0,0.0,2743.590687,1677.471313,585.388603
2020-11-18 10:00:00,400.0,400.0,0.0,-0.0,999.0,0.0,0.0,2837.403728,1745.678272,599.910559
2020-11-18 11:00:00,400.0,400.0,0.0,-0.0,1001.0,0.0,0.0,2907.098506,1896.947494,610.064776
2020-11-18 12:00:00,400.0,400.0,-0.0,-0.0,999.0,0.0,0.0,2954.288244,1990.695756,617.443237
2020-11-18 13:00:00,400.0,400.0,-0.0,-0.0,998.0,0.0,0.0,2975.470085,1877.309915,620.770513
2020-11-18 14:00:00,398.0,400.0,0.0,-0.0,1000.0,0.0,0.0,3009.371443,1592.850557,625.555716
2020-11-18 15:00:00,400.0,400.0,0.0,-0.0,999.0,0.0,0.0,2622.032208,1575.329792,618.604831
2020-11-18 16:00:00,398.0,400.0,0.0,21.905537,1361.0,0.0,0.0,2614.324401,592.953599,621.94866
2020-11-18 17:00:00,400.0,400.0,22.23556,71.31494,865.43656,0.0,0.0,2309.432961,240.999039,656.69946
2020-11-18 18:00:00,400.0,400.0,75.433611,21.905537,632.152529,0.0,248.49413,2198.630252,167.789748,673.871658
2020-11-18 19:00:00,400.0,400.0,74.762577,28.632712,733.65187,0.0,122.834039,2171.444601,115.985399,654.56891
2020-11-18 20:00:00,400.0,400.0,59.201557,24.966233,833.959125,0.0,0.0,2152.179956,209.510044,636.633125
2020-11-18 21:00:00,400.0,400.0,21.122752,74.060266,999.061827,0.0,0.0,2067.885941,300.862059,605.223617
2020-11-18 22:00:00,400.0,400.0,21.122752,19.958349,984.94617,0.0,0.0,1848.283501,299.378499,568.4006
2020-11-18 23:00:00,400.0,400.0,77.464999,-0.0,347.295787,0.0,353.681347,1795.503347,359.666653,529.981134
2020-11-19 00:00:00,400.0,400.0,21.122752,-0.0,707.294532,0.0,0.0,1832.736772,362.663228,481.566336
2020-11-19 01:00:00,400.0,400.0,0.0,-0.0,957.0,0.0,0.0,1897.954998,438.307002,453.89325
2020-11-19 02:00:00,400.0,400.0,0.0,-0.0,966.0,0.0,0.0,1834.813038,724.356962,443.071956
2020-11-19 03:00:00,398.0,400.0,0.0,19.983547,954.0,0.0,0.0,1792.278475,377.289525,438.491771
2020-11-19 04:00:00,400.0,400.0,0.0,25.30505,966.0,0.0,0.0,1613.589026,992.108974,444.388354
2020-11-19 05:00:00,400.0,400.0,0.0,40.339775,1232.0,0.0,0.0,1789.426335,508.643665,481.41395
2020-11-19 06:00:00,398.0,400.0,0.0,70.846138,1291.0,0.0,0.0,2031.872385,258.625615,519.280858
2020-11-19 07:00:00,398.0,400.0,0.0,-0.0,1293.0,0.0,0.0,2245.056002,666.389998,546.1584
2020-11-19 08:00:00,400.0,400.0,0.0,-0.0,1292.0,0.0,0.0,2305.073157,1582.906843,555.310974
2020-11-19 09:00:00,398.0,400.0,0.0,-0.0,1286.0,0.0,0.0,2390.976126,1671.937874,569.096419
2020-11-19 10:00:00,398.0,400.0,0.0,-0.0,1278.0,0.0,0.0,2486.362526,1446.575474,584.604379
2020-11-19 11:00:00,398.0,400.0,0.0,-0.0,1277.0,0.0,0.0,2549.153069,1428.514931,594.17296
2020-11-19 12:00:00,398.0,400.0,0.0,19.034775,1275.0,0.0,0.0,2575.474803,1353.255197,598.42122
2020-11-19 13:00:00,398.0,400.0,0.0,20.400003,1273.0,0.0,0.0,2595.376118,951.425882,601.706418
2020-11-19 14:00:00,400.0,400.0,0.0,25.697429,1272.0,0.0,0.0,2282.83894,742.82906,605.975841
2020-11-19 15:00:00,400.0,400.0,0.0,21.647258,1645.0,0.0,0.0,1934.016945,536.383055,604.202542
2020-11-19 16:00:00,400.0,400.0,19.430296,30.912767,1714.719309,0.0,0.0,1459.22,0.0,603.525104
2020-11-19 17:00:00,400.0,400.0,23.128644,75.9087,1180.665468,0.0,0.0,936.568,0.0,636.58538
2020-11-19 18:00:00,400.0,400.0,23.128644,64.555923,1184.338762,0.0,0.0,1086.252,0.0,654.886986
2020-11-19 19:00:00,400.0,400.0,23.069973,23.128644,1198.179467,0.0,0.0,932.368,0.0,629.72828
2020-11-19 20:00:00,400.0,400.0,22.96816,23.069973,1097.463544,0.0,0.0,1083.512,0.0,614.257268
2020-11-19 21:00:00,400.0,400.0,22.492854,25.030266,1281.524262,0.0,0.0,1056.148,0.0,582.543561
2020-11-19 22:00:00,400.0,400.0,21.116714,24.727851,1451.774663,0.0,0.0,993.64,0.0,547.629801
2020-11-19 23:00:00,400.0,400.0,19.983547,23.069973,1513.557882,0.0,0.0,1141.532,0.0,507.296118
2020-11-20 00:00:00,400.0,400.0,19.68943,21.843654,1578.31588,0.0,0.0,984.39,0.0,474.011118
2020-11-20 01:00:00,400.0,400.0,19.68943,21.647258,1532.291649,0.0,0.0,808.51,0.0,454.532753
2020-11-20 02:00:00,400.0,400.0,20.400003,21.647258,1425.185819,0.0,0.0,616.484,0.0,441.794727
2020-11-20 03:00:00,400.0,400.0,21.647258,21.843654,1261.552905,0.0,0.0,425.87,0.0,437.747564
2020-11-20 04:00:00,400.0,400.0,22.492854,22.732362,1144.531,0.0,0.0,327.202,0.0,445.00065
2020-11-20 05:00:00,400.0,400.0,23.069973,54.83222,910.764449,0.0,0.0,273.178,0.0,478.862033
2020-11-20 06:00:00,400.0,400.0,24.617414,73.11937,665.904472,0.0,0.0,279.234,0.0,517.699429
2020-11-20 07:00:00,400.0,400.0,22.732362,19.983547,1030.081402,0.0,0.0,819.218,0.0,542.87049
2020-11-20 08:00:00,400.0,400.0,19.034775,0.0,1485.682074,0.0,0.0,1712.87,0.0,555.328189
2020-11-20 09:00:00,400.0,400.0,0.0,0.0,1719.0,0.0,0.0,2067.514371,71.285629,573.527156
2020-11-20 10:00:00,400.0,400.0,0.0,0.0,1719.0,0.0,0.0,2119.752904,181.909096,581.362936
2020-11-20 11:00:00,400.0,400.0,0.0,0.0,1718.0,0.0,0.0,2205.20991,193.10409,594.331487
2020-11-20 12:00:00,400.0,400.0,0.0,0.0,1716.0,0.0,0.0,2232.696356,299.915644,598.754453
2020-11-20 13:00:00,400.0,400.0,0.0,9.110494,1716.0,0.0,0.0,2248.93595,202.51805,601.190392
2020-11-20 14:00:00,400.0,400.0,0.0,19.983547,1715.0,0.0,0.0,2262.481676,0.334324,603.372251
2020-11-20 15:00:00,398.0,400.0,0.0,22.516066,1719.0,0.0,0.0,1880.644468,24.955532,596.49667
2020-11-20 16:00:00,400.0,400.0,21.843654,30.029304,1393.600005,0.0,0.0,1041.838,0.0,600.485699
2020-11-20 17:00:00,400.0,400.0,23.437807,76.429316,1041.238669,0.0,0.0,630.08,0.0,626.5262
2020-11-20 18:00:00,400.0,400.0,25.9087,63.688666,893.843687,0.0,0.0,633.282,0.0,641.915747
2020-11-20 19:00:00,400.0,400.0,23.206766,25.302057,1115.379316,0.0,0.0,661.23,0.0,612.877603
2020-11-20 20:00:00,400.0,400.0,23.069973,26.910246,1263.232447,0.0,0.0,714.23,0.0,598.649633
2020-11-20 21:00:00,400.0,400.0,23.069973,24.856595,1020.145645,0.0,0.0,678.45,0.0,576.495653
2020-11-20 22:00:00,400.0,400.0,22.576747,23.128644,1211.463502,0.0,0.0,670.484,0.0,546.603075
2020-11-20 23:00:00,400.0,400.0,22.732362,23.128644,956.865965,0.0,0.0,545.162,0.0,512.744405
2020-11-21 00:00:00,400.0,400.0,22.516066,25.72287,1088.230663,0.0,0.0,464.952,0.0,481.008201
2020-11-21 01:00:00,400.0,400.0,23.069973,23.128644,779.855161,0.0,0.0,363.168,0.0,458.746926
2020-11-21 02:00:00,400.0,400.0,22.576747,23.069973,891.23784,0.0,0.0,381.102,0.0,444.729624
2020-11-21 03:00:00,400.0,400.0,22.576747,23.128644,885.891484,0.0,0.0,338.566,0.0,439.151177
2020-11-21 04:00:00,400.0,400.0,22.732362,23.128644,834.931869,0.0,0.0,275.37,0.0,437.31572
2020-11-21 05:00:00,400.0,400.0,23.069973,34.397472,736.269302,0.0,0.0,266.65,0.0,450.807105
2020-11-21 06:00:00,400.0,400.0,23.069973,25.944328,755.31244,0.0,0.0,331.714,0.0,457.710234
2020-11-21 07:00:00,400.0,400.0,22.96816,19.034775,669.618133,0.0,0.0,720.032,0.0,475.56208
2020-11-21 08:00:00,400.0,400.0,18.861019,0.0,1411.076424,0.0,0.0,1593.77,0.0,495.404036
2020-11-21 09:00:00,400.0,400.0,0.0,0.0,1537.0,0.0,0.0,1923.03525,191.63075,525.905288
2020-11-21 10:00:00,400.0,400.0,0.0,0.0,1536.0,0.0,0.0,2037.580256,258.529744,543.237038
2020-11-21 11:00:00,400.0,400.0,0.0,0.0,1536.0,0.0,0.0,2103.447814,266.522186,553.117172
2020-11-21 12:00:00,400.0,400.0,0.0,0.0,1533.0,0.0,0.0,2152.116269,212.231731,560.86744
2020-11-21 13:00:00,400.0,400.0,0.0,0.0,1533.0,0.0,0.0,2155.801127,146.682873,561.420169
2020-11-21 14:00:00,398.0,400.0,0.0,19.68943,1533.0,0.0,0.0,2157.334664,24.351336,561.6502
2020-11-21 15:00:00,400.0,400.0,0.0,22.399945,1531.0,0.0,0.0,1791.118246,55.831754,558.017737
2020-11-21 16:00:00,400.0,400.0,22.492854,74.513663,1092.398904,0.0,0.0,945.204,0.0,563.820764
2020-11-21 17:00:00,400.0,400.0,75.9087,70.928542,654.987766,0.0,98.609069,681.42,0.0,602.164835
2020-11-21 18:00:00,400.0,400.0,76.755559,21.442908,518.478141,0.0,273.470838,728.198,0.0,622.457979
2020-11-21 19:00:00,400.0,400.0,127.274616,21.647258,140.157232,0.0,621.104183,788.48,0.0,595.218415
2020-11-21 20:00:00,400.0,400.0,76.404825,24.859689,427.884845,0.0,326.638528,1067.454,0.0,580.435373
2020-11-21 21:00:00,400.0,400.0,73.206766,21.116714,636.515286,0.0,94.513321,1123.346,0.0,557.524607
2020-11-21 22:00:00,400.0,400.0,73.206766,20.846138,647.1121,0.0,52.258885,974.732,0.0,533.642985
2020-11-21 23:00:00,400.0,400.0,76.755559,24.576403,282.997312,0.0,373.038791,758.198,0.0,502.530103
2020-11-22 00:00:00,400.0,400.0,73.657594,22.488244,393.024764,0.0,225.166921,680.216,0.0,474.328685
2020-11-22 01:00:00,400.0,400.0,73.069973,23.07841,363.521367,0.0,237.426928,909.35,0.0,451.624295
2020-11-22 02:00:00,400.0,400.0,21.116411,20.592266,658.178489,0.0,0.0,1115.052,0.0,438.281027
2020-11-22 03:00:00,400.0,400.0,72.492854,19.034775,397.828221,0.0,176.252746,1133.268,0.0,427.565967
2020-11-22 04:00:00,400.0,400.0,71.287879,19.034775,464.792642,0.0,105.060361,1176.766,0.0,424.046004
2020-11-22 05:00:00,400.0,400.0,72.96816,25.59017,324.875022,0.0,258.765925,1113.428,0.0,435.532947
2020-11-22 06:00:00,400.0,400.0,73.069973,-0.0,285.118965,0.0,298.73789,1080.438,0.0,436.547855
2020-11-22 07:00:00,400.0,400.0,18.861019,-0.0,839.602465,0.0,0.0,1687.95,0.0,444.50213
2020-11-22 08:00:00,400.0,400.0,0.0,-0.0,961.0,0.0,0.0,1930.222748,1000.343252,462.633412
2020-11-22 09:00:00,400.0,400.0,0.0,-0.0,962.0,0.0,0.0,2132.728328,1482.917672,492.859249
2020-11-22 10:00:00,400.0,400.0,0.0,-0.0,962.0,0.0,0.0,2284.5035,1621.9285,515.625525
2020-11-22 11:00:00,400.0,400.0,0.0,-0.0,961.0,0.0,0.0,2412.076167,1526.961833,534.911425
2020-11-22 12:00:00,400.0,400.0,0.0,-0.0,958.0,0.0,0.0,2493.334147,1312.197853,547.550122
2020-11-22 13:00:00,398.0,400.0,0.0,-0.0,960.0,0.0,0.0,2547.758838,1239.273162,555.413826
2020-11-22 14:00:00,400.0,400.0,0.0,-0.0,960.0,0.0,0.0,2415.976862,1488.155138,561.146529
2020-11-22 15:00:00,398.0,400.0,0.0,-0.0,1160.0,0.0,0.0,2439.213981,1682.370019,562.382097
2020-11-22 16:00:00,398.0,400.0,-0.0,21.70426,1159.0,0.0,0.0,2500.345221,827.102779,571.701783
2020-11-22 17:00:00,400.0,400.0,13.352779,71.801447,1162.517869,0.0,0.0,2745.790499,324.647501,607.990895
2020-11-22 18:00:00,400.0,400.0,19.958349,73.261416,991.390139,0.0,0.0,2758.234256,320.415744,635.526618
2020-11-22 19:00:00,400.0,400.0,17.392886,22.853966,1054.4509,0.0,0.0,2739.61393,319.40207,611.874454
2020-11-22 20:00:00,398.0,400.0,0.0,21.95228,1122.0,0.0,0.0,2698.536033,358.517967,595.580405
2020-11-22 21:00:00,400.0,400.0,0.0,7.890392,1121.0,0.0,0.0,2491.107887,419.824113,564.616183
2020-11-22 22:00:00,398.0,400.0,0.0,7.930143,940.0,0.0,0.0,2449.45584,404.69016,532.268376
2020-11-22 23:00:00,400.0,396.0,0.0,7.911516,939.0,0.0,0.0,2212.944435,494.565565,496.941665
2020-11-23 00:00:00,400.0,400.0,0.0,0.0,941.0,0.0,0.0,2011.502115,668.099885,466.425317
2020-11-23 01:00:00,400.0,400.0,0.0,0.0,939.0,0.0,0.0,1878.234822,704.627178,446.735223
2020-11-23 02:00:00,400.0,400.0,0.0,0.0,932.0,0.0,0.0,1793.428509,540.103491,435.064276
2020-11-23 03:00:00,400.0,400.0,0.0,0.0,925.0,0.0,0.0,1762.329666,402.672334,431.44945
2020-11-23 04:00:00,400.0,400.0,19.034775,0.0,713.853569,0.0,0.0,1536.168,0.0,438.197165
2020-11-23 05:00:00,400.0,400.0,71.116714,45.019737,543.960926,0.0,17.491036,1286.814,0.0,474.877961
2020-11-23 06:00:00,400.0,400.0,73.128644,70.186029,478.543669,0.0,180.916181,1172.316,0.0,513.71585
2020-11-23 07:00:00,400.0,400.0,71.408291,0.0,565.525849,0.0,175.862774,1385.13,0.0,539.490623
2020-11-23 08:00:00,400.0,400.0,16.970947,0.0,1299.207485,0.0,0.0,2238.84,0.0,557.494877
2020-11-23 09:00:00,398.0,400.0,0.0,0.0,1338.0,0.0,0.0,2459.357515,177.990485,584.753627
2020-11-23 10:00:00,400.0,400.0,18.861019,0.0,1233.972763,0.0,0.0,2469.016,0.0,601.806486
2020-11-23 11:00:00,400.0,400.0,19.034775,18.861019,1117.806207,0.0,0.0,2451.284,0.0,616.571669
2020-11-23 12:00:00,400.0,400.0,19.68943,20.419098,1042.355131,0.0,0.0,2440.998,0.0,626.34643
2020-11-23 13:00:00,400.0,400.0,19.685338,24.740742,1069.667853,0.0,0.0,2347.018,0.0,633.652522
2020-11-23 14:00:00,400.0,400.0,19.68943,24.702591,1226.716063,0.0,0.0,2181.452,0.0,638.510391
2020-11-23 15:00:00,400.0,400.0,18.573789,25.369747,1633.040806,0.0,0.0,1850.752,0.0,632.206679
2020-11-23 16:00:00,400.0,400.0,22.732362,27.585625,1444.316452,0.0,0.0,973.404,0.0,637.663132
2020-11-23 17:00:00,400.0,400.0,25.9087,70.362316,1129.988154,0.0,0.0,668.5,0.0,666.826777
2020-11-23 18:00:00,400.0,400.0,25.758899,73.486639,1153.861072,0.0,0.0,715.634,0.0,672.715939
2020-11-23 19:00:00,400.0,400.0,23.657594,27.593048,1256.700025,0.0,0.0,715.07,0.0,646.555496
2020-11-23 20:00:00,400.0,400.0,22.96816,26.832529,1496.084257,0.0,0.0,825.37,0.0,627.192861
2020-11-23 21:00:00,400.0,400.0,22.96816,26.324557,1308.025401,0.0,0.0,772.598,0.0,594.23589
2020-11-23 22:00:00,400.0,400.0,22.492854,25.9087,1495.882406,0.0,0.0,690.738,0.0,553.778339
2020-11-23 23:00:00,400.0,400.0,22.903093,23.128644,940.169913,0.0,0.0,553.85,0.0,510.102013
2020-11-24 00:00:00,400.0,400.0,23.069973,27.07234,776.968686,0.0,0.0,533.416,0.0,478.267097
2020-11-24 01:00:00,400.0,400.0,22.96816,23.206785,671.815692,0.0,0.0,616.788,0.0,456.595846
2020-11-24 02:00:00,400.0,400.0,74.617414,24.200796,178.183931,0.0,401.967279,707.032,0.0,442.62721
2020-11-24 03:00:00,400.0,400.0,80.049301,0.0,175.41779,0.0,404.996904,827.382418,20.953582,437.844694
2020-11-24 04:00:00,400.0,400.0,78.389212,0.0,272.325866,0.0,320.171506,969.195016,63.472984,444.580372
2020-11-24 05:00:00,400.0,400.0,77.609816,19.958349,359.849507,0.0,272.811519,1252.083015,175.436985,473.885026
2020-11-24 06:00:00,400.0,400.0,77.669967,0.0,359.986923,0.0,320.406622,1511.85055,179.65145,512.829544
2020-11-24 07:00:00,400.0,400.0,75.545362,0.0,521.477602,0.0,227.002149,1873.815943,22.004057,542.900751
2020-11-24 08:00:00,400.0,400.0,19.68943,0.0,793.399924,0.0,0.0,2241.75,0.0,557.302511
2020-11-24 09:00:00,400.0,400.0,19.034775,0.0,848.871381,0.0,0.0,2447.802,0.0,579.889593
2020-11-24 10:00:00,398.0,400.0,0.0,0.0,1053.0,0.0,0.0,2738.717639,223.552361,592.907646
2020-11-24 11:00:00,398.0,400.0,0.0,0.0,1051.0,0.0,0.0,2831.911648,379.370352,607.186747
2020-11-24 12:00:00,398.0,400.0,0.0,0.0,1048.0,0.0,0.0,2873.160218,438.169782,613.824033
2020-11-24 13:00:00,398.0,400.0,0.0,0.0,1049.0,0.0,0.0,2906.825549,551.642451,618.723832
2020-11-24 14:00:00,398.0,400.0,0.0,0.0,1051.0,0.0,0.0,2940.537318,566.860682,623.480598
2020-11-24 15:00:00,398.0,400.0,0.0,0.0,1036.0,0.0,0.0,2525.246104,697.831896,617.736916
2020-11-24 16:00:00,398.0,400.0,0.0,26.686059,1458.0,0.0,0.0,2229.225333,539.688667,623.5838
2020-11-24 17:00:00,398.0,400.0,-0.0,76.441307,1933.0,0.0,0.0,2329.190575,432.907425,654.178586
2020-11-24 18:00:00,398.0,400.0,0.0,74.332639,1856.0,0.0,0.0,2592.83854,323.58346,667.925781
2020-11-24 19:00:00,398.0,400.0,-0.0,26.962385,1790.0,0.0,0.0,2440.993523,359.690477,638.549028
2020-11-24 20:00:00,398.0,400.0,0.0,22.23556,1607.0,0.0,0.0,2470.149115,366.222885,624.322367
2020-11-24 21:00:00,398.0,400.0,0.0,17.392886,1609.0,0.0,0.0,2256.93643,580.99357,592.040465
2020-11-24 22:00:00,400.0,400.0,0.0,20.234035,1609.0,0.0,0.0,1991.319489,841.684511,552.197923
2020-11-24 23:00:00,400.0,400.0,0.0,0.0,1235.0,0.0,0.0,2061.171565,367.830435,512.275735
2020-11-25 00:00:00,400.0,400.0,0.0,-0.0,1225.0,0.0,0.0,1823.635827,290.074173,478.145374
2020-11-25 01:00:00,400.0,400.0,0.0,39.559104,1224.0,0.0,0.0,1692.348735,177.151265,458.60231
2020-11-25 02:00:00,400.0,400.0,0.0,5.942453,1054.0,0.0,0.0,1784.203771,620.044229,444.630566
2020-11-25 03:00:00,400.0,400.0,0.0,-0.0,1042.0,0.0,0.0,1744.64781,333.30419,440.497171
2020-11-25 04:00:00,400.0,400.0,0.0,-0.0,1040.0,0.0,0.0,1795.816412,185.351588,448.472462
2020-11-25 05:00:00,400.0,400.0,0.0,20.234035,1054.0,0.0,0.0,1991.727231,463.704769,475.759085
2020-11-25 06:00:00,400.0,400.0,0.0,-0.0,1056.0,0.0,0.0,2217.644019,436.539981,509.346603
2020-11-25 07:00:00,400.0,400.0,0.0,-0.0,1054.0,0.0,0.0,2386.694778,589.935222,536.204217
2020-11-25 08:00:00,398.0,400.0,0.0,-0.0,1024.0,0.0,0.0,2462.144848,1225.275152,550.821727
2020-11-25 09:00:00,398.0,400.0,0.0,-0.0,1017.0,0.0,0.0,2600.969887,1433.120113,572.695483
2020-11-25 10:00:00,398.0,400.0,0.0,-0.0,1032.0,0.0,0.0,2725.280785,1564.419215,589.092118
2020-11-25 11:00:00,398.0,400.0,0.0,-0.0,1031.0,0.0,0.0,2775.18724,1627.51276,596.728086
2020-11-25 12:00:00,398.0,400.0,0.0,-0.0,1034.0,0.0,0.0,2790.846225,1655.571775,598.626934
2020-11-25 13:00:00,398.0,400.0,0.0,-0.0,1034.0,0.0,0.0,2816.137233,1554.516767,602.420585
2020-11-25 14:00:00,398.0,400.0,0.0,-0.0,1029.0,0.0,0.0,2788.671737,1237.830263,599.050761
2020-11-25 15:00:00,398.0,400.0,0.0,-0.0,1017.0,0.0,0.0,2366.344486,1166.565514,588.501673
2020-11-25 16:00:00,398.0,400.0,0.0,21.028164,1414.0,0.0,0.0,2404.972979,370.775021,599.545947
2020-11-25 17:00:00,398.0,400.0,0.0,74.525868,1505.0,0.0,0.0,2423.753709,86.314291,632.963056
2020-11-25 18:00:00,400.0,400.0,19.034775,73.316872,1463.018347,0.0,0.0,2296.05,0.0,647.554748
2020-11-25 19:00:00,400.0,400.0,19.958349,50.964959,1467.788633,0.0,0.0,2251.415362,68.162638,622.144009
2020-11-25 20:00:00,400.0,400.0,20.42044,23.711034,1285.243741,0.0,0.0,2073.732163,173.817837,606.373263
2020-11-25 21:00:00,400.0,400.0,21.708134,-0.0,909.529124,0.0,0.0,1885.260478,48.925522,581.959703
2020-11-25 22:00:00,400.0,400.0,0.0,-0.0,1384.0,0.0,0.0,2152.9209,107.2291,550.938135
2020-11-25 23:00:00,400.0,400.0,18.926085,-0.0,947.886592,0.0,0.0,2181.3406,284.5094,514.118101
2020-11-26 00:00:00,398.0,400.0,0.0,0.0,842.0,0.0,0.0,2131.55743,256.26057,476.033614
2020-11-26 01:00:00,400.0,400.0,0.0,0.0,848.0,0.0,0.0,1964.827603,656.676397,450.12414
2020-11-26 02:00:00,400.0,400.0,0.0,0.0,849.0,0.0,0.0,1869.308721,725.001279,435.646308
2020-11-26 03:00:00,400.0,400.0,0.0,0.0,849.0,0.0,0.0,1817.401832,879.850168,427.860275
2020-11-26 04:00:00,400.0,400.0,0.0,0.0,849.0,0.0,0.0,1811.273277,873.374723,426.940992
2020-11-26 05:00:00,400.0,400.0,0.0,0.0,849.0,0.0,0.0,1885.591566,746.930434,438.088735
2020-11-26 06:00:00,400.0,400.0,0.0,0.0,849.0,0.0,0.0,1921.236314,755.431686,443.435447
2020-11-26 07:00:00,398.0,400.0,0.0,0.0,850.0,0.0,0.0,1978.341749,974.190251,451.851262
2020-11-26 08:00:00,398.0,400.0,0.0,0.0,832.0,0.0,0.0,2071.633108,1675.978892,468.544966
2020-11-26 09:00:00,398.0,400.0,0.0,0.0,825.0,0.0,0.0,2270.154735,2002.213265,499.37321
2020-11-26 10:00:00,398.0,400.0,0.0,0.0,839.0,0.0,0.0,2415.054852,1903.415148,519.008228
2020-11-26 11:00:00,398.0,400.0,0.0,0.0,841.0,0.0,0.0,2490.259245,2102.878755,529.988887
2020-11-26 12:00:00,398.0,400.0,0.0,0.0,835.0,0.0,0.0,2507.634408,1929.315592,533.495161
2020-11-26 13:00:00,398.0,400.0,0.0,0.0,816.0,0.0,0.0,2476.427622,1392.142378,531.664143
2020-11-26 14:00:00,398.0,400.0,0.0,0.0,813.0,0.0,0.0,2411.031155,1224.168845,522.304673
2020-11-26 15:00:00,398.0,400.0,0.0,0.0,808.0,0.0,0.0,2322.911226,826.570774,509.836684
2020-11-26 16:00:00,400.0,400.0,72.620878,4.988941,665.071744,0.0,39.724411,2185.479446,195.584554,510.661155
2020-11-26 17:00:00,400.0,400.0,75.545362,74.68773,390.793196,0.0,154.604709,1924.799235,240.968765,536.400906
2020-11-26 18:00:00,400.0,400.0,74.762577,72.620878,529.362693,0.0,193.064823,2130.506133,357.007867,552.021516
2020-11-26 19:00:00,400.0,400.0,17.392886,25.008332,907.569438,0.0,0.0,2419.35123,325.47677,532.617269
2020-11-26 20:00:00,400.0,400.0,18.52187,20.961315,799.374202,0.0,0.0,2424.767787,344.364213,526.409038
2020-11-26 21:00:00,398.0,400.0,0.0,7.903936,848.0,0.0,0.0,2391.656736,440.143264,514.14851
2020-11-26 22:00:00,400.0,400.0,0.0,7.913504,846.0,0.0,0.0,2282.981289,540.700711,498.147193
2020-11-26 23:00:00,400.0,400.0,0.0,0.0,847.0,0.0,0.0,2116.845111,605.334889,473.076767
2020-11-27 00:00:00,400.0,400.0,0.0,-0.0,849.0,0.0,0.0,1954.09736,606.91464,448.364604
2020-11-27 01:00:00,400.0,400.0,0.0,-0.0,849.0,0.0,0.0,1845.019966,723.802034,432.002995
2020-11-27 02:00:00,400.0,400.0,0.0,-0.0,850.0,0.0,0.0,1783.283116,842.476884,422.592467
2020-11-27 03:00:00,400.0,400.0,0.0,-0.0,850.0,0.0,0.0,1764.563816,842.408184,419.784572
2020-11-27 04:00:00,400.0,400.0,0.0,-0.0,850.0,0.0,0.0,1784.038536,866.459464,422.70578
2020-11-27 05:00:00,400.0,400.0,0.0,-0.0,849.0,0.0,0.0,1883.899535,758.336465,437.83493
2020-11-27 06:00:00,400.0,400.0,0.0,-0.0,848.0,0.0,0.0,1978.514818,660.721182,452.177223
2020-11-27 07:00:00,399.834,400.0,0.0,-0.0,847.166,0.0,0.0,2072.161481,925.156519,466.349322
2020-11-27 08:00:00,398.0,400.0,0.0,-0.0,832.0,0.0,0.0,2154.321394,1636.966606,480.948209
2020-11-27 09:00:00,398.0,400.0,0.0,-0.0,842.0,0.0,0.0,2335.041804,1984.742196,506.556271
2020-11-27 10:00:00,400.0,400.0,0.0,-0.0,822.0,0.0,0.0,2336.632171,1977.965829,519.094826
2020-11-27 11:00:00,398.0,400.0,0.0,-0.0,917.0,0.0,0.0,2385.641806,2010.908194,526.146271
2020-11-27 12:00:00,398.0,400.0,0.0,-0.0,918.0,0.0,0.0,2400.170337,1879.049663,528.175551
2020-11-27 13:00:00,398.0,400.0,0.0,-0.0,914.0,0.0,0.0,2369.234131,1696.551869,524.13512
2020-11-27 14:00:00,400.0,400.0,0.0,-0.0,919.0,0.0,0.0,2365.719275,1459.980725,522.857891
2020-11-27 15:00:00,398.0,400.0,0.0,-0.0,923.0,0.0,0.0,2164.810359,1533.211641,517.621554
2020-11-27 16:00:00,398.0,400.0,0.0,45.940358,1107.0,0.0,0.0,2015.372937,853.017063,533.455941
2020-11-27 17:00:00,398.0,400.0,0.0,73.128644,1427.0,0.0,0.0,2160.643896,433.658104,572.496584
2020-11-27 18:00:00,398.0,400.0,0.0,73.069973,1554.0,0.0,0.0,2383.626103,285.873897,599.793915
2020-11-27 19:00:00,398.0,400.0,0.0,23.538756,1339.0,0.0,0.0,2370.851932,322.448068,575.37779
2020-11-27 20:00:00,398.0,400.0,0.0,19.958349,1262.0,0.0,0.0,2369.245549,383.904451,567.036832
2020-11-27 21:00:00,398.0,400.0,0.0,7.894355,1217.0,0.0,0.0,2278.169942,565.534058,548.725491
2020-11-27 22:00:00,400.0,396.0,0.0,7.928596,1216.0,0.0,0.0,2106.882182,670.569818,523.182327
2020-11-27 23:00:00,0.0,0.0,20.42044,7.915042,864.330998,0.0,0.0,2311.637872,215.592128,493.396031
2020-11-28 00:00:00,0.0,0.0,20.42044,20.42044,723.591829,0.0,0.0,2334.393502,90.368498,465.870251
2020-11-28 01:00:00,0.0,0.0,18.861019,-0.0,800.536801,0.0,0.0,2308.632,0.0,449.26428
2020-11-28 02:00:00,0.0,0.0,0.0,-0.0,843.0,0.0,0.0,2254.107187,140.494813,434.716078
2020-11-28 03:00:00,0.0,0.0,0.0,-0.0,839.0,0.0,0.0,2199.694206,31.573794,427.154131
2020-11-28 04:00:00,0.0,0.0,20.42044,20.390772,719.610049,0.0,0.0,2056.105412,25.032588,428.024304
2020-11-28 05:00:00,0.0,0.0,20.42044,21.594426,668.459515,0.0,0.0,1960.177798,314.584202,436.307742
2020-11-28 06:00:00,0.0,0.0,20.234035,69.430296,792.30825,0.0,0.0,2043.797135,266.098865,445.573333
2020-11-28 07:00:00,0.0,0.0,0.0,-0.0,927.0,0.0,0.0,2340.443272,108.896728,457.866491
2020-11-28 08:00:00,0.0,0.0,0.0,-0.0,920.0,0.0,0.0,2459.967044,824.082956,476.845057
2020-11-28 09:00:00,0.0,0.0,0.0,-0.0,915.0,0.0,0.0,2635.581279,1014.146721,503.937192
2020-11-28 10:00:00,0.0,0.0,0.0,-0.0,924.0,0.0,0.0,2733.177262,1441.772738,517.226589
2020-11-28 11:00:00,0.0,0.0,-0.0,-0.0,925.0,0.0,0.0,2767.991187,1460.872813,522.298678
2020-11-28 12:00:00,0.0,0.0,0.0,-0.0,921.0,0.0,0.0,2774.397062,1456.622938,525.059559
2020-11-28 13:00:00,0.0,0.0,0.0,-0.0,915.0,0.0,0.0,2736.004187,1195.467813,519.000628
2020-11-28 14:00:00,0.0,0.0,0.0,-0.0,913.0,0.0,0.0,2684.477192,1001.386808,511.571579
2020-11-28 15:00:00,0.0,0.0,0.0,17.26542,913.0,0.0,0.0,2519.614037,736.273963,507.842105
2020-11-28 16:00:00,0.0,0.0,0.0,26.621793,1125.0,0.0,0.0,1928.176295,384.841705,520.826444
2020-11-28 17:00:00,0.0,0.0,0.0,25.424015,1866.0,0.0,0.0,2043.534437,22.725563,563.480166
2020-11-28 18:00:00,0.0,0.0,19.430296,25.579363,1819.185569,0.0,0.0,2024.798,0.0,595.441865
2020-11-28 19:00:00,0.0,0.0,19.034775,71.776931,1883.4542,0.0,0.0,1955.846,0.0,576.65877
2020-11-28 20:00:00,0.0,0.0,20.400003,68.612856,1661.289093,0.0,0.0,1670.222,0.0,565.939936
2020-11-28 21:00:00,0.0,0.0,20.846138,23.206766,1536.111547,0.0,0.0,1481.718,0.0,548.190968
2020-11-28 22:00:00,0.0,0.0,21.287879,23.128644,1480.025816,0.0,0.0,1266.602,0.0,524.336428
2020-11-28 23:00:00,0.0,0.0,22.492854,23.069973,1336.49086,0.0,0.0,946.298,0.0,497.821071
2020-11-29 00:00:00,0.0,0.0,23.069973,25.657718,909.012511,0.0,0.0,681.032,0.0,468.902923
2020-11-29 01:00:00,0.0,0.0,22.732362,25.732099,1005.459757,0.0,0.0,676.268,0.0,453.721237
2020-11-29 02:00:00,0.0,0.0,21.116714,25.591117,1304.150885,0.0,0.0,910.78,0.0,444.094367
2020-11-29 03:00:00,0.0,0.0,19.034775,25.434141,1636.667663,0.0,0.0,1189.084,0.0,435.962451
2020-11-29 04:00:00,0.0,0.0,19.430296,25.192261,1429.026977,0.0,0.0,1341.702,0.0,436.751254
2020-11-29 05:00:00,0.0,0.0,20.846138,25.337662,973.261047,0.0,0.0,1274.578,0.0,441.797543
2020-11-29 06:00:00,0.0,0.0,21.116714,25.147843,955.475483,0.0,0.0,1306.682,0.0,449.280978
2020-11-29 07:00:00,0.0,0.0,20.400003,-0.0,696.880287,0.0,0.0,1763.468,0.0,450.838157
2020-11-29 08:00:00,0.0,0.0,0.0,-0.0,1097.0,0.0,0.0,2213.631275,719.048725,459.394691
2020-11-29 09:00:00,0.0,0.0,0.0,-0.0,1098.0,0.0,0.0,2370.935531,1004.864469,484.04033
2020-11-29 10:00:00,0.0,0.0,0.0,-0.0,1109.0,0.0,0.0,2435.880202,1016.335798,493.93203
2020-11-29 11:00:00,0.0,0.0,0.0,-0.0,1104.0,0.0,0.0,2488.511039,1445.402961,500.776656
2020-11-29 12:00:00,0.0,0.0,0.0,-0.0,1102.0,0.0,0.0,2504.139292,1397.664708,503.420894
2020-11-29 13:00:00,0.0,0.0,0.0,-0.0,1095.0,0.0,0.0,2506.57506,1532.92494,503.036259
2020-11-29 14:00:00,0.0,0.0,0.0,-0.0,1100.0,0.0,0.0,2503.930564,1655.315436,501.889585
2020-11-29 15:00:00,0.0,0.0,0.0,-0.0,1117.0,0.0,0.0,2486.282209,1497.355791,498.492331
2020-11-29 16:00:00,0.0,0.0,0.0,21.70426,1101.0,0.0,0.0,2490.171735,817.060265,523.97576
2020-11-29 17:00:00,0.0,0.0,21.001998,37.675758,1142.65794,0.0,0.0,2700.293457,319.490543,576.995328
2020-11-29 18:00:00,0.0,0.0,22.32226,73.018717,914.167646,0.0,0.0,2692.178876,345.823124,613.651684
2020-11-29 19:00:00,0.0,0.0,22.32226,51.829015,912.987361,0.0,0.0,2610.346172,335.021828,597.953822
2020-11-29 20:00:00,0.0,0.0,21.768501,24.943722,987.319687,0.0,0.0,2601.728611,337.083389,585.511339
2020-11-29 21:00:00,0.0,0.0,20.42044,20.42044,782.763559,0.0,0.0,2547.572074,313.007926,555.571277
2020-11-29 22:00:00,0.0,0.0,18.926085,23.642855,963.69288,0.0,0.0,2529.437541,272.862459,525.711699
2020-11-29 23:00:00,0.0,0.0,14.544199,21.40903,1044.09668,0.0,0.0,2372.68705,308.31295,490.138556
2020-11-30 00:00:00,0.0,0.0,0.0,20.42044,1091.0,0.0,0.0,2225.617948,475.350052,461.042692
2020-11-30 01:00:00,0.0,0.0,0.0,19.206824,1092.0,0.0,0.0,2099.601172,593.114828,441.990176
2020-11-30 02:00:00,0.0,0.0,0.0,0.0,1092.0,0.0,0.0,2035.687781,549.732219,432.403167
2020-11-30 03:00:00,0.0,0.0,0.0,0.0,1092.0,0.0,0.0,2016.458889,623.407111,429.518833
2020-11-30 04:00:00,0.0,0.0,0.0,0.0,1092.0,0.0,0.0,2060.269405,552.050595,436.090411
2020-11-30 05:00:00,0.0,0.0,0.0,17.633803,1082.0,0.0,0.0,2274.935719,48.644281,469.790358
2020-11-30 06:00:00,0.0,0.0,70.419098,60.227442,654.639334,0.0,7.076666,2135.386,0.0,522.262
2020-11-30 07:00:00,0.0,0.0,18.926085,0.0,1050.545039,0.0,0.0,2644.112079,86.737921,553.135056
2020-11-30 08:00:00,0.0,0.0,0.0,0.0,1157.0,0.0,0.0,2802.378384,731.791616,560.906758
2020-11-30 09:00:00,0.0,0.0,0.0,0.0,1128.0,0.0,0.0,2851.431031,158.580969,573.814655
2020-11-30 10:00:00,0.0,0.0,0.0,0.0,1128.0,0.0,0.0,2904.993628,55.442372,580.649044
2020-11-30 11:00:00,0.0,0.0,0.0,0.0,1127.0,0.0,0.0,2918.109037,153.068963,582.766356
2020-11-30 12:00:00,0.0,0.0,0.0,0.0,1133.0,0.0,0.0,2909.468753,43.329247,580.570313
2020-11-30 13:00:00,0.0,0.0,0.0,0.0,1140.0,0.0,0.0,2907.396788,433.305212,579.209518
2020-11-30 14:00:00,0.0,0.0,0.0,0.0,1144.0,0.0,0.0,2880.757313,454.596687,574.613597
2020-11-30 15:00:00,396.0,396.0,0.0,18.861019,1140.0,0.0,0.0,2428.284916,652.663084,566.742737
2020-11-30 16:00:00,398.0,400.0,0.0,22.243261,1158.0,0.0,0.0,1577.286018,931.797982,589.992903
2020-11-30 17:00:00,398.0,400.0,0.0,77.046469,2277.0,0.0,0.0,1898.797211,553.424789,641.669582
2020-11-30 18:00:00,398.0,400.0,0.0,75.74844,2304.0,0.0,0.0,2110.429339,423.870661,671.764401
2020-11-30 19:00:00,398.0,400.0,0.0,26.324557,2284.0,0.0,0.0,1998.556917,597.403083,650.783538
2020-11-30 20:00:00,398.0,400.0,0.0,24.408699,2285.0,0.0,0.0,1889.234571,645.765429,634.235186
2020-11-30 21:00:00,398.0,400.0,0.0,23.713074,2100.0,0.0,0.0,1847.675666,565.556334,602.50135
2020-11-30 22:00:00,400.0,400.0,0.0,20.419098,2101.0,0.0,0.0,1581.339543,827.206457,562.400931
2020-11-30 23:00:00,400.0,400.0,0.0,20.846138,2103.0,0.0,0.0,1306.934219,1056.995781,520.940133
2020-12-01 00:00:00,400.0,400.0,0.0,0.0,1920.0,0.0,0.0,1251.080639,1093.867361,486.762096
2020-12-01 01:00:00,398.0,400.0,0.0,0.0,1922.0,0.0,0.0,1116.310974,1283.073026,466.246646
2020-12-01 02:00:00,400.0,400.0,-0.0,19.034775,1907.0,0.0,0.0,1068.675071,855.608929,461.351261
2020-12-01 03:00:00,400.0,400.0,-0.0,20.419098,1907.0,0.0,0.0,1048.974414,737.835586,458.396162
2020-12-01 04:00:00,400.0,400.0,-0.0,22.516066,1905.0,0.0,0.0,1112.630993,517.189007,468.244649
2020-12-01 05:00:00,400.0,400.0,0.0,24.617414,1905.0,0.0,0.0,1319.236234,487.351766,499.235435
2020-12-01 06:00:00,400.0,400.0,0.0,74.617414,1903.0,0.0,0.0,1531.02967,114.20233,532.50445
2020-12-01 07:00:00,400.0,400.0,0.0,12.416342,1717.0,0.0,0.0,1828.518461,6.549539,550.577769
2020-12-01 08:00:00,398.0,400.0,0.0,18.573789,1161.0,0.0,0.0,2382.324461,769.235539,557.298669
2020-12-01 09:00:00,398.0,400.0,0.0,0.0,1161.0,0.0,0.0,2447.818584,1080.401416,567.122788
2020-12-01 10:00:00,398.0,400.0,0.0,0.0,1160.0,0.0,0.0,2458.716706,1177.647294,568.907506
2020-12-01 11:00:00,398.0,400.0,0.0,0.0,1159.0,0.0,0.0,2486.724977,1097.927023,573.258747
2020-12-01 12:00:00,398.0,400.0,0.0,0.0,1157.0,0.0,0.0,2479.864563,898.885437,572.529684
2020-12-01 13:00:00,398.0,400.0,0.0,0.0,1161.0,0.0,0.0,2450.774812,427.239188,567.566222
2020-12-01 14:00:00,398.0,400.0,0.0,0.0,1156.0,0.0,0.0,2429.119519,13.142481,565.067928
2020-12-01 15:00:00,400.0,400.0,18.072542,23.792294,1101.989096,0.0,0.0,2159.4,0.0,558.211636
2020-12-01 16:00:00,400.0,400.0,20.846138,25.052557,825.985715,0.0,0.0,1172.566,0.0,581.337043
2020-12-01 17:00:00,400.0,400.0,23.206766,28.131418,1084.954123,0.0,0.0,831.778,0.0,627.873582
2020-12-01 18:00:00,400.0,400.0,26.429316,64.365646,915.178929,0.0,0.0,708.06,0.0,662.532161
2020-12-01 19:00:00,400.0,400.0,26.324557,76.308435,978.730832,0.0,0.0,623.53,0.0,645.119875
2020-12-01 20:00:00,400.0,400.0,26.429316,27.458056,858.801189,0.0,0.0,472.152,0.0,635.602622
2020-12-01 21:00:00,400.0,400.0,26.429316,24.617414,952.894696,0.0,0.0,370.72,0.0,606.273796
2020-12-01 22:00:00,400.0,400.0,25.9087,22.96816,886.472942,0.0,0.0,366.248,0.0,562.316259
2020-12-01 23:00:00,400.0,400.0,24.617414,23.069973,794.448184,0.0,0.0,363.16,0.0,522.406772
2020-12-02 00:00:00,400.0,400.0,23.87513,22.516066,854.596457,0.0,0.0,264.62,0.0,498.603531
2020-12-02 01:00:00,400.0,400.0,23.128644,21.843654,1004.622995,0.0,0.0,285.696,0.0,479.260951
2020-12-02 02:00:00,400.0,400.0,23.069973,22.576747,1064.090836,0.0,0.0,283.422,0.0,469.999675
2020-12-02 03:00:00,400.0,400.0,23.069973,22.576747,1028.457844,0.0,0.0,241.51,0.0,469.057823
2020-12-02 04:00:00,400.0,400.0,23.128644,23.069973,975.3429,0.0,0.0,238.92,0.0,481.136565
2020-12-02 05:00:00,400.0,400.0,24.617414,25.9087,787.540242,0.0,0.0,245.98,0.0,517.265964
2020-12-02 06:00:00,400.0,400.0,26.429316,76.324557,626.315756,0.0,0.0,276.822,0.0,558.075937
2020-12-02 07:00:00,400.0,400.0,76.324557,20.419098,700.811118,0.0,31.066914,560.138,0.0,577.399032
2020-12-02 08:00:00,400.0,400.0,19.685338,18.573789,1505.20843,0.0,0.0,1717.13,0.0,583.773235
2020-12-02 09:00:00,400.0,400.0,0.0,0.0,1786.0,0.0,0.0,2106.052389,64.025611,593.257858
2020-12-02 10:00:00,400.0,400.0,0.0,0.0,1786.0,0.0,0.0,2130.721006,241.916994,596.958151
2020-12-02 11:00:00,400.0,400.0,0.0,0.0,1786.0,0.0,0.0,2139.773897,391.810103,598.316085
2020-12-02 12:00:00,400.0,400.0,0.0,0.0,1784.0,0.0,0.0,2107.580535,433.941465,593.78708
2020-12-02 13:00:00,400.0,400.0,0.0,0.0,1784.0,0.0,0.0,2075.988636,429.409364,589.048295
2020-12-02 14:00:00,400.0,400.0,0.0,19.034775,1784.0,0.0,0.0,2011.928714,309.067286,583.939307
2020-12-02 15:00:00,398.0,400.0,0.0,22.732362,1833.0,0.0,0.0,1859.088851,42.429149,581.563328
2020-12-02 16:00:00,400.0,400.0,21.288154,26.666194,1371.537998,0.0,0.0,872.148,0.0,610.7415
2020-12-02 17:00:00,400.0,400.0,23.87513,72.928463,1206.704212,0.0,0.0,576.36,0.0,675.548368
2020-12-02 18:00:00,400.0,400.0,26.429316,26.429316,944.460231,0.0,0.0,602.2,0.0,717.560965
2020-12-02 19:00:00,400.0,400.0,25.9087,73.950901,1109.23945,0.0,0.0,622.03,0.0,699.418583
2020-12-02 20:00:00,400.0,400.0,26.324557,26.324557,1038.148487,0.0,0.0,507.238,0.0,689.263427
2020-12-02 21:00:00,400.0,400.0,23.437807,27.285823,1287.017986,0.0,0.0,571.852,0.0,661.625102
2020-12-02 22:00:00,400.0,400.0,76.429316,24.820762,715.041894,0.0,70.832222,426.116,0.0,619.061116
2020-12-02 23:00:00,400.0,400.0,23.657594,23.128644,987.399334,0.0,0.0,350.402,0.0,566.8504
2020-12-03 00:00:00,400.0,400.0,73.657594,26.791407,596.397647,0.0,101.248706,505.1,0.0,542.205353
2020-12-03 01:00:00,400.0,400.0,73.069973,22.943909,635.414146,0.0,53.216732,787.92,0.0,525.525878
2020-12-03 02:00:00,400.0,400.0,21.647258,24.4564,706.931026,0.0,0.0,1125.648,0.0,513.407546
2020-12-03 03:00:00,400.0,400.0,22.335927,21.122752,758.089843,0.0,0.0,1199.845203,76.114797,515.663304
2020-12-03 04:00:00,400.0,400.0,74.680437,21.708134,689.844808,0.0,11.743465,1224.879963,170.960037,529.655273
2020-12-03 05:00:00,400.0,400.0,57.165884,21.368347,743.513584,0.0,0.0,1505.924146,216.423854,563.761584
2020-12-03 06:00:00,400.0,400.0,21.368347,28.016997,929.69914,0.0,0.0,1997.319559,330.232441,609.543063
2020-12-03 07:00:00,400.0,400.0,21.122752,0.0,887.375399,0.0,0.0,2416.495467,404.922533,628.81801
2020-12-03 08:00:00,400.0,400.0,-0.0,0.0,1322.0,0.0,0.0,2770.905844,1219.074156,621.735877
2020-12-03 09:00:00,400.0,400.0,0.0,0.0,1323.0,0.0,0.0,2745.775533,1755.162467,617.81633
2020-12-03 10:00:00,400.0,400.0,0.0,0.0,1324.0,0.0,0.0,2690.60692,2159.57908,609.391038
2020-12-03 11:00:00,400.0,400.0,0.0,0.0,1324.0,0.0,0.0,2599.288475,2325.511525,595.693271
2020-12-03 12:00:00,400.0,400.0,0.0,0.0,1323.0,0.0,0.0,2569.373304,2359.858696,591.355996
2020-12-03 13:00:00,400.0,400.0,0.0,0.0,1314.0,0.0,0.0,2531.420306,1929.281694,587.013046
2020-12-03 14:00:00,398.0,400.0,0.0,0.0,1310.0,0.0,0.0,2497.073854,1525.880146,582.461078
2020-12-03 15:00:00,398.0,400.0,0.0,19.983547,1310.0,0.0,0.0,2063.836435,1356.743565,568.475465
2020-12-03 16:00:00,398.0,400.0,0.0,23.600746,1674.0,0.0,0.0,1844.671819,408.292181,590.800773
2020-12-03 17:00:00,400.0,400.0,18.62775,74.032773,1549.625678,0.0,0.0,1691.554,0.0,651.739248
2020-12-03 18:00:00,400.0,400.0,67.81755,68.129761,858.31432,0.0,53.935832,1355.362,0.0,700.207152
2020-12-03 19:00:00,400.0,400.0,22.19251,26.3588,1027.373129,0.0,0.0,1508.438,0.0,690.759731
2020-12-03 20:00:00,400.0,400.0,71.999171,25.837336,749.186027,0.0,144.482569,1209.13,0.0,686.391596
2020-12-03 21:00:00,400.0,400.0,21.664152,21.843654,909.096342,0.0,0.0,1219.01,0.0,663.887049
2020-12-03 22:00:00,400.0,400.0,21.287879,19.983547,1446.900142,0.0,0.0,1484.918,0.0,623.102679
2020-12-03 23:00:00,400.0,400.0,21.843654,19.983547,922.000961,0.0,0.0,1374.65,0.0,578.797356
2020-12-04 00:00:00,400.0,400.0,72.96816,19.68943,641.21972,0.0,74.422222,1199.346,0.0,541.368942
2020-12-04 01:00:00,400.0,400.0,73.437807,19.034775,446.256048,0.0,240.353745,870.868,0.0,521.341793
2020-12-04 02:00:00,400.0,400.0,500.0,20.526636,0.0,109.559562,662.647934,309.7,0.0,520.538934
2020-12-04 03:00:00,400.0,400.0,133.035526,20.234035,78.65866,0.0,579.759741,446.648,0.0,512.848401
2020-12-04 04:00:00,400.0,400.0,73.128644,20.234035,538.828791,0.0,144.61539,940.29,0.0,517.869181
2020-12-04 05:00:00,400.0,400.0,74.617414,20.547985,327.313329,0.0,406.873572,999.566,0.0,558.487901
2020-12-04 06:00:00,400.0,400.0,127.274563,48.745466,131.161663,0.0,647.172088,1043.12,0.0,594.443751
2020-12-04 07:00:00,400.0,400.0,463.530297,0.0,0.0,251.028397,810.95816,1131.986,0.0,621.63216
2020-12-04 08:00:00,400.0,400.0,71.116411,0.0,746.902895,0.0,76.838971,2149.482,0.0,614.786866
2020-12-04 09:00:00,398.0,400.0,0.0,0.0,1312.0,0.0,0.0,2638.198914,4.603086,603.329837
2020-12-04 10:00:00,400.0,400.0,18.072542,0.0,1270.104162,0.0,0.0,2576.498,0.0,600.359076
2020-12-04 11:00:00,400.0,400.0,0.0,0.0,1327.0,0.0,0.0,2538.821044,43.898956,586.173157
2020-12-04 12:00:00,400.0,400.0,0.0,0.0,1326.0,0.0,0.0,2462.557232,153.974768,574.883585
2020-12-04 13:00:00,400.0,400.0,0.0,0.0,1325.0,0.0,0.0,2400.61207,220.88993,565.741811
2020-12-04 14:00:00,400.0,400.0,0.0,0.0,1325.0,0.0,0.0,2406.346656,59.615344,566.601998
2020-12-04 15:00:00,400.0,400.0,19.430296,20.400003,1081.647489,0.0,0.0,1959.516,0.0,561.580277
2020-12-04 16:00:00,400.0,400.0,21.647258,27.970984,740.140935,0.0,0.0,880.154,0.0,580.65196
2020-12-04 17:00:00,400.0,400.0,22.27085,25.58774,899.910534,0.0,0.0,609.162,0.0,627.03772
2020-12-04 18:00:00,400.0,400.0,72.488604,25.300238,751.840139,0.0,62.40604,682.448,0.0,663.541179
2020-12-04 19:00:00,400.0,400.0,22.27085,33.782377,961.935751,0.0,0.0,709.73,0.0,641.069137
2020-12-04 20:00:00,400.0,400.0,22.700314,73.917269,855.474317,0.0,0.0,568.35,0.0,639.431352
2020-12-04 21:00:00,400.0,400.0,23.734884,23.437807,814.712367,0.0,0.0,473.634,0.0,611.238245
2020-12-04 22:00:00,400.0,400.0,23.206766,23.128644,989.914282,0.0,0.0,429.4,0.0,578.322858
2020-12-04 23:00:00,400.0,400.0,22.732362,22.576747,1169.595174,0.0,0.0,349.382,0.0,539.368024
2020-12-05 00:00:00,400.0,400.0,23.069973,23.437807,903.66262,0.0,0.0,352.68,0.0,526.502607
2020-12-05 01:00:00,400.0,400.0,23.069973,22.96816,923.364054,0.0,0.0,274.884,0.0,511.877992
2020-12-05 02:00:00,400.0,400.0,22.576747,22.732362,1101.541289,0.0,0.0,308.132,0.0,490.138607
2020-12-05 03:00:00,400.0,400.0,22.732362,23.069973,1033.969698,0.0,0.0,284.27,0.0,496.695045
2020-12-05 04:00:00,400.0,400.0,22.732362,23.128644,993.370829,0.0,0.0,292.63,0.0,504.038876
2020-12-05 05:00:00,400.0,400.0,23.069973,23.206766,908.323362,0.0,0.0,267.016,0.0,512.953896
2020-12-05 06:00:00,400.0,400.0,23.128644,42.814091,871.153038,0.0,0.0,333.852,0.0,528.554844
2020-12-05 07:00:00,400.0,400.0,22.732362,19.983547,992.202157,0.0,0.0,479.462,0.0,532.238976
2020-12-05 08:00:00,400.0,400.0,19.983547,17.335294,1266.547463,0.0,0.0,1524.638,0.0,541.363581
2020-12-05 09:00:00,398.0,400.0,0.0,0.0,1677.0,0.0,0.0,1989.552764,33.249236,549.532915
2020-12-05 10:00:00,400.0,400.0,0.0,0.0,1675.0,0.0,0.0,1982.753841,230.194159,548.813076
2020-12-05 11:00:00,400.0,400.0,0.0,0.0,1675.0,0.0,0.0,1968.346398,320.849602,546.65196
2020-12-05 12:00:00,400.0,400.0,0.0,0.0,1673.0,0.0,0.0,1903.95437,381.83563,537.293155
2020-12-05 13:00:00,400.0,400.0,0.0,0.0,1673.0,0.0,0.0,1852.807832,387.762168,529.621175
2020-12-05 14:00:00,400.0,400.0,0.0,16.970947,1673.0,0.0,0.0,1813.774356,211.555644,523.766153
2020-12-05 15:00:00,398.0,400.0,0.0,21.288154,1677.0,0.0,0.0,1607.626986,32.403014,517.744048
2020-12-05 16:00:00,400.0,400.0,21.647258,26.849321,1124.638316,0.0,0.0,648.132,0.0,538.724053
2020-12-05 17:00:00,400.0,400.0,23.128644,72.669862,1046.159892,0.0,0.0,418.052,0.0,585.433816
2020-12-05 18:00:00,400.0,400.0,24.617414,67.229074,887.703974,0.0,0.0,430.832,0.0,624.619204
2020-12-05 19:00:00,400.0,400.0,24.617414,26.475762,898.2438,0.0,0.0,381.47,0.0,609.63393
2020-12-05 20:00:00,400.0,400.0,23.657594,26.475762,962.150613,0.0,0.0,381.42,0.0,600.040408
2020-12-05 21:00:00,400.0,400.0,23.87513,26.721126,855.609285,0.0,0.0,336.768,0.0,592.823807
2020-12-05 22:00:00,400.0,400.0,23.206766,25.767975,1000.443341,0.0,0.0,298.8,0.0,565.403499
2020-12-05 23:00:00,400.0,400.0,23.437807,23.272691,811.148478,0.0,0.0,242.688,0.0,532.130928
2020-12-06 00:00:00,400.0,400.0,23.128644,25.518844,888.883702,0.0,0.0,232.02,0.0,510.620445
2020-12-06 01:00:00,400.0,400.0,23.437807,23.069973,639.501285,0.0,0.0,226.632,0.0,493.969607
2020-12-06 02:00:00,400.0,400.0,23.437807,22.96816,657.944078,0.0,0.0,185.898,0.0,485.093088
2020-12-06 03:00:00,400.0,400.0,23.437807,22.732362,670.84767,0.0,0.0,177.498,0.0,481.897549
2020-12-06 04:00:00,400.0,400.0,23.128644,23.069973,710.136347,0.0,0.0,244.07,0.0,485.990048
2020-12-06 05:00:00,400.0,400.0,73.657594,23.069973,621.848582,0.0,11.314631,244.53,0.0,499.302213
2020-12-06 06:00:00,400.0,400.0,73.87513,47.576336,583.503927,0.0,60.096684,264.168,0.0,507.999611
2020-12-06 07:00:00,400.0,400.0,500.0,0.0,0.0,58.807893,696.379884,375.078,0.0,514.482884
2020-12-06 08:00:00,400.0,400.0,19.983547,0.0,1029.167006,0.0,0.0,1470.59,0.0,515.613449
2020-12-06 09:00:00,400.0,400.0,0.0,0.0,1491.0,0.0,0.0,1973.687216,45.810784,521.803082
2020-12-06 10:00:00,400.0,400.0,0.0,0.0,1491.0,0.0,0.0,1993.922287,273.563713,524.838343
2020-12-06 11:00:00,400.0,400.0,0.0,0.0,1491.0,0.0,0.0,1979.741595,385.872405,522.711239
2020-12-06 12:00:00,400.0,400.0,0.0,0.0,1489.0,0.0,0.0,1935.284052,409.385948,516.342608
2020-12-06 13:00:00,400.0,400.0,0.0,0.0,1489.0,0.0,0.0,1893.115262,359.834738,510.017289
2020-12-06 14:00:00,400.0,400.0,0.0,18.072542,1488.0,0.0,0.0,1870.288103,200.195897,506.743216
2020-12-06 15:00:00,400.0,400.0,0.0,20.400003,1487.0,0.0,0.0,1671.604536,110.043464,502.59068
2020-12-06 16:00:00,400.0,400.0,19.983547,26.445916,1180.703996,0.0,0.0,848.338,0.0,529.295101
2020-12-06 17:00:00,400.0,400.0,23.069973,66.774424,1155.604024,0.0,0.0,669.348,0.0,589.461596
2020-12-06 18:00:00,400.0,400.0,23.87513,22.509479,882.38728,0.0,0.0,728.72,0.0,639.349908
2020-12-06 19:00:00,400.0,400.0,24.617414,22.510522,867.890113,0.0,0.0,633.886,0.0,627.299383
2020-12-06 20:00:00,400.0,400.0,23.657594,75.9087,903.895253,0.0,0.0,574.146,0.0,622.537612
2020-12-06 21:00:00,400.0,400.0,23.437807,25.729693,934.828805,0.0,0.0,502.352,0.0,597.528479
2020-12-06 22:00:00,400.0,400.0,21.843654,22.492854,1362.062439,0.0,0.0,702.252,0.0,563.428434
2020-12-06 23:00:00,400.0,400.0,76.324557,22.962528,453.375314,0.0,217.768089,270.398,0.0,528.453403
2020-12-07 00:00:00,400.0,400.0,22.732362,22.732362,974.929012,0.0,0.0,627.9,0.0,503.845648
2020-12-07 01:00:00,400.0,400.0,22.96816,22.732362,895.493902,0.0,0.0,448.85,0.0,488.903415
2020-12-07 02:00:00,400.0,400.0,23.437807,22.732362,743.406575,0.0,0.0,257.4,0.0,482.999014
2020-12-07 03:00:00,400.0,400.0,23.128644,21.287879,769.561657,0.0,0.0,312.638,0.0,487.361451
2020-12-07 04:00:00,400.0,400.0,23.437807,21.647258,730.534973,0.0,0.0,342.798,0.0,501.039454
2020-12-07 05:00:00,400.0,400.0,75.9087,23.069973,571.471638,0.0,112.917116,384.85,0.0,536.156754
2020-12-07 06:00:00,400.0,400.0,76.429316,73.437807,414.01913,0.0,204.153101,471.534,0.0,585.977231
2020-12-07 07:00:00,400.0,400.0,80.277405,19.685338,270.841869,0.0,535.915351,569.05,0.0,600.63122
2020-12-07 08:00:00,400.0,400.0,72.492854,0.0,643.555362,0.0,148.880134,1554.612,0.0,599.528496
2020-12-07 09:00:00,400.0,400.0,19.983547,0.0,1071.663359,0.0,0.0,2046.354,0.0,595.603596
2020-12-07 10:00:00,400.0,400.0,18.861019,0.0,1365.456715,0.0,0.0,2358.102,0.0,598.296793
2020-12-07 11:00:00,400.0,400.0,0.0,0.0,1475.0,0.0,0.0,2422.144671,152.493329,591.471701
2020-12-07 12:00:00,400.0,400.0,0.0,0.0,1471.0,0.0,0.0,2369.256998,239.913002,584.13855
2020-12-07 13:00:00,400.0,400.0,0.0,0.0,1465.0,0.0,0.0,2334.106313,367.995687,579.765947
2020-12-07 14:00:00,400.0,400.0,0.0,0.0,1466.0,0.0,0.0,2324.956137,176.781863,578.243421
2020-12-07 15:00:00,400.0,400.0,0.0,20.42044,1465.0,0.0,0.0,2096.785955,86.744045,569.667893
2020-12-07 16:00:00,400.0,400.0,20.419098,22.138726,1114.387601,0.0,0.0,1521.19,0.0,589.17036
2020-12-07 17:00:00,400.0,400.0,23.069973,72.988805,821.282445,0.0,0.0,1275.35,0.0,650.710133
2020-12-07 18:00:00,400.0,400.0,24.074771,25.18835,951.311497,0.0,0.0,1420.322035,30.827965,679.501581
2020-12-07 19:00:00,400.0,400.0,23.388687,22.732362,1063.214923,0.0,0.0,1472.033275,67.334725,670.472753
2020-12-07 20:00:00,400.0,400.0,22.23556,73.069973,1358.47726,0.0,0.0,1680.667129,330.896871,659.87848
2020-12-07 21:00:00,400.0,400.0,20.526636,21.647258,1449.996871,0.0,0.0,1950.534432,335.817568,630.980634
2020-12-07 22:00:00,400.0,400.0,20.234035,19.685338,1581.021686,0.0,0.0,1778.310817,87.457183,585.49337
2020-12-07 23:00:00,400.0,400.0,19.983547,19.685338,1283.857735,0.0,0.0,1543.632,0.0,541.61614
2020-12-08 00:00:00,400.0,400.0,16.970947,19.034775,1612.009711,0.0,0.0,1639.62,0.0,506.791543
2020-12-08 01:00:00,400.0,400.0,0.0,19.430296,1652.0,0.0,0.0,1594.475196,142.424804,494.021279
2020-12-08 02:00:00,400.0,400.0,0.0,19.430296,1653.0,0.0,0.0,1554.207031,218.554969,487.831055
2020-12-08 03:00:00,400.0,400.0,0.0,19.68943,1652.0,0.0,0.0,1546.833141,187.398859,486.874971
2020-12-08 04:00:00,400.0,400.0,16.970947,20.846138,1637.815661,0.0,0.0,1644.8,0.0,503.697651
2020-12-08 05:00:00,398.0,400.0,0.0,58.149842,1652.0,0.0,0.0,1541.757655,34.744345,537.113648
2020-12-08 06:00:00,400.0,400.0,19.68943,76.324557,1731.591755,0.0,0.0,1460.062,0.0,582.820537
2020-12-08 07:00:00,400.0,400.0,20.419098,21.287879,1530.21995,0.0,0.0,1466.538,0.0,599.597707
2020-12-08 08:00:00,400.0,400.0,0.0,17.335375,1826.0,0.0,0.0,2061.185444,236.514556,591.177817
2020-12-08 09:00:00,400.0,400.0,0.0,0.0,1831.0,0.0,0.0,2044.604435,555.725565,587.940665
2020-12-08 10:00:00,400.0,400.0,0.0,0.0,1832.0,0.0,0.0,2053.039583,771.258417,589.055937
2020-12-08 11:00:00,400.0,400.0,0.0,0.0,1839.0,0.0,0.0,2019.540641,684.837359,582.981096
2020-12-08 12:00:00,400.0,400.0,0.0,0.0,1850.0,0.0,0.0,2013.111003,423.272997,580.366651
2020-12-08 13:00:00,400.0,400.0,0.0,0.0,1854.0,0.0,0.0,1980.820163,238.347837,574.923024
2020-12-08 14:00:00,398.0,400.0,0.0,19.685338,1857.0,0.0,0.0,1976.579686,44.490314,573.836953
2020-12-08 15:00:00,400.0,400.0,18.573789,22.496898,1772.600959,0.0,0.0,1669.1,0.0,565.874856
2020-12-08 16:00:00,400.0,400.0,21.287879,28.691571,1417.113698,0.0,0.0,737.496,0.0,583.707345
2020-12-08 17:00:00,400.0,400.0,23.437807,72.732717,1289.951883,0.0,0.0,417.4,0.0,639.217218
2020-12-08 18:00:00,400.0,400.0,26.324557,65.308371,1025.537697,0.0,0.0,409.63,0.0,676.513845
2020-12-08 19:00:00,400.0,400.0,24.617414,26.429316,1158.151286,0.0,0.0,418.79,0.0,657.995807
2020-12-08 20:00:00,400.0,400.0,23.657594,28.792235,1217.642431,0.0,0.0,408.168,0.0,647.478835
2020-12-08 21:00:00,400.0,400.0,25.9087,25.9087,912.309253,0.0,0.0,265.27,0.0,618.594112
2020-12-08 22:00:00,400.0,400.0,23.128644,23.128644,1202.111656,0.0,0.0,272.112,0.0,576.150052
2020-12-08 23:00:00,400.0,400.0,22.516066,22.576747,1485.894511,0.0,0.0,262.52,0.0,532.143823
2020-12-09 00:00:00,400.0,400.0,21.474047,21.647258,1655.185106,0.0,0.0,259.948,0.0,506.364434
2020-12-09 01:00:00,400.0,400.0,21.116714,21.474047,1759.464759,0.0,0.0,261.228,0.0,490.914486
2020-12-09 02:00:00,400.0,400.0,21.116411,21.474047,1783.471085,0.0,0.0,247.64,0.0,485.275337
2020-12-09 03:00:00,400.0,400.0,21.116411,21.647258,1769.097382,0.0,0.0,230.4,0.0,484.845393
2020-12-09 04:00:00,400.0,400.0,21.474047,22.576747,1657.910086,0.0,0.0,219.78,0.0,499.930487
2020-12-09 05:00:00,400.0,400.0,22.576747,23.206766,1445.213816,0.0,0.0,233.916,0.0,533.955328
2020-12-09 06:00:00,400.0,400.0,23.206766,50.003354,1146.042753,0.0,0.0,247.84,0.0,580.919587
2020-12-09 07:00:00,400.0,400.0,23.206766,21.288154,1133.735057,0.0,0.0,338.048,0.0,596.296941
2020-12-09 08:00:00,400.0,400.0,21.287879,18.861019,1415.503277,0.0,0.0,1282.418,0.0,589.187208
2020-12-09 09:00:00,400.0,400.0,18.861019,0.0,1912.372075,0.0,0.0,1778.312,0.0,589.040989
2020-12-09 10:00:00,400.0,400.0,0.0,0.0,2042.0,0.0,0.0,1897.210095,239.639905,587.431514
2020-12-09 11:00:00,400.0,400.0,0.0,0.0,2043.0,0.0,0.0,1878.082059,397.433941,584.412309
2020-12-09 12:00:00,400.0,400.0,0.0,0.0,2041.0,0.0,0.0,1844.962912,467.415088,579.744437
2020-12-09 13:00:00,400.0,400.0,0.0,0.0,2041.0,0.0,0.0,1819.075319,377.894681,575.861298
2020-12-09 14:00:00,400.0,400.0,0.0,18.861019,2039.0,0.0,0.0,1801.519775,266.380225,573.527966
2020-12-09 15:00:00,398.0,400.0,0.0,21.647258,2040.0,0.0,0.0,1753.196022,17.423978,566.129403
2020-12-09 16:00:00,400.0,400.0,20.846138,24.687048,1495.610297,0.0,0.0,818.58,0.0,584.095455
2020-12-09 17:00:00,400.0,400.0,23.206766,73.913204,1358.101063,0.0,0.0,496.216,0.0,640.817241
2020-12-09 18:00:00,400.0,400.0,25.9087,66.245523,1052.652252,0.0,0.0,442.916,0.0,677.439562
2020-12-09 19:00:00,400.0,400.0,23.87513,28.126015,1191.691832,0.0,0.0,413.202,0.0,652.126525
2020-12-09 20:00:00,400.0,400.0,25.9087,26.901054,898.880526,0.0,0.0,408.968,0.0,642.163121
2020-12-09 21:00:00,400.0,400.0,23.657594,26.05871,1034.210064,0.0,0.0,363.448,0.0,615.03569
2020-12-09 22:00:00,400.0,400.0,22.732362,22.96816,1366.152614,0.0,0.0,379.198,0.0,567.606808
2020-12-09 23:00:00,400.0,400.0,21.647258,21.287879,1621.775736,0.0,0.0,353.338,0.0,525.38434
2020-12-10 00:00:00,400.0,400.0,23.069973,21.116714,787.399325,0.0,0.0,403.41,0.0,498.301601
2020-12-10 01:00:00,400.0,400.0,21.288154,19.68943,1120.480157,0.0,0.0,626.254,0.0,481.766076
2020-12-10 02:00:00,400.0,400.0,21.647258,19.034775,1030.001389,0.0,0.0,484.668,0.0,474.099992
2020-12-10 03:00:00,400.0,400.0,21.288154,19.983547,1132.304994,0.0,0.0,590.162,0.0,474.578551
2020-12-10 04:00:00,400.0,400.0,22.516066,20.419098,939.193214,0.0,0.0,477.538,0.0,486.651718
2020-12-10 05:00:00,400.0,400.0,73.437807,22.492854,647.637195,0.0,20.911226,416.9,0.0,521.289421
2020-12-10 06:00:00,400.0,400.0,77.050889,57.221632,308.633243,0.0,328.432771,319.22,0.0,565.888014
2020-12-10 07:00:00,400.0,400.0,500.0,0.0,0.0,58.397072,742.072061,401.65,0.0,578.392061
2020-12-10 08:00:00,400.0,400.0,71.647258,0.0,735.283922,0.0,33.82599,1511.07,0.0,581.757912
2020-12-10 09:00:00,400.0,400.0,19.430296,0.0,1246.117925,0.0,0.0,2130.47,0.0,582.052811
2020-12-10 10:00:00,400.0,400.0,16.970947,0.0,1445.290065,0.0,0.0,2353.248,0.0,585.59369
2020-12-10 11:00:00,400.0,400.0,14.191367,0.0,1475.415005,0.0,0.0,2377.37,0.0,584.693249
2020-12-10 12:00:00,398.0,400.0,0.0,0.0,1481.0,0.0,0.0,2375.627526,6.302474,583.594129
2020-12-10 13:00:00,400.0,400.0,18.573789,0.0,1384.595383,0.0,0.0,2278.368,0.0,583.465893
2020-12-10 14:00:00,400.0,400.0,19.685338,0.0,1211.730556,0.0,0.0,2104.348,0.0,583.292617
2020-12-10 15:00:00,400.0,400.0,19.68943,20.400004,1156.476054,0.0,0.0,1817.302,0.0,574.023892
2020-12-10 16:00:00,400.0,400.0,73.128644,25.795006,595.765846,0.0,75.386577,961.682,0.0,589.637423
2020-12-10 17:00:00,400.0,400.0,76.026327,71.684577,467.52375,0.0,170.412488,781.432,0.0,637.936237
2020-12-10 18:00:00,400.0,400.0,80.277405,65.061551,301.186232,0.0,567.935333,873.31,0.0,674.268565
2020-12-10 19:00:00,400.0,400.0,72.552276,25.291539,518.241458,0.0,319.541323,994.6,0.0,645.653781
2020-12-10 20:00:00,400.0,400.0,73.06093,22.96816,526.992086,0.0,297.748201,980.334,0.0,633.951287
2020-12-10 21:00:00,400.0,400.0,73.160439,21.474047,633.522999,0.0,151.396251,883.178,0.0,601.59825
2020-12-10 22:00:00,400.0,400.0,71.999171,19.68943,463.685773,0.0,268.185462,795.854,0.0,560.725234
2020-12-10 23:00:00,400.0,400.0,20.738013,19.685338,897.023788,0.0,0.0,940.93,0.0,517.485932
2020-12-11 00:00:00,396.0,400.0,-2.071477,18.861019,612.856758,0.0,35.416407,824.491191,180.110809,489.395165
2020-12-11 01:00:00,396.0,400.0,-1.04015,18.861019,922.723624,0.0,0.0,1030.598546,0.499454,473.831238
2020-12-11 02:00:00,400.0,400.0,14.999805,19.034775,895.13783,0.0,0.0,959.416,0.0,467.291725
2020-12-11 03:00:00,400.0,400.0,18.011041,19.430296,913.368589,0.0,0.0,963.152,0.0,465.117512
2020-12-11 04:00:00,400.0,400.0,19.658274,19.68943,1010.804773,0.0,0.0,1120.832,0.0,474.154084
2020-12-11 05:00:00,400.0,400.0,21.287879,20.419098,886.649038,0.0,0.0,1228.452,0.0,508.920444
2020-12-11 06:00:00,400.0,400.0,21.354884,54.125089,733.773495,0.0,0.0,1338.054,0.0,553.092076
2020-12-11 07:00:00,400.0,400.0,18.87415,-0.0,811.281059,0.0,0.0,1497.448,0.0,560.575041
2020-12-11 08:00:00,398.0,400.0,0.0,-0.0,1308.0,0.0,0.0,2382.540327,89.709673,565.581049
2020-12-11 09:00:00,398.0,400.0,0.0,-0.0,1309.0,0.0,0.0,2441.177327,492.160673,574.226599
2020-12-11 10:00:00,398.0,400.0,0.0,-0.0,1308.0,0.0,0.0,2470.791791,575.608209,578.818769
2020-12-11 11:00:00,398.0,400.0,0.0,-0.0,1308.0,0.0,0.0,2480.180289,589.041711,580.227043
2020-12-11 12:00:00,400.0,400.0,0.0,-0.0,1305.0,0.0,0.0,2461.381212,597.700788,577.857182
2020-12-11 13:00:00,400.0,400.0,0.0,-0.0,1304.0,0.0,0.0,2451.291479,527.656521,576.493722
2020-12-11 14:00:00,400.0,400.0,0.0,-0.0,1305.0,0.0,0.0,2421.915107,453.784893,571.937266
2020-12-11 15:00:00,400.0,400.0,0.0,-0.0,1306.0,0.0,0.0,2371.226419,355.561581,564.183963
2020-12-11 16:00:00,400.0,400.0,19.034775,27.414117,1123.741118,0.0,0.0,1970.036,0.0,582.344232
2020-12-11 17:00:00,400.0,400.0,21.674715,78.25704,1158.970261,0.0,0.0,1853.283197,30.568803,631.54694
2020-12-11 18:00:00,400.0,400.0,21.579356,77.722664,949.124424,0.0,0.0,1770.415471,29.282529,654.343657
2020-12-11 19:00:00,400.0,400.0,21.215322,28.337235,850.930876,0.0,0.0,1648.044801,31.903199,630.467089
2020-12-11 20:00:00,400.0,400.0,76.476523,21.647258,716.492161,0.0,92.901018,1578.786691,14.909309,616.994179
2020-12-11 21:00:00,400.0,400.0,70.493165,20.419098,752.873997,0.0,28.126403,1462.99,0.0,594.1674
2020-12-11 22:00:00,400.0,400.0,21.647258,19.68943,958.707007,0.0,0.0,1454.348,0.0,561.996149
2020-12-11 23:00:00,400.0,400.0,19.983547,11.051322,1246.88552,0.0,0.0,1481.4,0.0,522.827172
2020-12-12 00:00:00,400.0,400.0,20.400003,22.476787,838.159406,0.0,0.0,1591.17,0.0,494.101589
2020-12-12 01:00:00,400.0,400.0,19.034775,19.430296,1044.092565,0.0,0.0,1674.846,0.0,475.763015
2020-12-12 02:00:00,400.0,400.0,18.072542,18.861019,1155.84149,0.0,0.0,1705.7,0.0,463.628776
2020-12-12 03:00:00,400.0,400.0,18.072542,14.07873,1167.725536,0.0,0.0,1694.102,0.0,460.10647
2020-12-12 04:00:00,400.0,400.0,71.288154,19.034775,614.183596,0.0,6.139664,1169.432,0.0,464.437261
2020-12-12 05:00:00,400.0,400.0,19.68943,19.034775,939.545506,0.0,0.0,1575.21,0.0,476.499674
2020-12-12 06:00:00,400.0,400.0,19.034775,18.861019,1038.670006,0.0,0.0,1790.138,0.0,493.870199
2020-12-12 07:00:00,400.0,400.0,19.68943,-0.0,917.890839,0.0,0.0,1728.716,0.0,502.773774
2020-12-12 08:00:00,400.0,400.0,0.0,-0.0,1215.0,0.0,0.0,2077.061631,499.842369,510.459245
2020-12-12 09:00:00,400.0,400.0,0.0,-0.0,1215.0,0.0,0.0,2172.102209,628.515791,524.715331
2020-12-12 10:00:00,400.0,400.0,0.0,-0.0,1216.0,0.0,0.0,2227.730685,1004.689315,532.909603
2020-12-12 11:00:00,400.0,400.0,0.0,-0.0,1216.0,0.0,0.0,2230.899541,1155.148459,533.384931
2020-12-12 12:00:00,400.0,400.0,0.0,-0.0,1215.0,0.0,0.0,2183.170755,1433.113245,526.375613
2020-12-12 13:00:00,400.0,400.0,0.0,-0.0,1215.0,0.0,0.0,2139.335741,1220.962259,519.800361
2020-12-12 14:00:00,400.0,400.0,0.0,-0.0,1215.0,0.0,0.0,2102.400477,989.147523,514.260072
2020-12-12 15:00:00,400.0,400.0,0.0,-0.0,1214.0,0.0,0.0,2077.502904,539.597096,510.675436
2020-12-12 16:00:00,398.0,400.0,0.0,21.647258,1212.0,0.0,0.0,1543.086755,168.411245,532.813013
2020-12-12 17:00:00,400.0,400.0,22.23556,76.790897,1427.646771,0.0,0.0,1276.338528,179.779472,586.753764
2020-12-12 18:00:00,400.0,400.0,24.08455,34.163462,1022.896346,0.0,0.0,1218.043887,194.024113,623.422131
2020-12-12 19:00:00,400.0,400.0,23.20063,22.96816,1226.404264,0.0,0.0,1278.9369,195.9531,602.029895
2020-12-12 20:00:00,400.0,400.0,22.517588,69.809255,1333.803051,0.0,0.0,1330.456171,117.073829,593.647968
2020-12-12 21:00:00,400.0,400.0,22.517588,22.971157,1327.733395,0.0,0.0,1195.596632,334.183368,574.329486
2020-12-12 22:00:00,400.0,400.0,21.122752,21.843654,1548.401353,0.0,0.0,1242.503102,204.600898,548.265262
2020-12-12 23:00:00,400.0,400.0,0.0,-0.0,1975.0,0.0,0.0,1449.968069,1090.591931,515.39521
2020-12-13 00:00:00,400.0,400.0,0.0,0.0,1143.0,0.0,0.0,2019.751166,329.794834,489.862675
2020-12-13 01:00:00,400.0,400.0,0.0,0.0,1140.0,0.0,0.0,1900.653316,360.466684,472.447997
2020-12-13 02:00:00,400.0,400.0,0.0,0.0,1133.0,0.0,0.0,1836.137818,156.610182,463.820673
2020-12-13 03:00:00,400.0,400.0,71.647258,19.430296,528.255898,0.0,86.569217,1204.95,0.0,459.854115
2020-12-13 04:00:00,400.0,400.0,74.617414,19.034775,166.79964,0.0,440.600914,830.03,0.0,457.834554
2020-12-13 05:00:00,400.0,400.0,74.617414,19.034775,165.159792,0.0,456.467439,901.868,0.0,468.856231
2020-12-13 06:00:00,400.0,400.0,127.050889,61.155149,78.83322,0.0,522.889897,844.514,0.0,475.602117
2020-12-13 07:00:00,400.0,400.0,500.0,0.0,0.0,275.165035,640.761555,606.732,0.0,490.634555
2020-12-13 08:00:00,400.0,400.0,19.983547,0.0,746.860934,0.0,0.0,1637.628,0.0,491.96506
2020-12-13 09:00:00,400.0,400.0,18.072542,0.0,1084.248973,0.0,0.0,2037.964,0.0,501.407254
2020-12-13 10:00:00,400.0,400.0,0.0,0.0,1144.0,0.0,0.0,2144.1937,169.6743,508.379055
2020-12-13 11:00:00,400.0,400.0,0.0,0.0,1134.0,0.0,0.0,2154.818492,401.631508,511.472774
2020-12-13 12:00:00,400.0,400.0,0.0,0.0,1133.0,0.0,0.0,2139.358262,340.611738,509.303739
2020-12-13 13:00:00,400.0,400.0,0.0,0.0,1122.0,0.0,0.0,2111.497753,942.182247,506.774663
2020-12-13 14:00:00,398.0,400.0,0.0,0.0,1125.0,0.0,0.0,2102.488615,1121.509385,504.973292
2020-12-13 15:00:00,398.0,400.0,0.0,0.0,1111.0,0.0,0.0,1914.61794,1352.50006,504.392691
2020-12-13 16:00:00,400.0,400.0,0.0,75.405189,1319.0,0.0,0.0,2038.70738,993.26062,530.356107
2020-12-13 17:00:00,398.0,400.0,0.0,65.009333,1328.0,0.0,0.0,2585.603436,191.126564,600.240515
2020-12-13 18:00:00,400.0,400.0,20.234035,20.42044,1123.546952,0.0,0.0,2668.627405,121.572595,643.362068
2020-12-13 19:00:00,400.0,400.0,18.52187,25.138366,1221.680894,0.0,0.0,2631.491962,101.146038,623.07166
2020-12-13 20:00:00,400.0,400.0,20.234035,23.067104,1072.346451,0.0,0.0,2438.703998,31.414002,616.553632
2020-12-13 21:00:00,400.0,400.0,20.234035,22.83626,860.024649,0.0,0.0,2379.552862,89.499138,587.029232
2020-12-13 22:00:00,400.0,400.0,19.034775,18.926085,869.377521,0.0,0.0,2136.632,0.0,549.188172
2020-12-13 23:00:00,400.0,400.0,69.68943,10.378678,638.179372,0.0,43.621422,2020.298,0.0,513.167794
2020-12-14 00:00:00,398.0,400.0,0.0,-0.0,932.0,0.0,0.0,2158.233021,95.964979,489.784953
2020-12-14 01:00:00,400.0,400.0,18.463561,-0.0,843.654107,0.0,0.0,1961.368,0.0,473.507084
2020-12-14 02:00:00,400.0,400.0,0.0,-0.0,923.0,0.0,0.0,2013.878825,3.539175,469.481824
2020-12-14 03:00:00,400.0,400.0,20.234035,19.958349,732.172354,0.0,0.0,1851.772494,40.627506,473.790021
2020-12-14 04:00:00,400.0,400.0,19.68943,24.691707,614.670036,0.0,0.0,1641.338,0.0,485.350195
2020-12-14 05:00:00,400.0,400.0,72.96816,71.287879,427.922792,0.0,207.714289,1426.13,0.0,520.531081
2020-12-14 06:00:00,400.0,400.0,21.116714,77.464999,681.976265,0.0,0.0,1794.032,0.0,565.95836
2020-12-14 07:00:00,400.0,400.0,20.42044,-0.0,870.454429,0.0,0.0,2259.53782,94.50018,582.462509
2020-12-14 08:00:00,400.0,400.0,0.0,-0.0,1165.0,0.0,0.0,2552.323081,848.338919,582.198462
2020-12-14 09:00:00,399.772,400.0,0.0,-0.0,1169.228,0.0,0.0,2567.825183,1374.374817,583.889577
2020-12-14 10:00:00,400.0,400.0,0.0,-0.0,1171.0,0.0,0.0,2585.096147,1593.163853,586.214422
2020-12-14 11:00:00,400.0,400.0,0.0,-0.0,1170.0,0.0,0.0,2552.307416,1647.676584,581.446112
2020-12-14 12:00:00,398.981,400.0,0.0,-0.0,1166.019,0.0,0.0,2524.565646,1641.414354,577.881997
2020-12-14 13:00:00,400.0,400.0,0.0,-0.0,1168.0,0.0,0.0,2495.84024,1727.52376,573.276036
2020-12-14 14:00:00,400.0,400.0,0.0,-0.0,1171.0,0.0,0.0,2480.327139,1709.134861,570.499071
2020-12-14 15:00:00,398.0,400.0,0.0,-0.0,1177.0,0.0,0.0,2442.976215,1730.661785,563.996432
2020-12-14 16:00:00,398.0,400.0,0.0,19.281038,1172.0,0.0,0.0,2432.690103,712.991897,588.703515
2020-12-14 17:00:00,400.0,400.0,19.987876,42.576662,1269.435511,0.0,0.0,2727.047583,289.350417,652.591811
2020-12-14 18:00:00,400.0,400.0,21.768501,74.201306,1061.165739,0.0,0.0,2735.422213,338.043787,694.988471
2020-12-14 19:00:00,400.0,400.0,21.445899,66.69208,1195.131379,0.0,0.0,2726.517089,337.392911,673.557856
2020-12-14 20:00:00,400.0,400.0,21.70426,23.619218,1128.74545,0.0,0.0,2642.824925,280.441075,662.711921
2020-12-14 21:00:00,400.0,400.0,15.483062,22.11989,1336.32873,0.0,0.0,2637.377444,281.174556,630.757307
2020-12-14 22:00:00,400.0,400.0,19.958349,17.362973,1057.112082,0.0,0.0,2403.250214,322.949786,584.27072
2020-12-14 23:00:00,398.0,400.0,0.0,-0.0,1217.0,0.0,0.0,2258.233146,440.218854,538.534972
2020-12-15 00:00:00,398.0,400.0,0.0,0.0,1186.0,0.0,0.0,2074.740915,605.881085,507.411137
2020-12-15 01:00:00,398.0,400.0,0.0,0.0,1187.0,0.0,0.0,1978.17162,713.42638,492.775743
2020-12-15 02:00:00,398.0,400.0,0.0,0.0,1187.0,0.0,0.0,1931.955554,748.412446,485.843333
2020-12-15 03:00:00,398.0,400.0,0.0,0.0,1187.0,0.0,0.0,1947.00545,750.80455,488.100817
2020-12-15 04:00:00,400.0,400.0,0.0,0.0,1184.0,0.0,0.0,2048.957619,668.392381,503.843643
2020-12-15 05:00:00,400.0,400.0,0.0,42.693289,1182.0,0.0,0.0,2273.720816,509.683184,537.858122
2020-12-15 06:00:00,400.0,400.0,17.392886,74.762577,1140.421886,0.0,0.0,2450.41643,320.02157,581.399182
2020-12-15 07:00:00,400.0,400.0,20.42044,0.0,840.958024,0.0,0.0,2481.650399,331.627601,596.953856
2020-12-15 08:00:00,398.0,400.0,0.0,0.0,1073.0,0.0,0.0,2692.708103,931.873897,593.806215
2020-12-15 09:00:00,398.0,400.0,-0.0,0.0,1084.0,0.0,0.0,2696.147964,1376.914036,592.672195
2020-12-15 10:00:00,398.0,400.0,0.0,0.0,1084.0,0.0,0.0,2662.906431,1539.813569,587.685965
2020-12-15 11:00:00,398.0,400.0,0.0,0.0,1067.0,0.0,0.0,2654.427203,1434.388797,588.96408
2020-12-15 12:00:00,398.0,400.0,-0.0,0.0,1067.0,0.0,0.0,2645.79659,1509.70541,587.669488
2020-12-15 13:00:00,398.0,400.0,-0.0,0.0,1069.0,0.0,0.0,2614.438979,1600.583021,582.665847
2020-12-15 14:00:00,398.0,400.0,-0.0,0.0,1082.0,0.0,0.0,2583.968336,1619.977664,576.14525
2020-12-15 15:00:00,398.0,400.0,0.0,0.0,1083.0,0.0,0.0,2377.552091,1581.993909,570.532814
2020-12-15 16:00:00,398.0,400.0,0.0,21.569791,1270.0,0.0,0.0,2159.44484,1013.78316,597.816726
2020-12-15 17:00:00,398.0,400.0,0.0,25.397496,1733.0,0.0,0.0,2383.79312,537.57688,664.768968
2020-12-15 18:00:00,400.0,400.0,13.720986,73.691948,1982.979679,0.0,0.0,2587.481348,322.870652,708.82525
2020-12-15 19:00:00,398.0,400.0,0.0,76.755559,2109.0,0.0,0.0,2370.928225,540.473775,684.139234
2020-12-15 20:00:00,398.0,400.0,0.0,40.782942,2030.0,0.0,0.0,2400.285168,469.580832,670.542775
2020-12-15 21:00:00,398.0,400.0,0.0,22.632352,1780.0,0.0,0.0,2390.474979,419.291021,636.821247
2020-12-15 22:00:00,398.0,400.0,0.0,0.0,1783.0,0.0,0.0,2084.292193,602.023807,590.443829
2020-12-15 23:00:00,398.0,400.0,0.0,0.0,1600.0,0.0,0.0,1938.20219,723.28181,542.730328
2020-12-16 00:00:00,398.0,400.0,0.0,0.0,1139.0,0.0,0.0,2138.526366,458.451634,512.178955
2020-12-16 01:00:00,398.0,400.0,0.0,0.0,1136.0,0.0,0.0,2036.16997,432.64603,497.275495
2020-12-16 02:00:00,398.0,400.0,0.0,0.0,1140.0,0.0,0.0,1979.158388,679.225612,488.123758
2020-12-16 03:00:00,398.0,400.0,0.0,0.0,1140.0,0.0,0.0,1991.521224,683.128776,489.978184
2020-12-16 04:00:00,398.0,400.0,0.0,0.0,1139.0,0.0,0.0,2076.023664,599.160336,502.80355
2020-12-16 05:00:00,398.0,400.0,0.0,26.124057,1137.0,0.0,0.0,2311.738021,456.409979,538.460703
2020-12-16 06:00:00,400.0,400.0,16.247117,74.762577,1050.103979,0.0,0.0,2482.128136,292.285864,584.253624
2020-12-16 07:00:00,400.0,400.0,74.060266,0.0,647.718744,0.0,112.398456,2538.606742,332.261258,595.9332
2020-12-16 08:00:00,398.0,400.0,0.0,0.0,976.0,0.0,0.0,2795.987966,1037.214034,590.248195
2020-12-16 09:00:00,398.0,400.0,0.0,0.0,978.0,0.0,0.0,2783.875516,1518.074484,588.131327
2020-12-16 10:00:00,398.0,400.0,0.0,0.0,978.0,0.0,0.0,2795.702933,1678.577067,589.90544
2020-12-16 11:00:00,398.0,400.0,0.0,0.0,978.0,0.0,0.0,2771.927524,1745.220476,586.339129
2020-12-16 12:00:00,398.0,400.0,-0.0,0.0,974.0,0.0,0.0,2735.026054,1584.403946,581.403908
2020-12-16 13:00:00,398.0,400.0,-0.0,0.0,976.0,0.0,0.0,2717.055546,1613.812454,578.408332
2020-12-16 14:00:00,398.0,400.0,-0.0,0.0,976.0,0.0,0.0,2697.839812,1535.760188,575.525972
2020-12-16 15:00:00,398.0,400.0,0.0,0.0,977.0,0.0,0.0,2469.706572,1511.253428,566.655986
2020-12-16 16:00:00,398.0,400.0,0.0,21.001998,1155.0,0.0,0.0,2518.858794,572.959206,596.078819
2020-12-16 17:00:00,400.0,400.0,21.569791,78.173856,1175.341263,0.0,0.0,2716.192299,293.407701,659.827655
2020-12-16 18:00:00,400.0,400.0,22.381435,74.081726,975.516733,0.0,0.0,2719.688489,313.521511,695.875763
2020-12-16 19:00:00,400.0,400.0,21.719168,23.906616,1062.095433,0.0,0.0,2719.545377,308.076623,668.467492
2020-12-16 20:00:00,400.0,400.0,21.719168,24.40256,1006.929068,0.0,0.0,2715.857138,319.602862,656.53921
2020-12-16 21:00:00,400.0,400.0,19.533879,24.086445,1147.157361,0.0,0.0,2656.70586,303.38414,626.632275
2020-12-16 22:00:00,400.0,400.0,13.352779,20.019385,1269.468988,0.0,0.0,2475.199111,279.510889,581.059518
2020-12-16 23:00:00,398.0,400.0,0.0,0.0,1104.0,0.0,0.0,2354.261598,342.304402,534.48924
2020-12-17 00:00:00,398.0,400.0,0.0,0.0,1105.0,0.0,0.0,2146.810704,511.391296,503.221606
2020-12-17 01:00:00,398.0,400.0,0.0,0.0,1106.0,0.0,0.0,2046.571018,579.296982,488.035653
2020-12-17 02:00:00,398.0,400.0,0.0,0.0,1099.0,0.0,0.0,1979.609529,426.490471,479.041429
2020-12-17 03:00:00,400.0,400.0,0.0,0.0,1090.0,0.0,0.0,1969.383651,237.516349,478.857548
2020-12-17 04:00:00,400.0,400.0,72.492854,18.861019,442.916366,0.0,191.020979,1377.332,0.0,491.612345
2020-12-17 05:00:00,400.0,400.0,72.516066,30.999452,417.951945,0.0,105.784763,874.53,0.0,523.736708
2020-12-17 06:00:00,400.0,400.0,24.617414,77.274616,646.685212,0.0,0.0,549.9,0.0,569.132218
2020-12-17 07:00:00,400.0,400.0,77.274616,53.228189,309.894453,0.0,438.866679,468.562,0.0,584.800132
2020-12-17 08:00:00,400.0,400.0,21.843654,20.419098,972.572978,0.0,0.0,1246.01,0.0,585.515553
2020-12-17 09:00:00,400.0,400.0,19.68943,18.072542,1390.356614,0.0,0.0,1702.454,0.0,591.314608
2020-12-17 10:00:00,400.0,400.0,18.861019,0.0,1583.316748,0.0,0.0,1905.586,0.0,592.840388
2020-12-17 11:00:00,400.0,400.0,15.731586,0.0,1763.093235,0.0,0.0,2075.468,0.0,591.356215
2020-12-17 12:00:00,400.0,400.0,0.0,0.0,1808.0,0.0,0.0,2116.706497,65.143503,590.805975
2020-12-17 13:00:00,398.0,400.0,0.0,0.0,1809.0,0.0,0.0,2096.477554,7.786446,587.621633
2020-12-17 14:00:00,400.0,400.0,18.072542,0.0,1696.385535,0.0,0.0,1966.48,0.0,585.01417
2020-12-17 15:00:00,398.0,400.0,0.0,0.0,1786.0,0.0,0.0,2014.536558,232.461442,578.780484
2020-12-17 16:00:00,400.0,400.0,21.647258,20.234035,1022.91906,0.0,0.0,1384.5,0.0,598.737141
2020-12-17 17:00:00,400.0,400.0,71.135773,70.428768,628.942651,0.0,190.948751,1337.452,0.0,654.076402
2020-12-17 18:00:00,400.0,400.0,21.843654,72.516066,1016.69269,0.0,0.0,1883.766,0.0,685.210997
2020-12-17 19:00:00,400.0,400.0,20.234035,22.641116,1574.260521,0.0,0.0,2316.930275,241.807725,664.150463
2020-12-17 20:00:00,400.0,400.0,20.526636,25.175788,1236.986474,0.0,0.0,2265.647935,360.586065,653.799219
2020-12-17 21:00:00,400.0,400.0,20.234035,25.159462,1200.773441,0.0,0.0,2375.913474,314.296526,622.521005
2020-12-17 22:00:00,400.0,400.0,16.100294,20.106005,1097.98099,0.0,0.0,2481.746539,282.735461,578.064832
2020-12-17 23:00:00,400.0,400.0,17.392886,0.0,956.535022,0.0,0.0,2388.430573,346.883427,532.034333
2020-12-18 00:00:00,398.0,400.0,0.0,0.0,987.0,0.0,0.0,2216.00689,494.62511,501.601033
2020-12-18 01:00:00,398.0,400.0,0.0,0.0,988.0,0.0,0.0,2081.77025,645.32975,481.315538
2020-12-18 02:00:00,398.0,400.0,0.0,0.0,988.0,0.0,0.0,2034.680051,641.679949,474.252008
2020-12-18 03:00:00,398.0,400.0,0.0,0.0,988.0,0.0,0.0,2034.671007,677.680993,474.250651
2020-12-18 04:00:00,398.0,400.0,0.0,0.0,988.0,0.0,0.0,2111.225295,579.526705,485.733794
2020-12-18 05:00:00,400.0,400.0,70.419098,19.958349,600.297072,0.0,49.552867,1788.93,0.0,521.044939
2020-12-18 06:00:00,400.0,400.0,500.0,79.216544,0.0,575.96777,581.700565,623.036,0.0,564.750565
2020-12-18 07:00:00,400.0,400.0,500.0,0.0,0.0,958.425956,771.306193,517.162,0.0,583.588193
2020-12-18 08:00:00,400.0,400.0,500.0,0.0,0.0,41.121911,768.714087,1425.632,0.0,582.263087
2020-12-18 09:00:00,400.0,400.0,127.050889,0.0,133.711674,0.0,621.667275,1620.798,0.0,585.312949
2020-12-18 10:00:00,400.0,400.0,20.234035,0.0,866.701907,0.0,0.0,2352.818042,187.061958,585.16742
2020-12-18 11:00:00,400.0,400.0,18.926085,0.0,982.8899,0.0,0.0,2447.659857,225.624143,581.965494
2020-12-18 12:00:00,398.0,400.0,0.0,0.0,1111.0,0.0,0.0,2533.227563,242.742437,575.584134
2020-12-18 13:00:00,398.0,400.0,0.0,0.0,1111.0,0.0,0.0,2503.839279,310.592721,571.175892
2020-12-18 14:00:00,400.0,400.0,18.52187,0.0,1009.604405,0.0,0.0,2376.385576,197.244424,567.267176
2020-12-18 15:00:00,400.0,400.0,20.547985,0.0,792.091512,0.0,0.0,2110.344148,262.527852,559.987895
2020-12-18 16:00:00,400.0,400.0,90.382001,32.451819,135.836,0.0,600.52017,1427.263799,197.674201,581.46417
2020-12-18 17:00:00,400.0,400.0,133.043225,21.368347,121.521152,0.0,670.87202,1424.815628,152.130372,636.494171
2020-12-18 18:00:00,400.0,400.0,82.664849,24.687757,197.810398,0.0,632.103744,1348.998012,361.451988,666.928142
2020-12-18 19:00:00,400.0,400.0,35.950652,21.287879,796.862999,0.0,0.0,1414.996324,395.733676,640.219999
2020-12-18 20:00:00,400.0,400.0,22.709794,76.755559,1225.649917,0.0,0.0,1509.612479,414.917521,628.644384
2020-12-18 21:00:00,400.0,400.0,21.905537,62.848662,1390.490841,0.0,0.0,1586.050404,387.027596,604.583934
2020-12-18 22:00:00,400.0,400.0,20.419098,19.034775,1406.473584,0.0,0.0,1392.214,0.0,573.111062
2020-12-18 23:00:00,400.0,400.0,18.861019,20.419098,1518.860809,0.0,0.0,1591.448,0.0,532.888079
2020-12-19 00:00:00,400.0,400.0,0.0,19.68943,1674.0,0.0,0.0,1553.830124,367.869876,503.974519
2020-12-19 01:00:00,400.0,400.0,0.0,19.68943,1674.0,0.0,0.0,1421.569962,394.150038,484.135494
2020-12-19 02:00:00,400.0,400.0,0.0,22.492854,1673.0,0.0,0.0,1338.996407,245.683593,471.899461
2020-12-19 03:00:00,400.0,400.0,0.0,22.576747,1673.0,0.0,0.0,1318.969509,248.352491,468.895426
2020-12-19 04:00:00,400.0,400.0,0.0,22.576747,1673.0,0.0,0.0,1340.19301,278.30699,472.078952
2020-12-19 05:00:00,400.0,400.0,0.0,23.128644,1673.0,0.0,0.0,1421.087443,403.112557,484.213116
2020-12-19 06:00:00,400.0,400.0,0.0,73.465518,1673.0,0.0,0.0,1539.132056,420.637944,503.119808
2020-12-19 07:00:00,398.0,400.0,0.0,19.430296,1671.0,0.0,0.0,1594.872968,344.089032,510.580945
2020-12-19 08:00:00,398.0,400.0,0.0,13.039574,1254.0,0.0,0.0,1970.963772,221.890228,523.044566
2020-12-19 09:00:00,398.0,400.0,0.0,0.0,1266.0,0.0,0.0,2125.161993,61.386007,544.374299
2020-12-19 10:00:00,400.0,400.0,20.846138,0.0,895.197516,0.0,0.0,1774.638,0.0,547.416073
2020-12-19 11:00:00,400.0,400.0,21.116714,0.0,826.716127,0.0,0.0,1687.62,0.0,544.635581
2020-12-19 12:00:00,400.0,400.0,72.516066,0.0,690.83701,0.0,24.433838,1500.116,0.0,536.891848
2020-12-19 13:00:00,400.0,400.0,72.732362,0.0,668.984824,0.0,31.092053,1438.284,0.0,530.894876
2020-12-19 14:00:00,400.0,400.0,74.617414,20.400003,386.363798,0.0,302.019332,1118.498,0.0,525.32013
2020-12-19 15:00:00,400.0,400.0,21.843654,22.553206,742.530789,0.0,0.0,1046.5,0.0,521.395382
2020-12-19 16:00:00,400.0,400.0,21.116714,26.958557,1268.438349,0.0,0.0,817.884,0.0,554.166848
2020-12-19 17:00:00,400.0,400.0,23.128644,26.682755,1299.488683,0.0,0.0,645.662,0.0,606.925998
2020-12-19 18:00:00,400.0,400.0,25.9087,75.004411,1052.882352,0.0,0.0,583.402,0.0,636.977947
2020-12-19 19:00:00,400.0,400.0,25.9087,65.44488,1093.711343,0.0,0.0,455.532,0.0,615.273099
2020-12-19 20:00:00,400.0,400.0,24.617414,26.429316,1115.408735,0.0,0.0,499.28,0.0,612.58069
2020-12-19 21:00:00,400.0,400.0,23.128644,26.429316,1339.34658,0.0,0.0,493.548,0.0,578.130213
2020-12-19 22:00:00,400.0,400.0,23.128644,26.06006,1346.510929,0.0,0.0,332.398,0.0,552.883061
2020-12-19 23:00:00,400.0,400.0,24.617414,25.9087,765.940757,0.0,0.0,305.716,0.0,529.466286
2020-12-20 00:00:00,400.0,400.0,23.128644,28.641652,970.531367,0.0,0.0,311.162,0.0,499.594595
2020-12-20 01:00:00,400.0,400.0,23.657594,25.351167,722.433731,0.0,0.0,293.402,0.0,480.89524
2020-12-20 02:00:00,400.0,400.0,23.206766,23.657594,790.10255,0.0,0.0,300.384,0.0,471.792217
2020-12-20 03:00:00,400.0,400.0,23.069973,23.206766,909.85404,0.0,0.0,391.648,0.0,467.519094
2020-12-20 04:00:00,400.0,400.0,22.732362,23.206766,961.891262,0.0,0.0,453.3,0.0,468.961311
2020-12-20 05:00:00,400.0,400.0,22.732362,23.657594,959.005887,0.0,0.0,495.17,0.0,475.674617
2020-12-20 06:00:00,400.0,400.0,22.96816,38.549773,927.244751,0.0,0.0,557.02,0.0,489.716287
2020-12-20 07:00:00,400.0,400.0,22.732362,19.68943,984.570869,0.0,0.0,640.616,0.0,493.65677
2020-12-20 08:00:00,400.0,400.0,19.430296,16.628637,1336.346115,0.0,0.0,1423.898,0.0,505.132783
2020-12-20 09:00:00,398.0,400.0,0.0,0.0,1604.0,0.0,0.0,1805.048509,13.489491,522.157276
2020-12-20 10:00:00,400.0,400.0,0.0,0.0,1604.0,0.0,0.0,1806.905651,191.304349,522.435848
2020-12-20 11:00:00,400.0,400.0,0.0,0.0,1605.0,0.0,0.0,1791.38043,251.27157,519.957064
2020-12-20 12:00:00,400.0,400.0,0.0,0.0,1602.0,0.0,0.0,1759.6152,393.3848,515.64228
2020-12-20 13:00:00,400.0,400.0,0.0,0.0,1602.0,0.0,0.0,1739.19382,336.80618,512.579073
2020-12-20 14:00:00,400.0,400.0,0.0,18.463561,1602.0,0.0,0.0,1723.137083,127.624917,510.170563
2020-12-20 15:00:00,400.0,400.0,0.0,21.116714,1603.0,0.0,0.0,1576.166668,79.313332,508.975
2020-12-20 16:00:00,400.0,400.0,19.983547,26.717691,1377.041311,0.0,0.0,807.484,0.0,535.566403
2020-12-20 17:00:00,400.0,400.0,23.128644,63.069354,1202.134034,0.0,0.0,518.998,0.0,601.779595
2020-12-20 18:00:00,400.0,400.0,26.324557,76.324557,847.104652,0.0,0.0,463.982,0.0,653.981602
2020-12-20 19:00:00,400.0,400.0,26.324557,26.403485,842.260514,0.0,0.0,444.672,0.0,644.611723
2020-12-20 20:00:00,400.0,400.0,24.617414,25.802839,924.592174,0.0,0.0,504.12,0.0,641.179174
2020-12-20 21:00:00,400.0,400.0,23.87513,26.714766,1009.380791,0.0,0.0,446.568,0.0,619.828081
2020-12-20 22:00:00,400.0,400.0,25.9087,26.431415,786.16711,0.0,0.0,361.284,0.0,587.267534
2020-12-20 23:00:00,400.0,400.0,23.128644,25.081827,1005.268795,0.0,0.0,316.322,0.0,547.657981
2020-12-21 00:00:00,400.0,400.0,22.732362,22.732362,1204.94426,0.0,0.0,290.346,0.0,513.810261
2020-12-21 01:00:00,400.0,400.0,22.576747,22.732362,1258.70863,0.0,0.0,235.08,0.0,497.455706
2020-12-21 02:00:00,400.0,400.0,22.516066,22.576747,1303.618166,0.0,0.0,222.17,0.0,488.782775
2020-12-21 03:00:00,400.0,400.0,21.843654,22.576747,1340.211349,0.0,0.0,263.102,0.0,489.433598
2020-12-21 04:00:00,400.0,400.0,22.576747,22.732362,1272.806088,0.0,0.0,279.75,0.0,502.041587
2020-12-21 05:00:00,400.0,400.0,22.96816,23.657594,1128.571973,0.0,0.0,356.632,0.0,535.209004
2020-12-21 06:00:00,400.0,400.0,23.87513,76.429316,881.965775,0.0,0.0,343.318,0.0,578.602834
2020-12-21 07:00:00,400.0,400.0,75.9087,21.647258,741.833873,0.0,39.390746,358.638,0.0,593.520619
2020-12-21 08:00:00,400.0,400.0,22.492854,19.430296,1201.623712,0.0,0.0,1222.954,0.0,600.949543
2020-12-21 09:00:00,400.0,400.0,19.68943,0.0,1678.911844,0.0,0.0,1747.234,0.0,607.998323
2020-12-21 10:00:00,400.0,400.0,18.861019,0.0,1842.659603,0.0,0.0,1934.4,0.0,611.51106
2020-12-21 11:00:00,400.0,400.0,18.861019,0.0,1861.60735,0.0,0.0,1909.898,0.0,604.993597
2020-12-21 12:00:00,400.0,400.0,16.970947,0.0,1948.211655,0.0,0.0,1936.748,0.0,596.030452
2020-12-21 13:00:00,398.0,400.0,0.0,0.0,1995.0,0.0,0.0,1943.077865,32.504135,589.96168
2020-12-21 14:00:00,400.0,400.0,16.970947,19.034775,1965.930986,0.0,0.0,1872.878,0.0,583.792052
2020-12-21 15:00:00,400.0,400.0,19.983547,22.661571,1612.906207,0.0,0.0,1526.42,0.0,584.777069
2020-12-21 16:00:00,400.0,400.0,21.843654,26.84015,1219.406098,0.0,0.0,654.868,0.0,615.069285
2020-12-21 17:00:00,400.0,400.0,24.62179,70.341113,1272.989887,0.0,0.0,431.52,0.0,684.529517
2020-12-21 18:00:00,400.0,400.0,26.429316,75.344893,1002.590647,0.0,0.0,468.234,0.0,731.796503
2020-12-21 19:00:00,400.0,400.0,26.429316,28.233737,1062.967534,0.0,0.0,445.352,0.0,718.10767
2020-12-21 20:00:00,400.0,400.0,76.790897,26.557645,741.62159,0.0,151.120872,384.638,0.0,703.952461
2020-12-21 21:00:00,400.0,400.0,26.324557,26.746553,918.089356,0.0,0.0,332.098,0.0,669.601297
2020-12-21 22:00:00,400.0,400.0,24.617414,23.657594,1157.125609,0.0,0.0,253.432,0.0,621.945959
2020-12-21 23:00:00,400.0,400.0,22.96816,23.128644,1509.282474,0.0,0.0,280.434,0.0,573.172729
2020-12-22 00:00:00,400.0,400.0,22.516066,22.492854,1466.104912,0.0,0.0,349.938,0.0,536.824963
2020-12-22 01:00:00,400.0,400.0,21.843654,21.647258,1530.660666,0.0,0.0,294.382,0.0,518.8082
2020-12-22 02:00:00,400.0,400.0,21.647258,21.474047,1583.889641,0.0,0.0,291.63,0.0,510.411054
2020-12-22 03:00:00,400.0,400.0,21.647258,21.843654,1593.488068,0.0,0.0,308.904,0.0,511.56239
2020-12-22 04:00:00,400.0,400.0,22.492854,22.576747,1502.861009,0.0,0.0,319.87,0.0,526.801349
2020-12-22 05:00:00,400.0,400.0,22.732362,23.206766,1342.797958,0.0,0.0,395.184,0.0,562.107906
2020-12-22 06:00:00,400.0,400.0,23.437807,48.371141,1052.585886,0.0,0.0,394.962,0.0,605.606417
2020-12-22 07:00:00,400.0,400.0,24.617414,21.647258,960.749071,0.0,0.0,395.678,0.0,619.489339
2020-12-22 08:00:00,400.0,400.0,21.647258,19.034775,1455.286869,0.0,0.0,1260.182,0.0,621.73427
2020-12-22 09:00:00,400.0,400.0,18.573789,6.907435,2080.922293,0.0,0.0,1897.5,0.0,623.486656
2020-12-22 10:00:00,400.0,400.0,0.0,0.0,2180.0,0.0,0.0,1965.52187,86.76413,618.82828
2020-12-22 11:00:00,400.0,400.0,0.0,0.0,2180.0,0.0,0.0,1895.055333,205.214667,608.2583
2020-12-22 12:00:00,400.0,400.0,0.0,0.0,2179.0,0.0,0.0,1819.33564,329.99636,597.050346
2020-12-22 13:00:00,400.0,400.0,0.0,0.0,2179.0,0.0,0.0,1754.22942,303.77458,587.284413
2020-12-22 14:00:00,400.0,400.0,0.0,16.970947,2180.0,0.0,0.0,1705.954491,199.433509,579.893174
2020-12-22 15:00:00,398.0,400.0,0.0,21.647258,2183.0,0.0,0.0,1672.098142,35.301858,578.864721
2020-12-22 16:00:00,400.0,400.0,21.287879,26.278087,1583.228731,0.0,0.0,809.79,0.0,597.38419
2020-12-22 17:00:00,400.0,400.0,23.437807,29.343588,1255.333153,0.0,0.0,455.054,0.0,674.358127
2020-12-22 18:00:00,400.0,400.0,26.324557,70.341113,1168.364049,0.0,0.0,482.11,0.0,719.211893
2020-12-22 19:00:00,400.0,400.0,24.62179,72.928463,1265.136399,0.0,0.0,497.932,0.0,707.06934
2020-12-22 20:00:00,400.0,400.0,24.62179,28.581349,1241.70318,0.0,0.0,424.846,0.0,699.621423
2020-12-22 21:00:00,400.0,400.0,25.9087,26.555536,1025.84951,0.0,0.0,380.78,0.0,672.139573
2020-12-22 22:00:00,400.0,400.0,23.657594,24.617414,1231.698229,0.0,0.0,314.58,0.0,631.332266
2020-12-22 23:00:00,400.0,400.0,22.96816,23.206766,1519.265945,0.0,0.0,297.702,0.0,585.665408
2020-12-23 00:00:00,400.0,400.0,22.516066,22.732362,1665.272305,0.0,0.0,235.07,0.0,554.369654
2020-12-23 01:00:00,400.0,400.0,21.288154,22.516066,1863.400087,0.0,0.0,312.83,0.0,536.314487
2020-12-23 02:00:00,400.0,400.0,21.287879,22.576747,1885.685058,0.0,0.0,282.464,0.0,528.416841
2020-12-23 03:00:00,400.0,400.0,21.474047,22.576747,1847.397798,0.0,0.0,261.302,0.0,530.98563
2020-12-23 04:00:00,400.0,400.0,21.647258,22.732362,1774.08059,0.0,0.0,290.07,0.0,546.298411
2020-12-23 05:00:00,400.0,400.0,22.576747,23.87513,1604.057501,0.0,0.0,367.232,0.0,583.376175
2020-12-23 06:00:00,400.0,400.0,23.437807,52.930467,1274.270598,0.0,0.0,338.3,0.0,628.50441
2020-12-23 07:00:00,400.0,400.0,26.324557,22.516066,845.420325,0.0,0.0,344.58,0.0,640.523951
2020-12-23 08:00:00,400.0,400.0,23.069973,20.419098,1054.497144,0.0,0.0,1247.014,0.0,638.027528
2020-12-23 09:00:00,400.0,400.0,19.68943,19.430296,1695.09996,0.0,0.0,1857.1,0.0,633.450006
2020-12-23 10:00:00,398.0,400.0,0.0,0.0,2044.0,0.0,0.0,2008.371465,21.240535,603.80572
2020-12-23 11:00:00,400.0,400.0,0.0,0.0,2041.0,0.0,0.0,2081.450123,106.695877,615.217518
2020-12-23 12:00:00,400.0,400.0,0.0,0.0,2042.0,0.0,0.0,1970.351521,230.516479,598.402728
2020-12-23 13:00:00,400.0,400.0,0.0,0.0,2040.0,0.0,0.0,1882.332909,363.489091,585.499936
2020-12-23 14:00:00,400.0,400.0,0.0,0.0,2041.0,0.0,0.0,1846.347323,224.030677,579.952098
2020-12-23 15:00:00,400.0,400.0,16.970947,20.419098,2004.793694,0.0,0.0,1761.414,0.0,572.643046
2020-12-23 16:00:00,400.0,400.0,22.732362,24.237481,1105.900991,0.0,0.0,844.578,0.0,595.451551
2020-12-23 17:00:00,400.0,400.0,80.277405,71.605562,431.20522,0.0,375.177497,479.79,0.0,674.487717
2020-12-23 18:00:00,400.0,400.0,133.946708,58.05115,85.838972,0.0,831.184182,492.18,0.0,723.351154
2020-12-23 19:00:00,400.0,400.0,131.727779,25.792581,168.214321,0.0,735.222331,493.532,0.0,711.197652
2020-12-23 20:00:00,400.0,400.0,86.124055,25.770314,198.696363,0.0,702.198983,493.232,0.0,706.580346
2020-12-23 21:00:00,400.0,400.0,86.124055,27.093625,211.504021,0.0,663.632651,622.738,0.0,681.780672
2020-12-23 22:00:00,400.0,400.0,76.429316,23.047872,418.170829,0.0,417.077947,915.362,0.0,641.040776
2020-12-23 23:00:00,400.0,400.0,22.732362,20.400003,974.006753,0.0,0.0,1243.216,0.0,596.281387
2020-12-24 00:00:00,400.0,400.0,21.287879,19.983547,1045.037581,0.0,0.0,1444.568,0.0,562.579563
2020-12-24 01:00:00,400.0,400.0,21.288154,-0.0,827.805176,0.0,0.0,1456.264,0.0,543.668824
2020-12-24 02:00:00,400.0,400.0,21.288154,-0.0,830.304924,0.0,0.0,1418.62,0.0,537.647261
2020-12-24 03:00:00,400.0,400.0,21.288154,10.782728,812.633718,0.0,0.0,1414.796,0.0,539.724342
2020-12-24 04:00:00,400.0,400.0,72.492854,20.234035,647.239049,0.0,83.234094,1342.74,0.0,553.725143
2020-12-24 05:00:00,400.0,400.0,73.87513,21.122752,404.494671,0.0,370.160028,1334.366,0.0,588.880699
2020-12-24 06:00:00,400.0,400.0,73.069973,71.474047,541.460378,0.0,215.244065,1712.47,0.0,632.251443
2020-12-24 07:00:00,400.0,400.0,74.680437,-0.0,829.162087,0.0,30.287341,2124.54494,253.25506,643.707428
2020-12-24 08:00:00,398.0,400.0,0.0,-0.0,1464.0,0.0,0.0,2713.537568,701.330432,636.830635
2020-12-24 09:00:00,398.0,400.0,-0.0,-0.0,1466.0,0.0,0.0,2706.937026,996.896974,635.540554
2020-12-24 10:00:00,398.0,400.0,-0.0,-0.0,1469.0,0.0,0.0,2651.314041,1315.805959,626.747106
2020-12-24 11:00:00,400.0,400.0,0.0,-0.0,1470.0,0.0,0.0,2565.243537,1645.756463,613.686531
2020-12-24 12:00:00,400.0,400.0,0.0,-0.0,1469.0,0.0,0.0,2464.390706,1703.329294,598.708606
2020-12-24 13:00:00,400.0,400.0,0.0,-0.0,1473.0,0.0,0.0,2379.164919,1780.933081,585.324738
2020-12-24 14:00:00,398.0,400.0,0.0,19.034775,1462.0,0.0,0.0,2340.117625,1432.562375,581.117644
2020-12-24 15:00:00,400.0,400.0,0.0,20.419098,1453.0,0.0,0.0,1613.97599,1823.93801,575.546398
2020-12-24 16:00:00,400.0,400.0,0.0,59.339481,2207.0,0.0,0.0,1700.660697,1009.371303,597.549105
2020-12-24 17:00:00,400.0,400.0,0.0,76.324557,2323.0,0.0,0.0,2105.802123,409.319877,668.520318
2020-12-24 18:00:00,400.0,400.0,18.52187,27.725849,2209.61631,0.0,0.0,2380.743615,21.524385,715.969096
2020-12-24 19:00:00,400.0,400.0,16.970947,25.658369,2190.161389,0.0,0.0,2383.764,0.0,702.840392
2020-12-24 20:00:00,400.0,400.0,18.463561,25.658369,2130.668919,0.0,0.0,2262.666,0.0,693.599562
2020-12-24 21:00:00,400.0,400.0,19.68943,24.074771,1873.915096,0.0,0.0,1862.372,0.0,672.068536
2020-12-24 22:00:00,400.0,400.0,16.970947,23.657594,2176.008783,0.0,0.0,1908.33,0.0,633.648183
2020-12-24 23:00:00,400.0,400.0,0.0,22.492854,2255.0,0.0,0.0,1683.741084,500.558916,588.111163
2020-12-25 00:00:00,400.0,400.0,0.0,19.68943,2266.0,0.0,0.0,1451.144322,1000.235678,551.571648
2020-12-25 01:00:00,398.0,400.0,0.0,19.430296,2273.0,0.0,0.0,1324.605004,1339.076996,531.540751
2020-12-25 02:00:00,398.0,400.0,0.0,19.034775,2273.0,0.0,0.0,1258.968637,1333.851363,521.695296
2020-12-25 03:00:00,400.0,400.0,0.0,19.983547,2271.0,0.0,0.0,1231.297937,1396.018063,517.844691
2020-12-25 04:00:00,400.0,400.0,0.0,19.983547,2271.0,0.0,0.0,1296.142366,1292.975634,527.571355
2020-12-25 05:00:00,398.0,400.0,0.0,23.069973,2262.0,0.0,0.0,1456.076661,883.327339,552.911499
2020-12-25 06:00:00,400.0,400.0,0.0,75.044854,2250.0,0.0,0.0,1658.135177,292.110823,588.620277
2020-12-25 07:00:00,400.0,400.0,21.116714,21.288154,1608.134877,0.0,0.0,1176.982,0.0,609.127068
2020-12-25 08:00:00,400.0,400.0,19.983547,18.463561,1690.763411,0.0,0.0,1664.68,0.0,616.637488
2020-12-25 09:00:00,400.0,400.0,19.430296,0.0,1817.620603,0.0,0.0,1842.0,0.0,624.20691
2020-12-25 10:00:00,400.0,400.0,19.68943,0.0,1754.404614,0.0,0.0,1780.148,0.0,624.411508
2020-12-25 11:00:00,400.0,400.0,19.034775,0.0,1877.675145,0.0,0.0,1858.92,0.0,617.736728
2020-12-25 12:00:00,398.0,400.0,0.0,0.0,2070.0,0.0,0.0,1942.529708,28.050292,601.429456
2020-12-25 13:00:00,400.0,400.0,0.0,0.0,2085.0,0.0,0.0,1850.81723,213.48677,585.422584
2020-12-25 14:00:00,400.0,400.0,0.0,18.861019,2087.0,0.0,0.0,1786.377262,167.632738,575.456589
2020-12-25 15:00:00,400.0,400.0,18.573789,21.647258,1985.228417,0.0,0.0,1639.7,0.0,568.720737
2020-12-25 16:00:00,400.0,400.0,20.846138,26.756022,1535.39473,0.0,0.0,787.768,0.0,584.90599
2020-12-25 17:00:00,400.0,400.0,23.657594,62.834753,1249.979149,0.0,0.0,365.132,0.0,647.572928
2020-12-25 18:00:00,400.0,400.0,25.9087,76.504181,1069.237397,0.0,0.0,397.318,0.0,685.51209
2020-12-25 19:00:00,400.0,400.0,24.617414,28.60441,1159.254847,0.0,0.0,411.65,0.0,668.159273
2020-12-25 20:00:00,400.0,400.0,23.87513,26.324557,1202.395942,0.0,0.0,405.898,0.0,660.825309
2020-12-25 21:00:00,400.0,400.0,23.437807,28.146581,1341.323287,0.0,0.0,403.202,0.0,639.581807
2020-12-25 22:00:00,400.0,400.0,25.9087,23.782331,794.393212,0.0,0.0,383.35,0.0,612.143518
2020-12-25 23:00:00,400.0,400.0,23.206766,22.732362,1089.797913,0.0,0.0,435.486,0.0,575.653213
2020-12-26 00:00:00,400.0,400.0,23.069973,25.562326,990.077174,0.0,0.0,486.95,0.0,545.080924
2020-12-26 01:00:00,400.0,400.0,22.96816,26.95908,873.485997,0.0,0.0,582.172,0.0,523.6029
2020-12-26 02:00:00,400.0,400.0,73.437807,22.657512,567.995756,0.0,97.929081,568.348,0.0,514.102837
2020-12-26 03:00:00,400.0,400.0,73.069973,24.374061,520.661667,0.0,151.423583,849.13,0.0,510.07025
2020-12-26 04:00:00,400.0,400.0,74.617414,20.419098,316.151951,0.0,358.729756,820.73,0.0,513.236707
2020-12-26 05:00:00,400.0,400.0,73.437807,21.116411,392.505917,0.0,299.631695,981.83,0.0,525.948612
2020-12-26 06:00:00,400.0,400.0,21.122752,33.774128,1020.564759,0.0,0.0,1734.388238,67.629762,544.623522
2020-12-26 07:00:00,400.0,400.0,21.122752,0.0,799.761016,0.0,0.0,1960.361489,58.640511,550.290071
2020-12-26 08:00:00,398.0,400.0,0.0,0.0,1217.0,0.0,0.0,2361.257397,448.242603,552.78861
2020-12-26 09:00:00,398.0,400.0,0.0,0.0,1219.0,0.0,0.0,2412.192756,1072.545244,560.128913
2020-12-26 10:00:00,398.0,400.0,0.0,0.0,1219.0,0.0,0.0,2369.001501,1249.012499,553.650225
2020-12-26 11:00:00,398.0,400.0,0.0,0.0,1218.0,0.0,0.0,2300.375134,1236.872866,543.50627
2020-12-26 12:00:00,398.0,400.0,0.0,0.0,1219.0,0.0,0.0,2221.079408,1394.058592,531.461911
2020-12-26 13:00:00,398.0,400.0,0.0,0.0,1222.0,0.0,0.0,2145.029791,1813.032209,519.604469
2020-12-26 14:00:00,398.0,400.0,0.0,0.0,1228.0,0.0,0.0,2102.844923,1852.207077,512.376738
2020-12-26 15:00:00,400.0,400.0,0.0,0.0,1223.0,0.0,0.0,2059.55388,1445.91212,506.633082
2020-12-26 16:00:00,398.0,400.0,0.0,20.42044,1214.0,0.0,0.0,2156.553032,220.378968,522.532955
2020-12-26 17:00:00,400.0,400.0,19.68943,25.876774,916.97646,0.0,0.0,1945.03,0.0,586.358031
2020-12-26 18:00:00,400.0,400.0,21.287879,24.457442,1004.9823,0.0,0.0,1949.422,0.0,629.315955
2020-12-26 19:00:00,400.0,400.0,21.843654,24.54664,865.396961,0.0,0.0,1759.916,0.0,621.827856
2020-12-26 20:00:00,400.0,400.0,72.516066,69.863482,806.246615,0.0,7.120493,1690.614,0.0,620.305108
2020-12-26 21:00:00,400.0,400.0,21.647258,67.276132,949.280772,0.0,0.0,1752.918,0.0,608.195584
2020-12-26 22:00:00,400.0,400.0,22.516066,21.288154,816.330814,0.0,0.0,1482.698,0.0,587.605078
2020-12-26 23:00:00,400.0,400.0,21.647258,21.287879,927.91368,0.0,0.0,1396.25,0.0,557.900448
2020-12-27 00:00:00,400.0,400.0,21.647258,20.846138,955.340069,0.0,0.0,1238.366,0.0,530.10389
2020-12-27 01:00:00,400.0,400.0,21.647258,21.116714,892.207658,0.0,0.0,1052.75,0.0,511.731351
2020-12-27 02:00:00,400.0,400.0,22.732362,21.288154,740.204396,0.0,0.0,828.6,0.0,500.909341
2020-12-27 03:00:00,400.0,400.0,73.128644,22.732362,609.636305,0.0,36.939249,667.4,0.0,496.314554
2020-12-27 04:00:00,400.0,400.0,23.069973,22.96816,689.483602,0.0,0.0,538.902,0.0,499.86276
2020-12-27 05:00:00,400.0,400.0,23.069973,71.520264,830.81903,0.0,0.0,490.938,0.0,513.167845
2020-12-27 06:00:00,400.0,400.0,23.128644,76.324557,752.281966,0.0,0.0,420.93,0.0,527.647205
2020-12-27 07:00:00,400.0,400.0,73.87513,21.474047,622.291629,0.0,78.493427,387.872,0.0,528.987056
2020-12-27 08:00:00,400.0,400.0,71.843654,19.983547,642.298936,0.0,59.888424,1180.668,0.0,530.15536
2020-12-27 09:00:00,400.0,400.0,19.430296,0.0,1175.577631,0.0,0.0,1728.168,0.0,532.288555
2020-12-27 10:00:00,400.0,400.0,15.731586,0.0,1461.285276,0.0,0.0,1979.168,0.0,527.082409
2020-12-27 11:00:00,400.0,400.0,0.0,0.0,1488.0,0.0,0.0,1949.658879,221.441121,518.648832
2020-12-27 12:00:00,400.0,400.0,0.0,0.0,1487.0,0.0,0.0,1890.979275,292.888725,509.996891
2020-12-27 13:00:00,400.0,400.0,0.0,0.0,1483.0,0.0,0.0,1872.021946,247.580054,507.753292
2020-12-27 14:00:00,400.0,400.0,0.0,0.0,1470.0,0.0,0.0,1829.701087,405.566913,503.355163
2020-12-27 15:00:00,400.0,400.0,0.0,19.034775,1464.0,0.0,0.0,1787.675984,368.562016,497.951398
2020-12-27 16:00:00,400.0,400.0,16.970947,71.647258,1391.622214,0.0,0.0,1766.514,0.0,512.833768
2020-12-27 17:00:00,400.0,400.0,21.368347,54.713517,945.743699,0.0,0.0,1736.892488,9.227512,568.072318
2020-12-27 18:00:00,400.0,400.0,21.116714,25.907367,834.473898,0.0,0.0,1879.7,0.0,606.183915
2020-12-27 19:00:00,400.0,400.0,19.983547,20.545053,991.565069,0.0,0.0,2056.962,0.0,585.95954
2020-12-27 20:00:00,400.0,400.0,20.42044,20.526636,848.973927,0.0,0.0,2310.366763,310.149237,581.458925
2020-12-27 21:00:00,400.0,400.0,20.42044,20.234035,863.378716,0.0,0.0,2254.199631,368.352369,570.873137
2020-12-27 22:00:00,400.0,400.0,20.234035,20.234035,873.227731,0.0,0.0,2177.702655,370.265345,557.921239
2020-12-27 23:00:00,400.0,400.0,74.9512,20.547985,493.499876,0.0,216.067314,1653.867806,315.350194,536.30519
2020-12-28 00:00:00,400.0,400.0,21.122752,73.873861,731.941535,0.0,0.0,1709.881311,328.166689,514.640966
2020-12-28 01:00:00,400.0,400.0,18.926085,20.42044,1039.538654,0.0,0.0,1913.234926,327.795074,501.554441
2020-12-28 02:00:00,400.0,400.0,18.52187,22.443243,916.248045,0.0,0.0,2090.191193,401.838807,493.341472
2020-12-28 03:00:00,400.0,400.0,0.0,18.52187,986.0,0.0,0.0,2132.675278,428.826722,489.251292
2020-12-28 04:00:00,400.0,400.0,0.0,0.0,986.0,0.0,0.0,2150.986445,411.851555,491.997967
2020-12-28 05:00:00,400.0,400.0,0.0,0.0,985.0,0.0,0.0,2228.178366,455.787634,503.726755
2020-12-28 06:00:00,400.0,400.0,0.0,30.045418,984.0,0.0,0.0,2314.065348,416.798652,516.759802
2020-12-28 07:00:00,400.0,400.0,0.0,0.0,978.0,0.0,0.0,2270.548288,429.383712,511.132243
2020-12-28 08:00:00,400.0,400.0,0.0,0.0,974.0,0.0,0.0,2238.61182,1062.18618,506.941773
2020-12-28 09:00:00,398.0,400.0,0.0,0.0,968.0,0.0,0.0,2219.226177,1334.573823,504.933927
2020-12-28 10:00:00,400.0,400.0,0.0,0.0,962.0,0.0,0.0,2201.840092,1120.659908,503.226014
2020-12-28 11:00:00,400.0,400.0,0.0,0.0,961.0,0.0,0.0,2152.724621,1076.885379,496.008693
2020-12-28 12:00:00,400.0,400.0,0.0,0.0,959.0,0.0,0.0,2116.952299,818.037701,490.942845
2020-12-28 13:00:00,400.0,400.0,0.0,0.0,959.0,0.0,0.0,2057.113808,816.386192,481.967071
2020-12-28 14:00:00,400.0,400.0,0.0,0.0,960.0,0.0,0.0,2016.338191,672.447809,475.700729
2020-12-28 15:00:00,400.0,400.0,0.0,0.0,962.0,0.0,0.0,1992.400447,363.521553,471.810067
2020-12-28 16:00:00,400.0,400.0,16.970947,18.731435,934.997394,0.0,0.0,1369.546,0.0,484.432291
2020-12-28 17:00:00,400.0,400.0,21.843654,32.731546,1150.574309,0.0,0.0,912.832,0.0,532.688654
2020-12-28 18:00:00,400.0,400.0,23.069973,24.617414,1076.044938,0.0,0.0,767.402,0.0,568.703559
2020-12-28 19:00:00,400.0,400.0,24.617414,41.002275,855.506385,0.0,0.0,517.438,0.0,564.289742
2020-12-28 20:00:00,400.0,400.0,25.9087,74.692041,783.352987,0.0,0.0,444.568,0.0,566.582252
2020-12-28 21:00:00,400.0,400.0,24.617414,25.9087,768.2395,0.0,0.0,420.918,0.0,554.651775
2020-12-28 22:00:00,400.0,400.0,23.657594,24.617414,885.515634,0.0,0.0,421.934,0.0,537.212755
2020-12-28 23:00:00,400.0,400.0,23.128644,23.206766,999.829412,0.0,0.0,355.084,0.0,510.038188
2020-12-29 00:00:00,400.0,400.0,23.069973,23.128644,1054.126415,0.0,0.0,276.568,0.0,490.116238
2020-12-29 01:00:00,400.0,400.0,22.96816,23.069973,1113.855823,0.0,0.0,262.332,0.0,479.021427
2020-12-29 02:00:00,400.0,400.0,22.732362,23.069973,1148.399836,0.0,0.0,269.348,0.0,474.892225
2020-12-29 03:00:00,400.0,400.0,22.732362,23.069973,1170.532818,0.0,0.0,284.634,0.0,473.865177
2020-12-29 04:00:00,400.0,400.0,22.96816,23.128644,1112.250457,0.0,0.0,301.77,0.0,485.177931
2020-12-29 05:00:00,400.0,400.0,23.069973,24.617414,1053.879252,0.0,0.0,393.168,0.0,507.643312
2020-12-29 06:00:00,400.0,400.0,23.206766,74.941555,938.861295,0.0,0.0,442.12,0.0,535.838806
2020-12-29 07:00:00,400.0,400.0,24.617414,22.516066,794.713416,0.0,0.0,457.488,0.0,547.916188
2020-12-29 08:00:00,400.0,400.0,22.576747,19.68943,1181.317882,0.0,0.0,899.098,0.0,556.167018
2020-12-29 09:00:00,400.0,400.0,19.68943,0.0,1555.729661,0.0,0.0,1345.486,0.0,566.963451
2020-12-29 10:00:00,400.0,400.0,20.400003,0.0,1523.253284,0.0,0.0,1323.882,0.0,568.594307
2020-12-29 11:00:00,400.0,400.0,19.68943,0.0,1588.106034,0.0,0.0,1375.1,0.0,566.549095
2020-12-29 12:00:00,400.0,400.0,20.419098,0.0,1486.327258,0.0,0.0,1239.8,0.0,561.520911
2020-12-29 13:00:00,400.0,400.0,19.68943,0.0,1548.807104,0.0,0.0,1252.41,0.0,554.040434
2020-12-29 14:00:00,400.0,400.0,18.861019,19.68943,1763.102428,0.0,0.0,1424.92,0.0,547.772636
2020-12-29 15:00:00,400.0,400.0,18.861019,21.843654,1791.193685,0.0,0.0,1251.2,0.0,543.000947
2020-12-29 16:00:00,400.0,400.0,23.069973,28.228021,1201.928411,0.0,0.0,623.862,0.0,565.040038
2020-12-29 17:00:00,400.0,400.0,25.9087,76.324557,876.814675,0.0,0.0,646.222,0.0,624.361099
2020-12-29 18:00:00,400.0,400.0,76.429316,60.396445,737.659835,0.0,104.82769,778.69,0.0,657.904525
2020-12-29 19:00:00,400.0,400.0,23.206766,25.482733,1053.308546,0.0,0.0,953.884,0.0,636.836318
2020-12-29 20:00:00,400.0,400.0,76.324557,27.408082,715.636133,0.0,98.867047,922.884,0.0,629.58718
2020-12-29 21:00:00,400.0,400.0,73.160439,25.241998,727.758429,0.0,49.894307,1063.05,0.0,595.543736
2020-12-29 22:00:00,400.0,400.0,23.069973,25.416659,977.104944,0.0,0.0,1102.052,0.0,563.992058
2020-12-29 23:00:00,400.0,400.0,22.370579,21.116714,746.864303,0.0,0.0,1000.65,0.0,530.067854
2020-12-30 00:00:00,400.0,400.0,22.732362,24.546783,696.967202,0.0,0.0,1104.552,0.0,499.88772
2020-12-30 01:00:00,400.0,400.0,76.324557,20.846138,204.132063,0.0,399.195328,825.068,0.0,481.940391
2020-12-30 02:00:00,400.0,400.0,74.617414,19.034775,290.845916,0.0,338.456996,839.752,0.0,476.085913
2020-12-30 03:00:00,400.0,400.0,74.617414,18.861019,308.09348,0.0,317.107798,839.762,0.0,473.500278
2020-12-30 04:00:00,400.0,400.0,73.87513,18.861019,359.893143,0.0,278.646186,949.002,0.0,482.116329
2020-12-30 05:00:00,400.0,400.0,77.464999,19.430296,495.657393,0.0,175.128744,1236.13164,229.71836,504.821137
2020-12-30 06:00:00,400.0,400.0,78.322967,43.163609,396.858066,0.0,292.865206,1295.65321,267.76879,529.769272
2020-12-30 07:00:00,400.0,400.0,78.389212,24.858689,368.767649,0.0,360.722852,1363.15766,325.46034,542.908502
2020-12-30 08:00:00,400.0,400.0,21.122752,0.0,776.748386,0.0,0.0,2139.684034,139.815966,563.540347
2020-12-30 09:00:00,398.0,400.0,0.0,0.0,1074.0,0.0,0.0,2502.019818,532.658182,573.302973
2020-12-30 10:00:00,398.0,400.0,-0.0,0.0,1078.0,0.0,0.0,2529.856546,1089.107454,576.878482
2020-12-30 11:00:00,398.0,400.0,-0.0,0.0,1074.0,0.0,0.0,2532.092475,875.707525,577.813871
2020-12-30 12:00:00,398.0,400.0,-0.0,0.0,1074.0,0.0,0.0,2494.539428,804.046572,572.180914
2020-12-30 13:00:00,398.0,400.0,0.0,0.0,1079.0,0.0,0.0,2463.979833,535.910167,566.846975
2020-12-30 14:00:00,398.0,400.0,0.0,0.0,1079.0,0.0,0.0,2395.397267,587.438733,556.55959
2020-12-30 15:00:00,398.0,400.0,0.0,0.0,1080.0,0.0,0.0,2388.948619,325.813381,555.442293
2020-12-30 16:00:00,400.0,400.0,0.0,20.234035,1091.0,0.0,0.0,2211.711164,43.426836,573.706675
2020-12-30 17:00:00,400.0,400.0,21.719273,69.38281,1017.840863,0.0,0.0,2120.70538,1.29462,630.279678
2020-12-30 18:00:00,400.0,400.0,79.008569,42.134278,807.845251,0.0,64.602028,2161.307115,9.876885,667.86928
2020-12-30 19:00:00,400.0,400.0,74.762577,47.291633,801.100342,0.0,51.626843,2045.03491,55.81509,651.440185
2020-12-30 20:00:00,400.0,400.0,74.060266,22.682322,836.592274,0.0,0.0,1996.447433,214.882567,638.828274
2020-12-30 21:00:00,400.0,400.0,74.060266,24.179702,684.298,0.0,116.002664,2019.755758,275.696242,611.918664
2020-12-30 22:00:00,400.0,400.0,20.42044,22.682322,1006.060754,0.0,0.0,2102.639787,289.892213,576.086855
2020-12-30 23:00:00,400.0,400.0,20.42044,0.0,1061.400683,0.0,0.0,1882.65886,331.80914,534.788727
2020-12-31 00:00:00,398.0,400.0,0.0,0.0,1298.0,0.0,0.0,1988.599515,503.800485,506.939927
2020-12-31 01:00:00,398.0,400.0,0.0,0.0,1297.0,0.0,0.0,1873.294019,546.673981,489.794103
2020-12-31 02:00:00,398.0,400.0,0.0,0.0,1287.0,0.0,0.0,1837.13938,274.93062,485.870907
2020-12-31 03:00:00,400.0,400.0,18.573789,0.0,1153.473396,0.0,0.0,1685.162,0.0,483.103291
2020-12-31 04:00:00,400.0,400.0,19.430296,1.273834,977.349591,0.0,0.0,1574.052,0.0,492.855361
2020-12-31 05:00:00,400.0,400.0,72.492854,19.983547,547.885035,0.0,134.66091,1289.698,0.0,514.621945
2020-12-31 06:00:00,400.0,400.0,74.617414,72.516066,278.704266,0.0,301.403694,1160.984,0.0,550.09196
2020-12-31 07:00:00,400.0,400.0,500.0,0.0,0.0,72.623365,745.601405,1008.386,0.0,565.501405
2020-12-31 08:00:00,400.0,400.0,20.400003,0.0,821.916296,0.0,0.0,1959.862,0.0,574.041856
2020-12-31 09:00:00,400.0,400.0,16.970947,0.0,1222.664837,0.0,0.0,2451.482,0.0,587.672574
2020-12-31 10:00:00,398.0,400.0,0.0,0.0,1278.0,0.0,0.0,2550.751836,72.384164,594.262775
2020-12-31 11:00:00,398.0,400.0,0.0,19.430296,1279.0,0.0,0.0,2550.77755,71.12445,594.116632
2020-12-31 12:00:00,400.0,400.0,18.072542,21.728503,1204.631794,0.0,0.0,2415.7,0.0,585.010231
2020-12-31 13:00:00,400.0,400.0,18.861019,22.49631,1065.911325,0.0,0.0,2232.1,0.0,578.278301
2020-12-31 14:00:00,400.0,400.0,18.463561,21.761137,1166.392848,0.0,0.0,2128.172,0.0,573.116873
2020-12-31 15:00:00,400.0,400.0,0.0,23.381771,1478.0,0.0,0.0,1830.920745,106.675255,569.838112
2020-12-31 16:00:00,400.0,400.0,19.034775,29.317224,1676.115183,0.0,0.0,1172.364,0.0,587.287323
2020-12-31 17:00:00,400.0,400.0,23.128644,72.669862,1351.535352,0.0,0.0,716.838,0.0,650.895397
2020-12-31 18:00:00,400.0,400.0,25.9087,69.286789,1080.645303,0.0,0.0,671.83,0.0,684.777705
2020-12-31 19:00:00,400.0,400.0,25.9087,26.64637,1059.502003,0.0,0.0,540.55,0.0,668.2572
2020-12-31 20:00:00,400.0,400.0,24.617414,25.9087,1085.219726,0.0,0.0,498.446,0.0,658.083941
2020-12-31 21:00:00,400.0,400.0,24.617414,23.437807,962.333442,0.0,0.0,560.562,0.0,632.584284
2020-12-31 22:00:00,400.0,400.0,23.206766,23.069973,1189.752622,0.0,0.0,522.762,0.0,592.801407
2020-12-31 23:00:00,400.0,400.0,23.069973,23.069973,1157.369983,0.0,0.0,564.602,0.0,550.684803
