Datetime,Dispatch,Dispatch DA,LMP,LMP DA,Available headroom,LoadShedding,ReserveShortfall,RenewablesUsed,RenewablesCurtailment,Reserve
2020-01-01 00:00:00,0.0,50.4,0.0,0.0,1930.0,0.0,0.0,2147.530156,489.969844,493.429523
2020-01-01 01:00:00,0.0,35.4,0.0,0.0,1931.0,0.0,0.0,2056.859856,563.580144,479.678978
2020-01-01 02:00:00,0.0,52.4,0.0,0.0,1931.0,0.0,0.0,2017.70306,567.15894,473.805459
2020-01-01 03:00:00,0.0,58.4,0.0,0.0,1931.0,0.0,0.0,2006.837413,479.598587,472.175612
2020-01-01 04:00:00,0.0,78.058433,0.0,14.9805,1931.0,0.0,0.0,2076.204182,499.559818,482.580627
2020-01-01 05:00:00,5.04692,400.0,14.978232,18.573789,1914.35308,0.0,0.0,2252.889506,348.308494,511.580464
2020-01-01 06:00:00,351.365637,400.0,14.978232,37.603081,1565.034363,0.0,0.0,2230.81465,316.28135,560.667043
2020-01-01 07:00:00,400.0,342.659406,18.52187,14.9805,1476.817764,0.0,0.0,2274.130739,287.469261,580.396946
2020-01-01 08:00:00,0.0,87.4,0.0,14.979622,1920.0,0.0,0.0,2721.511843,734.090157,581.026776
2020-01-01 09:00:00,0.0,81.4,0.0,14.9805,1911.0,0.0,0.0,2764.476278,846.491722,588.821442
2020-01-01 10:00:00,0.0,246.389346,0.0,14.9805,1904.0,0.0,0.0,2761.035993,745.466007,589.355399
2020-01-01 11:00:00,0.0,400.0,0.0,18.072542,1902.0,0.0,0.0,2745.54527,236.78473,587.331791
2020-01-01 12:00:00,353.950529,400.0,14.979622,18.861019,1530.449473,0.0,0.0,2347.738,0.0,583.393279
2020-01-01 13:00:00,400.0,400.0,19.034775,19.430296,1326.77453,0.0,0.0,2128.73,0.0,581.09332
2020-01-01 14:00:00,400.0,400.0,16.970947,19.685338,1511.935356,0.0,0.0,1939.0,0.0,575.859697
2020-01-01 15:00:00,282.803557,400.0,14.9805,21.287879,1990.596443,0.0,0.0,1854.232,0.0,572.345334
2020-01-01 16:00:00,400.0,400.0,19.430296,29.289879,1842.616505,0.0,0.0,1342.086,0.0,574.270424
2020-01-01 17:00:00,400.0,400.0,20.493165,72.509479,1347.53801,0.0,0.0,1079.754,0.0,643.082398
2020-01-01 18:00:00,400.0,400.0,23.069973,70.384428,1255.310359,0.0,0.0,1217.998,0.0,676.453146
2020-01-01 19:00:00,400.0,400.0,23.069973,23.811647,1182.262415,0.0,0.0,1161.438,0.0,655.676338
2020-01-01 20:00:00,400.0,400.0,23.069973,21.843654,1097.144724,0.0,0.0,1320.332,0.0,639.028091
2020-01-01 21:00:00,400.0,400.0,21.116714,19.68943,1459.131689,0.0,0.0,1448.668,0.0,603.980447
2020-01-01 22:00:00,400.0,400.0,23.069973,19.430296,761.073004,0.0,0.0,1174.63,0.0,561.083549
2020-01-01 23:00:00,400.0,400.0,21.287879,19.034775,1059.97759,0.0,0.0,1204.338,0.0,520.704061
2020-01-02 00:00:00,400.0,400.0,20.846138,19.034775,959.138884,0.0,0.0,1269.102,0.0,492.294467
2020-01-02 01:00:00,400.0,400.0,21.647258,16.961401,754.844719,0.0,0.0,962.768,0.0,476.988492
2020-01-02 02:00:00,400.0,400.0,21.843654,18.06856,743.372124,0.0,0.0,909.332,0.0,470.693981
2020-01-02 03:00:00,400.0,400.0,22.492854,18.573789,690.178591,0.0,0.0,834.568,0.0,467.458411
2020-01-02 04:00:00,400.0,400.0,21.647258,19.034775,782.162834,0.0,0.0,978.432,0.0,475.240375
2020-01-02 05:00:00,400.0,400.0,19.983547,20.419098,1074.732924,0.0,0.0,1440.37,0.0,500.645561
2020-01-02 06:00:00,400.0,400.0,21.287879,53.581912,858.55577,0.0,0.0,1532.22,0.0,548.049634
2020-01-02 07:00:00,400.0,142.332072,21.647258,14.9805,769.311171,0.0,0.0,1560.418,0.0,564.466024
2020-01-02 08:00:00,398.0,88.4,14.979622,-0.0,1254.0,0.0,0.0,2414.710915,11.641085,566.656637
2020-01-02 09:00:00,0.0,88.4,0.0,-0.0,1645.0,0.0,0.0,2875.836877,126.313123,577.175532
2020-01-02 10:00:00,0.0,88.4,0.0,-0.0,1659.0,0.0,0.0,2928.240377,503.125623,582.936057
2020-01-02 11:00:00,0.0,83.4,0.0,-0.0,1658.0,0.0,0.0,2969.113167,613.024833,589.216975
2020-01-02 12:00:00,0.0,83.4,0.0,-0.0,1657.0,0.0,0.0,2963.720064,591.817936,588.55801
2020-01-02 13:00:00,0.0,83.4,0.0,-0.0,1656.0,0.0,0.0,2979.707021,379.922979,591.106053
2020-01-02 14:00:00,0.0,82.4,0.0,-0.0,1656.0,0.0,0.0,2989.538029,291.591971,592.580704
2020-01-02 15:00:00,0.0,100.472271,0.0,14.9805,1658.0,0.0,0.0,2601.543042,546.978958,585.081456
2020-01-02 16:00:00,0.0,400.0,0.0,20.846138,2032.0,0.0,0.0,2438.317588,143.920412,585.497638
2020-01-02 17:00:00,400.0,400.0,21.067452,73.070124,1355.432775,0.0,0.0,1921.158181,367.903819,640.758811
2020-01-02 18:00:00,400.0,400.0,22.027298,73.089123,1252.489635,0.0,0.0,2017.533017,419.350983,673.056507
2020-01-02 19:00:00,400.0,400.0,21.122752,31.070505,1414.833406,0.0,0.0,2051.782763,315.149237,647.842404
2020-01-02 20:00:00,400.0,400.0,20.526636,23.348768,1455.74445,0.0,0.0,2057.747933,178.118067,631.200522
2020-01-02 21:00:00,398.0,400.0,14.975624,20.419098,1786.0,0.0,0.0,2149.235735,185.484265,595.38536
2020-01-02 22:00:00,93.112073,87.522537,14.975624,14.9805,2079.287927,0.0,0.0,2168.175615,119.556385,554.233153
2020-01-02 23:00:00,314.541617,260.28239,14.975624,14.9805,1480.858384,0.0,0.0,2005.275838,88.254162,513.062618
2020-01-03 00:00:00,365.320016,314.663605,14.9805,14.975624,1153.079986,0.0,0.0,2004.182,0.0,485.565302
2020-01-03 01:00:00,261.515834,120.264372,14.978232,14.978232,1270.884166,0.0,0.0,2037.76635,363.78165,472.932328
2020-01-03 02:00:00,316.939372,100.952668,14.975624,14.978232,1204.460629,0.0,0.0,1906.127245,175.052755,463.149992
2020-01-03 03:00:00,363.561277,121.363904,14.9805,14.978232,1154.838725,0.0,0.0,1856.69,0.0,463.177691
2020-01-03 04:00:00,400.0,289.214931,19.983547,14.978232,804.045431,0.0,0.0,1543.862,0.0,468.872485
2020-01-03 05:00:00,400.0,400.0,18.52187,19.533879,1093.548383,0.0,0.0,1990.735575,143.664425,492.478079
2020-01-03 06:00:00,400.0,400.0,21.368347,20.526636,743.120585,0.0,0.0,1954.624299,214.105701,539.625557
2020-01-03 07:00:00,400.0,44.4,20.526636,0.0,807.888289,0.0,0.0,2130.132494,309.997506,556.236631
2020-01-03 08:00:00,0.0,63.4,0.0,0.0,1525.0,0.0,0.0,2930.391892,231.376108,568.708784
2020-01-03 09:00:00,0.0,75.4,0.0,0.0,1525.0,0.0,0.0,2996.249893,654.518107,578.587484
2020-01-03 10:00:00,0.0,80.4,0.0,0.0,1521.0,0.0,0.0,3054.158948,667.261052,587.873842
2020-01-03 11:00:00,0.0,59.4,0.0,0.0,1521.0,0.0,0.0,3105.042195,606.473805,595.506329
2020-01-03 12:00:00,0.0,83.4,0.0,0.0,1519.0,0.0,0.0,3108.781029,535.180971,596.367154
2020-01-03 13:00:00,0.0,79.4,0.0,0.0,1519.0,0.0,0.0,3112.404375,525.697625,596.910656
2020-01-03 14:00:00,0.0,82.4,0.0,0.0,1519.0,0.0,0.0,3105.455441,423.944559,595.868316
2020-01-03 15:00:00,0.0,343.196778,0.0,16.329387,1519.0,0.0,0.0,2924.994326,249.675674,594.299149
2020-01-03 16:00:00,0.0,400.0,0.0,22.335927,1705.0,0.0,0.0,2038.610429,510.687571,572.491564
2020-01-03 17:00:00,398.0,400.0,14.981951,77.274616,2145.0,0.0,0.0,1844.341935,5.090065,624.80129
2020-01-03 18:00:00,400.0,400.0,18.861019,76.324557,2083.276723,0.0,0.0,1889.084,0.0,653.521092
2020-01-03 19:00:00,400.0,400.0,19.68943,28.464812,1828.394744,0.0,0.0,1574.18,0.0,624.267788
2020-01-03 20:00:00,400.0,400.0,21.116411,20.846138,1591.348479,0.0,0.0,1209.39,0.0,605.106228
2020-01-03 21:00:00,400.0,400.0,21.474047,18.861019,1468.716457,0.0,0.0,914.236,0.0,579.227931
2020-01-03 22:00:00,400.0,232.751069,21.647258,14.9805,1394.398655,0.0,0.0,639.872,0.0,549.221002
2020-01-03 23:00:00,400.0,400.0,21.843654,19.034775,1230.847804,0.0,0.0,599.33,0.0,514.422329
2020-01-04 00:00:00,400.0,400.0,23.069973,21.647258,822.947973,0.0,0.0,367.138,0.0,487.528504
2020-01-04 01:00:00,400.0,400.0,23.069973,22.732362,874.577374,0.0,0.0,314.68,0.0,471.915394
2020-01-04 02:00:00,400.0,400.0,23.069973,23.069973,887.202519,0.0,0.0,284.598,0.0,465.509322
2020-01-04 03:00:00,400.0,400.0,22.732362,22.732362,948.721978,0.0,0.0,308.238,0.0,459.827403
2020-01-04 04:00:00,400.0,400.0,22.732362,22.732362,960.376702,0.0,0.0,331.314,0.0,461.540595
2020-01-04 05:00:00,400.0,400.0,23.069973,23.069973,872.003422,0.0,0.0,320.086,0.0,473.112387
2020-01-04 06:00:00,400.0,400.0,23.128644,44.000204,758.441756,0.0,0.0,342.078,0.0,493.445437
2020-01-04 07:00:00,400.0,400.0,23.128644,20.419098,791.25304,0.0,0.0,412.552,0.0,499.094844
2020-01-04 08:00:00,400.0,400.0,20.419098,18.861019,1199.823803,0.0,0.0,1226.7,0.0,506.68143
2020-01-04 09:00:00,400.0,294.943128,18.861019,14.981951,1527.052201,0.0,0.0,1672.92,0.0,524.53017
2020-01-04 10:00:00,0.0,198.455578,0.0,14.981951,2049.0,0.0,0.0,2242.9433,161.0387,531.741495
2020-01-04 11:00:00,0.0,44.4,0.0,0.0,2043.0,0.0,0.0,2231.736396,747.511604,530.960459
2020-01-04 12:00:00,0.0,64.4,0.0,0.0,2044.0,0.0,0.0,2212.728571,1320.841429,527.959286
2020-01-04 13:00:00,0.0,76.4,0.0,0.0,2044.0,0.0,0.0,2180.52054,1439.909461,523.128081
2020-01-04 14:00:00,0.0,82.4,0.0,0.0,2046.0,0.0,0.0,2130.6102,1575.5438,515.34153
2020-01-04 15:00:00,0.0,81.4,0.0,0.0,2045.0,0.0,0.0,2052.964588,1118.813412,510.444688
2020-01-04 16:00:00,0.0,400.0,0.0,62.001271,2115.0,0.0,0.0,2047.873858,602.078142,512.381079
2020-01-04 17:00:00,400.0,400.0,20.234035,73.128644,1586.752741,0.0,0.0,1785.47302,175.84298,570.408042
2020-01-04 18:00:00,400.0,400.0,22.517588,26.333661,1014.976966,0.0,0.0,1651.972744,144.795256,606.449367
2020-01-04 19:00:00,400.0,400.0,75.405189,22.757092,751.116998,0.0,24.777806,1787.855693,194.122307,589.910804
2020-01-04 20:00:00,400.0,400.0,20.526636,25.090426,965.164283,0.0,0.0,2177.714448,343.023552,577.197025
2020-01-04 21:00:00,400.0,400.0,19.533879,20.234035,1054.88559,0.0,0.0,2382.703867,343.464133,557.522742
2020-01-04 22:00:00,400.0,400.0,74.332639,21.565812,558.79264,0.0,134.217522,2058.747054,361.214946,530.843162
2020-01-04 23:00:00,400.0,400.0,74.762577,21.528794,506.597563,0.0,156.100935,1908.587549,349.178451,504.748498
2020-01-05 00:00:00,400.0,400.0,20.547985,18.920882,638.286911,0.0,0.0,1902.068234,363.933766,484.017198
2020-01-05 01:00:00,400.0,298.857158,20.234035,14.978232,741.780042,0.0,0.0,1908.604429,351.543571,469.473658
2020-01-05 02:00:00,400.0,323.006223,20.234035,14.978232,782.48045,0.0,0.0,1900.539178,344.560822,462.158809
2020-01-05 03:00:00,400.0,304.3971,19.958349,14.978232,801.515994,0.0,0.0,1905.333358,335.098642,460.022605
2020-01-05 04:00:00,324.630039,347.323589,14.975624,14.978232,961.069961,0.0,0.0,2084.937906,330.662094,463.030192
2020-01-05 05:00:00,217.892472,400.0,14.975624,19.533879,1068.807528,0.0,0.0,2246.187097,324.912903,471.056935
2020-01-05 06:00:00,308.155274,400.0,14.975624,20.429542,978.544726,0.0,0.0,2261.209778,337.510222,486.849758
2020-01-05 07:00:00,278.717793,44.7,14.975624,0.0,1000.982207,0.0,0.0,2290.734134,264.597866,487.912789
2020-01-05 08:00:00,0.0,59.7,-0.0,0.0,1284.0,0.0,0.0,2590.577243,948.224757,490.436586
2020-01-05 09:00:00,0.0,50.7,-0.0,0.0,1286.0,0.0,0.0,2664.440496,1334.209504,501.216074
2020-01-05 10:00:00,0.0,67.7,-0.0,0.0,1282.0,0.0,0.0,2683.652367,1409.927633,504.697855
2020-01-05 11:00:00,0.0,88.7,-0.0,0.0,1281.0,0.0,0.0,2684.133117,1458.886883,504.919968
2020-01-05 12:00:00,0.0,88.7,-0.0,0.0,1281.0,0.0,0.0,2688.741123,1520.958877,505.611168
2020-01-05 13:00:00,0.0,88.7,-0.0,0.0,1281.0,0.0,0.0,2658.431834,1617.734166,501.064775
2020-01-05 14:00:00,0.0,87.7,-0.0,0.0,1281.0,0.0,0.0,2638.14955,1492.15245,498.022433
2020-01-05 15:00:00,0.0,103.328477,-0.0,14.979622,1284.0,0.0,0.0,2301.760603,1609.305397,498.11409
2020-01-05 16:00:00,0.0,400.0,0.0,21.116714,1654.0,0.0,0.0,1585.804073,1649.865927,502.020611
2020-01-05 17:00:00,0.0,400.0,0.0,76.093874,2491.0,0.0,0.0,1924.891594,595.606406,560.383739
2020-01-05 18:00:00,0.0,400.0,0.0,76.790897,2568.0,0.0,0.0,2202.435924,216.964076,606.215389
2020-01-05 19:00:00,0.0,400.0,0.0,32.202094,2519.0,0.0,0.0,2194.429393,182.704607,596.764409
2020-01-05 20:00:00,0.0,400.0,0.0,22.96816,2483.0,0.0,0.0,2118.30658,141.89142,582.495987
2020-01-05 21:00:00,0.0,400.0,0.0,20.846138,2483.0,0.0,0.0,1941.292353,331.925647,555.943853
2020-01-05 22:00:00,0.0,364.501293,0.0,14.979622,2487.0,0.0,0.0,1730.428928,610.191072,523.714339
2020-01-05 23:00:00,0.0,251.249298,0.0,14.979622,2115.0,0.0,0.0,1858.977432,400.306568,492.296615
2020-01-06 00:00:00,400.0,196.057771,20.234035,14.975624,975.427589,0.0,0.0,1716.856813,126.323187,473.914384
2020-01-06 01:00:00,355.053757,207.421178,14.975521,14.975624,1158.646243,0.0,0.0,1825.553443,89.546557,462.73608
2020-01-06 02:00:00,203.156822,137.996888,14.975624,14.975624,1315.543178,0.0,0.0,1961.901391,152.600609,459.653732
2020-01-06 03:00:00,360.641423,75.952548,14.975521,0.0,1156.058577,0.0,0.0,1799.937579,252.424421,459.28185
2020-01-06 04:00:00,400.0,250.512992,19.899927,14.975624,1049.615103,0.0,0.0,1777.975387,155.724613,471.954043
2020-01-06 05:00:00,400.0,400.0,74.680437,20.234035,663.68279,0.0,5.993743,1604.999679,124.338321,503.897533
2020-01-06 06:00:00,400.0,400.0,77.51719,74.680437,328.877694,0.0,275.564125,1542.003149,252.864851,557.868818
2020-01-06 07:00:00,400.0,50.7,76.141538,0.0,417.21364,0.0,359.141597,1995.068553,224.909447,576.128237
2020-01-06 08:00:00,0.0,48.7,0.0,0.0,1430.0,0.0,0.0,3019.125392,490.842608,577.818809
2020-01-06 09:00:00,0.0,48.7,0.0,0.0,1434.0,0.0,0.0,3062.49711,1123.98689,583.724566
2020-01-06 10:00:00,0.0,48.7,0.0,0.0,1433.0,0.0,0.0,3088.575693,1361.640307,587.786354
2020-01-06 11:00:00,0.0,41.7,0.0,0.0,1429.0,0.0,0.0,3107.137055,1333.882945,591.170558
2020-01-06 12:00:00,0.0,51.7,0.0,0.0,1422.0,0.0,0.0,3076.200498,1179.449502,587.580075
2020-01-06 13:00:00,0.0,63.7,0.0,0.0,1418.0,0.0,0.0,3018.26214,1020.99986,579.489321
2020-01-06 14:00:00,0.0,66.7,0.0,0.0,1417.0,0.0,0.0,2985.40549,817.44851,574.710824
2020-01-06 15:00:00,0.0,63.7,0.0,0.0,1418.0,0.0,0.0,2995.204023,514.911977,576.030603
2020-01-06 16:00:00,0.0,400.0,0.0,20.42044,1418.0,0.0,0.0,2639.565793,182.416207,574.434869
2020-01-06 17:00:00,400.0,400.0,74.9512,68.724988,773.730111,0.0,14.316059,1997.884575,64.935425,635.87317
2020-01-06 18:00:00,400.0,400.0,75.257686,73.432808,674.523779,0.0,164.032254,2103.064,0.0,674.631033
2020-01-06 19:00:00,400.0,400.0,72.96816,36.069692,834.421647,0.0,24.112606,2137.61,0.0,656.278253
2020-01-06 20:00:00,400.0,400.0,21.368347,24.742055,1064.174714,0.0,0.0,2282.641841,98.340159,638.770069
2020-01-06 21:00:00,400.0,400.0,20.42044,20.366882,990.187338,0.0,0.0,2424.146295,255.115705,606.443844
2020-01-06 22:00:00,253.770008,286.390594,14.978232,14.981951,1317.229992,0.0,0.0,2451.126856,289.541144,559.63453
2020-01-06 23:00:00,0.0,62.0,13.720986,3.022127,1581.075888,0.0,0.0,2455.56491,269.45709,520.723353
2020-01-07 00:00:00,0.0,140.426456,13.352779,14.978232,1416.672738,0.0,0.0,2458.659416,306.938584,492.598002
2020-01-07 01:00:00,0.0,62.202448,14.346692,14.978232,1395.648142,0.0,0.0,2327.532648,297.401352,476.082676
2020-01-07 02:00:00,0.0,53.449691,0.0,0.85431,1431.0,0.0,0.0,2337.909386,329.856614,472.336408
2020-01-07 03:00:00,0.0,68.107435,3.600318,14.983637,1431.0,0.0,0.0,2338.843058,313.696942,472.476459
2020-01-07 04:00:00,84.434079,177.963347,14.992899,14.992899,1346.565921,0.0,0.0,2344.167036,314.460964,485.940167
2020-01-07 05:00:00,219.317653,400.0,15.0,18.607872,1132.515727,0.0,0.0,2344.299988,308.568012,518.067639
2020-01-07 06:00:00,400.0,400.0,16.620922,72.903442,832.549368,0.0,0.0,2340.799298,298.500702,573.33749
2020-01-07 07:00:00,265.819574,49.0,69.192693,-0.0,729.161739,0.0,59.096622,2509.057484,210.292516,591.884362
2020-01-07 08:00:00,0.0,54.0,0.0,-0.0,1184.0,0.0,0.0,3176.61148,247.24052,586.531722
2020-01-07 09:00:00,0.0,54.0,0.0,-0.0,1189.0,0.0,0.0,3290.917121,818.202879,586.937568
2020-01-07 10:00:00,0.0,54.0,0.0,-0.0,1189.0,0.0,0.0,3192.5527,1123.0013,572.182905
2020-01-07 11:00:00,0.0,44.0,0.0,-0.0,1189.0,0.0,0.0,3241.03916,1226.21084,579.455874
2020-01-07 12:00:00,0.0,44.0,0.0,-0.0,1189.0,0.0,0.0,3289.792342,1200.337658,586.768851
2020-01-07 13:00:00,0.0,44.0,0.0,-0.0,1188.0,0.0,0.0,3250.314649,1256.075351,580.997197
2020-01-07 14:00:00,0.0,41.0,0.0,-0.0,1188.0,0.0,0.0,3231.682987,1154.997013,578.202448
2020-01-07 15:00:00,0.0,41.0,0.0,-0.0,1187.0,0.0,0.0,3188.12859,824.35541,571.819288
2020-01-07 16:00:00,0.0,400.0,0.0,20.42044,1184.0,0.0,0.0,2739.639251,491.958749,576.995888
2020-01-07 17:00:00,400.0,400.0,22.23556,37.760107,867.251283,0.0,0.0,2236.123359,249.694641,635.980811
2020-01-07 18:00:00,400.0,400.0,74.762577,68.342604,764.180815,0.0,102.907757,2365.877959,233.294041,670.904572
2020-01-07 19:00:00,400.0,400.0,74.060266,69.902136,824.703695,0.0,23.503092,2321.502273,223.047727,655.169787
2020-01-07 20:00:00,400.0,400.0,78.13491,22.900723,423.996121,0.0,415.994291,1885.72553,239.02247,641.659411
2020-01-07 21:00:00,400.0,400.0,20.526636,20.547985,971.542837,0.0,0.0,2366.919498,280.428502,608.456499
2020-01-07 22:00:00,398.0,261.722675,14.975624,14.992899,1239.023212,0.0,0.0,2328.981351,243.656649,562.643721
2020-01-07 23:00:00,62.6791,63.307055,14.975624,14.981419,1543.3209,0.0,0.0,2363.307617,32.654383,522.148007
2020-01-08 00:00:00,20.269185,256.277883,14.9805,14.975624,1624.730815,0.0,0.0,2278.098,0.0,497.155078
2020-01-08 01:00:00,141.858426,56.0,14.9805,0.0,1496.141575,0.0,0.0,2056.14,0.0,483.149764
2020-01-08 02:00:00,0.0,21.737823,0.0,14.975624,1651.0,0.0,0.0,2190.047392,240.914608,480.007109
2020-01-08 03:00:00,0.0,386.573474,13.352779,14.975624,1616.093603,0.0,0.0,2169.125668,262.510332,482.10481
2020-01-08 04:00:00,0.0,400.0,0.0,21.843654,1650.0,0.0,0.0,2079.269132,317.894868,495.64037
2020-01-08 05:00:00,0.0,400.0,0.0,75.545362,1903.0,0.0,0.0,2134.212084,429.785916,532.081813
2020-01-08 06:00:00,70.153563,400.0,14.997828,78.179194,2032.846437,0.0,0.0,2300.335562,307.560438,594.673369
2020-01-08 07:00:00,398.0,101.380478,14.997828,14.97449,1715.0,0.0,0.0,2329.266437,334.833563,615.789966
2020-01-08 08:00:00,0.0,57.0,14.627865,0.0,1594.164272,0.0,0.0,3008.259142,363.342858,604.51423
2020-01-08 09:00:00,0.0,54.0,0.0,0.0,1644.0,0.0,0.0,3040.038234,898.229766,601.805735
2020-01-08 10:00:00,0.0,54.0,0.0,0.0,1644.0,0.0,0.0,3015.399025,1398.602975,598.109854
2020-01-08 11:00:00,0.0,54.0,0.0,0.0,1645.0,0.0,0.0,2989.512307,1573.217693,594.076846
2020-01-08 12:00:00,0.0,44.0,0.0,0.0,1645.0,0.0,0.0,2939.082868,1659.455132,586.51243
2020-01-08 13:00:00,0.0,44.0,0.0,0.0,1643.0,0.0,0.0,2904.143742,1689.886258,581.571561
2020-01-08 14:00:00,0.0,41.0,0.0,0.0,1643.0,0.0,0.0,2860.902488,1475.097512,575.085373
2020-01-08 15:00:00,0.0,41.0,0.0,0.0,1627.0,0.0,0.0,2819.266657,970.065343,571.239999
2020-01-08 16:00:00,0.0,400.0,0.0,20.42044,1626.0,0.0,0.0,2726.24451,304.14149,582.936677
2020-01-08 17:00:00,400.0,400.0,20.526636,43.711321,1175.494705,0.0,0.0,2499.571479,291.382521,644.261516
2020-01-08 18:00:00,400.0,400.0,21.708134,72.74329,993.434273,0.0,0.0,2510.220492,278.677508,679.167933
2020-01-08 19:00:00,400.0,400.0,21.708134,53.941606,1000.675071,0.0,0.0,2446.466895,175.171105,662.518774
2020-01-08 20:00:00,400.0,400.0,20.484372,26.249567,1070.567539,0.0,0.0,2432.225689,279.206311,649.898722
2020-01-08 21:00:00,400.0,400.0,20.526636,20.526636,961.378346,0.0,0.0,2428.697451,209.870549,612.497866
2020-01-08 22:00:00,398.0,341.45828,14.985902,14.986532,1253.0,0.0,0.0,2419.568278,118.761722,567.385242
2020-01-08 23:00:00,73.454604,160.69174,14.983637,14.975624,1535.545396,0.0,0.0,2428.655706,76.982294,526.366546
2020-01-09 00:00:00,15.906907,43.236186,14.975624,14.975624,1595.093093,0.0,0.0,2326.075456,111.326544,502.047355
2020-01-09 01:00:00,0.0,42.0,0.0,0.0,1653.0,0.0,0.0,2271.987042,175.680958,485.248056
2020-01-09 02:00:00,0.0,41.0,0.0,0.0,1653.0,0.0,0.0,2247.900695,247.431305,481.635104
2020-01-09 03:00:00,0.0,41.0,0.0,14.985958,1655.0,0.0,0.0,2272.3828,297.2852,485.00742
2020-01-09 04:00:00,0.0,148.800762,0.0,14.992899,1652.0,0.0,0.0,2353.100111,124.831889,497.565017
2020-01-09 05:00:00,202.501386,400.0,14.996722,18.274437,1392.473455,0.0,0.0,2338.57,0.0,534.314482
2020-01-09 06:00:00,400.0,400.0,16.620922,70.419098,1059.500652,0.0,0.0,2356.87515,43.74485,590.606175
2020-01-09 07:00:00,400.0,0.0,20.526636,14.316166,995.416027,0.0,0.0,2436.44496,141.77304,608.55434
2020-01-09 08:00:00,0.0,94.0,0.0,0.0,1633.0,0.0,0.0,3047.937908,367.914092,604.640686
2020-01-09 09:00:00,0.0,99.0,0.0,0.0,1638.0,0.0,0.0,3053.777344,665.272656,604.766602
2020-01-09 10:00:00,0.0,99.0,0.0,0.0,1628.0,0.0,0.0,2982.630571,592.535429,595.594586
2020-01-09 11:00:00,0.0,85.0,0.0,0.0,1627.0,0.0,0.0,2910.70755,469.53045,584.956132
2020-01-09 12:00:00,0.0,265.792371,0.0,14.979622,1627.0,0.0,0.0,2877.811996,634.226004,580.021799
2020-01-09 13:00:00,0.0,400.0,0.0,19.034775,1628.0,0.0,0.0,2854.547226,74.582774,576.382084
2020-01-09 14:00:00,0.0,400.0,0.0,19.685338,1629.0,0.0,0.0,2322.759263,400.870737,572.963889
2020-01-09 15:00:00,0.0,400.0,0.0,20.419098,2185.0,0.0,0.0,2106.255318,179.366682,570.338298
2020-01-09 16:00:00,124.690544,400.0,14.9805,76.205405,2288.309456,0.0,0.0,1820.838,0.0,572.179282
2020-01-09 17:00:00,400.0,400.0,19.983547,80.277405,1873.083709,0.0,0.0,1517.062,0.0,634.346744
2020-01-09 18:00:00,400.0,400.0,21.116714,23.843876,1710.234432,0.0,0.0,1655.884,0.0,670.147435
2020-01-09 19:00:00,400.0,400.0,22.972766,22.96816,1370.916261,0.0,0.0,1725.298023,68.933977,654.957264
2020-01-09 20:00:00,400.0,400.0,21.116714,21.546591,1525.743445,0.0,0.0,1758.266,0.0,636.678383
2020-01-09 21:00:00,400.0,364.132969,19.983547,19.034775,1727.73355,0.0,0.0,1728.52,0.0,601.917967
2020-01-09 22:00:00,400.0,400.0,18.861019,19.685338,1534.624822,0.0,0.0,1963.632,0.0,559.651077
2020-01-09 23:00:00,355.796531,293.55535,14.975368,14.979622,1451.203469,0.0,0.0,1964.783254,114.746746,519.086968
2020-01-10 00:00:00,398.0,120.898797,14.975368,14.975368,1412.0,0.0,0.0,1743.603684,241.278316,491.790553
2020-01-10 01:00:00,214.694579,99.432387,14.975368,14.975368,1593.305421,0.0,0.0,1846.362824,171.085176,480.00861
2020-01-10 02:00:00,157.381088,79.0,14.975368,14.975368,1650.618912,0.0,0.0,1869.708145,21.371855,474.913385
2020-01-10 03:00:00,352.355346,209.229794,14.979622,14.979622,1454.644654,0.0,0.0,1683.09,0.0,476.316802
2020-01-10 04:00:00,400.0,400.0,18.861019,19.034775,1343.690673,0.0,0.0,1648.062,0.0,487.705699
2020-01-10 05:00:00,400.0,400.0,20.42044,20.419098,1294.298535,0.0,0.0,1835.714464,142.885536,523.262389
2020-01-10 06:00:00,400.0,400.0,21.122752,72.335796,1127.899529,0.0,0.0,2006.748965,243.281035,575.077415
2020-01-10 07:00:00,400.0,82.625675,78.13491,-0.0,353.829137,0.0,443.499637,2074.207628,235.922372,593.606774
2020-01-10 08:00:00,80.834046,74.0,14.97449,-0.0,1351.165954,0.0,0.0,3042.47368,94.69432,589.246159
2020-01-10 09:00:00,0.0,68.0,0.0,-0.0,1433.0,0.0,0.0,3143.186031,539.181969,592.077905
2020-01-10 10:00:00,0.0,75.0,0.0,-0.0,1430.0,0.0,0.0,3147.580736,546.039264,593.18711
2020-01-10 11:00:00,0.0,80.0,0.0,-0.0,1429.0,0.0,0.0,3136.132589,372.583411,591.619888
2020-01-10 12:00:00,0.0,94.0,0.0,-0.0,1428.0,0.0,0.0,3088.05898,320.70302,584.558847
2020-01-10 13:00:00,0.0,94.0,0.0,-0.0,1426.0,0.0,0.0,3061.380162,209.121838,580.857024
2020-01-10 14:00:00,0.0,93.0,0.0,-0.0,1427.0,0.0,0.0,3010.228261,197.971739,573.034239
2020-01-10 15:00:00,0.0,180.3471,0.0,14.979622,1429.0,0.0,0.0,2795.953986,293.916014,566.093098
2020-01-10 16:00:00,0.0,400.0,0.0,25.657028,1614.0,0.0,0.0,2411.586329,116.511671,562.737949
2020-01-10 17:00:00,400.0,400.0,23.080108,73.60359,986.330912,0.0,0.0,1648.396874,130.735126,614.859894
2020-01-10 18:00:00,400.0,400.0,22.972766,70.198888,1057.290563,0.0,0.0,1895.132824,279.351176,638.226339
2020-01-10 19:00:00,400.0,400.0,23.080108,22.61532,968.360741,0.0,0.0,1812.628943,336.551057,621.94023
2020-01-10 20:00:00,400.0,400.0,22.656017,28.86961,1029.904515,0.0,0.0,1780.676523,362.813477,607.915801
2020-01-10 21:00:00,400.0,400.0,20.42044,22.763339,1462.940768,0.0,0.0,2041.483497,280.252503,582.081409
2020-01-10 22:00:00,346.354715,244.199182,14.975368,14.979622,1646.645285,0.0,0.0,2015.627512,101.244488,550.647334
2020-01-10 23:00:00,400.0,339.578493,18.861019,14.979622,1350.637386,0.0,0.0,1836.53,0.0,514.933892
2020-01-11 00:00:00,290.93032,381.635875,14.975368,18.460676,1518.06968,0.0,0.0,1826.511815,184.726185,488.31632
2020-01-11 01:00:00,291.152073,398.007469,14.975368,18.860141,1516.847927,0.0,0.0,1731.293319,143.786681,474.216809
2020-01-11 02:00:00,400.0,400.0,18.861019,18.860141,1351.371824,0.0,0.0,1514.598,0.0,466.533926
2020-01-11 03:00:00,271.744387,238.347394,14.975368,14.979622,1536.255613,0.0,0.0,1672.464847,85.273153,462.481385
2020-01-11 04:00:00,336.888143,400.0,14.975368,19.034775,1470.111857,0.0,0.0,1615.894098,126.319902,463.917336
2020-01-11 05:00:00,400.0,400.0,20.846138,21.116714,1013.337111,0.0,0.0,1218.786,0.0,472.867333
2020-01-11 06:00:00,400.0,400.0,22.492854,28.956195,810.223316,0.0,0.0,991.478,0.0,494.738203
2020-01-11 07:00:00,400.0,400.0,23.128644,22.732362,686.197709,0.0,0.0,746.152,0.0,504.293144
2020-01-11 08:00:00,400.0,400.0,19.983547,25.581255,1322.464525,0.0,0.0,1292.2,0.0,516.260321
2020-01-11 09:00:00,176.85836,400.0,14.979622,25.452044,1985.141641,0.0,0.0,1908.72,0.0,537.086754
2020-01-11 10:00:00,35.180262,400.0,14.979622,70.937812,2108.819738,0.0,0.0,2101.582,0.0,548.664339
2020-01-11 11:00:00,189.515778,400.0,14.979622,22.576747,1954.484222,0.0,0.0,1937.548,0.0,546.009567
2020-01-11 12:00:00,320.727186,400.0,14.979622,18.460676,1825.272814,0.0,0.0,1754.97,0.0,538.004578
2020-01-11 13:00:00,235.085893,224.30855,14.979622,14.979622,1918.914107,0.0,0.0,1785.33,0.0,528.512384
2020-01-11 14:00:00,0.0,249.709636,0.0,14.979622,2151.0,0.0,0.0,1949.193281,2.860719,518.278992
2020-01-11 15:00:00,226.170006,400.0,14.979622,19.983547,1923.829994,0.0,0.0,1703.278,0.0,515.467201
2020-01-11 16:00:00,262.912831,400.0,14.979622,22.732362,1880.087169,0.0,0.0,1681.252,0.0,518.724725
2020-01-11 17:00:00,400.0,400.0,20.846138,73.437807,1315.21719,0.0,0.0,1420.716,0.0,575.174821
2020-01-11 18:00:00,400.0,400.0,20.419098,37.466407,1351.711746,0.0,0.0,1752.468,0.0,608.663438
2020-01-11 19:00:00,400.0,400.0,20.234035,26.848267,1611.616968,0.0,0.0,1993.1059,12.7721,597.52334
2020-01-11 20:00:00,400.0,400.0,20.42044,22.995503,1364.303455,0.0,0.0,2013.082882,157.055118,584.366914
2020-01-11 21:00:00,400.0,400.0,20.547985,26.211661,1079.086615,0.0,0.0,1935.549236,115.818764,562.269393
2020-01-11 22:00:00,400.0,400.0,20.234035,22.481583,1049.673093,0.0,0.0,2059.419328,152.842672,532.011935
2020-01-11 23:00:00,400.0,400.0,18.926085,22.694494,940.916345,0.0,0.0,2114.026179,178.939821,504.016475
2020-01-12 00:00:00,269.498825,369.417621,14.975624,20.42044,1075.501175,0.0,0.0,2106.31478,40.68722,482.672041
2020-01-12 01:00:00,204.410108,261.052651,14.978232,19.530413,1144.589892,0.0,0.0,2076.640556,153.307444,467.8576
2020-01-12 02:00:00,37.737758,197.187741,14.978232,14.975624,1318.262242,0.0,0.0,2195.650717,236.749283,459.658271
2020-01-12 03:00:00,71.860217,67.54896,14.978232,14.975624,1281.139783,0.0,0.0,2107.880296,172.351704,452.061077
2020-01-12 04:00:00,62.743073,134.693817,14.978232,14.975624,1289.256927,0.0,0.0,2126.638134,145.161866,453.657181
2020-01-12 05:00:00,173.58829,208.086895,14.978232,14.975624,1175.41171,0.0,0.0,2073.854649,129.545351,462.816441
2020-01-12 06:00:00,307.274141,400.0,14.975624,51.707408,1038.725859,0.0,0.0,2033.00033,86.41967,477.191171
2020-01-12 07:00:00,400.0,82.0,71.287879,0.0,391.309268,0.0,240.477142,1758.332,0.0,483.15341
2020-01-12 08:00:00,0.0,91.0,0.0,0.0,1214.0,0.0,0.0,2604.765859,186.136141,491.664879
2020-01-12 09:00:00,0.0,90.0,0.0,0.0,1223.0,0.0,0.0,2691.141191,655.208809,503.271179
2020-01-12 10:00:00,0.0,99.0,-0.0,0.0,1221.0,0.0,0.0,2726.227232,691.852768,508.834085
2020-01-12 11:00:00,0.0,94.0,-0.0,0.0,1221.0,0.0,0.0,2739.095394,665.124606,510.764309
2020-01-12 12:00:00,0.0,94.0,-0.0,0.0,1221.0,0.0,0.0,2718.334937,859.465063,507.65024
2020-01-12 13:00:00,0.0,94.0,0.0,0.0,1219.0,0.0,0.0,2699.485445,750.380555,505.122817
2020-01-12 14:00:00,0.0,93.0,0.0,0.0,1219.0,0.0,0.0,2663.494547,606.107453,499.724182
2020-01-12 15:00:00,0.0,150.967554,0.0,13.776817,1220.0,0.0,0.0,2667.391922,320.574078,500.158788
2020-01-12 16:00:00,0.0,400.0,0.0,26.522815,1220.0,0.0,0.0,1986.747972,449.422028,504.562196
2020-01-12 17:00:00,400.0,400.0,22.492854,71.801395,1037.593759,0.0,0.0,1460.698,0.0,576.615636
2020-01-12 18:00:00,400.0,400.0,76.429316,73.128644,598.120028,0.0,209.908968,1284.5,0.0,625.856996
2020-01-12 19:00:00,400.0,400.0,80.277405,23.388687,335.621863,0.0,483.925958,1122.334,0.0,625.456821
2020-01-12 20:00:00,400.0,400.0,80.277405,23.080108,305.067596,0.0,493.816965,1043.098,0.0,609.904561
2020-01-12 21:00:00,400.0,400.0,76.429316,22.632352,549.305302,0.0,222.468603,1136.718,0.0,587.311905
2020-01-12 22:00:00,400.0,400.0,23.128644,20.547985,759.485997,0.0,0.0,1158.22,0.0,559.0101
2020-01-12 23:00:00,400.0,400.0,22.576747,20.419098,929.587112,0.0,0.0,1109.784,0.0,526.229533
2020-01-13 00:00:00,400.0,400.0,22.576747,18.07001,924.745541,0.0,0.0,950.998,0.0,503.137869
2020-01-13 01:00:00,400.0,252.491253,18.072542,14.978232,1508.669384,0.0,0.0,1439.15,0.0,488.772092
2020-01-13 02:00:00,327.432264,300.644369,14.981951,14.981951,1646.267736,0.0,0.0,1536.366,0.0,482.71474
2020-01-13 03:00:00,41.167725,141.962828,14.981951,14.981951,1934.532275,0.0,0.0,1837.402,0.0,484.630459
2020-01-13 04:00:00,42.887363,377.456145,14.980905,14.981951,1920.767281,0.0,0.0,1893.7,0.0,495.139908
2020-01-13 05:00:00,398.0,400.0,14.9805,20.846138,1582.0,0.0,0.0,1686.602841,1.263159,522.690426
2020-01-13 06:00:00,400.0,400.0,20.846138,76.429316,1164.076649,0.0,0.0,1385.002,0.0,566.388803
2020-01-13 07:00:00,400.0,400.0,77.274563,19.68943,429.677099,0.0,345.109036,841.718,0.0,580.656135
2020-01-13 08:00:00,400.0,326.549453,22.576747,14.9805,935.812392,0.0,0.0,1446.01,0.0,587.129641
2020-01-13 09:00:00,400.0,301.281762,19.034775,14.9805,1399.480381,0.0,0.0,2004.884,0.0,601.410543
2020-01-13 10:00:00,398.0,102.248992,14.982507,14.9805,1635.0,0.0,0.0,2270.110408,12.851592,605.866561
2020-01-13 11:00:00,266.88943,78.858644,14.982507,14.9805,1756.51057,0.0,0.0,2341.17,0.0,598.298915
2020-01-13 12:00:00,108.646698,61.4,14.982507,0.0,1913.753302,0.0,0.0,2414.652,0.0,585.734805
2020-01-13 13:00:00,0.0,85.794901,0.0,14.9805,2027.0,0.0,0.0,2462.994733,53.571267,575.99921
2020-01-13 14:00:00,0.0,72.4,0.0,0.0,2021.0,0.0,0.0,2395.348096,124.103904,566.752214
2020-01-13 15:00:00,0.0,294.371122,0.0,14.9805,2018.0,0.0,0.0,2341.670535,163.111465,559.15058
2020-01-13 16:00:00,399.833826,400.0,15.0,26.301615,1607.566174,0.0,0.0,1988.398,0.0,567.724774
2020-01-13 17:00:00,400.0,400.0,76.429316,54.222551,527.988405,0.0,313.583334,1410.5,0.0,642.976739
2020-01-13 18:00:00,400.0,400.0,77.946635,22.753532,506.691853,0.0,351.804608,1633.461591,18.974409,682.915461
2020-01-13 19:00:00,400.0,400.0,23.592361,76.546344,837.837053,0.0,0.0,1811.393501,158.908499,679.283467
2020-01-13 20:00:00,400.0,400.0,22.709794,25.905589,1001.191352,0.0,0.0,1975.536044,252.495956,665.001704
2020-01-13 21:00:00,400.0,400.0,22.709794,24.487621,904.464631,0.0,0.0,2000.580958,324.915042,630.017449
2020-01-13 22:00:00,400.0,400.0,74.762577,23.508858,662.155904,0.0,111.738407,1834.797973,189.374027,588.24631
2020-01-13 23:00:00,400.0,400.0,18.52187,19.533879,1202.981055,0.0,0.0,2114.233813,323.634187,549.037914
2020-01-14 00:00:00,400.0,213.318632,18.52187,14.980658,1158.897521,0.0,0.0,1939.619866,300.914134,521.208352
2020-01-14 01:00:00,239.885653,127.213304,14.980658,14.980658,1380.514347,0.0,0.0,2060.350873,320.315127,506.075479
2020-01-14 02:00:00,68.507702,160.078027,14.980658,14.993319,1553.892298,0.0,0.0,2213.101889,297.236111,502.981439
2020-01-14 03:00:00,92.466935,173.793131,14.983058,14.999122,1529.933065,0.0,0.0,2203.542041,302.495959,505.141346
2020-01-14 04:00:00,157.94803,221.975695,14.992899,15.0,1504.45197,0.0,0.0,2269.992034,286.545966,518.93101
2020-01-14 05:00:00,396.0,400.0,14.999127,16.95017,1243.444216,0.0,0.0,2248.425044,1.236956,559.347124
2020-01-14 06:00:00,400.0,400.0,19.68943,74.617959,938.482357,0.0,0.0,2233.17,0.0,626.203146
2020-01-14 07:00:00,400.0,54.767517,25.757194,15.0,843.825405,0.0,0.0,2323.408103,90.059897,645.687405
2020-01-14 08:00:00,317.849138,0.0,15.0,4.790006,950.550862,0.0,0.0,3059.383429,247.118571,635.051787
2020-01-14 09:00:00,0.0,43.4,0.0,0.0,1372.0,0.0,0.0,3408.41043,443.88757,622.711565
2020-01-14 10:00:00,0.0,43.4,0.0,0.0,1373.0,0.0,0.0,3365.185675,797.114325,616.077851
2020-01-14 11:00:00,0.0,34.4,0.0,0.0,1370.0,0.0,0.0,3284.147981,903.252019,604.372197
2020-01-14 12:00:00,0.0,44.4,0.0,0.0,1368.0,0.0,0.0,3218.565095,918.102905,594.834764
2020-01-14 13:00:00,0.0,54.4,0.0,0.0,1362.0,0.0,0.0,3141.476831,812.591169,584.171525
2020-01-14 14:00:00,0.0,77.4,0.0,0.0,1358.0,0.0,0.0,3091.065413,581.866587,577.209812
2020-01-14 15:00:00,0.0,221.441822,0.0,14.9805,1358.0,0.0,0.0,3057.077674,205.490326,572.111651
2020-01-14 16:00:00,0.0,224.198615,0.0,17.733669,1357.0,0.0,0.0,1725.403331,724.494669,572.0105
2020-01-14 17:00:00,400.0,400.0,18.861019,76.790897,2320.010039,0.0,0.0,1645.9,0.0,651.883494
2020-01-14 18:00:00,400.0,400.0,20.400003,76.429316,2111.332174,0.0,0.0,1646.434,0.0,696.015274
2020-01-14 19:00:00,400.0,400.0,19.68943,35.434817,2133.557911,0.0,0.0,1690.332,0.0,684.266113
2020-01-14 20:00:00,400.0,400.0,22.492854,23.437807,1666.936635,0.0,0.0,1212.762,0.0,666.123805
2020-01-14 21:00:00,400.0,400.0,22.96816,23.069973,1463.647863,0.0,0.0,767.902,0.0,629.888121
2020-01-14 22:00:00,400.0,400.0,22.96816,19.68943,1476.1764,0.0,0.0,472.9,0.0,583.75854
2020-01-14 23:00:00,400.0,313.406253,21.116714,14.9805,1841.098775,0.0,0.0,533.4,0.0,538.095184
2020-01-15 00:00:00,400.0,169.365595,21.287879,14.975624,1486.043539,0.0,0.0,708.15,0.0,511.065969
2020-01-15 01:00:00,400.0,179.963106,20.419098,14.975882,1642.261017,0.0,0.0,765.718,0.0,496.268547
2020-01-15 02:00:00,398.0,81.4,14.9805,0.0,2068.0,0.0,0.0,1147.902817,3.079183,489.735423
2020-01-15 03:00:00,306.853882,82.4,14.9805,0.0,2146.546118,0.0,0.0,1230.18,0.0,490.295082
2020-01-15 04:00:00,400.0,400.0,20.547985,19.983547,1732.346904,0.0,0.0,926.384189,54.717811,506.855593
2020-01-15 05:00:00,400.0,400.0,20.234035,23.206766,1942.613195,0.0,0.0,1378.357355,160.174645,543.111624
2020-01-15 06:00:00,400.0,400.0,22.23556,65.564236,1506.130077,0.0,0.0,1362.782533,208.385467,606.247868
2020-01-15 07:00:00,400.0,400.0,22.23556,18.861019,1532.611849,0.0,0.0,1524.715163,181.312837,626.565497
2020-01-15 08:00:00,0.0,88.4,0.0,0.0,2450.0,0.0,0.0,2381.531094,344.672906,617.479664
2020-01-15 09:00:00,0.0,103.4,0.0,0.0,2460.0,0.0,0.0,2327.680006,992.417994,607.902001
2020-01-15 10:00:00,0.0,130.4,0.0,14.979622,2459.0,0.0,0.0,2307.898213,1141.901787,605.084732
2020-01-15 11:00:00,0.0,125.443712,0.0,14.979622,2457.0,0.0,0.0,2283.973215,867.528785,601.795982
2020-01-15 12:00:00,0.0,127.435263,0.0,14.979622,2444.0,0.0,0.0,2213.942149,727.305851,593.241322
2020-01-15 13:00:00,0.0,94.4,0.0,0.0,2445.0,0.0,0.0,2183.921182,478.798818,588.588177
2020-01-15 14:00:00,0.0,400.0,0.0,18.861019,2445.0,0.0,0.0,2128.552245,388.417755,580.282837
2020-01-15 15:00:00,0.0,400.0,14.544199,20.419098,2437.574045,0.0,0.0,2089.089095,5.172905,575.477257
2020-01-15 16:00:00,0.0,400.0,0.0,23.206766,2436.0,0.0,0.0,1599.003775,98.894225,583.200566
2020-01-15 17:00:00,400.0,400.0,19.430296,76.658967,2369.521712,0.0,0.0,1374.002,0.0,655.572043
2020-01-15 18:00:00,400.0,400.0,21.116411,77.128505,2129.838156,0.0,0.0,1255.098,0.0,686.288977
2020-01-15 19:00:00,400.0,400.0,22.492854,28.622624,1856.799943,0.0,0.0,1061.236,0.0,679.565409
2020-01-15 20:00:00,400.0,400.0,21.288154,26.755559,2007.094668,0.0,0.0,1079.398,0.0,659.7455
2020-01-15 21:00:00,400.0,400.0,19.983547,24.62179,2246.237701,0.0,0.0,1043.172,0.0,618.440145
2020-01-15 22:00:00,400.0,400.0,18.861019,23.128644,2484.915465,0.0,0.0,953.702,0.0,569.21798
2020-01-15 23:00:00,0.0,400.0,0.0,21.843654,3064.0,0.0,0.0,1230.639807,4.928193,523.895971
2020-01-16 00:00:00,198.059095,400.0,14.981951,23.657594,2302.340905,0.0,0.0,1344.098,0.0,495.413564
2020-01-16 01:00:00,0.0,400.0,0.0,23.206766,2512.0,0.0,0.0,1461.722083,89.179917,481.608312
2020-01-16 02:00:00,0.0,400.0,0.0,22.732362,2513.0,0.0,0.0,1430.837333,248.594667,476.8256
2020-01-16 03:00:00,0.0,400.0,0.0,20.846138,2512.0,0.0,0.0,1418.015984,101.184016,475.052398
2020-01-16 04:00:00,215.590297,400.0,14.981951,21.116714,2284.809704,0.0,0.0,1265.068,0.0,486.188744
2020-01-16 05:00:00,290.050274,400.0,14.978232,22.732362,2168.349726,0.0,0.0,1349.639351,62.150649,516.343444
2020-01-16 06:00:00,400.0,400.0,20.234035,45.166261,1914.501718,0.0,0.0,1461.987279,274.922721,571.272834
2020-01-16 07:00:00,400.0,400.0,22.23556,19.68943,1196.605379,0.0,0.0,1615.991127,299.308873,595.557862
2020-01-16 08:00:00,148.492394,88.4,14.9805,7.865184,1789.907607,0.0,0.0,2572.43,0.0,596.778359
2020-01-16 09:00:00,0.0,87.4,0.0,-0.0,1950.0,0.0,0.0,2742.670105,429.731895,598.300516
2020-01-16 10:00:00,0.0,86.4,0.0,-0.0,1949.0,0.0,0.0,2731.697989,513.522011,596.804698
2020-01-16 11:00:00,0.0,78.4,0.0,-0.0,1950.0,0.0,0.0,2721.671024,703.612976,595.150654
2020-01-16 12:00:00,0.0,76.4,0.0,-0.0,1949.0,0.0,0.0,2678.740668,827.727332,588.8611
2020-01-16 13:00:00,0.0,77.4,0.0,-0.0,1939.0,0.0,0.0,2636.252261,896.877739,583.987839
2020-01-16 14:00:00,0.0,76.4,0.0,14.9805,1939.0,0.0,0.0,2591.544079,782.357921,577.281612
2020-01-16 15:00:00,0.0,296.950315,0.0,14.979622,1934.0,0.0,0.0,2378.866062,585.363938,571.629909
2020-01-16 16:00:00,0.0,400.0,0.0,25.843914,2125.0,0.0,0.0,2223.780007,512.487993,572.967001
2020-01-16 17:00:00,400.0,400.0,20.526636,74.617414,1553.073211,0.0,0.0,1855.051706,231.716294,644.396774
2020-01-16 18:00:00,400.0,400.0,22.23556,67.822457,1292.658655,0.0,0.0,1936.237124,135.830876,682.43677
2020-01-16 19:00:00,400.0,400.0,20.42044,24.111687,1642.468471,0.0,0.0,2279.632608,238.929392,681.474621
2020-01-16 20:00:00,400.0,400.0,20.547985,25.312133,1345.100672,0.0,0.0,2232.372499,245.827501,665.740774
2020-01-16 21:00:00,400.0,400.0,20.547985,23.596624,1145.327633,0.0,0.0,2163.494691,258.805309,632.125059
2020-01-16 22:00:00,400.0,400.0,16.247117,18.52187,1407.536486,0.0,0.0,2259.090468,229.011532,584.333097
2020-01-16 23:00:00,248.773074,314.105702,14.980658,14.980658,1396.626926,0.0,0.0,2297.61159,183.35041,538.4977
2020-01-17 00:00:00,108.494814,201.911939,14.980658,14.980658,1537.905186,0.0,0.0,2281.93081,287.72119,514.953844
2020-01-17 01:00:00,38.527519,143.953361,14.980658,14.980658,1608.872481,0.0,0.0,2253.541709,221.988291,500.050384
2020-01-17 02:00:00,55.975574,210.986554,14.980658,14.993319,1591.424426,0.0,0.0,2204.903651,282.958349,495.371884
2020-01-17 03:00:00,0.212837,186.414764,14.983058,14.999122,1647.187163,0.0,0.0,2266.069935,275.060065,496.182416
2020-01-17 04:00:00,129.445176,271.307581,14.985955,15.0,1542.315445,0.0,0.0,2258.593869,170.906131,510.791764
2020-01-17 05:00:00,400.0,400.0,16.325521,16.86807,1143.243167,0.0,0.0,2119.101084,221.850916,549.728688
2020-01-17 06:00:00,400.0,400.0,21.905537,74.762577,774.530259,0.0,0.0,2058.482951,237.685049,611.242904
2020-01-17 07:00:00,400.0,174.370437,74.762577,15.0,619.804801,0.0,220.017733,2097.048362,209.583638,633.186534
2020-01-17 08:00:00,80.391434,43.4,15.0,0.0,1352.008566,0.0,0.0,2993.627953,315.572047,620.582908
2020-01-17 09:00:00,0.0,43.4,0.0,0.0,1530.0,0.0,0.0,3246.934162,427.563838,615.890124
2020-01-17 10:00:00,0.0,43.4,0.0,0.0,1522.0,0.0,0.0,3171.180338,527.519662,605.727051
2020-01-17 11:00:00,0.0,43.4,0.0,0.0,1534.0,0.0,0.0,3119.091804,1116.994196,596.113771
2020-01-17 12:00:00,0.0,33.4,0.0,0.0,1535.0,0.0,0.0,3045.285462,1283.396538,584.892819
2020-01-17 13:00:00,0.0,33.4,0.0,0.0,1535.0,0.0,0.0,2985.93749,1399.69451,575.990624
2020-01-17 14:00:00,0.0,31.4,0.0,0.0,1537.0,0.0,0.0,2943.076047,1488.191953,569.261407
2020-01-17 15:00:00,0.0,30.4,0.0,0.0,1538.0,0.0,0.0,2886.787965,1226.380035,560.668195
2020-01-17 16:00:00,0.0,400.0,0.0,19.054686,1538.0,0.0,0.0,2697.437724,776.160276,557.765659
2020-01-17 17:00:00,400.0,400.0,20.234035,28.74279,1110.823605,0.0,0.0,2336.966836,163.083164,621.021485
2020-01-17 18:00:00,400.0,400.0,20.526636,73.5944,1120.739727,0.0,0.0,2388.928389,151.705611,655.078299
2020-01-17 19:00:00,400.0,400.0,20.547985,21.368347,1085.83066,0.0,0.0,2338.112717,107.017283,652.692309
2020-01-17 20:00:00,400.0,400.0,19.983547,56.455751,1088.290889,0.0,0.0,2250.168,0.0,639.131567
2020-01-17 21:00:00,400.0,400.0,20.419098,21.122752,988.600898,0.0,0.0,2017.752,0.0,619.222665
2020-01-17 22:00:00,400.0,400.0,19.430296,19.034775,1203.927923,0.0,0.0,2018.432,0.0,587.025612
2020-01-17 23:00:00,398.0,400.0,14.980658,18.463561,1479.010227,0.0,0.0,2058.035112,95.534888,551.703733
2020-01-18 00:00:00,400.0,259.469589,15.731586,14.980658,1458.998845,0.0,0.0,1874.0,0.0,527.100173
2020-01-18 01:00:00,400.0,386.283114,18.861019,14.981951,1291.602361,0.0,0.0,1608.866,0.0,512.439546
2020-01-18 02:00:00,400.0,400.0,18.573789,18.07001,1373.704208,0.0,0.0,1632.704,0.0,503.699969
2020-01-18 03:00:00,400.0,400.0,19.034775,19.68943,1265.067957,0.0,0.0,1518.396,0.0,502.849206
2020-01-18 04:00:00,400.0,400.0,19.430296,20.400003,1211.059495,0.0,0.0,1508.768,0.0,509.506276
2020-01-18 05:00:00,400.0,400.0,19.034775,54.252627,1256.879528,0.0,0.0,1643.0,0.0,527.268071
2020-01-18 06:00:00,400.0,400.0,19.983547,73.128644,1168.211781,0.0,0.0,1604.916,0.0,556.155633
2020-01-18 07:00:00,400.0,349.152901,20.419098,18.861019,1016.375836,0.0,0.0,1648.714,0.0,571.100725
2020-01-18 08:00:00,213.7437,88.4,14.9805,-0.0,1526.6563,0.0,0.0,2519.238,0.0,571.887255
2020-01-18 09:00:00,0.0,87.4,0.0,-0.0,1751.0,0.0,0.0,2769.618762,187.013238,575.792814
2020-01-18 10:00:00,0.0,80.4,0.0,-0.0,1752.0,0.0,0.0,2740.176765,44.821235,571.226515
2020-01-18 11:00:00,0.0,70.4,0.0,-0.0,1753.0,0.0,0.0,2638.782229,255.103771,555.867334
2020-01-18 12:00:00,0.0,62.4,0.0,-0.0,1754.0,0.0,0.0,2543.017348,335.096652,541.352602
2020-01-18 13:00:00,0.0,58.4,0.0,7.436562,1755.0,0.0,0.0,2451.471264,271.998736,527.47069
2020-01-18 14:00:00,0.0,318.623215,0.0,14.981951,1760.0,0.0,0.0,2373.985575,74.482425,515.097836
2020-01-18 15:00:00,109.972033,400.0,14.9805,20.400003,1642.427967,0.0,0.0,2059.478,0.0,511.057505
2020-01-18 16:00:00,77.690028,400.0,14.9805,30.271715,1860.709973,0.0,0.0,1404.084,0.0,509.756104
2020-01-18 17:00:00,400.0,400.0,22.516066,26.484653,1484.219527,0.0,0.0,702.336,0.0,571.967471
2020-01-18 18:00:00,400.0,400.0,23.069973,75.004411,1293.760784,0.0,0.0,767.03,0.0,612.640382
2020-01-18 19:00:00,400.0,400.0,23.206766,65.947366,1160.811496,0.0,0.0,660.862,0.0,614.257576
2020-01-18 20:00:00,400.0,400.0,23.128644,25.9087,1175.898748,0.0,0.0,640.37,0.0,600.670688
2020-01-18 21:00:00,400.0,400.0,23.069973,23.437807,1272.811132,0.0,0.0,638.552,0.0,585.86113
2020-01-18 22:00:00,400.0,400.0,22.576747,23.128644,1396.161541,0.0,0.0,605.684,0.0,562.428369
2020-01-18 23:00:00,400.0,400.0,22.732362,22.732362,1171.187344,0.0,0.0,595.298,0.0,541.366598
2020-01-19 00:00:00,400.0,400.0,22.516066,23.069973,1256.427058,0.0,0.0,542.234,0.0,520.621041
2020-01-19 01:00:00,400.0,400.0,21.647258,23.069973,1346.187845,0.0,0.0,515.032,0.0,503.076623
2020-01-19 02:00:00,400.0,400.0,21.843654,22.732362,1319.069003,0.0,0.0,447.332,0.0,496.98945
2020-01-19 03:00:00,400.0,400.0,21.843654,22.732362,1317.864593,0.0,0.0,427.368,0.0,494.175511
2020-01-19 04:00:00,400.0,400.0,22.492854,23.069973,1287.468721,0.0,0.0,417.898,0.0,497.314392
2020-01-19 05:00:00,400.0,400.0,22.732362,23.206766,1162.162222,0.0,0.0,371.502,0.0,509.150967
2020-01-19 06:00:00,400.0,400.0,23.069973,45.845635,1050.4015,0.0,0.0,393.078,0.0,529.151475
2020-01-19 07:00:00,400.0,400.0,75.9087,19.68943,447.233133,0.0,270.666397,543.89,0.0,535.74853
2020-01-19 08:00:00,400.0,281.608432,19.034775,14.9805,1524.283089,0.0,0.0,1617.262,0.0,535.196837
2020-01-19 09:00:00,111.068028,68.4,14.979622,-0.0,1957.331972,0.0,0.0,2086.3,0.0,540.595204
2020-01-19 10:00:00,0.0,59.4,0.0,-0.0,2101.0,0.0,0.0,2194.548042,83.601958,535.282206
2020-01-19 11:00:00,0.0,41.4,0.0,-0.0,2107.0,0.0,0.0,2152.992637,162.391363,528.148896
2020-01-19 12:00:00,0.0,43.4,0.0,-0.0,2108.0,0.0,0.0,2103.628159,206.219841,520.594224
2020-01-19 13:00:00,0.0,42.4,0.0,-0.0,2109.0,0.0,0.0,2050.325259,251.106741,512.448789
2020-01-19 14:00:00,0.0,36.4,0.0,10.755958,2110.0,0.0,0.0,1991.508802,118.975198,503.47632
2020-01-19 15:00:00,136.455516,400.0,14.981951,18.68753,1966.944484,0.0,0.0,1820.01,0.0,502.509827
2020-01-19 16:00:00,400.0,400.0,18.573789,25.538078,1661.942913,0.0,0.0,1116.39,0.0,506.017063
2020-01-19 17:00:00,400.0,400.0,26.404825,71.210478,802.19016,0.0,0.0,215.638,0.0,569.917176
2020-01-19 18:00:00,400.0,400.0,77.050889,73.917269,597.282979,0.0,172.495774,266.068,0.0,614.817753
2020-01-19 19:00:00,400.0,400.0,76.790897,26.041842,649.476437,0.0,149.694397,443.982,0.0,623.475834
2020-01-19 20:00:00,400.0,400.0,76.429316,26.618927,637.463326,0.0,150.577375,530.468,0.0,611.700701
2020-01-19 21:00:00,400.0,400.0,131.727779,22.7228,86.207686,0.0,665.080661,467.91,0.0,585.240347
2020-01-19 22:00:00,400.0,400.0,500.0,19.983547,0.0,42.225822,707.607473,442.604,0.0,550.504473
2020-01-19 23:00:00,400.0,400.0,80.277405,19.68943,316.224019,0.0,356.712578,634.768,0.0,515.781597
2020-01-20 00:00:00,400.0,400.0,19.68943,18.861019,1240.855178,0.0,0.0,1408.716,0.0,493.179123
2020-01-20 01:00:00,400.0,303.043718,19.68943,14.9805,1237.426833,0.0,0.0,1323.082,0.0,480.848275
2020-01-20 02:00:00,400.0,178.503406,19.983547,14.9805,1143.380054,0.0,0.0,1207.938,0.0,477.683692
2020-01-20 03:00:00,400.0,296.42658,22.516066,14.9805,756.479953,0.0,0.0,838.162,0.0,480.252307
2020-01-20 04:00:00,400.0,400.0,73.437807,16.961401,593.123218,0.0,58.808999,761.638,0.0,493.277217
2020-01-20 05:00:00,400.0,400.0,76.429316,20.419098,463.756635,0.0,233.18157,871.198,0.0,529.116205
2020-01-20 06:00:00,400.0,400.0,73.437807,73.437807,579.976665,0.0,15.193535,1229.418,0.0,588.8162
2020-01-20 07:00:00,400.0,313.500281,73.437807,16.961401,634.608099,0.0,192.763686,1409.12,0.0,606.976785
2020-01-20 08:00:00,400.0,88.4,18.072542,-0.0,1540.280674,0.0,0.0,2268.33,0.0,600.007399
2020-01-20 09:00:00,204.740661,89.4,14.9805,-0.0,1779.659339,0.0,0.0,2520.87,0.0,601.981599
2020-01-20 10:00:00,309.836628,87.4,14.9805,-0.0,1685.563372,0.0,0.0,2406.362,0.0,598.919794
2020-01-20 11:00:00,311.534556,70.4,14.981951,-0.0,1691.865444,0.0,0.0,2384.316,0.0,594.667583
2020-01-20 12:00:00,324.751328,164.11551,14.981951,14.9805,1681.648672,0.0,0.0,2332.122,0.0,588.370999
2020-01-20 13:00:00,400.0,289.648537,16.970947,15.381381,1603.108785,0.0,0.0,2216.046,0.0,582.740582
2020-01-20 14:00:00,400.0,400.0,18.861019,19.68943,1483.373078,0.0,0.0,2047.554,0.0,575.427138
2020-01-20 15:00:00,400.0,400.0,19.034775,21.647258,1416.927053,0.0,0.0,1781.648,0.0,571.008142
2020-01-20 16:00:00,400.0,400.0,18.072542,28.829454,1763.953126,0.0,0.0,1244.52,0.0,568.135031
2020-01-20 17:00:00,400.0,400.0,25.9087,70.043579,1108.08312,0.0,0.0,242.03,0.0,629.542032
2020-01-20 18:00:00,400.0,400.0,26.429316,75.200156,898.724594,0.0,0.0,232.688,0.0,666.744511
2020-01-20 19:00:00,400.0,400.0,26.429316,27.625961,929.181715,0.0,0.0,290.52,0.0,661.250743
2020-01-20 20:00:00,400.0,400.0,26.324557,28.153319,1023.949141,0.0,0.0,266.32,0.0,643.405629
2020-01-20 21:00:00,400.0,400.0,25.9087,24.060549,922.586632,0.0,0.0,270.516,0.0,605.989405
2020-01-20 22:00:00,400.0,400.0,23.128644,22.516066,1211.067255,0.0,0.0,249.432,0.0,559.554712
2020-01-20 23:00:00,400.0,400.0,22.516066,20.419098,1491.218387,0.0,0.0,254.552,0.0,518.300042
2020-01-21 00:00:00,400.0,400.0,23.069973,21.288154,944.556973,0.0,0.0,234.684,0.0,490.819054
2020-01-21 01:00:00,400.0,400.0,23.069973,21.287879,991.974734,0.0,0.0,183.768,0.0,476.06899
2020-01-21 02:00:00,400.0,400.0,22.96816,21.116411,1028.345107,0.0,0.0,178.32,0.0,469.796234
2020-01-21 03:00:00,400.0,400.0,22.732362,21.288154,1074.004649,0.0,0.0,236.15,0.0,471.621803
2020-01-21 04:00:00,400.0,400.0,23.069973,21.647258,1003.394201,0.0,0.0,244.27,0.0,483.43137
2020-01-21 05:00:00,400.0,400.0,23.437807,22.576747,785.966295,0.0,0.0,246.168,0.0,516.330256
2020-01-21 06:00:00,400.0,400.0,76.755559,47.755337,434.542462,0.0,291.690869,270.498,0.0,572.693331
2020-01-21 07:00:00,400.0,400.0,161.124055,19.983547,19.86565,0.0,757.769433,287.362,0.0,590.528083
2020-01-21 08:00:00,400.0,120.983143,73.206766,14.979622,600.949602,0.0,173.73881,1173.818,0.0,589.740412
2020-01-21 09:00:00,400.0,87.4,20.419098,0.0,1168.728217,0.0,0.0,1847.462,0.0,592.610067
2020-01-21 10:00:00,400.0,87.4,18.861019,0.0,1503.861032,0.0,0.0,2190.838,0.0,593.846545
2020-01-21 11:00:00,400.0,80.4,18.072542,0.0,1567.734895,0.0,0.0,2252.5,0.0,593.514766
2020-01-21 12:00:00,400.0,69.4,18.463561,0.0,1542.92828,0.0,0.0,2223.162,0.0,592.835058
2020-01-21 13:00:00,400.0,109.129323,18.861019,14.9805,1495.313704,0.0,0.0,2158.2,0.0,590.232944
2020-01-21 14:00:00,400.0,100.60771,19.430296,11.356268,1376.000949,0.0,0.0,2010.75,0.0,586.012358
2020-01-21 15:00:00,400.0,400.0,19.983547,16.960524,1222.112829,0.0,0.0,1827.752,0.0,581.645876
2020-01-21 16:00:00,400.0,400.0,19.68943,21.393146,1322.657445,0.0,0.0,1525.85,0.0,572.278883
2020-01-21 17:00:00,400.0,400.0,22.336175,72.240144,818.462289,0.0,0.0,974.102,0.0,627.845957
2020-01-21 18:00:00,400.0,400.0,72.282507,60.294802,756.80732,0.0,113.828282,1222.798,0.0,667.198602
2020-01-21 19:00:00,400.0,400.0,20.066138,25.466029,921.407579,0.0,0.0,1350.918,0.0,661.726563
2020-01-21 20:00:00,400.0,400.0,20.738013,26.704568,1126.512858,0.0,0.0,1371.432,0.0,634.037871
2020-01-21 21:00:00,400.0,400.0,72.240598,22.591117,543.681148,0.0,241.52298,1256.162,0.0,597.672128
2020-01-21 22:00:00,400.0,400.0,22.96816,19.983547,782.490886,0.0,0.0,1190.098,0.0,551.941067
2020-01-21 23:00:00,400.0,400.0,73.437807,18.861019,567.486665,0.0,97.085835,687.55,0.0,508.8095
2020-01-22 00:00:00,400.0,400.0,73.437807,18.06856,603.5608,0.0,24.39538,559.102,0.0,484.13118
2020-01-22 01:00:00,400.0,397.378133,23.437807,14.9805,605.97895,0.0,0.0,469.9,0.0,470.388158
2020-01-22 02:00:00,400.0,387.666094,73.444698,14.9805,555.430853,0.0,42.157919,386.716,0.0,465.492772
2020-01-22 03:00:00,400.0,400.0,73.657594,18.06856,543.540142,0.0,52.664436,372.684,0.0,465.171579
2020-01-22 04:00:00,400.0,400.0,73.657594,19.983547,528.044489,0.0,17.182837,369.5,0.0,473.618327
2020-01-22 05:00:00,400.0,400.0,74.617414,21.843654,549.601052,0.0,109.07899,549.148,0.0,507.232042
2020-01-22 06:00:00,400.0,400.0,74.617414,73.437807,579.666762,0.0,43.972824,898.984,0.0,567.197586
2020-01-22 07:00:00,400.0,400.0,21.647258,19.034775,875.218932,0.0,0.0,1625.3,0.0,591.91216
2020-01-22 08:00:00,0.0,88.4,0.0,0.0,1949.0,0.0,0.0,2664.456945,78.511055,586.718542
2020-01-22 09:00:00,0.0,88.4,0.0,0.0,1950.0,0.0,0.0,2670.610057,573.137943,587.491509
2020-01-22 10:00:00,0.0,89.4,0.0,0.0,1948.0,0.0,0.0,2654.835509,471.416491,585.425326
2020-01-22 11:00:00,0.0,85.4,0.0,0.0,1951.0,0.0,0.0,2639.764385,162.535615,582.714658
2020-01-22 12:00:00,189.131974,71.4,14.9805,0.0,1760.268026,0.0,0.0,2429.178,0.0,579.736496
2020-01-22 13:00:00,274.550988,127.596673,14.9805,14.9805,1675.849012,0.0,0.0,2316.59,0.0,575.511148
2020-01-22 14:00:00,308.701113,372.839796,14.979622,16.128388,1625.698889,0.0,0.0,2224.13,0.0,569.164667
2020-01-22 15:00:00,93.706241,400.0,14.979622,18.861019,1830.693759,0.0,0.0,2232.238,0.0,565.131636
2020-01-22 16:00:00,400.0,400.0,18.861019,25.482315,1596.533948,0.0,0.0,1634.418,0.0,564.582608
2020-01-22 17:00:00,400.0,400.0,23.437807,75.758899,903.03013,0.0,0.0,1021.518,0.0,619.873181
2020-01-22 18:00:00,400.0,400.0,73.437807,23.20063,854.894373,0.0,3.607571,1317.454,0.0,657.083944
2020-01-22 19:00:00,400.0,400.0,23.069973,71.183188,1036.026679,0.0,0.0,1477.668,0.0,653.946198
2020-01-22 20:00:00,400.0,400.0,21.647258,22.729987,1195.650649,0.0,0.0,1674.782,0.0,634.969703
2020-01-22 21:00:00,400.0,400.0,57.165884,20.526636,787.651982,0.0,0.0,1736.165193,122.344807,598.876982
2020-01-22 22:00:00,400.0,400.0,21.122752,20.234035,993.488701,0.0,0.0,1653.626927,87.783073,555.620734
2020-01-22 23:00:00,82.296581,251.154118,14.980658,14.980658,1559.103419,0.0,0.0,2308.558738,67.045262,515.768298
2020-01-23 00:00:00,0.0,285.224241,0.0,14.978232,1700.0,0.0,0.0,2286.254263,312.961737,491.288139
2020-01-23 01:00:00,0.0,400.0,0.0,20.234035,1700.0,0.0,0.0,2208.254739,507.765261,479.588211
2020-01-23 02:00:00,0.0,304.823308,0.0,14.978232,1700.0,0.0,0.0,2195.00279,488.42921,477.600419
2020-01-23 03:00:00,0.0,88.163191,0.0,14.980658,1700.0,0.0,0.0,2205.911514,473.098486,479.236727
2020-01-23 04:00:00,0.0,120.907264,0.0,14.980658,1700.0,0.0,0.0,2288.384044,381.105956,491.607607
2020-01-23 05:00:00,140.423683,390.244334,14.992899,16.247117,1546.976317,0.0,0.0,2364.749943,295.282057,526.016044
2020-01-23 06:00:00,400.0,400.0,17.633803,56.162466,1156.509374,0.0,0.0,2336.519456,283.050544,583.651512
2020-01-23 07:00:00,400.0,0.0,73.873861,-0.0,753.97865,0.0,47.609679,2384.920841,338.559159,602.991329
2020-01-23 08:00:00,0.0,43.4,0.0,-0.0,1526.0,0.0,0.0,3131.541987,471.178013,599.181298
2020-01-23 09:00:00,0.0,43.4,0.0,-0.0,1520.0,0.0,0.0,3115.676603,957.591397,597.70149
2020-01-23 10:00:00,0.0,53.4,0.0,-0.0,1538.0,0.0,0.0,3095.637133,1288.910867,591.99557
2020-01-23 11:00:00,0.0,54.4,0.0,-0.0,1537.0,0.0,0.0,3053.851577,1330.516423,585.877737
2020-01-23 12:00:00,0.0,38.4,0.0,-0.0,1533.0,0.0,0.0,3044.432064,1267.447936,585.06481
2020-01-23 13:00:00,0.0,46.4,0.0,-0.0,1530.0,0.0,0.0,2984.422708,1261.179292,576.513406
2020-01-23 14:00:00,0.0,59.4,0.0,-0.0,1529.0,0.0,0.0,2927.067312,1090.480688,568.060097
2020-01-23 15:00:00,0.0,71.4,0.0,-0.0,1530.0,0.0,0.0,2899.275936,854.628064,563.74139
2020-01-23 16:00:00,0.0,400.0,0.0,20.526636,1530.0,0.0,0.0,2206.790102,1042.075898,561.868515
2020-01-23 17:00:00,275.862527,400.0,14.978232,76.546344,1942.537473,0.0,0.0,2145.116309,160.035691,614.936825
2020-01-23 18:00:00,400.0,400.0,17.392886,74.617414,1933.223865,0.0,0.0,2309.861311,155.490689,657.845617
2020-01-23 19:00:00,400.0,400.0,20.42044,32.365826,1537.117077,0.0,0.0,2163.059756,183.652244,656.991402
2020-01-23 20:00:00,400.0,400.0,20.42044,23.712299,1534.792098,0.0,0.0,2060.072107,78.947893,641.892001
2020-01-23 21:00:00,400.0,400.0,20.400003,19.68943,1245.478156,0.0,0.0,1872.018,0.0,604.580977
2020-01-23 22:00:00,400.0,307.005821,19.68943,18.52187,1288.896018,0.0,0.0,1633.086,0.0,562.228497
2020-01-23 23:00:00,400.0,45.4,19.034775,-0.0,1401.318722,0.0,0.0,1472.732,0.0,521.311992
2020-01-24 00:00:00,242.057514,33.4,14.981951,0.0,1588.342487,0.0,0.0,1840.73,0.0,495.208127
2020-01-24 01:00:00,59.679455,43.4,14.978232,0.0,1730.720545,0.0,0.0,1898.178351,152.111649,482.468671
2020-01-24 02:00:00,61.844343,66.4,14.978232,4.106556,1728.555657,0.0,0.0,1863.604313,139.175687,477.607298
2020-01-24 03:00:00,232.746508,80.4,14.978232,14.981951,1555.653492,0.0,0.0,1715.691904,1.960096,481.355762
2020-01-24 04:00:00,398.0,132.328171,14.978232,14.981248,1444.0,0.0,0.0,1667.453228,107.126772,490.867984
2020-01-24 05:00:00,400.0,400.0,21.122752,25.119279,1043.434487,0.0,0.0,1482.013729,222.936271,523.136886
2020-01-24 06:00:00,400.0,400.0,23.388687,77.51719,738.046367,0.0,0.0,1500.398415,258.499585,578.902807
2020-01-24 07:00:00,400.0,50.4,73.432808,11.477826,683.196885,0.0,122.247143,1974.997071,254.766929,597.870028
2020-01-24 08:00:00,0.0,78.4,0.0,0.0,1478.0,0.0,0.0,2955.976359,696.941641,588.536454
2020-01-24 09:00:00,0.0,46.4,0.0,0.0,1480.0,0.0,0.0,3092.942178,1133.389822,592.791327
2020-01-24 10:00:00,0.0,43.4,0.0,0.0,1480.0,0.0,0.0,3080.515368,1402.464632,590.927305
2020-01-24 11:00:00,0.0,37.4,0.0,0.0,1479.0,0.0,0.0,3039.188761,1451.399239,584.878314
2020-01-24 12:00:00,0.0,59.4,0.0,0.0,1479.0,0.0,0.0,2997.015043,1604.466957,578.552256
2020-01-24 13:00:00,0.0,43.4,0.0,0.0,1479.0,0.0,0.0,2950.098145,1769.047855,571.514722
2020-01-24 14:00:00,0.0,44.4,0.0,0.0,1478.0,0.0,0.0,2903.617441,1584.784559,564.692616
2020-01-24 15:00:00,0.0,65.4,0.0,0.0,1477.0,0.0,0.0,2871.194256,1147.359744,559.979138
2020-01-24 16:00:00,0.0,400.0,0.0,20.135119,1460.0,0.0,0.0,2296.050988,1178.129012,552.757648
2020-01-24 17:00:00,148.010116,400.0,14.980658,75.545362,1839.389884,0.0,0.0,2439.49915,283.33285,607.81639
2020-01-24 18:00:00,279.589439,400.0,14.985955,74.762577,1767.372237,0.0,0.0,2531.971861,273.146139,634.289944
2020-01-24 19:00:00,276.630876,400.0,14.999127,20.234035,1707.477123,0.0,0.0,2526.956533,223.615467,633.521911
2020-01-24 20:00:00,400.0,400.0,18.926085,20.234035,1327.637906,0.0,0.0,2396.26913,281.96087,617.644684
2020-01-24 21:00:00,400.0,400.0,18.52187,18.926085,1366.519998,0.0,0.0,2268.757799,154.408201,592.68567
2020-01-24 22:00:00,305.859482,328.036148,14.982507,14.978232,1528.54052,0.0,0.0,2234.748,0.0,563.281122
2020-01-24 23:00:00,398.0,302.623457,14.981951,14.9805,1444.0,0.0,0.0,1917.869859,8.498141,528.430479
2020-01-25 00:00:00,400.0,395.31458,17.392886,16.962852,1179.730335,0.0,0.0,1825.381607,63.016393,500.947691
2020-01-25 01:00:00,398.0,400.0,14.978232,19.533879,1233.10702,0.0,0.0,1808.85694,17.28106,490.462488
2020-01-25 02:00:00,398.0,388.636696,14.978232,17.38235,1240.184998,0.0,0.0,1767.347018,67.562982,483.174303
2020-01-25 03:00:00,130.832343,400.0,14.978232,38.820686,1474.567657,0.0,0.0,1980.318709,33.813291,479.962658
2020-01-25 04:00:00,248.364396,400.0,14.978232,19.68943,1359.035604,0.0,0.0,1913.335743,135.000257,487.245021
2020-01-25 05:00:00,292.101515,400.0,14.980658,28.528695,1318.298485,0.0,0.0,1966.389491,206.142509,501.313651
2020-01-25 06:00:00,400.0,400.0,20.234035,21.942045,873.733862,0.0,0.0,2039.297788,296.666212,525.684589
2020-01-25 07:00:00,400.0,41.4,20.234035,0.0,712.958634,0.0,0.0,2285.095438,344.652562,536.720521
2020-01-25 08:00:00,0.0,43.4,-0.0,0.0,1319.0,0.0,0.0,2893.985458,728.634542,542.097819
2020-01-25 09:00:00,0.0,43.4,-0.0,0.0,1312.0,0.0,0.0,2969.997519,1085.418481,554.549628
2020-01-25 10:00:00,0.0,43.4,-0.0,0.0,1329.0,0.0,0.0,2967.326781,1510.757219,551.599017
2020-01-25 11:00:00,0.0,43.4,-0.0,0.0,1330.0,0.0,0.0,2938.072251,1809.745749,547.060838
2020-01-25 12:00:00,0.0,33.4,-0.0,0.0,1330.0,0.0,0.0,2871.721912,1943.916088,537.108287
2020-01-25 13:00:00,0.0,33.4,-0.0,0.0,1329.0,0.0,0.0,2791.452767,1987.801233,525.217915
2020-01-25 14:00:00,0.0,30.4,-0.0,0.0,1329.0,0.0,0.0,2721.471666,1848.808334,514.72075
2020-01-25 15:00:00,0.0,31.4,0.0,0.0,1330.0,0.0,0.0,2687.251812,1455.600188,509.437772
2020-01-25 16:00:00,0.0,33.4,0.0,14.270227,1309.0,0.0,0.0,2489.522899,1072.937101,508.428435
2020-01-25 17:00:00,65.612838,400.0,14.980658,74.9512,1401.787162,0.0,0.0,2580.916903,296.899097,562.369461
2020-01-25 18:00:00,398.0,400.0,14.992899,72.118409,1270.386492,0.0,0.0,2610.441489,292.598511,599.10825
2020-01-25 19:00:00,400.0,400.0,17.964331,25.589836,1125.40416,0.0,0.0,2604.768573,280.699427,605.754662
2020-01-25 20:00:00,400.0,400.0,16.247117,26.582432,1072.943273,0.0,0.0,2516.424716,269.989284,592.122216
2020-01-25 21:00:00,400.0,400.0,18.926085,20.547985,986.534578,0.0,0.0,2411.745249,295.474751,572.881601
2020-01-25 22:00:00,400.0,361.612411,16.009203,15.0,1096.91848,0.0,0.0,2371.076522,308.093478,550.223706
2020-01-25 23:00:00,238.877827,258.513789,14.993319,14.999122,1271.522173,0.0,0.0,2360.676005,275.125995,522.473075
2020-01-26 00:00:00,334.436136,338.47242,14.978232,14.975624,991.963864,0.0,0.0,2293.695831,334.402169,501.109795
2020-01-26 01:00:00,240.065631,261.34605,14.978232,14.975624,1087.334369,0.0,0.0,2283.314509,336.885491,485.247021
2020-01-26 02:00:00,176.973419,153.971011,14.978232,14.975624,1150.426581,0.0,0.0,2295.828971,331.839029,477.660358
2020-01-26 03:00:00,95.896217,190.062368,14.978232,14.975624,1231.503783,0.0,0.0,2375.364084,328.151916,477.429045
2020-01-26 04:00:00,125.373869,250.659326,14.978232,14.975624,1202.026131,0.0,0.0,2360.153775,301.748225,479.569147
2020-01-26 05:00:00,216.917931,377.683232,14.978232,18.514631,1109.482069,0.0,0.0,2345.823174,199.794826,491.301166
2020-01-26 06:00:00,317.064226,400.0,14.978232,32.262303,1003.335774,0.0,0.0,2355.515742,38.736258,508.676995
2020-01-26 07:00:00,162.551517,75.4,14.978232,-0.0,1156.848483,0.0,0.0,2538.49597,124.58203,513.097123
2020-01-26 08:00:00,0.0,88.4,0.0,-0.0,1328.0,0.0,0.0,2713.176619,878.355381,513.626493
2020-01-26 09:00:00,0.0,64.4,-0.0,-0.0,1327.0,0.0,0.0,2756.489012,1308.592988,520.273352
2020-01-26 10:00:00,0.0,85.4,0.0,-0.0,1315.0,0.0,0.0,2726.979132,1091.836868,517.64687
2020-01-26 11:00:00,0.0,83.4,0.0,-0.0,1312.0,0.0,0.0,2687.028737,871.173263,512.104311
2020-01-26 12:00:00,0.0,82.4,0.0,-0.0,1313.0,0.0,0.0,2648.77031,1086.74369,506.215547
2020-01-26 13:00:00,0.0,80.4,0.0,-0.0,1311.0,0.0,0.0,2606.046264,621.171736,500.10694
2020-01-26 14:00:00,0.0,75.4,0.0,-0.0,1313.0,0.0,0.0,2575.274203,394.595797,495.19113
2020-01-26 15:00:00,0.0,82.4,0.0,-0.0,1311.0,0.0,0.0,2565.230124,332.241876,493.984519
2020-01-26 16:00:00,0.0,83.4,0.0,14.979622,1311.0,0.0,0.0,2054.206306,392.895694,495.930946
2020-01-26 17:00:00,400.0,400.0,20.846138,82.68913,1027.575903,0.0,0.0,1365.06,0.0,556.272615
2020-01-26 18:00:00,400.0,400.0,22.516066,73.069973,878.575479,0.0,0.0,1475.08,0.0,595.575678
2020-01-26 19:00:00,400.0,400.0,75.557295,22.73825,498.505967,0.0,296.98687,1675.571542,99.038458,605.409836
2020-01-26 20:00:00,400.0,400.0,75.433611,22.708338,547.149347,0.0,231.924604,1824.562351,93.701649,592.561951
2020-01-26 21:00:00,400.0,348.920522,59.163771,20.42044,753.676575,0.0,0.0,1965.993743,198.572257,571.397575
2020-01-26 22:00:00,217.008442,69.466737,14.975624,14.978232,1345.991559,0.0,0.0,2321.742128,125.039872,535.912585
2020-01-26 23:00:00,0.0,41.298769,0.0,14.978232,1613.0,0.0,0.0,2379.665283,245.016717,504.549792
2020-01-27 00:00:00,34.871286,87.449116,14.992154,14.978232,1396.128714,0.0,0.0,2377.79922,280.96678,483.550576
2020-01-27 01:00:00,0.0,41.0,0.0,0.0,1431.0,0.0,0.0,2337.062214,324.017786,472.209332
2020-01-27 02:00:00,0.0,41.0,0.0,0.0,1432.0,0.0,0.0,2312.92824,392.06976,468.439236
2020-01-27 03:00:00,0.0,112.470401,0.0,14.989473,1431.0,0.0,0.0,2333.274246,272.325754,471.641137
2020-01-27 04:00:00,26.854729,276.383485,14.990398,14.989846,1372.145271,0.0,0.0,2358.380362,317.049638,484.235264
2020-01-27 05:00:00,249.309454,400.0,14.990398,26.408525,1147.690546,0.0,0.0,2344.609553,337.628447,520.337851
2020-01-27 06:00:00,400.0,350.963457,16.95017,74.060266,871.678291,0.0,0.0,2357.045192,294.666808,581.305035
2020-01-27 07:00:00,400.0,43.7,17.773569,0.0,883.880358,0.0,0.0,2563.808113,293.805887,599.689163
2020-01-27 08:00:00,0.0,48.7,0.0,0.0,1280.0,0.0,0.0,3282.845983,517.670017,594.876897
2020-01-27 09:00:00,0.0,48.7,0.0,0.0,1281.0,0.0,0.0,3284.643003,1061.726997,594.99645
2020-01-27 10:00:00,0.0,48.7,0.0,0.0,1282.0,0.0,0.0,3262.233787,1369.518213,591.485068
2020-01-27 11:00:00,0.0,48.7,0.0,0.0,1282.0,0.0,0.0,3247.875661,1504.142339,589.331349
2020-01-27 12:00:00,0.0,38.7,0.0,0.0,1282.0,0.0,0.0,3201.552863,1591.399137,582.382929
2020-01-27 13:00:00,0.0,38.7,0.0,0.0,1280.0,0.0,0.0,3222.42945,1577.13255,585.814417
2020-01-27 14:00:00,0.0,35.7,0.0,0.0,1281.0,0.0,0.0,3019.132754,1670.755246,555.169913
2020-01-27 15:00:00,0.0,36.7,0.0,0.0,1280.0,0.0,0.0,3145.426414,1261.069586,574.263962
2020-01-27 16:00:00,0.0,186.191221,0.0,14.978087,1282.0,0.0,0.0,2749.03299,1137.10101,565.504948
2020-01-27 17:00:00,301.70002,400.0,14.978232,74.332639,1307.99998,0.0,0.0,2623.218561,288.911439,615.632787
2020-01-27 18:00:00,400.0,400.0,20.42044,73.839965,1241.512604,0.0,0.0,2594.685614,279.782386,651.025952
2020-01-27 19:00:00,400.0,400.0,21.122752,31.677343,968.905655,0.0,0.0,2535.86447,281.13753,652.493822
2020-01-27 20:00:00,400.0,400.0,20.526636,23.55739,1013.653005,0.0,0.0,2552.0192,301.4428,631.704929
2020-01-27 21:00:00,398.0,400.0,14.983058,20.526636,1212.715148,0.0,0.0,2553.348168,289.453832,593.794953
2020-01-27 22:00:00,278.84031,246.492113,14.985072,14.985154,1127.574764,0.0,0.0,2547.113934,306.016066,553.130876
2020-01-27 23:00:00,0.0,78.930853,13.352779,10.46754,1387.630408,0.0,0.0,2509.964169,301.535831,508.550064
2020-01-28 00:00:00,0.0,35.7,0.0,14.978232,1419.0,0.0,0.0,2363.410852,344.935148,481.861628
2020-01-28 01:00:00,0.0,35.7,0.0,-0.0,1420.0,0.0,0.0,2275.776227,363.125773,468.566434
2020-01-28 02:00:00,0.0,35.7,0.0,-0.0,1420.0,0.0,0.0,2257.293218,472.004782,465.793983
2020-01-28 03:00:00,0.0,35.7,0.0,14.992899,1420.0,0.0,0.0,2255.780234,469.921766,465.567035
2020-01-28 04:00:00,0.0,46.768872,0.0,14.997828,1419.0,0.0,0.0,2303.541285,401.626715,472.881193
2020-01-28 05:00:00,87.605948,350.766987,14.997828,21.547152,1293.094052,0.0,0.0,2409.131019,290.568981,507.605545
2020-01-28 06:00:00,253.468542,400.0,14.997828,74.762577,1125.231458,0.0,0.0,2436.183282,269.654718,546.442774
2020-01-28 07:00:00,269.519963,46.7,68.897293,-0.0,674.026587,0.0,95.108895,2539.563134,220.938866,566.780482
2020-01-28 08:00:00,0.0,65.7,14.762624,-0.0,1204.397732,0.0,0.0,3237.530674,318.185326,591.919941
2020-01-28 09:00:00,0.0,88.7,-0.0,-0.0,1207.0,0.0,0.0,3067.690431,964.613569,566.053565
2020-01-28 10:00:00,0.0,93.7,0.0,-0.0,1218.0,0.0,0.0,3148.472215,1180.455785,576.520832
2020-01-28 11:00:00,0.0,87.7,0.0,-0.0,1213.0,0.0,0.0,3135.711792,1157.390208,575.356769
2020-01-28 12:00:00,0.0,84.7,0.0,-0.0,1212.0,0.0,0.0,3115.252525,1239.379475,572.437879
2020-01-28 13:00:00,0.0,86.7,0.0,-0.0,1210.0,0.0,0.0,3098.201643,1130.420357,570.180246
2020-01-28 14:00:00,0.0,84.7,0.0,-0.0,1207.0,0.0,0.0,3028.584884,839.433116,560.187733
2020-01-28 15:00:00,0.0,87.7,0.0,-0.0,1207.0,0.0,0.0,2659.369752,981.668248,555.805463
2020-01-28 16:00:00,0.0,400.0,0.0,22.771858,1578.0,0.0,0.0,2281.542154,700.385846,549.981323
2020-01-28 17:00:00,400.0,400.0,21.905537,76.755559,1186.873141,0.0,0.0,1744.825111,180.072889,598.642795
2020-01-28 18:00:00,400.0,400.0,23.20063,37.083974,992.845946,0.0,0.0,1735.781636,191.756364,627.890354
2020-01-28 19:00:00,400.0,400.0,22.709794,80.530112,1116.635701,0.0,0.0,1671.576535,231.763465,633.891125
2020-01-28 20:00:00,400.0,316.726425,20.234035,17.302293,1654.743486,0.0,0.0,2004.621525,255.114475,613.181706
2020-01-28 21:00:00,340.028985,247.782375,14.971005,14.979622,1604.971015,0.0,0.0,2215.111602,328.184398,579.321088
2020-01-28 22:00:00,0.0,75.0,0.0,14.979622,1950.0,0.0,0.0,2285.596862,382.471138,538.139529
2020-01-28 23:00:00,120.936993,41.0,14.975624,0.037436,1461.063007,0.0,0.0,2254.656289,335.175711,500.338992
2020-01-29 00:00:00,0.0,119.747647,0.0,14.975624,1398.0,0.0,0.0,2401.041203,360.858797,478.50618
2020-01-29 01:00:00,0.0,41.0,0.0,-0.0,1399.0,0.0,0.0,2343.058114,340.439886,469.658717
2020-01-29 02:00:00,0.0,41.0,0.0,-0.0,1399.0,0.0,0.0,2307.983786,399.148215,464.397568
2020-01-29 03:00:00,0.0,53.468911,0.0,14.975624,1399.0,0.0,0.0,2316.171244,392.078756,465.625687
2020-01-29 04:00:00,30.91738,196.984598,14.975624,14.975624,1367.08262,0.0,0.0,2360.477798,322.168202,477.059277
2020-01-29 05:00:00,228.738466,400.0,14.975624,20.037323,1168.261534,0.0,0.0,2357.30554,326.99246,506.406601
2020-01-29 06:00:00,400.0,400.0,20.234035,74.060266,916.61269,0.0,0.0,2377.091588,329.646412,551.921835
2020-01-29 07:00:00,400.0,49.0,20.42044,-0.0,874.407223,0.0,0.0,2525.207347,341.582653,575.670019
2020-01-29 08:00:00,0.0,54.0,-0.0,-0.0,1377.0,0.0,0.0,3028.694319,634.183681,575.804148
2020-01-29 09:00:00,0.0,54.0,-0.0,-0.0,1371.0,0.0,0.0,3051.196788,1043.673212,580.079518
2020-01-29 10:00:00,0.0,54.0,-0.0,-0.0,1388.0,0.0,0.0,3097.088961,1380.095039,584.413344
2020-01-29 11:00:00,0.0,54.0,-0.0,-0.0,1388.0,0.0,0.0,3089.009862,1697.574138,583.201479
2020-01-29 12:00:00,0.0,44.0,-0.0,-0.0,1388.0,0.0,0.0,3063.234423,1821.555577,579.335163
2020-01-29 13:00:00,0.0,44.0,-0.0,-0.0,1386.0,0.0,0.0,3059.743965,1866.638035,579.111595
2020-01-29 14:00:00,0.0,41.0,-0.0,-0.0,1386.0,0.0,0.0,3030.526044,1734.671956,574.728907
2020-01-29 15:00:00,0.0,42.0,0.0,-0.0,1387.0,0.0,0.0,3009.561098,1487.378902,571.434165
2020-01-29 16:00:00,0.0,146.740248,0.0,14.987457,1388.0,0.0,0.0,2785.120298,1150.075702,563.118045
2020-01-29 17:00:00,235.188325,400.0,14.978232,55.165874,1300.811675,0.0,0.0,2620.873628,273.530372,608.109293
2020-01-29 18:00:00,400.0,400.0,20.42044,71.34749,1169.864884,0.0,0.0,2472.882893,289.817107,638.252701
2020-01-29 19:00:00,400.0,400.0,20.547985,51.557639,1152.050279,0.0,0.0,2513.474056,288.825944,647.013567
2020-01-29 20:00:00,400.0,400.0,20.42044,24.610685,1174.826842,0.0,0.0,2441.984749,118.853251,624.623686
2020-01-29 21:00:00,400.0,400.0,20.419098,18.239848,833.428894,0.0,0.0,2242.902,0.0,592.720966
2020-01-29 22:00:00,400.0,284.242782,15.731586,14.9805,1170.342276,0.0,0.0,2290.02,0.0,549.251659
2020-01-29 23:00:00,104.977466,130.895652,14.978232,14.975624,1428.022534,0.0,0.0,2295.768199,59.933801,511.46185
2020-01-30 00:00:00,0.0,45.0,0.0,13.910015,1583.0,0.0,0.0,2267.818618,314.381382,484.022793
2020-01-30 01:00:00,0.0,10.088583,13.352779,0.0,1387.026704,0.0,0.0,2346.901663,306.696337,472.031244
2020-01-30 02:00:00,0.0,35.672291,0.0,4.106556,1399.0,0.0,0.0,2327.340455,326.231545,467.301068
2020-01-30 03:00:00,0.0,147.073859,13.352779,14.978232,1373.489004,0.0,0.0,2312.681454,296.880546,468.928867
2020-01-30 04:00:00,11.313303,235.188218,14.983637,14.978232,1345.686697,0.0,0.0,2350.828919,292.201081,478.821333
2020-01-30 05:00:00,306.889371,400.0,14.985902,19.958349,1085.328173,0.0,0.0,2313.046706,298.853294,512.20778
2020-01-30 06:00:00,400.0,400.0,18.239848,74.332639,912.136504,0.0,0.0,2366.721563,291.326437,562.737759
2020-01-30 07:00:00,400.0,49.0,20.42044,0.0,804.136513,0.0,0.0,2449.174423,299.477577,583.055687
2020-01-30 08:00:00,9.906236,54.0,14.989549,0.0,1180.95909,0.0,0.0,3156.100623,325.415377,579.32123
2020-01-30 09:00:00,0.0,54.0,0.0,0.0,1203.0,0.0,0.0,3189.695839,512.058161,581.054376
2020-01-30 10:00:00,0.0,61.0,0.0,0.0,1231.0,0.0,0.0,3215.40654,933.60346,580.710981
2020-01-30 11:00:00,0.0,64.0,0.0,0.0,1213.0,0.0,0.0,3201.954194,891.027806,581.393129
2020-01-30 12:00:00,0.0,94.0,0.0,0.0,1217.0,0.0,0.0,3191.276576,981.269424,579.191486
2020-01-30 13:00:00,0.0,94.0,0.0,0.0,1234.0,0.0,0.0,3204.402944,1279.251056,578.610442
2020-01-30 14:00:00,0.0,93.0,0.0,0.0,1221.0,0.0,0.0,3181.525235,1083.036765,577.128785
2020-01-30 15:00:00,0.0,88.0,0.0,14.979622,1216.0,0.0,0.0,2492.388029,1458.401971,572.008204
2020-01-30 16:00:00,0.0,400.0,0.0,76.40548,1981.0,0.0,0.0,2294.312799,1238.949201,564.49692
2020-01-30 17:00:00,147.579286,400.0,14.978232,27.72216,1890.120714,0.0,0.0,2539.420215,219.447785,612.344925
2020-01-30 18:00:00,400.0,400.0,19.533879,72.96816,1568.867785,0.0,0.0,2414.845046,260.176954,645.446589
2020-01-30 19:00:00,400.0,400.0,20.526636,24.541679,1322.817894,0.0,0.0,2291.538265,292.941735,652.008056
2020-01-30 20:00:00,400.0,400.0,20.234035,21.122752,1463.160395,0.0,0.0,2303.167244,257.520756,624.451027
2020-01-30 21:00:00,269.126913,400.0,14.978232,19.958349,1702.573087,0.0,0.0,2298.499083,256.598917,587.838899
2020-01-30 22:00:00,52.773073,319.201294,14.978232,14.975624,1919.926927,0.0,0.0,2225.806442,278.561558,544.331927
2020-01-30 23:00:00,20.548637,309.45462,14.980658,14.975624,1586.151363,0.0,0.0,2343.448025,303.081975,505.544499
2020-01-31 00:00:00,0.0,56.7,0.0,-0.0,1654.0,0.0,0.0,2230.327403,302.762597,478.39911
2020-01-31 01:00:00,0.0,159.172938,0.0,14.981951,1643.0,0.0,0.0,2127.761691,46.318309,464.664254
2020-01-31 02:00:00,0.0,157.043284,0.0,14.978232,1655.0,0.0,0.0,2100.727723,447.792277,458.809158
2020-01-31 03:00:00,0.0,311.146488,0.0,14.981951,1653.0,0.0,0.0,2116.931514,359.846486,461.539727
2020-01-31 04:00:00,0.0,400.0,0.0,19.68943,1644.0,0.0,0.0,2171.758898,48.743102,471.113835
2020-01-31 05:00:00,0.0,400.0,0.0,26.490213,1640.0,0.0,0.0,2000.05674,127.26326,496.958511
2020-01-31 06:00:00,400.0,400.0,18.573789,73.657594,1510.814692,0.0,0.0,1751.848,0.0,547.804996
2020-01-31 07:00:00,400.0,400.0,21.287879,20.400003,1044.711745,0.0,0.0,1495.832,0.0,566.118038
2020-01-31 08:00:00,400.0,88.7,19.983547,3.783729,1216.027758,0.0,0.0,1673.084,0.0,567.008436
2020-01-31 09:00:00,400.0,82.7,19.68943,-0.0,1337.23558,0.0,0.0,1853.416,0.0,575.877063
2020-01-31 10:00:00,400.0,171.391446,18.463561,14.981951,1541.316977,0.0,0.0,2104.57,0.0,582.937953
2020-01-31 11:00:00,334.102329,226.587668,14.982507,14.981951,1680.597671,0.0,0.0,2272.266,0.0,587.200249
2020-01-31 12:00:00,242.68494,235.816482,14.982507,14.981951,1772.01506,0.0,0.0,2349.468,0.0,585.067941
2020-01-31 13:00:00,130.293248,400.0,14.981951,18.463561,1877.406752,0.0,0.0,2461.35,0.0,586.041487
2020-01-31 14:00:00,0.0,400.0,0.0,19.430296,1998.0,0.0,0.0,2568.158688,220.919312,583.973803
2020-01-31 15:00:00,0.0,400.0,0.0,20.400003,1995.0,0.0,0.0,2199.58304,583.37896,580.137456
2020-01-31 16:00:00,0.0,400.0,0.0,23.38944,2364.0,0.0,0.0,1954.615167,427.714833,569.042275
2020-01-31 17:00:00,400.0,400.0,19.034775,80.530112,1977.087011,0.0,0.0,1569.89,0.0,604.320448
2020-01-31 18:00:00,400.0,400.0,18.861019,68.237226,2021.457506,0.0,0.0,1797.816,0.0,624.653774
2020-01-31 19:00:00,400.0,400.0,21.905537,22.492854,1176.372571,0.0,0.0,2054.148696,32.049304,630.116419
2020-01-31 20:00:00,400.0,400.0,20.42044,24.101017,1449.019587,0.0,0.0,2125.030331,137.291669,599.851612
2020-01-31 21:00:00,194.757571,400.0,14.975624,20.400003,1818.94243,0.0,0.0,2318.020517,230.397483,573.311713
2020-01-31 22:00:00,66.148665,400.0,14.975624,19.430296,1949.551335,0.0,0.0,2225.782443,336.055557,539.884666
2020-01-31 23:00:00,176.577633,360.748705,14.975624,14.9805,1471.122368,0.0,0.0,2238.639115,341.728885,507.077512
2020-02-01 00:00:00,400.0,400.0,18.52187,21.09953,830.346705,0.0,0.0,2081.415108,286.884892,477.16026
2020-02-01 01:00:00,273.994151,343.128767,14.975624,14.975368,880.005849,0.0,0.0,2207.022137,342.409863,458.852443
2020-02-01 02:00:00,266.677308,213.921109,14.975624,14.975624,887.322692,0.0,0.0,2161.498097,363.939903,450.926311
2020-02-01 03:00:00,238.368032,340.889989,14.975624,14.979622,916.631968,0.0,0.0,2168.111011,352.650989,447.521856
2020-02-01 04:00:00,156.003571,266.809096,14.975624,14.975368,997.996429,0.0,0.0,2256.292193,348.109807,448.544365
2020-02-01 05:00:00,221.089732,325.227345,14.975624,14.975624,932.910268,0.0,0.0,2276.846601,350.043399,461.39045
2020-02-01 06:00:00,300.625298,400.0,14.975624,29.005762,852.374702,0.0,0.0,2314.870505,344.575495,481.57437
2020-02-01 07:00:00,314.573373,49.0,14.975368,0.0,830.426627,0.0,0.0,2395.593504,343.536496,494.575032
2020-02-01 08:00:00,0.0,54.0,0.0,0.0,1120.0,0.0,0.0,2750.388512,706.295488,504.358277
2020-02-01 09:00:00,0.0,54.0,-0.0,0.0,1112.0,0.0,0.0,2863.633235,1046.214765,522.544985
2020-02-01 10:00:00,0.0,54.0,-0.0,0.0,1123.0,0.0,0.0,2909.812304,937.755696,527.821846
2020-02-01 11:00:00,0.0,58.0,0.0,0.0,1127.0,0.0,0.0,2906.896096,1280.593904,526.784414
2020-02-01 12:00:00,0.0,82.0,0.0,0.0,1146.0,0.0,0.0,2897.392318,1520.087682,522.508848
2020-02-01 13:00:00,0.0,44.0,-0.0,0.0,1144.0,0.0,0.0,2863.723307,1832.846693,517.758496
2020-02-01 14:00:00,0.0,41.0,-0.0,0.0,1143.0,0.0,0.0,2812.187327,1551.626673,510.178099
2020-02-01 15:00:00,0.0,42.0,0.0,0.0,1127.0,0.0,0.0,2774.702204,475.895796,506.955331
2020-02-01 16:00:00,198.740279,171.112336,14.977625,14.979622,911.259721,0.0,0.0,2365.262,0.0,503.400342
2020-02-01 17:00:00,400.0,400.0,500.0,22.947057,0.0,184.443381,649.488007,1145.93,0.0,547.406007
2020-02-01 18:00:00,400.0,400.0,500.0,71.115671,0.0,440.027319,753.780598,811.75,0.0,577.316598
2020-02-01 19:00:00,400.0,400.0,500.0,30.145755,0.0,571.206364,759.976955,748.32,0.0,587.478955
2020-02-01 20:00:00,400.0,400.0,500.0,71.843654,0.0,311.102546,653.930382,765.72,0.0,558.273382
2020-02-01 21:00:00,400.0,400.0,500.0,21.138673,0.0,372.592134,708.93132,718.37,0.0,544.94432
2020-02-01 22:00:00,400.0,354.465236,155.750444,19.531684,33.728941,0.0,650.796418,950.198,0.0,518.770359
2020-02-01 23:00:00,400.0,246.103499,78.389212,14.978232,234.500734,0.0,419.454136,970.0132,247.5568,491.62687
2020-02-02 00:00:00,400.0,258.611767,78.389212,14.975624,245.273068,0.0,378.569879,1076.478043,173.621957,467.368946
2020-02-02 01:00:00,400.0,263.190704,74.762577,20.234035,519.232343,0.0,86.337916,1346.507401,197.322599,452.141259
2020-02-02 02:00:00,400.0,400.0,74.332639,19.530413,532.361741,0.0,54.736481,1544.180557,285.889443,442.580222
2020-02-02 03:00:00,400.0,323.666759,74.762577,14.975624,519.972827,0.0,69.225563,1599.302098,322.829902,438.499391
2020-02-02 04:00:00,400.0,339.431455,74.332639,14.975624,533.556231,0.0,55.719967,1613.324219,133.813781,438.565198
2020-02-02 05:00:00,400.0,331.532466,20.234035,14.975624,719.107714,0.0,0.0,1839.58018,55.31982,444.67087
2020-02-02 06:00:00,400.0,377.053837,20.547985,14.975368,634.077198,0.0,0.0,1829.266377,150.165623,455.878377
2020-02-02 07:00:00,141.713358,65.0,14.972727,0.0,1013.286642,0.0,0.0,2243.45,0.0,461.124504
2020-02-02 08:00:00,0.0,77.0,0.0,0.0,1174.0,0.0,0.0,2480.33746,477.11454,472.550619
2020-02-02 09:00:00,0.0,95.0,0.0,0.0,1174.0,0.0,0.0,2597.539188,790.038812,491.330878
2020-02-02 10:00:00,0.0,99.0,0.0,0.0,1174.0,0.0,0.0,2656.412094,874.677906,500.161814
2020-02-02 11:00:00,0.0,94.0,0.0,0.0,1187.0,0.0,0.0,2706.531525,970.148475,505.729729
2020-02-02 12:00:00,0.0,92.0,0.0,0.0,1201.0,0.0,0.0,2724.083675,954.500325,506.262551
2020-02-02 13:00:00,0.0,84.0,0.0,0.0,1199.0,0.0,0.0,2731.24214,949.36786,507.636321
2020-02-02 14:00:00,0.0,400.0,0.0,20.690756,1186.0,0.0,0.0,2659.8591,720.9549,503.678865
2020-02-02 15:00:00,0.0,400.0,0.0,19.68943,1264.0,0.0,0.0,2275.27088,578.41512,501.640632
2020-02-02 16:00:00,0.0,400.0,0.0,24.675612,1684.0,0.0,0.0,1535.499884,505.584116,492.074983
2020-02-02 17:00:00,400.0,400.0,19.034775,28.236798,1802.329846,0.0,0.0,1145.58,0.0,526.837523
2020-02-02 18:00:00,400.0,400.0,20.419098,70.145367,1568.676545,0.0,0.0,1117.89,0.0,557.732018
2020-02-02 19:00:00,400.0,400.0,22.732362,75.47393,1307.8004,0.0,0.0,993.48,0.0,580.60194
2020-02-02 20:00:00,400.0,400.0,23.069973,26.429316,1131.146125,0.0,0.0,813.984,0.0,569.525681
2020-02-02 21:00:00,400.0,400.0,23.128644,23.069973,1113.28271,0.0,0.0,649.23,0.0,547.492094
2020-02-02 22:00:00,400.0,400.0,23.069973,22.492854,1158.47527,0.0,0.0,463.802,0.0,512.899009
2020-02-02 23:00:00,400.0,400.0,76.324557,21.287879,475.43054,0.0,141.259679,291.932,0.0,483.075219
2020-02-03 00:00:00,400.0,400.0,76.324557,16.961401,511.748347,0.0,72.301701,174.702,0.0,460.043048
2020-02-03 01:00:00,400.0,237.038792,24.617414,14.9805,644.121268,0.0,0.0,229.768,0.0,448.44701
2020-02-03 02:00:00,400.0,120.203967,23.657594,14.9805,661.215269,0.0,0.0,212.378,0.0,443.27441
2020-02-03 03:00:00,400.0,200.531203,23.206766,14.9805,704.388716,0.0,0.0,258.62,0.0,443.734693
2020-02-03 04:00:00,400.0,400.0,24.617414,16.961401,641.774059,0.0,0.0,261.116,0.0,453.501291
2020-02-03 05:00:00,400.0,400.0,76.790897,21.287879,431.591028,0.0,188.857518,285.648,0.0,488.708546
2020-02-03 06:00:00,400.0,400.0,133.035526,73.128644,88.528452,0.0,561.05508,316.872,0.0,549.651532
2020-02-03 07:00:00,400.0,198.417581,500.0,18.06856,0.0,2.92306,733.506959,390.33,0.0,569.587959
2020-02-03 08:00:00,400.0,85.4,74.617414,3.722765,511.279765,0.0,230.54877,1149.17,0.0,569.023535
2020-02-03 09:00:00,400.0,86.4,22.732362,0.0,822.287303,0.0,0.0,1603.23,0.0,574.491405
2020-02-03 10:00:00,400.0,79.4,18.072542,0.0,1391.729254,0.0,0.0,2190.278,0.0,577.132312
2020-02-03 11:00:00,240.784348,54.4,14.981951,0.0,1607.615653,0.0,0.0,2424.922,0.0,579.945952
2020-02-03 12:00:00,250.900803,58.4,14.981951,0.0,1598.499198,0.0,0.0,2389.57,0.0,576.01062
2020-02-03 13:00:00,400.0,66.4,18.072542,14.9805,1417.236576,0.0,0.0,2212.71,0.0,576.671014
2020-02-03 14:00:00,357.565736,400.0,14.981951,18.072542,1486.834264,0.0,0.0,2279.15,0.0,576.19736
2020-02-03 15:00:00,400.0,400.0,18.573789,21.116714,1369.510165,0.0,0.0,2134.29,0.0,572.066975
2020-02-03 16:00:00,108.587935,400.0,14.981951,24.550425,1733.812066,0.0,0.0,1621.868,0.0,563.55839
2020-02-03 17:00:00,400.0,400.0,22.732362,30.452129,1493.868064,0.0,0.0,738.564,0.0,609.55439
2020-02-03 18:00:00,400.0,400.0,23.128644,76.790897,1348.10298,0.0,0.0,738.566,0.0,641.019453
2020-02-03 19:00:00,400.0,400.0,23.437807,69.512743,1196.552416,0.0,0.0,683.772,0.0,648.932938
2020-02-03 20:00:00,400.0,400.0,23.437807,26.429316,1232.801585,0.0,0.0,565.228,0.0,622.713962
2020-02-03 21:00:00,400.0,400.0,26.324557,25.9087,889.234979,0.0,0.0,362.828,0.0,590.638953
2020-02-03 22:00:00,400.0,400.0,23.437807,23.128644,1123.002533,0.0,0.0,290.27,0.0,544.69012
2020-02-03 23:00:00,400.0,400.0,22.732362,22.732362,1314.942744,0.0,0.0,212.482,0.0,504.230888
2020-02-04 00:00:00,400.0,400.0,21.647258,22.516066,1520.05026,0.0,0.0,232.596,0.0,476.481861
2020-02-04 01:00:00,400.0,400.0,20.846138,21.287879,1654.214008,0.0,0.0,257.352,0.0,460.070699
2020-02-04 02:00:00,400.0,400.0,20.400003,21.116714,1753.286006,0.0,0.0,327.298,0.0,455.701799
2020-02-04 03:00:00,400.0,400.0,19.983547,21.287879,1776.687017,0.0,0.0,342.884,0.0,454.529547
2020-02-04 04:00:00,400.0,400.0,20.419098,22.516066,1669.429281,0.0,0.0,302.046,0.0,464.492508
2020-02-04 05:00:00,400.0,400.0,22.576747,23.128644,1369.317541,0.0,0.0,257.6,0.0,502.842369
2020-02-04 06:00:00,400.0,400.0,24.617414,72.669862,1001.858645,0.0,0.0,277.16,0.0,563.295203
2020-02-04 07:00:00,400.0,400.0,24.617414,20.846138,997.314848,0.0,0.0,406.782,0.0,581.020073
2020-02-04 08:00:00,400.0,396.495712,20.419098,14.981951,1586.89123,0.0,0.0,1299.978,0.0,573.313016
2020-02-04 09:00:00,398.0,73.444859,14.981951,14.981951,2045.0,0.0,0.0,1791.707633,21.314367,578.356145
2020-02-04 10:00:00,101.892245,30.4,14.981951,0.0,2328.507755,0.0,0.0,2081.448,0.0,579.291037
2020-02-04 11:00:00,5.887412,6.4,14.981951,0.0,2424.512588,0.0,0.0,2199.99,0.0,582.671612
2020-02-04 12:00:00,0.0,6.4,0.0,0.0,2439.0,0.0,0.0,2209.803783,99.312217,581.970567
2020-02-04 13:00:00,0.0,111.906077,0.0,14.981951,2439.0,0.0,0.0,2210.737604,47.682396,582.110641
2020-02-04 14:00:00,27.002784,317.919731,14.981951,14.982507,2400.397216,0.0,0.0,2184.51,0.0,583.966918
2020-02-04 15:00:00,175.633648,400.0,14.981951,18.309966,2253.766352,0.0,0.0,1953.432,0.0,571.299847
2020-02-04 16:00:00,313.934055,400.0,14.981951,22.732362,2116.465945,0.0,0.0,1442.63,0.0,545.274608
2020-02-04 17:00:00,400.0,400.0,23.657594,76.504181,1059.7401,0.0,0.0,474.382,0.0,603.996285
2020-02-04 18:00:00,400.0,400.0,76.429316,59.574613,767.124166,0.0,46.403709,422.27,0.0,641.271875
2020-02-04 19:00:00,400.0,400.0,77.274563,25.891879,601.072951,0.0,225.927606,405.53,0.0,651.668557
2020-02-04 20:00:00,400.0,400.0,80.277405,24.41779,339.988394,0.0,448.470147,296.432,0.0,621.216541
2020-02-04 21:00:00,400.0,400.0,80.530112,22.317043,249.912933,0.0,492.811398,279.286,0.0,585.60433
2020-02-04 22:00:00,400.0,400.0,76.429316,20.846138,485.63756,0.0,204.514506,278.698,0.0,543.459066
2020-02-04 23:00:00,400.0,400.0,23.444698,19.983547,770.182018,0.0,0.0,282.68,0.0,501.374697
2020-02-05 00:00:00,400.0,400.0,73.657594,19.430296,578.525264,0.0,20.737847,243.866,0.0,471.05111
2020-02-05 01:00:00,400.0,400.0,75.758899,18.573789,340.761202,0.0,243.486717,272.134,0.0,457.70592
2020-02-05 02:00:00,400.0,347.930542,73.657594,14.9805,426.736367,0.0,151.924378,315.968,0.0,451.384745
2020-02-05 03:00:00,400.0,286.548638,73.437807,14.9805,485.131206,0.0,95.167313,372.348,0.0,451.082519
2020-02-05 04:00:00,400.0,400.0,23.069973,18.461554,630.487085,0.0,0.0,562.65,0.0,457.824437
2020-02-05 05:00:00,400.0,400.0,73.437807,20.400003,512.011274,0.0,133.629235,684.448,0.0,493.865509
2020-02-05 06:00:00,400.0,400.0,75.9087,54.23009,319.469243,0.0,383.796871,843.15,0.0,551.052114
2020-02-05 07:00:00,400.0,86.4,73.657594,3.980873,465.132732,0.0,302.966258,1064.146,0.0,569.25199
2020-02-05 08:00:00,400.0,89.4,19.68943,0.0,1285.465691,0.0,0.0,1864.282,0.0,566.222446
2020-02-05 09:00:00,248.242341,89.4,14.979622,0.0,1680.15766,0.0,0.0,2310.71,0.0,573.982851
2020-02-05 10:00:00,121.151431,87.4,14.9805,0.0,1828.24857,0.0,0.0,2507.262,0.0,581.252014
2020-02-05 11:00:00,239.30755,69.4,14.981951,0.0,1720.092451,0.0,0.0,2435.854,0.0,586.764232
2020-02-05 12:00:00,279.444636,148.663232,14.981951,14.9805,1681.955365,0.0,0.0,2421.65,0.0,590.354195
2020-02-05 13:00:00,398.0,379.326461,14.981951,16.962852,1578.0,0.0,0.0,2319.120778,10.433222,590.568117
2020-02-05 14:00:00,400.0,400.0,18.861019,19.68943,1426.570572,0.0,0.0,2181.752,0.0,592.677214
2020-02-05 15:00:00,400.0,400.0,19.983547,21.647258,1190.849886,0.0,0.0,1945.698,0.0,592.627217
2020-02-05 16:00:00,400.0,400.0,18.072542,26.903907,1528.947122,0.0,0.0,1502.632,0.0,581.952732
2020-02-05 17:00:00,400.0,400.0,23.206766,65.696318,1173.214731,0.0,0.0,593.266,0.0,620.10769
2020-02-05 18:00:00,400.0,400.0,22.513555,76.755559,1102.76617,0.0,0.0,598.262,0.0,645.974374
2020-02-05 19:00:00,400.0,400.0,25.9087,27.670862,897.862728,0.0,0.0,486.602,0.0,650.360891
2020-02-05 20:00:00,400.0,400.0,24.617414,26.438509,1003.632754,0.0,0.0,461.52,0.0,622.483087
2020-02-05 21:00:00,400.0,400.0,24.617414,23.128644,843.413108,0.0,0.0,392.52,0.0,582.916034
2020-02-05 22:00:00,400.0,400.0,23.069973,22.96816,1136.760304,0.0,0.0,387.05,0.0,538.093454
2020-02-05 23:00:00,400.0,400.0,21.647258,22.185841,1447.80508,0.0,0.0,420.862,0.0,496.508538
2020-02-06 00:00:00,400.0,400.0,22.492854,21.843654,958.578626,0.0,0.0,464.768,0.0,469.978406
2020-02-06 01:00:00,400.0,400.0,21.843654,21.116411,1021.572634,0.0,0.0,420.168,0.0,453.839305
2020-02-06 02:00:00,400.0,400.0,21.287879,19.983547,1135.106034,0.0,0.0,479.866,0.0,445.763995
2020-02-06 03:00:00,400.0,400.0,20.419098,20.42044,1283.832913,0.0,0.0,619.146,0.0,444.346963
2020-02-06 04:00:00,400.0,400.0,19.68943,20.547985,1458.785628,0.0,0.0,836.538,0.0,450.712856
2020-02-06 05:00:00,400.0,400.0,20.419098,22.656017,1275.66328,0.0,0.0,855.282,0.0,480.992808
2020-02-06 06:00:00,400.0,400.0,23.20063,45.781241,925.691365,0.0,0.0,830.694837,17.705163,532.200521
2020-02-06 07:00:00,400.0,400.0,23.20063,20.234035,907.47133,0.0,0.0,973.614122,44.763878,553.971419
2020-02-06 08:00:00,400.0,81.4,20.234035,14.975368,1463.910962,0.0,0.0,1847.335489,44.916511,555.048679
2020-02-06 09:00:00,125.562502,81.4,14.975368,0.0,1862.837498,0.0,0.0,2384.400049,36.347951,569.034383
2020-02-06 10:00:00,83.118181,75.4,14.9805,0.0,1911.281819,0.0,0.0,2524.12,0.0,582.725727
2020-02-06 11:00:00,0.0,70.4,0.0,0.0,2003.0,0.0,0.0,2664.940755,32.577245,590.091113
2020-02-06 12:00:00,0.0,66.4,0.0,0.0,2001.0,0.0,0.0,2732.918556,91.831444,600.587783
2020-02-06 13:00:00,0.0,67.4,0.0,0.765762,1997.0,0.0,0.0,2712.023521,196.444479,598.053528
2020-02-06 14:00:00,0.0,127.12225,0.0,14.9805,1996.0,0.0,0.0,2690.520742,171.749258,594.978111
2020-02-06 15:00:00,163.740829,400.0,14.9805,18.861019,1824.659172,0.0,0.0,2518.116,0.0,594.818524
2020-02-06 16:00:00,0.0,400.0,0.0,22.23556,2001.0,0.0,0.0,1945.191026,59.938974,584.428654
2020-02-06 17:00:00,400.0,400.0,22.656017,72.698328,1578.74127,0.0,0.0,995.899634,105.738366,616.373755
2020-02-06 18:00:00,400.0,400.0,23.20063,74.03941,1421.801463,0.0,0.0,1018.87311,78.19289,644.560747
2020-02-06 19:00:00,400.0,400.0,23.388687,26.700816,1371.204112,0.0,0.0,1016.963817,81.922183,650.663956
2020-02-06 20:00:00,400.0,400.0,23.069973,25.390092,1128.418197,0.0,0.0,920.802,0.0,619.40757
2020-02-06 21:00:00,400.0,400.0,23.437807,22.96816,850.728923,0.0,0.0,728.264,0.0,578.930262
2020-02-06 22:00:00,400.0,400.0,21.843654,21.905537,1200.667843,0.0,0.0,779.5,0.0,534.124824
2020-02-06 23:00:00,400.0,400.0,21.122752,19.68307,1535.480984,0.0,0.0,857.024899,136.737101,495.531587
2020-02-07 00:00:00,400.0,400.0,22.709794,21.368347,684.65615,0.0,0.0,898.585994,204.044006,469.639477
2020-02-07 01:00:00,400.0,400.0,20.526636,20.547985,1037.503698,0.0,0.0,1148.596194,296.465806,454.213874
2020-02-07 02:00:00,400.0,400.0,18.52187,19.533879,1337.05607,0.0,0.0,1398.327392,335.872608,446.740698
2020-02-07 03:00:00,213.072566,245.091078,14.978232,14.978232,1555.327434,0.0,0.0,1615.865539,297.582461,446.630716
2020-02-07 04:00:00,398.0,371.337485,14.978232,14.978232,1420.019776,0.0,0.0,1514.551535,340.880465,451.729764
2020-02-07 05:00:00,400.0,400.0,17.392886,20.526636,1341.123056,0.0,0.0,1639.522844,339.279156,482.309968
2020-02-07 06:00:00,400.0,400.0,20.234035,49.03232,1185.419037,0.0,0.0,1825.655744,271.896256,536.885506
2020-02-07 07:00:00,400.0,105.052995,21.122752,0.0,868.558602,0.0,0.0,1973.423353,287.846647,558.279713
2020-02-07 08:00:00,153.195877,88.4,14.975368,0.0,1494.204123,0.0,0.0,2569.91013,226.02387,553.905901
2020-02-07 09:00:00,0.0,89.4,0.0,0.0,1659.0,0.0,0.0,2820.028888,267.757112,566.704333
2020-02-07 10:00:00,0.0,88.4,0.0,0.0,1658.0,0.0,0.0,2860.35953,631.59247,572.90393
2020-02-07 11:00:00,0.0,83.4,0.0,0.0,1658.0,0.0,0.0,2877.281034,757.350966,575.442155
2020-02-07 12:00:00,0.0,83.4,0.0,0.0,1658.0,0.0,0.0,2888.697703,746.118297,577.154655
2020-02-07 13:00:00,0.0,83.4,0.0,0.0,1657.0,0.0,0.0,2895.525209,693.374791,578.328781
2020-02-07 14:00:00,0.0,82.4,0.0,0.0,1657.0,0.0,0.0,2881.451401,660.438599,576.21771
2020-02-07 15:00:00,0.0,82.4,0.0,0.0,1657.0,0.0,0.0,2868.917708,376.330292,574.337656
2020-02-07 16:00:00,2.600541,400.0,14.975368,20.547985,1644.799459,0.0,0.0,2606.40123,53.68677,562.290266
2020-02-07 17:00:00,400.0,400.0,21.905537,29.160524,923.092413,0.0,0.0,1669.577801,71.890199,586.572808
2020-02-07 18:00:00,400.0,400.0,22.23556,74.060266,1010.178317,0.0,0.0,1714.718961,125.585039,614.181097
2020-02-07 19:00:00,400.0,400.0,22.709794,22.517588,897.422695,0.0,0.0,1655.897419,28.804581,621.071209
2020-02-07 20:00:00,400.0,400.0,73.069973,41.629474,724.806349,0.0,50.377299,1288.264,0.0,591.818648
2020-02-07 21:00:00,400.0,400.0,76.429316,22.335927,429.375178,0.0,312.934245,942.418,0.0,567.756423
2020-02-07 22:00:00,400.0,400.0,74.617414,21.905537,475.585498,0.0,223.284377,769.518,0.0,534.889875
2020-02-07 23:00:00,400.0,400.0,23.069973,22.23556,659.825777,0.0,0.0,707.004,0.0,497.876733
2020-02-08 00:00:00,400.0,400.0,23.069973,21.287879,635.466979,0.0,0.0,519.43,0.0,473.394453
2020-02-08 01:00:00,400.0,400.0,23.069973,21.288154,694.221496,0.0,0.0,466.13,0.0,456.586276
2020-02-08 02:00:00,400.0,400.0,22.96816,21.647258,721.380456,0.0,0.0,429.098,0.0,446.957632
2020-02-08 03:00:00,400.0,400.0,22.185841,21.116714,801.856973,0.0,0.0,482.49,0.0,442.894954
2020-02-08 04:00:00,400.0,400.0,21.843654,21.647258,832.015435,0.0,0.0,536.512,0.0,446.474485
2020-02-08 05:00:00,400.0,400.0,22.96816,22.185841,717.293169,0.0,0.0,496.65,0.0,457.703525
2020-02-08 06:00:00,400.0,400.0,73.437807,70.384767,572.106305,0.0,23.595649,479.346,0.0,478.085954
2020-02-08 07:00:00,400.0,318.136308,23.069973,18.573789,700.724577,0.0,0.0,680.97,0.0,487.836813
2020-02-08 08:00:00,400.0,138.10184,19.68943,14.981951,1148.608237,0.0,0.0,1569.732,0.0,500.718564
2020-02-08 09:00:00,400.0,51.4,16.970947,-0.0,1402.745562,0.0,0.0,1971.048,0.0,522.795366
2020-02-08 10:00:00,192.705773,36.4,14.981951,-0.0,1637.694227,0.0,0.0,2252.622,0.0,529.789166
2020-02-08 11:00:00,27.997261,19.198191,14.981951,11.187407,1802.402739,0.0,0.0,2429.03,0.0,531.544089
2020-02-08 12:00:00,0.0,14.4,0.0,-0.0,1842.0,0.0,0.0,2427.532075,56.783925,525.379811
2020-02-08 13:00:00,0.0,80.320085,0.0,14.982507,1840.0,0.0,0.0,2384.647375,66.036625,519.247106
2020-02-08 14:00:00,39.403717,295.958225,14.981951,14.982507,1789.996283,0.0,0.0,2292.748,0.0,512.962758
2020-02-08 15:00:00,332.847956,400.0,14.981951,19.430296,1496.552044,0.0,0.0,1984.17,0.0,510.692693
2020-02-08 16:00:00,400.0,400.0,18.072542,21.843654,1373.663115,0.0,0.0,1486.802,0.0,505.520833
2020-02-08 17:00:00,400.0,400.0,22.732362,29.731309,939.998646,0.0,0.0,538.066,0.0,534.760103
2020-02-08 18:00:00,400.0,400.0,23.206766,74.692041,1047.571065,0.0,0.0,523.922,0.0,576.80264
2020-02-08 19:00:00,400.0,400.0,23.431282,57.810354,971.406612,0.0,0.0,568.48,0.0,590.111008
2020-02-08 20:00:00,400.0,400.0,23.128644,26.968155,1068.210146,0.0,0.0,513.904,0.0,567.404078
2020-02-08 21:00:00,400.0,400.0,23.206766,26.840934,1063.277604,0.0,0.0,400.366,0.0,551.113259
2020-02-08 22:00:00,400.0,400.0,23.206766,23.437807,877.366144,0.0,0.0,399.15,0.0,525.567578
2020-02-08 23:00:00,400.0,400.0,22.96816,23.437807,1027.451208,0.0,0.0,368.952,0.0,498.525119
2020-02-09 00:00:00,400.0,400.0,22.96816,23.128644,1021.930298,0.0,0.0,209.302,0.0,475.405755
2020-02-09 01:00:00,400.0,400.0,23.128644,23.437807,805.924932,0.0,0.0,229.11,0.0,457.52776
2020-02-09 02:00:00,400.0,400.0,23.069973,23.112353,851.558087,0.0,0.0,229.898,0.0,450.800987
2020-02-09 03:00:00,400.0,400.0,22.516066,23.069973,982.933218,0.0,0.0,328.052,0.0,445.817817
2020-02-09 04:00:00,400.0,400.0,22.516066,23.069973,1007.236049,0.0,0.0,365.898,0.0,447.849293
2020-02-09 05:00:00,400.0,400.0,22.732362,23.206766,962.991465,0.0,0.0,384.582,0.0,457.28858
2020-02-09 06:00:00,400.0,400.0,23.069973,39.903497,836.136949,0.0,0.0,353.302,0.0,471.624758
2020-02-09 07:00:00,400.0,400.0,22.96816,19.430296,728.740817,0.0,0.0,603.5,0.0,472.013877
2020-02-09 08:00:00,400.0,286.332796,19.034775,14.981951,1246.037904,0.0,0.0,1545.94,0.0,482.535314
2020-02-09 09:00:00,211.436333,30.4,14.982507,0.190564,1621.963667,0.0,0.0,1991.886,0.0,493.03835
2020-02-09 10:00:00,0.0,27.4,0.0,0.0,1844.0,0.0,0.0,2246.411536,83.286464,497.91173
2020-02-09 11:00:00,0.0,8.4,0.0,0.0,1843.0,0.0,0.0,2271.870363,188.927637,501.880554
2020-02-09 12:00:00,0.0,13.4,0.0,0.0,1843.0,0.0,0.0,2276.05264,227.14936,502.507896
2020-02-09 13:00:00,0.0,6.4,0.0,0.0,1841.0,0.0,0.0,2259.352819,268.275181,500.302923
2020-02-09 14:00:00,0.0,179.877464,0.0,14.982507,1833.0,0.0,0.0,2252.987474,312.894526,500.548121
2020-02-09 15:00:00,0.0,400.0,0.0,19.034775,1825.0,0.0,0.0,2263.049362,208.986638,503.257404
2020-02-09 16:00:00,234.485312,400.0,14.981951,21.680896,1584.914689,0.0,0.0,1835.246,0.0,500.599697
2020-02-09 17:00:00,400.0,400.0,20.400003,28.012351,1216.396324,0.0,0.0,989.904,0.0,533.326151
2020-02-09 18:00:00,400.0,400.0,21.288154,70.489104,1498.080519,0.0,0.0,1019.528,0.0,578.767122
2020-02-09 19:00:00,400.0,400.0,22.576747,66.16043,1283.297511,0.0,0.0,933.368,0.0,598.060573
2020-02-09 20:00:00,400.0,400.0,22.576747,26.080675,1248.343918,0.0,0.0,744.948,0.0,575.040612
2020-02-09 21:00:00,400.0,400.0,22.126271,24.641314,839.516138,0.0,0.0,523.09,0.0,549.836079
2020-02-09 22:00:00,400.0,400.0,22.576747,22.96816,1066.40889,0.0,0.0,520.47,0.0,515.409166
2020-02-09 23:00:00,400.0,400.0,21.647258,22.96816,1238.971994,0.0,0.0,492.61,0.0,485.345701
2020-02-10 00:00:00,400.0,400.0,21.647258,21.288154,1224.72062,0.0,0.0,309.018,0.0,459.944607
2020-02-10 01:00:00,400.0,400.0,20.419098,21.288154,1476.976828,0.0,0.0,482.354,0.0,448.106576
2020-02-10 02:00:00,400.0,400.0,19.983547,20.419098,1556.272303,0.0,0.0,527.446,0.0,442.976054
2020-02-10 03:00:00,400.0,400.0,19.034775,20.419098,1721.587818,0.0,0.0,688.4,0.0,442.321827
2020-02-10 04:00:00,400.0,400.0,19.68943,21.116714,1622.096763,0.0,0.0,645.068,0.0,450.745686
2020-02-10 05:00:00,400.0,400.0,21.116411,22.492854,1384.434188,0.0,0.0,662.714,0.0,489.041972
2020-02-10 06:00:00,400.0,400.0,23.069973,48.998093,1010.03752,0.0,0.0,651.018,0.0,543.447072
2020-02-10 07:00:00,400.0,400.0,23.206766,19.68943,800.476265,0.0,0.0,632.602,0.0,560.71886
2020-02-10 08:00:00,400.0,400.0,72.96816,18.07001,491.084598,0.0,254.563212,1501.89,0.0,566.37081
2020-02-10 09:00:00,400.0,77.4,19.034775,0.0,1051.487432,0.0,0.0,1999.548,0.0,556.959085
2020-02-10 10:00:00,292.803795,71.4,14.982507,0.0,1439.596206,0.0,0.0,2332.564,0.0,548.695169
2020-02-10 11:00:00,193.053151,84.220762,14.982507,3.982444,1536.34685,0.0,0.0,2640.6,0.0,580.387972
2020-02-10 12:00:00,0.0,72.4,0.0,0.0,1728.0,0.0,0.0,2934.361758,34.686242,595.704264
2020-02-10 13:00:00,157.838853,82.4,14.981951,0.0,1561.561148,0.0,0.0,2802.118,0.0,600.833528
2020-02-10 14:00:00,240.321145,80.4,14.982507,0.0,1481.078855,0.0,0.0,2599.34,0.0,582.489172
2020-02-10 15:00:00,400.0,182.432867,19.034775,14.9805,1068.301477,0.0,0.0,2213.18,0.0,586.481778
2020-02-10 16:00:00,400.0,400.0,71.647258,23.683532,666.015174,0.0,54.87055,1649.28,0.0,587.739724
2020-02-10 17:00:00,400.0,400.0,463.530297,72.492854,0.0,79.451225,651.914684,772.74,0.0,609.928684
2020-02-10 18:00:00,400.0,400.0,463.530297,63.198799,0.0,280.023874,831.864081,844.23,0.0,644.888081
2020-02-10 19:00:00,400.0,400.0,463.530297,21.122752,0.0,157.999215,845.529882,1008.84,0.0,651.275882
2020-02-10 20:00:00,400.0,400.0,463.530297,21.122752,0.0,147.892693,803.395404,1033.27,0.0,616.164404
2020-02-10 21:00:00,400.0,400.0,463.530297,20.526636,0.0,81.994348,761.689152,985.16,0.0,583.073152
2020-02-10 22:00:00,291.750732,400.0,64.881489,20.234035,167.249268,0.0,536.166441,927.334,0.0,537.01271
2020-02-10 23:00:00,400.0,400.0,72.552276,19.034775,316.02984,0.0,336.729584,811.366,0.0,497.300424
2020-02-11 00:00:00,400.0,400.0,72.683931,19.68943,355.510781,0.0,257.519702,652.354,0.0,467.526483
2020-02-11 01:00:00,400.0,400.0,73.437807,21.116714,382.295028,0.0,209.745618,595.846,0.0,455.032646
2020-02-11 02:00:00,400.0,400.0,73.437807,21.287879,382.388125,0.0,194.207156,543.47,0.0,447.162281
2020-02-11 03:00:00,400.0,400.0,73.437807,21.116411,374.995908,0.0,199.124506,533.432,0.0,446.765414
2020-02-11 04:00:00,400.0,400.0,73.437807,21.116714,431.226769,0.0,123.218016,625.032,0.0,455.370785
2020-02-11 05:00:00,400.0,400.0,76.324557,41.749453,266.87532,0.0,341.732882,615.27,0.0,488.009202
2020-02-11 06:00:00,400.0,400.0,86.124055,72.492854,37.794793,0.0,515.744788,610.452,0.0,542.948581
2020-02-11 07:00:00,400.0,311.954451,156.857535,14.9805,42.842514,0.0,680.535509,876.716,0.0,559.481023
2020-02-11 08:00:00,400.0,85.4,21.287879,0.0,812.183377,0.0,0.0,1656.43,0.0,561.036993
2020-02-11 09:00:00,400.0,77.4,19.983547,0.0,1063.880983,0.0,0.0,1986.162,0.0,572.742153
2020-02-11 10:00:00,252.254346,72.4,14.9805,0.0,1547.145654,0.0,0.0,2487.798,0.0,575.497852
2020-02-11 11:00:00,188.33446,48.4,14.9805,0.0,1617.06554,0.0,0.0,2572.37,0.0,577.695669
2020-02-11 12:00:00,58.575179,147.948943,14.981951,14.981951,1748.824821,0.0,0.0,2691.098,0.0,575.740977
2020-02-11 13:00:00,0.0,171.166232,0.0,14.981951,1819.0,0.0,0.0,2578.539525,31.928475,573.830929
2020-02-11 14:00:00,88.987022,400.0,14.981951,19.034775,1905.412978,0.0,0.0,2458.04,0.0,570.544053
2020-02-11 15:00:00,400.0,400.0,16.970947,20.419098,1593.623634,0.0,0.0,2142.268,0.0,569.946655
2020-02-11 16:00:00,286.533934,400.0,14.981951,22.96816,1709.866067,0.0,0.0,1672.2,0.0,558.50009
2020-02-11 17:00:00,400.0,400.0,23.206766,69.087003,1073.86705,0.0,0.0,661.932,0.0,585.609743
2020-02-11 18:00:00,400.0,400.0,24.617414,76.429316,957.731608,0.0,0.0,714.752,0.0,620.553059
2020-02-11 19:00:00,400.0,400.0,24.617414,25.355604,900.289381,0.0,0.0,847.648,0.0,631.253793
2020-02-11 20:00:00,400.0,400.0,23.128644,24.587599,1105.921191,0.0,0.0,882.982,0.0,605.709121
2020-02-11 21:00:00,400.0,400.0,23.069973,22.576747,975.451915,0.0,0.0,899.812,0.0,574.554013
2020-02-11 22:00:00,400.0,400.0,21.647258,21.287879,1153.857131,0.0,0.0,949.454,0.0,532.43953
2020-02-11 23:00:00,400.0,400.0,21.122752,22.164323,1385.880936,0.0,0.0,924.803723,17.728277,493.938418
2020-02-12 00:00:00,400.0,400.0,21.905537,21.122752,1167.081255,0.0,0.0,878.987158,80.812842,466.635885
2020-02-12 01:00:00,400.0,400.0,20.526636,21.122752,1292.653255,0.0,0.0,906.615271,139.316729,451.944302
2020-02-12 02:00:00,400.0,400.0,20.526636,20.547985,1312.518748,0.0,0.0,883.957292,185.294708,445.565782
2020-02-12 03:00:00,400.0,400.0,20.42044,20.526636,1375.638627,0.0,0.0,930.251684,230.680316,443.041959
2020-02-12 04:00:00,400.0,400.0,20.234035,21.368347,1421.257249,0.0,0.0,1015.221794,235.946206,448.944682
2020-02-12 05:00:00,400.0,400.0,21.122752,22.709794,1202.15596,0.0,0.0,981.507648,257.394352,481.252753
2020-02-12 06:00:00,400.0,400.0,22.972766,48.567295,918.727614,0.0,0.0,944.549893,231.690107,525.123342
2020-02-12 07:00:00,400.0,400.0,22.517588,20.234035,1030.142425,0.0,0.0,1192.712335,229.615665,545.635487
2020-02-12 08:00:00,400.0,234.046969,17.392886,14.975624,1463.620847,0.0,0.0,1995.917027,280.252973,547.844427
2020-02-12 09:00:00,111.495129,120.32259,14.97449,2.014535,1754.904871,0.0,0.0,2356.125331,214.006669,558.183069
2020-02-12 10:00:00,0.0,75.4,0.0,0.0,1890.0,0.0,0.0,2520.561702,285.870298,562.584255
2020-02-12 11:00:00,0.0,65.4,0.0,0.0,1890.0,0.0,0.0,2553.832983,448.267017,567.574947
2020-02-12 12:00:00,0.0,53.4,0.0,0.0,1889.0,0.0,0.0,2544.964521,536.667479,566.394678
2020-02-12 13:00:00,0.0,33.600833,0.0,6.941416,1892.0,0.0,0.0,2547.586479,476.653521,566.337972
2020-02-12 14:00:00,0.0,364.991326,0.0,14.982507,1893.0,0.0,0.0,2528.600688,366.699312,563.340103
2020-02-12 15:00:00,16.90538,400.0,14.979622,20.400003,1867.49462,0.0,0.0,2475.43,0.0,559.190307
2020-02-12 16:00:00,0.0,400.0,0.0,22.492854,1892.0,0.0,0.0,1839.476008,151.993992,545.921401
2020-02-12 17:00:00,400.0,400.0,21.116411,30.397618,1618.112519,0.0,0.0,998.3,0.0,583.528122
2020-02-12 18:00:00,400.0,400.0,22.96816,76.308435,1381.178469,0.0,0.0,845.24,0.0,629.85923
2020-02-12 19:00:00,400.0,400.0,23.206766,63.970652,1192.520501,0.0,0.0,864.88,0.0,655.103925
2020-02-12 20:00:00,400.0,400.0,23.069973,26.651177,1346.684591,0.0,0.0,825.27,0.0,626.037811
2020-02-12 21:00:00,400.0,400.0,23.069973,25.420113,1113.715692,0.0,0.0,723.086,0.0,592.405546
2020-02-12 22:00:00,400.0,400.0,22.083987,22.732362,924.086396,0.0,0.0,598.488,0.0,548.910241
2020-02-12 23:00:00,400.0,400.0,20.400003,22.732362,1540.519596,0.0,0.0,935.52,0.0,507.000061
2020-02-13 00:00:00,400.0,400.0,21.122752,21.647258,1571.899814,0.0,0.0,794.410455,81.441545,481.126596
2020-02-13 01:00:00,400.0,400.0,20.234035,21.647258,1822.018063,0.0,0.0,942.318675,123.259325,465.795092
2020-02-13 02:00:00,400.0,400.0,19.533879,21.474047,1878.656746,0.0,0.0,962.850533,229.821467,460.379068
2020-02-13 03:00:00,400.0,400.0,17.392886,21.116411,1960.57953,0.0,0.0,1030.05575,258.61025,458.171433
2020-02-13 04:00:00,400.0,400.0,17.392886,21.647258,1961.86856,0.0,0.0,1079.149772,189.402228,468.642182
2020-02-13 05:00:00,400.0,400.0,20.419098,23.206766,1545.843837,0.0,0.0,895.89,0.0,508.506924
2020-02-13 06:00:00,400.0,400.0,22.732362,74.617414,1079.516789,0.0,0.0,750.504,0.0,565.048082
2020-02-13 07:00:00,400.0,400.0,22.576747,20.400003,1097.189844,0.0,0.0,1002.322,0.0,583.519823
2020-02-13 08:00:00,400.0,400.0,19.983547,18.06856,1043.557918,0.0,0.0,1995.148,0.0,580.738512
2020-02-13 09:00:00,303.320712,114.933488,14.9805,3.807986,1509.07929,0.0,0.0,2491.752,0.0,585.400906
2020-02-13 10:00:00,124.833935,74.4,14.9805,-0.0,1688.566066,0.0,0.0,2662.348,0.0,584.06729
2020-02-13 11:00:00,0.0,68.4,14.191367,-0.0,1820.857168,0.0,0.0,2766.92,0.0,579.909425
2020-02-13 12:00:00,0.0,71.4,0.0,-0.0,1823.0,0.0,0.0,2741.272211,0.907789,575.740832
2020-02-13 13:00:00,0.0,73.4,0.0,-0.0,1816.0,0.0,0.0,2691.1977,96.9543,569.279655
2020-02-13 14:00:00,0.0,70.4,0.0,-0.0,1812.0,0.0,0.0,2634.715443,384.634557,561.407316
2020-02-13 15:00:00,0.0,172.651414,0.0,14.979622,1809.0,0.0,0.0,2609.727306,216.402694,558.109096
2020-02-13 16:00:00,284.96251,400.0,14.975368,21.122752,1498.43749,0.0,0.0,1949.545581,132.258419,556.666214
2020-02-13 17:00:00,400.0,400.0,22.972766,75.433611,936.052456,0.0,0.0,1247.575826,148.972174,597.228505
2020-02-13 18:00:00,400.0,400.0,75.223528,68.59955,850.448176,0.0,0.0,1550.729352,206.520648,649.542176
2020-02-13 19:00:00,400.0,400.0,74.9512,23.445753,864.239117,0.0,7.829334,1839.615456,245.220544,667.556451
2020-02-13 20:00:00,400.0,400.0,75.433611,24.131266,644.871664,0.0,199.482847,1826.835069,222.230931,645.294511
2020-02-13 21:00:00,400.0,400.0,74.762577,21.368347,682.923056,0.0,118.432316,1707.5522,204.3438,610.294372
2020-02-13 22:00:00,400.0,359.556117,21.905537,18.52187,937.828216,0.0,0.0,1649.08126,257.64874,563.287956
2020-02-13 23:00:00,400.0,363.100351,18.926085,18.52187,1345.609573,0.0,0.0,1787.070924,263.359076,522.819203
2020-02-14 00:00:00,398.0,289.304668,14.978232,14.978232,1442.353939,0.0,0.0,1683.318846,273.691154,492.744736
2020-02-14 01:00:00,164.39262,179.204745,14.978232,14.978232,1653.00738,0.0,0.0,1757.709902,289.876098,472.305378
2020-02-14 02:00:00,40.954458,72.4,14.978232,14.978232,1778.445542,0.0,0.0,1838.945532,310.494468,465.674999
2020-02-14 03:00:00,0.0,60.881535,13.352779,14.980658,1857.0681,0.0,0.0,1882.436366,314.733634,460.40524
2020-02-14 04:00:00,27.295331,161.671496,14.980658,14.980658,1793.104669,0.0,0.0,1887.822277,317.645723,470.807641
2020-02-14 05:00:00,286.097155,400.0,14.978232,20.234035,1530.302845,0.0,0.0,1861.350099,300.419901,506.257088
2020-02-14 06:00:00,400.0,400.0,20.42044,49.335387,1179.905453,0.0,0.0,1873.242626,310.119374,560.600576
2020-02-14 07:00:00,400.0,57.336559,20.526636,14.978232,1122.364477,0.0,0.0,1990.647738,316.990262,586.842489
2020-02-14 08:00:00,0.0,103.4,0.0,0.0,1850.0,0.0,0.0,2716.873841,300.840159,586.631076
2020-02-14 09:00:00,0.0,104.4,0.0,0.0,1831.0,0.0,0.0,2744.029534,566.488466,593.55443
2020-02-14 10:00:00,0.0,103.4,0.0,14.975624,1844.0,0.0,0.0,2738.443244,857.006756,590.766487
2020-02-14 11:00:00,0.0,91.438749,0.0,14.975368,1844.0,0.0,0.0,2684.769467,948.978533,582.71542
2020-02-14 12:00:00,0.0,110.04698,0.0,14.975368,1844.0,0.0,0.0,2629.729559,995.502441,574.459434
2020-02-14 13:00:00,0.0,275.715721,0.0,14.975368,1846.0,0.0,0.0,2588.612951,840.677049,567.991943
2020-02-14 14:00:00,0.0,379.096207,0.0,17.379181,1843.0,0.0,0.0,2539.905323,593.540677,561.135798
2020-02-14 15:00:00,0.0,400.0,13.352779,20.234035,1795.703351,0.0,0.0,2455.956894,188.883106,555.638031
2020-02-14 16:00:00,68.436504,400.0,14.975368,21.368347,1719.963496,0.0,0.0,2225.741316,219.518684,557.966673
2020-02-14 17:00:00,400.0,400.0,22.656017,31.283584,990.166618,0.0,0.0,1483.030631,252.923369,594.879602
2020-02-14 18:00:00,400.0,400.0,23.080108,75.433611,925.454116,0.0,0.0,1475.384392,223.151608,627.439541
2020-02-14 19:00:00,400.0,400.0,75.433611,57.165884,772.699504,0.0,70.91547,1485.572667,164.397333,644.680974
2020-02-14 20:00:00,400.0,400.0,76.141538,22.972766,590.08837,0.0,221.395992,1240.004118,182.767882,618.737362
2020-02-14 21:00:00,400.0,400.0,75.557295,22.709794,635.730521,0.0,149.565494,1145.703956,136.332044,597.746015
2020-02-14 22:00:00,400.0,400.0,23.388687,22.709794,825.056244,0.0,0.0,1095.645798,180.636202,561.838433
2020-02-14 23:00:00,400.0,400.0,22.709794,22.656017,957.838254,0.0,0.0,1009.136751,171.517249,528.944775
2020-02-15 00:00:00,400.0,400.0,22.335927,22.656017,1050.565641,0.0,0.0,894.544395,190.165605,497.846813
2020-02-15 01:00:00,400.0,400.0,22.23556,22.335927,1123.80332,0.0,0.0,839.521503,198.132497,478.607728
2020-02-15 02:00:00,400.0,400.0,21.368347,22.23556,1198.727628,0.0,0.0,866.272623,171.377377,471.381749
2020-02-15 03:00:00,400.0,400.0,21.122752,22.23556,1239.724982,0.0,0.0,881.597304,177.972696,467.530848
2020-02-15 04:00:00,400.0,400.0,21.122752,22.656017,1264.074132,0.0,0.0,927.241325,136.306675,470.725079
2020-02-15 05:00:00,400.0,400.0,21.905537,22.972766,1129.412779,0.0,0.0,909.316821,96.283179,488.235606
2020-02-15 06:00:00,400.0,400.0,22.335927,39.339217,1056.648983,0.0,0.0,960.96922,79.29878,506.898036
2020-02-15 07:00:00,400.0,400.0,75.433611,18.919775,591.384216,0.0,123.815024,1283.039153,72.930847,518.498241
2020-02-15 08:00:00,358.675587,104.722895,14.9805,1.033375,1355.724415,0.0,0.0,2093.318,0.0,525.389038
2020-02-15 09:00:00,150.495218,79.4,14.979622,0.0,1549.904783,0.0,0.0,2406.55,0.0,543.246783
2020-02-15 10:00:00,94.957909,72.4,14.979622,0.0,1609.442091,0.0,0.0,2474.43,0.0,544.498186
2020-02-15 11:00:00,171.514467,57.4,14.979622,0.0,1533.885534,0.0,0.0,2360.87,0.0,538.79767
2020-02-15 12:00:00,400.0,167.766482,18.463561,14.979622,1231.597343,0.0,0.0,1980.898,0.0,527.145099
2020-02-15 13:00:00,163.272662,323.368761,14.979622,14.979622,1541.127338,0.0,0.0,2218.19,0.0,516.309399
2020-02-15 14:00:00,149.811213,400.0,14.979622,19.68943,1555.588787,0.0,0.0,2169.246,0.0,506.798582
2020-02-15 15:00:00,332.951529,400.0,14.979622,20.419098,1359.448471,0.0,0.0,1930.462,0.0,500.402029
2020-02-15 16:00:00,125.639572,400.0,14.979622,21.647258,1561.760429,0.0,0.0,1788.618,0.0,499.778636
2020-02-15 17:00:00,400.0,400.0,20.234035,28.639904,1568.638266,0.0,0.0,1358.679707,27.910293,540.756216
2020-02-15 18:00:00,400.0,400.0,21.122752,73.917269,1596.688495,0.0,0.0,1354.993045,109.022955,591.495682
2020-02-15 19:00:00,400.0,400.0,21.905537,61.182781,1519.287526,0.0,0.0,1409.301063,133.160937,611.252031
2020-02-15 20:00:00,400.0,400.0,21.905537,25.902091,1552.395579,0.0,0.0,1281.708318,152.595682,587.146911
2020-02-15 21:00:00,400.0,400.0,21.905537,25.722004,1525.51845,0.0,0.0,1144.234404,289.175596,570.557393
2020-02-15 22:00:00,400.0,400.0,22.632352,23.592361,1167.718458,0.0,0.0,966.894465,270.425535,544.376401
2020-02-15 23:00:00,400.0,400.0,22.23556,23.080108,1281.018843,0.0,0.0,880.33132,281.68468,514.396872
2020-02-16 00:00:00,400.0,400.0,21.905537,22.632352,1353.908548,0.0,0.0,821.952083,95.395917,494.70653
2020-02-16 01:00:00,400.0,400.0,22.23556,22.656017,1105.231453,0.0,0.0,802.646054,187.739946,475.86219
2020-02-16 02:00:00,400.0,400.0,20.419098,22.23556,1204.405616,0.0,0.0,846.902,0.0,467.624458
2020-02-16 03:00:00,400.0,400.0,21.843654,21.647258,958.850357,0.0,0.0,568.748,0.0,462.734646
2020-02-16 04:00:00,400.0,400.0,22.492854,22.96816,909.825916,0.0,0.0,522.8,0.0,463.196113
2020-02-16 05:00:00,400.0,400.0,21.843654,23.069973,940.432115,0.0,0.0,617.584,0.0,472.822783
2020-02-16 06:00:00,400.0,400.0,23.128644,34.965324,653.789208,0.0,0.0,432.68,0.0,488.083619
2020-02-16 07:00:00,400.0,400.0,21.647258,19.983547,1001.213419,0.0,0.0,825.652,0.0,494.915787
2020-02-16 08:00:00,400.0,93.519542,18.463561,14.9805,1565.445682,0.0,0.0,1417.002,0.0,498.983448
2020-02-16 09:00:00,0.0,65.4,0.0,14.9805,2067.0,0.0,0.0,2000.436908,42.417092,511.265536
2020-02-16 10:00:00,135.344805,67.4,14.9805,0.0,1931.055195,0.0,0.0,1901.418,0.0,516.804421
2020-02-16 11:00:00,0.0,61.4,0.0,0.0,2076.0,0.0,0.0,2034.962084,149.767916,515.094313
2020-02-16 12:00:00,0.0,59.4,0.0,7.764102,2069.0,0.0,0.0,1974.668983,410.793017,507.100347
2020-02-16 13:00:00,0.0,62.4,0.0,0.0,2088.0,0.0,0.0,1947.859553,156.378447,500.228933
2020-02-16 14:00:00,0.0,230.253693,0.0,14.981951,2093.0,0.0,0.0,1894.77938,141.92062,491.516907
2020-02-16 15:00:00,187.046026,400.0,14.981951,20.419098,1897.353974,0.0,0.0,1683.478,0.0,489.168604
2020-02-16 16:00:00,229.625303,400.0,14.981951,22.492854,1852.774697,0.0,0.0,1272.184,0.0,489.661395
2020-02-16 17:00:00,400.0,400.0,22.492854,30.135733,1322.516835,0.0,0.0,564.798,0.0,525.492175
2020-02-16 18:00:00,400.0,400.0,23.128644,76.755559,1073.944714,0.0,0.0,569.61,0.0,577.899793
2020-02-16 19:00:00,400.0,400.0,21.905537,62.477416,1556.89596,0.0,0.0,1336.543395,121.538605,606.097115
2020-02-16 20:00:00,400.0,400.0,22.516066,23.440271,1278.85442,0.0,0.0,952.236,0.0,590.157237
2020-02-16 21:00:00,400.0,400.0,21.647258,24.647785,1383.546541,0.0,0.0,930.072,0.0,571.128819
2020-02-16 22:00:00,400.0,400.0,22.709794,23.745657,1222.072523,0.0,0.0,941.148637,266.283363,543.761417
2020-02-16 23:00:00,400.0,400.0,22.516066,23.437807,1110.246509,0.0,0.0,639.2,0.0,515.243024
2020-02-17 00:00:00,400.0,400.0,23.437807,25.953694,827.910443,0.0,0.0,201.666,0.0,491.963334
2020-02-17 01:00:00,400.0,400.0,23.206766,23.437807,896.225968,0.0,0.0,162.032,0.0,475.770905
2020-02-17 02:00:00,400.0,400.0,23.128644,23.437807,942.376555,0.0,0.0,180.98,0.0,471.690517
2020-02-17 03:00:00,400.0,400.0,23.128644,23.069973,986.00623,0.0,0.0,209.42,0.0,469.412066
2020-02-17 04:00:00,400.0,400.0,23.069973,22.96816,1008.976035,0.0,0.0,302.032,0.0,479.858395
2020-02-17 05:00:00,400.0,400.0,23.128644,23.069973,957.039003,0.0,0.0,458.732,0.0,511.15395
2020-02-17 06:00:00,400.0,400.0,24.617414,41.753995,729.158189,0.0,0.0,440.868,0.0,542.656472
2020-02-17 07:00:00,400.0,400.0,500.0,18.06856,0.0,63.660734,757.30261,824.79,0.0,559.41761
2020-02-17 08:00:00,400.0,83.4,20.419098,14.979622,946.360976,0.0,0.0,1882.386,0.0,566.553754
2020-02-17 09:00:00,140.568351,85.4,14.9805,0.0,1618.831649,0.0,0.0,2595.13,0.0,572.594753
2020-02-17 10:00:00,111.949661,81.4,14.9805,0.0,1654.450339,0.0,0.0,2617.084,0.0,570.545049
2020-02-17 11:00:00,0.0,80.4,0.0,0.0,1776.0,0.0,0.0,2701.155585,97.566415,564.923338
2020-02-17 12:00:00,0.0,75.4,0.0,0.0,1771.0,0.0,0.0,2640.032043,244.985957,556.504806
2020-02-17 13:00:00,0.0,78.4,0.0,0.0,1775.0,0.0,0.0,2578.608132,126.711868,546.69122
2020-02-17 14:00:00,117.768566,79.4,14.9805,0.0,1648.631434,0.0,0.0,2423.548,0.0,542.387485
2020-02-17 15:00:00,400.0,79.4,18.463561,0.0,1290.43548,0.0,0.0,2017.254,0.0,535.172778
2020-02-17 16:00:00,400.0,400.0,20.419098,18.861019,908.845789,0.0,0.0,1457.146,0.0,533.895032
2020-02-17 17:00:00,400.0,400.0,158.035526,26.130785,30.199172,0.0,688.656052,460.054,0.0,569.378224
2020-02-17 18:00:00,400.0,400.0,500.0,73.069973,0.0,105.00047,705.42957,456.61,0.0,626.19157
2020-02-17 19:00:00,400.0,400.0,500.0,67.927195,0.0,340.102435,840.075465,448.754,0.0,659.228465
2020-02-17 20:00:00,400.0,400.0,158.946708,29.206822,28.597148,0.0,792.00648,664.848,0.0,636.337628
2020-02-17 21:00:00,400.0,400.0,500.0,21.645834,0.0,20.730275,783.998641,666.114,0.0,606.666641
2020-02-17 22:00:00,400.0,400.0,133.946708,19.579304,77.907157,0.0,647.068669,576.766,0.0,562.478826
2020-02-17 23:00:00,400.0,400.0,86.124055,18.573789,160.112259,0.0,508.463402,395.65,0.0,522.980661
2020-02-18 00:00:00,400.0,377.136342,133.035526,18.861019,107.505153,0.0,519.550274,151.268,0.0,494.214427
2020-02-18 01:00:00,400.0,93.334859,77.050889,14.9805,241.447302,0.0,365.609702,179.654,0.0,478.381005
2020-02-18 02:00:00,400.0,81.4,22.516066,14.9805,818.863636,0.0,0.0,732.098,0.0,474.635155
2020-02-18 03:00:00,400.0,127.657674,21.843654,14.9805,920.353386,0.0,0.0,842.652,0.0,475.994792
2020-02-18 04:00:00,400.0,400.0,18.573789,19.034775,1492.568318,0.0,0.0,1500.79,0.0,488.883252
2020-02-18 05:00:00,328.191881,400.0,14.9805,20.419098,1651.208119,0.0,0.0,1984.78,0.0,537.685782
2020-02-18 06:00:00,400.0,400.0,21.116714,59.786208,1048.705116,0.0,0.0,1783.432,0.0,597.859033
2020-02-18 07:00:00,400.0,75.4,71.116411,0.0,704.177897,0.0,138.046018,2292.184,0.0,619.350915
2020-02-18 08:00:00,0.0,73.4,0.0,0.0,1616.0,0.0,0.0,3106.667654,422.232346,604.750148
2020-02-18 09:00:00,0.0,53.4,0.0,0.0,1626.0,0.0,0.0,3086.231101,1044.090899,600.184665
2020-02-18 10:00:00,0.0,65.4,0.0,0.0,1628.0,0.0,0.0,3063.383055,1464.846945,596.457458
2020-02-18 11:00:00,0.0,62.4,0.0,0.0,1630.0,0.0,0.0,3006.991925,1734.158075,587.698789
2020-02-18 12:00:00,0.0,62.4,0.0,0.0,1620.0,0.0,0.0,2937.171182,1506.960818,578.725677
2020-02-18 13:00:00,0.0,71.4,0.0,0.0,1612.0,0.0,0.0,2890.375647,1132.226353,572.906347
2020-02-18 14:00:00,0.0,82.4,0.0,0.0,1612.0,0.0,0.0,2838.212559,917.649441,565.081884
2020-02-18 15:00:00,0.0,81.4,0.0,0.0,1613.0,0.0,0.0,2805.117273,751.812727,559.967591
2020-02-18 16:00:00,0.0,81.4,0.0,6.336174,1613.0,0.0,0.0,2600.233691,493.200309,554.735054
2020-02-18 17:00:00,400.0,400.0,18.861019,39.064099,1282.281411,0.0,0.0,2147.448,0.0,589.674988
2020-02-18 18:00:00,400.0,400.0,21.647258,72.307808,917.697748,0.0,0.0,1992.252,0.0,651.233138
2020-02-18 19:00:00,400.0,400.0,73.128644,67.184753,650.816727,0.0,241.923764,1959.5,0.0,683.952491
2020-02-18 20:00:00,400.0,400.0,72.492854,24.733341,754.193817,0.0,106.29011,1944.22,0.0,657.903927
2020-02-18 21:00:00,400.0,400.0,72.96816,20.42044,616.908873,0.0,198.639596,1948.832,0.0,621.288469
2020-02-18 22:00:00,400.0,287.979871,19.68943,14.981823,976.345742,0.0,0.0,2018.052,0.0,571.755939
2020-02-18 23:00:00,400.0,127.319053,18.861019,14.980658,1106.60749,0.0,0.0,1872.48,0.0,530.380877
2020-02-19 00:00:00,400.0,161.747454,19.430296,14.980658,827.259542,0.0,0.0,1736.62,0.0,498.654069
2020-02-19 01:00:00,324.391307,98.99607,14.982507,14.985955,1186.008693,0.0,0.0,1998.268,0.0,484.088896
2020-02-19 02:00:00,95.023798,30.4,14.982507,0.0,1420.376202,0.0,0.0,2183.146,0.0,476.66547
2020-02-19 03:00:00,293.424113,61.497632,14.981951,6.62345,1213.975889,0.0,0.0,1983.052,0.0,477.611417
2020-02-19 04:00:00,193.910778,256.258667,14.982507,14.992899,1319.489222,0.0,0.0,2169.946,0.0,489.818517
2020-02-19 05:00:00,342.591312,400.0,14.999127,16.477525,1169.289272,0.0,0.0,2335.219033,83.578967,537.139464
2020-02-19 06:00:00,400.0,400.0,20.234035,72.259908,873.603375,0.0,0.0,2342.174159,219.277841,596.635618
2020-02-19 07:00:00,400.0,38.4,73.018717,0.0,780.281118,0.0,50.222106,2779.189277,309.928723,617.086224
2020-02-19 08:00:00,0.0,43.4,0.0,0.0,1372.0,0.0,0.0,3264.306507,677.855493,601.095976
2020-02-19 09:00:00,0.0,44.4,0.0,0.0,1373.0,0.0,0.0,3211.727799,1208.542201,593.05917
2020-02-19 10:00:00,0.0,61.4,0.0,0.0,1371.0,0.0,0.0,3174.639477,1416.330523,587.795922
2020-02-19 11:00:00,0.0,57.4,0.0,0.0,1365.0,0.0,0.0,3112.417091,1364.014909,579.362564
2020-02-19 12:00:00,0.0,66.4,0.0,0.0,1360.0,0.0,0.0,3069.16124,1273.92276,573.624186
2020-02-19 13:00:00,0.0,60.4,0.0,0.0,1359.0,0.0,0.0,3046.873271,1237.406729,570.430991
2020-02-19 14:00:00,0.0,53.4,0.0,0.0,1360.0,0.0,0.0,2996.131305,1157.036695,562.669696
2020-02-19 15:00:00,0.0,55.4,0.0,0.0,1362.0,0.0,0.0,2971.074735,1005.393265,558.61121
2020-02-19 16:00:00,0.0,47.4,0.0,0.0,1364.0,0.0,0.0,2762.288558,745.673442,553.243284
2020-02-19 17:00:00,141.01797,400.0,14.981951,45.927827,1399.382031,0.0,0.0,2567.286,0.0,580.335595
2020-02-19 18:00:00,400.0,400.0,19.68943,71.288154,1093.950177,0.0,0.0,2286.432,0.0,632.322273
2020-02-19 19:00:00,400.0,400.0,21.287879,67.50522,889.207508,0.0,0.0,2295.848,0.0,660.846074
2020-02-19 20:00:00,400.0,400.0,73.069973,19.68943,579.615093,0.0,250.494143,2020.43,0.0,633.422236
2020-02-19 21:00:00,400.0,400.0,73.069973,18.573789,560.616429,0.0,231.510107,1884.0,0.0,602.607536
2020-02-19 22:00:00,400.0,282.84989,21.116714,14.980658,756.432213,0.0,0.0,1784.716,0.0,558.342568
2020-02-19 23:00:00,400.0,122.240709,19.430296,14.980658,960.701796,0.0,0.0,1709.502,0.0,516.420031
2020-02-20 00:00:00,400.0,49.833823,18.573789,14.978232,1124.154251,0.0,0.0,1683.532,0.0,488.006662
2020-02-20 01:00:00,355.769909,251.135239,14.981951,14.978232,1105.630091,0.0,0.0,1932.9,0.0,474.940486
2020-02-20 02:00:00,317.079172,129.525809,14.981951,14.980658,1145.320828,0.0,0.0,1943.052,0.0,470.509676
2020-02-20 03:00:00,93.997268,179.481679,14.980658,14.980658,1334.402732,0.0,0.0,2123.200883,56.215117,469.169723
2020-02-20 04:00:00,114.202094,340.112056,14.980658,14.980658,1319.197906,0.0,0.0,2190.349209,153.618791,481.522695
2020-02-20 05:00:00,398.0,400.0,14.980658,18.284877,1039.484946,0.0,0.0,2224.390864,197.709136,528.585888
2020-02-20 06:00:00,400.0,400.0,20.42044,62.566346,799.081637,0.0,0.0,2250.524364,183.707636,584.766409
2020-02-20 07:00:00,400.0,38.4,72.620878,-0.0,796.031159,0.0,14.326717,2683.016996,232.017004,600.297876
2020-02-20 08:00:00,0.0,43.4,-0.0,-0.0,1372.0,0.0,0.0,3169.35076,702.29524,586.852614
2020-02-20 09:00:00,0.0,43.4,-0.0,-0.0,1374.0,0.0,0.0,3162.036739,1185.701261,585.455511
2020-02-20 10:00:00,0.0,43.4,-0.0,-0.0,1374.0,0.0,0.0,3144.434936,1490.017064,582.81524
2020-02-20 11:00:00,0.0,33.4,-0.0,-0.0,1374.0,0.0,0.0,3113.251665,1663.658335,578.13775
2020-02-20 12:00:00,0.0,33.4,-0.0,-0.0,1374.0,0.0,0.0,3078.942615,1728.211385,572.991392
2020-02-20 13:00:00,0.0,33.4,-0.0,-0.0,1373.0,0.0,0.0,3077.615217,1705.500783,572.942283
2020-02-20 14:00:00,0.0,30.4,-0.0,-0.0,1373.0,0.0,0.0,3053.611576,1599.740424,569.341736
2020-02-20 15:00:00,0.0,30.4,-0.0,-0.0,1374.0,0.0,0.0,3031.327351,1424.988649,565.849103
2020-02-20 16:00:00,0.0,83.235653,0.0,14.999127,1374.0,0.0,0.0,2994.410176,888.157824,560.311526
2020-02-20 17:00:00,156.923737,400.0,14.975624,26.822222,1199.476263,0.0,0.0,2579.037287,327.614713,578.484154
2020-02-20 18:00:00,400.0,400.0,20.234035,25.631726,1186.676369,0.0,0.0,2279.255048,325.406952,621.386802
2020-02-20 19:00:00,400.0,400.0,20.761583,70.737966,1271.030351,0.0,0.0,2319.564499,338.435501,646.130122
2020-02-20 20:00:00,400.0,400.0,19.958349,53.652714,1469.504431,0.0,0.0,2327.836768,332.263232,616.999851
2020-02-20 21:00:00,351.335816,400.0,14.978232,21.287879,1572.064184,0.0,0.0,2312.65542,340.45858,588.088685
2020-02-20 22:00:00,67.820564,400.0,14.978232,19.68943,1857.579436,0.0,0.0,2304.647997,341.374003,544.060284
2020-02-20 23:00:00,0.0,400.0,0.0,19.034775,1938.0,0.0,0.0,2121.846927,547.685073,504.577039
2020-02-21 00:00:00,0.0,400.0,0.0,18.06856,1906.0,0.0,0.0,1984.398215,612.431785,480.509732
2020-02-21 01:00:00,0.0,294.900491,0.0,14.9805,1907.0,0.0,0.0,1876.305046,717.622954,464.145757
2020-02-21 02:00:00,0.0,144.219296,0.0,14.975624,1907.0,0.0,0.0,1844.358295,820.975705,459.353744
2020-02-21 03:00:00,0.0,169.81109,0.0,14.975624,1907.0,0.0,0.0,1840.549451,803.220549,458.782418
2020-02-21 04:00:00,0.0,400.0,0.0,19.68943,1907.0,0.0,0.0,1907.384223,635.147777,468.807633
2020-02-21 05:00:00,0.0,400.0,0.0,28.219332,1902.0,0.0,0.0,1869.576023,528.407977,510.386403
2020-02-21 06:00:00,42.014787,400.0,14.975624,76.127113,2230.385213,0.0,0.0,2058.481994,15.234006,560.714517
2020-02-21 07:00:00,398.0,400.0,14.9805,19.983547,1879.0,0.0,0.0,1908.69175,19.34025,578.953762
2020-02-21 08:00:00,0.0,310.409364,0.0,16.961401,2271.0,0.0,0.0,2258.812189,258.617811,572.671828
2020-02-21 09:00:00,0.0,121.136131,0.0,14.9805,2276.0,0.0,0.0,2281.452293,392.585707,575.317844
2020-02-21 10:00:00,0.0,34.4,0.0,14.981951,2285.0,0.0,0.0,2301.260051,205.871949,576.939008
2020-02-21 11:00:00,0.0,13.4,0.0,14.981951,2296.0,0.0,0.0,2294.562554,170.137446,574.284383
2020-02-21 12:00:00,0.0,19.4,0.0,14.981951,2296.0,0.0,0.0,2277.701382,163.666618,571.755207
2020-02-21 13:00:00,0.0,81.727758,0.0,14.981951,2297.0,0.0,0.0,2272.79613,65.35587,570.86942
2020-02-21 14:00:00,0.0,210.353527,0.0,14.981951,2295.0,0.0,0.0,2218.684027,68.393973,563.052604
2020-02-21 15:00:00,102.664466,400.0,14.981951,19.68943,2183.735534,0.0,0.0,2044.23,0.0,558.07417
2020-02-21 16:00:00,398.0,400.0,14.981951,22.516066,1947.0,0.0,0.0,1563.715032,41.364968,553.907255
2020-02-21 17:00:00,400.0,400.0,22.516066,30.441784,1346.336907,0.0,0.0,683.482,0.0,565.221764
2020-02-21 18:00:00,400.0,400.0,23.657594,76.755559,1083.421265,0.0,0.0,426.81,0.0,598.70831
2020-02-21 19:00:00,400.0,400.0,24.617414,59.578425,1025.306132,0.0,0.0,523.066,0.0,617.06398
2020-02-21 20:00:00,400.0,400.0,23.128644,23.206766,1271.050205,0.0,0.0,595.68,0.0,591.094469
2020-02-21 21:00:00,400.0,400.0,23.128644,22.635421,1095.755288,0.0,0.0,622.866,0.0,568.216607
2020-02-21 22:00:00,400.0,400.0,23.128644,22.492854,1076.980096,0.0,0.0,383.738,0.0,535.163686
2020-02-21 23:00:00,400.0,400.0,22.732362,21.647258,1251.278469,0.0,0.0,350.038,0.0,503.96393
2020-02-22 00:00:00,400.0,400.0,22.96816,22.732362,1002.541339,0.0,0.0,285.602,0.0,478.359099
2020-02-22 01:00:00,400.0,400.0,22.576747,22.576747,1077.18149,0.0,0.0,249.598,0.0,461.762476
2020-02-22 02:00:00,400.0,400.0,22.516066,22.576747,1148.503982,0.0,0.0,265.9,0.0,453.509403
2020-02-22 03:00:00,400.0,400.0,22.576747,22.732362,1119.887995,0.0,0.0,223.484,0.0,451.439401
2020-02-22 04:00:00,400.0,400.0,22.576747,23.128644,1112.549341,0.0,0.0,236.08,0.0,454.429599
2020-02-22 05:00:00,400.0,400.0,23.069973,38.392606,959.876417,0.0,0.0,198.0,0.0,471.618537
2020-02-22 06:00:00,400.0,400.0,75.9087,23.061496,535.898615,0.0,85.397393,236.532,0.0,487.745008
2020-02-22 07:00:00,400.0,400.0,73.437807,19.224615,504.481545,0.0,177.142723,650.83,0.0,501.352268
2020-02-22 08:00:00,400.0,365.476279,19.983547,14.981951,1229.096125,0.0,0.0,1418.254,0.0,507.773681
2020-02-22 09:00:00,348.494715,142.777033,14.981951,0.0,1620.905285,0.0,0.0,1904.68,0.0,521.966207
2020-02-22 10:00:00,134.397091,77.903862,14.981951,0.0,1835.002909,0.0,0.0,2138.032,0.0,524.854364
2020-02-22 11:00:00,19.523566,25.521945,14.981951,0.0,1949.876434,0.0,0.0,2259.568,0.0,525.853735
2020-02-22 12:00:00,0.0,54.107149,0.0,0.0,1979.0,0.0,0.0,2255.032704,52.897296,520.804906
2020-02-22 13:00:00,0.0,124.602994,0.0,14.981951,1981.0,0.0,0.0,2215.952819,1.417181,514.642923
2020-02-22 14:00:00,113.302662,319.796046,14.981951,14.982507,1855.097338,0.0,0.0,2049.9,0.0,508.620399
2020-02-22 15:00:00,400.0,400.0,16.970947,18.861019,1558.688012,0.0,0.0,1728.568,0.0,504.881998
2020-02-22 16:00:00,400.0,400.0,19.034775,21.843654,1352.945677,0.0,0.0,1153.552,0.0,500.490949
2020-02-22 17:00:00,400.0,400.0,23.128644,76.428692,873.031383,0.0,0.0,361.516,0.0,524.472693
2020-02-22 18:00:00,400.0,400.0,76.324557,62.642655,568.684933,0.0,146.292827,323.67,0.0,564.14776
2020-02-22 19:00:00,400.0,400.0,74.617414,25.430895,705.312713,0.0,49.26338,624.4,0.0,583.813093
2020-02-22 20:00:00,400.0,400.0,72.700314,25.289102,613.566883,0.0,115.968385,720.762,0.0,558.779268
2020-02-22 21:00:00,400.0,400.0,22.317043,24.023349,719.817489,0.0,0.0,868.722,0.0,542.235677
2020-02-22 22:00:00,400.0,400.0,23.069973,22.492854,824.396144,0.0,0.0,809.4,0.0,515.850578
2020-02-22 23:00:00,400.0,400.0,22.492854,21.843654,932.036403,0.0,0.0,739.5,0.0,489.21954
2020-02-23 00:00:00,400.0,400.0,15.409192,21.647258,761.049915,0.0,0.0,784.716,0.0,468.399913
2020-02-23 01:00:00,400.0,400.0,20.427763,20.419098,795.330327,0.0,0.0,710.4,0.0,452.110451
2020-02-23 02:00:00,400.0,400.0,22.492854,19.983547,827.885436,0.0,0.0,691.9,0.0,444.452185
2020-02-23 03:00:00,400.0,400.0,21.116714,20.846138,981.069348,0.0,0.0,818.2,0.0,440.419598
2020-02-23 04:00:00,302.517986,400.0,14.9805,21.116714,1584.882015,0.0,0.0,1426.572,0.0,441.103498
2020-02-23 05:00:00,305.403154,400.0,14.9805,48.840147,1581.996847,0.0,0.0,1448.428,0.0,450.814673
2020-02-23 06:00:00,338.129695,400.0,14.9805,21.647258,1550.270307,0.0,0.0,1473.08,0.0,453.271454
2020-02-23 07:00:00,0.0,400.0,0.0,19.68943,1901.0,0.0,0.0,1873.68809,144.11391,460.753213
2020-02-23 08:00:00,0.0,104.4,0.0,0.0,1861.0,0.0,0.0,1893.204756,532.443244,469.680713
2020-02-23 09:00:00,0.0,103.4,0.0,0.0,1865.0,0.0,0.0,2008.575886,486.186114,486.386383
2020-02-23 10:00:00,0.0,102.4,0.0,0.0,1865.0,0.0,0.0,2049.603476,693.528524,492.540521
2020-02-23 11:00:00,0.0,75.4,0.0,10.925322,1864.0,0.0,0.0,2085.393538,622.390462,498.059031
2020-02-23 12:00:00,0.0,92.4,0.0,0.0,1863.0,0.0,0.0,2086.642868,395.367132,498.39643
2020-02-23 13:00:00,0.0,90.264652,0.0,14.979622,1870.0,0.0,0.0,2082.034296,606.035704,496.655144
2020-02-23 14:00:00,0.0,288.76929,0.0,16.961401,1877.0,0.0,0.0,2078.070319,568.461681,495.010548
2020-02-23 15:00:00,0.0,82.4,0.0,14.9805,1871.0,0.0,0.0,2072.534196,386.161804,495.080129
2020-02-23 16:00:00,72.718313,305.687034,14.979622,18.861019,1786.681688,0.0,0.0,1809.838,0.0,493.823447
2020-02-23 17:00:00,398.0,400.0,14.979622,76.790897,1656.0,0.0,0.0,1563.879836,1.438164,517.481975
2020-02-23 18:00:00,400.0,400.0,18.072542,62.990296,1623.57943,0.0,0.0,1947.316,0.0,566.660485
2020-02-23 19:00:00,400.0,400.0,18.52187,19.68943,1618.267662,0.0,0.0,2177.502682,180.497318,590.585253
2020-02-23 20:00:00,325.103994,400.0,14.975624,20.419098,1720.596008,0.0,0.0,2129.34091,323.21109,568.011735
2020-02-23 21:00:00,62.475666,400.0,14.975624,35.845567,1986.224334,0.0,0.0,2238.795386,366.966614,544.585658
2020-02-23 22:00:00,218.551813,400.0,14.975624,19.430296,1369.148188,0.0,0.0,2270.723018,350.014982,512.186224
2020-02-23 23:00:00,246.508283,361.258134,14.975624,19.958349,1132.191717,0.0,0.0,2182.881044,363.120956,482.053399
2020-02-24 00:00:00,124.177068,186.989328,14.975624,14.978232,1255.522932,0.0,0.0,2136.658854,338.623146,456.620388
2020-02-24 01:00:00,130.462145,97.252465,14.975624,14.978232,1248.237855,0.0,0.0,2027.856029,349.783971,441.392726
2020-02-24 02:00:00,57.659196,113.627866,14.975624,14.975624,1320.040804,0.0,0.0,2067.598766,319.861234,436.583694
2020-02-24 03:00:00,150.231425,396.329005,14.975624,14.975624,1216.468575,0.0,0.0,1966.122281,113.125719,436.898056
2020-02-24 04:00:00,338.939879,400.0,14.975368,31.428828,1022.760121,0.0,0.0,1766.875266,204.194734,442.967272
2020-02-24 05:00:00,400.0,400.0,20.42044,73.873861,813.445994,0.0,0.0,1673.963391,154.834609,474.52761
2020-02-24 06:00:00,400.0,400.0,75.545362,19.958349,508.664738,0.0,173.979713,1695.467744,177.032256,513.870451
2020-02-24 07:00:00,400.0,117.4,74.332639,0.0,661.484046,0.0,78.68034,2040.059954,332.008046,542.636386
2020-02-24 08:00:00,122.616739,105.4,14.989549,0.0,1230.190554,0.0,0.0,2635.710044,311.389956,546.677923
2020-02-24 09:00:00,22.931397,88.4,14.989549,0.0,1347.662935,0.0,0.0,2862.713495,328.986505,563.107584
2020-02-24 10:00:00,333.178168,88.4,14.97449,0.0,1025.221832,0.0,0.0,2589.301967,407.096033,570.46202
2020-02-24 11:00:00,354.689521,65.4,14.97449,0.0,1010.710479,0.0,0.0,2616.194767,373.275233,576.672643
2020-02-24 12:00:00,400.0,265.543528,74.332639,14.97449,660.390818,0.0,110.686561,2282.940013,368.891987,579.232379
2020-02-24 13:00:00,400.0,378.962967,78.322967,17.379959,334.182751,0.0,436.182459,1969.424151,391.605849,581.13621
2020-02-24 14:00:00,400.0,320.160687,78.389212,17.373457,253.969806,0.0,472.696103,1706.442531,329.795469,579.220909
2020-02-24 15:00:00,400.0,400.0,74.762577,16.087555,586.056065,0.0,181.218782,1849.135042,294.202958,578.561847
2020-02-24 16:00:00,400.0,400.0,21.905537,19.034775,788.648409,0.0,0.0,1489.093303,127.106697,577.266734
2020-02-24 17:00:00,400.0,400.0,21.122752,77.609816,1434.379494,0.0,0.0,1584.13792,152.26008,606.263764
2020-02-24 18:00:00,400.0,400.0,20.42044,76.755559,1704.856895,0.0,0.0,1903.584427,165.697573,646.00913
2020-02-24 19:00:00,400.0,400.0,20.547985,25.181635,1529.428047,0.0,0.0,2111.606434,302.529566,661.226758
2020-02-24 20:00:00,400.0,400.0,20.234035,23.069973,1473.77467,0.0,0.0,2169.677486,307.922514,625.035422
2020-02-24 21:00:00,175.346236,400.0,14.980658,21.116714,1846.053764,0.0,0.0,2336.883947,302.966053,592.474527
2020-02-24 22:00:00,151.061005,400.0,14.978232,19.68943,1728.338995,0.0,0.0,2275.195591,280.616409,547.628489
2020-02-24 23:00:00,0.0,331.68186,0.0,16.961401,1886.0,0.0,0.0,2143.240925,181.421075,504.186139
2020-02-25 00:00:00,0.0,106.945675,0.0,14.9805,1853.0,0.0,0.0,1962.776019,270.055981,473.816403
2020-02-25 01:00:00,0.0,114.032505,0.0,14.9805,1855.0,0.0,0.0,1855.511008,385.188992,457.426651
2020-02-25 02:00:00,0.0,80.4,0.0,-0.0,1856.0,0.0,0.0,1786.163867,557.516133,446.87458
2020-02-25 03:00:00,0.0,81.4,0.0,-0.0,1858.0,0.0,0.0,1782.434894,608.665106,446.015234
2020-02-25 04:00:00,29.744352,86.531162,14.975624,14.9805,1802.655648,0.0,0.0,1707.841418,179.110582,443.127866
2020-02-25 05:00:00,261.097399,400.0,14.975624,25.720083,1571.302601,0.0,0.0,1619.171176,281.514824,464.530286
2020-02-25 06:00:00,400.0,400.0,20.547985,72.927717,1188.028484,0.0,0.0,1484.532787,365.197213,501.825645
2020-02-25 07:00:00,400.0,400.0,75.557295,24.380564,655.74335,0.0,43.583062,1480.239425,267.228575,527.774411
2020-02-25 08:00:00,400.0,400.0,70.846138,18.571461,645.011514,0.0,72.640006,1821.652,0.0,538.87652
2020-02-25 09:00:00,400.0,118.4,71.287879,5.337549,599.975912,0.0,144.777201,1959.61,0.0,554.795113
2020-02-25 10:00:00,0.0,120.4,0.0,-0.0,1435.0,0.0,0.0,2891.06647,5.67153,569.259971
2020-02-25 11:00:00,0.0,70.4,10.29027,-0.0,1428.97652,0.0,0.0,2926.994393,25.225607,575.552681
2020-02-25 12:00:00,0.0,70.4,0.0,-0.0,1436.0,0.0,0.0,2925.362742,148.817258,574.254411
2020-02-25 13:00:00,0.0,66.4,-0.0,-0.0,1448.0,0.0,0.0,2921.516472,233.583528,571.877471
2020-02-25 14:00:00,197.911524,72.4,14.979622,-0.0,1238.488476,0.0,0.0,2695.582,0.0,569.414029
2020-02-25 15:00:00,266.884012,77.4,14.975368,-0.0,1169.515988,0.0,0.0,2609.175286,68.754714,566.798895
2020-02-25 16:00:00,245.14806,400.0,14.979622,22.743373,1190.251941,0.0,0.0,2408.718,0.0,559.119909
2020-02-25 17:00:00,400.0,400.0,74.332639,20.234035,676.779833,0.0,96.098623,1798.76954,157.88246,572.398456
2020-02-25 18:00:00,400.0,400.0,80.049301,73.064502,112.658424,0.0,592.685517,1467.251361,266.986639,617.788941
2020-02-25 19:00:00,400.0,400.0,77.51719,73.736191,404.157004,0.0,432.172287,1832.538941,203.871059,638.607291
2020-02-25 20:00:00,400.0,400.0,76.141538,25.158839,420.390596,0.0,377.573911,1721.193973,108.060027,607.470507
2020-02-25 21:00:00,400.0,400.0,20.547985,20.234035,786.526501,0.0,0.0,2143.175082,66.240918,575.571387
2020-02-25 22:00:00,400.0,253.623524,20.42044,14.978232,805.626289,0.0,0.0,1944.290106,18.741894,529.899573
2020-02-25 23:00:00,400.0,69.004897,18.52187,14.978232,1014.438104,0.0,0.0,1911.933232,49.202768,493.724269
2020-02-26 00:00:00,299.784088,30.4,14.978232,0.0,1120.615912,0.0,0.0,1878.021614,15.398386,464.460855
2020-02-26 01:00:00,400.0,30.4,18.072542,0.0,978.131254,0.0,0.0,1635.116,0.0,449.397712
2020-02-26 02:00:00,400.0,85.064996,21.122752,14.978232,681.791198,0.0,0.0,1290.953172,104.860828,442.224296
2020-02-26 03:00:00,400.0,356.844984,73.657594,14.978232,306.905032,0.0,279.037514,900.902,0.0,439.949545
2020-02-26 04:00:00,400.0,400.0,124.617414,18.573789,84.010425,0.0,458.508411,580.116,0.0,446.265836
2020-02-26 05:00:00,400.0,400.0,76.755559,25.650838,204.541565,0.0,367.3412,508.22,0.0,474.401765
2020-02-26 06:00:00,400.0,400.0,77.050889,71.647258,211.091359,0.0,405.020937,552.38,0.0,512.593296
2020-02-26 07:00:00,400.0,400.0,76.324557,19.034775,337.759698,0.0,391.369647,894.482,0.0,540.108345
2020-02-26 08:00:00,400.0,80.4,19.983547,0.0,1041.611338,0.0,0.0,1644.502,0.0,547.033599
2020-02-26 09:00:00,400.0,130.899843,16.970947,14.981951,1413.495879,0.0,0.0,2100.904,0.0,559.711218
2020-02-26 10:00:00,287.962363,73.078216,14.982507,14.982507,1584.437637,0.0,0.0,2263.582,0.0,558.471654
2020-02-26 11:00:00,134.803962,69.561502,14.982507,14.982507,1735.596038,0.0,0.0,2569.42,0.0,581.673594
2020-02-26 12:00:00,0.0,33.066983,14.191367,8.841929,1877.482492,0.0,0.0,2626.382,0.0,568.934926
2020-02-26 13:00:00,66.822353,102.890857,14.982507,14.982507,1802.577647,0.0,0.0,2538.018,0.0,566.916053
2020-02-26 14:00:00,266.626141,222.668066,14.982507,14.982507,1603.773859,0.0,0.0,2315.548,0.0,563.366121
2020-02-26 15:00:00,241.241028,400.0,14.982507,18.861019,1628.158972,0.0,0.0,2149.062,0.0,560.235454
2020-02-26 16:00:00,398.0,400.0,14.982507,20.632775,1662.114375,0.0,0.0,1742.57,0.0,554.018344
2020-02-26 17:00:00,400.0,400.0,22.492854,74.617414,1169.289509,0.0,0.0,1043.23,0.0,563.991074
2020-02-26 18:00:00,400.0,400.0,23.069973,76.790897,1008.461815,0.0,0.0,1038.2,0.0,606.710728
2020-02-26 19:00:00,400.0,400.0,21.116714,25.679444,1284.791118,0.0,0.0,1695.938,0.0,633.022032
2020-02-26 20:00:00,400.0,400.0,20.400003,21.125484,1099.063101,0.0,0.0,2069.22,0.0,610.373535
2020-02-26 21:00:00,400.0,400.0,20.846138,19.983547,1010.256468,0.0,0.0,1933.78,0.0,580.57853
2020-02-26 22:00:00,400.0,380.71635,20.419098,18.860141,1031.48797,0.0,0.0,1628.318,0.0,531.574504
2020-02-26 23:00:00,400.0,400.0,21.287879,18.861019,770.353233,0.0,0.0,1482.102,0.0,495.562315
2020-02-27 00:00:00,400.0,400.0,21.647258,19.034775,733.276431,0.0,0.0,1274.498,0.0,469.983235
2020-02-27 01:00:00,400.0,145.058917,21.116714,14.979622,804.431296,0.0,0.0,1238.7,0.0,453.940306
2020-02-27 02:00:00,400.0,208.002018,20.419098,14.979622,888.444226,0.0,0.0,1262.6,0.0,444.923366
2020-02-27 03:00:00,400.0,350.576528,19.983547,18.460676,937.960374,0.0,0.0,1315.9,0.0,445.490944
2020-02-27 04:00:00,400.0,400.0,20.419098,20.400003,844.105129,0.0,0.0,1264.622,0.0,451.877531
2020-02-27 05:00:00,400.0,400.0,73.657594,22.152393,329.012666,0.0,316.190134,982.578,0.0,486.8348
2020-02-27 06:00:00,400.0,400.0,500.0,54.39418,0.0,269.528526,663.984079,613.932,0.0,525.819079
2020-02-27 07:00:00,400.0,294.209645,124.617414,14.9805,186.015648,0.0,564.641405,1188.316,0.0,550.545053
2020-02-27 08:00:00,400.0,93.7,19.034775,0.0,954.588904,0.0,0.0,2253.62,0.0,551.873114
2020-02-27 09:00:00,234.093599,80.7,14.979622,0.0,1239.606401,0.0,0.0,2651.6,0.0,558.74904
2020-02-27 10:00:00,400.0,66.7,16.970947,0.0,1084.762913,0.0,0.0,2535.1,0.0,564.500563
2020-02-27 11:00:00,360.449609,60.7,14.9805,0.0,1129.250391,0.0,0.0,2604.668,0.0,568.262641
2020-02-27 12:00:00,270.096545,88.7,14.9805,0.0,1217.603455,0.0,0.0,2691.33,0.0,568.008982
2020-02-27 13:00:00,69.1975,88.7,14.979622,0.0,1405.5025,0.0,0.0,2875.398,0.0,567.434325
2020-02-27 14:00:00,0.0,87.7,0.0,0.0,1473.0,0.0,0.0,2946.693497,87.336503,568.004025
2020-02-27 15:00:00,0.0,243.606874,0.0,14.975368,1472.0,0.0,0.0,2906.891876,67.146124,562.183781
2020-02-27 16:00:00,0.0,400.0,0.0,17.379181,1474.0,0.0,0.0,2169.529417,444.540583,557.779413
2020-02-27 17:00:00,0.0,400.0,0.0,35.135904,2257.0,0.0,0.0,1710.726097,322.535903,565.908915
2020-02-27 18:00:00,27.719237,400.0,14.978232,76.525384,2741.680763,0.0,0.0,1897.068169,78.261831,610.408111
2020-02-27 19:00:00,141.717867,400.0,14.978232,70.341113,2633.682133,0.0,0.0,1975.416856,231.331144,632.360208
2020-02-27 20:00:00,4.374795,400.0,14.980658,26.429316,2741.025205,0.0,0.0,2020.159789,253.418211,614.720188
2020-02-27 21:00:00,0.0,400.0,0.0,23.069973,2796.0,0.0,0.0,1887.7122,327.8898,586.60683
2020-02-27 22:00:00,0.0,400.0,0.0,22.732362,2803.0,0.0,0.0,1597.57981,784.60219,542.036971
2020-02-27 23:00:00,0.0,400.0,0.0,21.116714,2808.0,0.0,0.0,1335.550168,1113.249832,501.982525
2020-02-28 00:00:00,0.0,400.0,0.0,21.647258,2440.0,0.0,0.0,1503.359974,1096.402026,475.853996
2020-02-28 01:00:00,0.0,400.0,0.0,21.116714,2441.0,0.0,0.0,1402.314224,1235.285776,460.547134
2020-02-28 02:00:00,0.0,400.0,0.0,18.06856,2441.0,0.0,0.0,1343.944158,1165.739842,451.791624
2020-02-28 03:00:00,0.0,400.0,0.0,16.961401,2422.0,0.0,0.0,1322.82983,427.17217,451.474474
2020-02-28 04:00:00,400.0,400.0,18.926085,19.983547,1941.48603,0.0,0.0,882.356669,86.541331,457.480596
2020-02-28 05:00:00,400.0,400.0,21.647258,22.516066,1432.773316,0.0,0.0,591.116,0.0,490.101403
2020-02-28 06:00:00,400.0,400.0,23.206766,21.843654,998.117163,0.0,0.0,425.784,0.0,530.500026
2020-02-28 07:00:00,400.0,400.0,23.069973,20.419098,1095.938603,0.0,0.0,698.898,0.0,556.79391
2020-02-28 08:00:00,400.0,400.0,20.419098,19.983547,1560.866065,0.0,0.0,1229.362,0.0,566.62439
2020-02-28 09:00:00,400.0,400.0,19.983547,19.68943,1704.472231,0.0,0.0,1411.078,0.0,572.340865
2020-02-28 10:00:00,400.0,400.0,19.983547,17.657447,1678.961739,0.0,0.0,1432.452,0.0,579.373539
2020-02-28 11:00:00,400.0,191.547243,19.983547,14.9805,1704.78434,0.0,0.0,1479.862,0.0,582.611649
2020-02-28 12:00:00,400.0,60.4,19.68943,0.0,1714.494375,0.0,0.0,1446.93,0.0,576.215344
2020-02-28 13:00:00,400.0,239.30628,19.68943,14.9805,1709.120362,0.0,0.0,1420.368,0.0,573.037146
2020-02-28 14:00:00,400.0,400.0,20.419098,18.072542,1577.99598,0.0,0.0,1262.916,0.0,569.088003
2020-02-28 15:00:00,400.0,400.0,20.419098,20.400003,1572.262778,0.0,0.0,1218.984,0.0,563.358183
2020-02-28 16:00:00,400.0,400.0,22.492854,22.96816,1343.589995,0.0,0.0,944.068,0.0,560.921701
2020-02-28 17:00:00,400.0,400.0,23.069973,26.752956,1087.149221,0.0,0.0,529.48,0.0,569.599617
2020-02-28 18:00:00,400.0,400.0,24.617414,76.429316,965.928033,0.0,0.0,425.698,0.0,611.965495
2020-02-28 19:00:00,400.0,400.0,76.755559,60.881768,718.372348,0.0,85.5378,360.1,0.0,633.259148
2020-02-28 20:00:00,400.0,400.0,26.324557,28.146581,830.03121,0.0,0.0,327.884,0.0,605.677918
2020-02-28 21:00:00,400.0,400.0,76.324557,25.855224,603.513166,0.0,137.492059,318.548,0.0,585.005225
2020-02-28 22:00:00,400.0,400.0,23.437807,24.824993,828.843955,0.0,0.0,310.252,0.0,549.961207
2020-02-28 23:00:00,400.0,400.0,23.657594,23.206766,684.761163,0.0,0.0,295.266,0.0,516.075726
2020-02-29 00:00:00,400.0,400.0,23.437807,24.992329,764.198493,0.0,0.0,188.012,0.0,488.072026
2020-02-29 01:00:00,400.0,400.0,23.437807,25.529498,609.448488,0.0,0.0,251.086,0.0,467.495627
2020-02-29 02:00:00,400.0,400.0,75.9087,25.754149,309.267241,0.0,268.664473,222.232,0.0,454.944714
2020-02-29 03:00:00,400.0,400.0,75.9087,24.137402,336.694484,0.0,236.404343,222.8,0.0,450.915827
2020-02-29 04:00:00,400.0,400.0,158.946708,21.288154,19.995557,0.0,553.697109,264.4,0.0,451.410666
2020-02-29 05:00:00,400.0,400.0,500.0,27.607864,0.0,78.778717,590.698808,260.1,0.0,465.581808
2020-02-29 06:00:00,400.0,400.0,500.0,19.983547,0.0,145.829035,601.278055,251.818,0.0,474.397055
2020-02-29 07:00:00,400.0,82.4,83.946708,0.0,180.3407,0.0,488.155895,690.318,0.0,491.246595
2020-02-29 08:00:00,400.0,84.4,20.400003,0.0,931.778344,0.0,0.0,1561.232,0.0,509.168048
2020-02-29 09:00:00,257.935145,66.4,14.981951,0.0,1478.464855,0.0,0.0,2201.848,0.0,523.257472
2020-02-29 10:00:00,132.634077,53.4,14.981951,0.0,1605.765923,0.0,0.0,2373.052,0.0,529.842912
2020-02-29 11:00:00,0.0,37.4,0.0,0.0,1748.0,0.0,0.0,2482.618926,15.629074,524.942839
2020-02-29 12:00:00,0.0,23.4,0.0,2.558863,1750.0,0.0,0.0,2408.306522,134.445478,513.495978
2020-02-29 13:00:00,0.0,17.4,0.0,14.981951,1748.0,0.0,0.0,2358.257319,119.058681,506.288598
2020-02-29 14:00:00,0.0,161.500022,0.0,14.982507,1751.0,0.0,0.0,2301.634243,6.879757,497.345136
2020-02-29 15:00:00,0.0,400.0,0.0,18.861019,1750.0,0.0,0.0,2087.196175,38.189825,490.829426
2020-02-29 16:00:00,40.348703,400.0,14.982507,20.419098,1884.051297,0.0,0.0,1528.568,0.0,491.177505
2020-02-29 17:00:00,400.0,400.0,21.116411,28.860022,1497.703126,0.0,0.0,690.452,0.0,506.662331
2020-02-29 18:00:00,400.0,400.0,23.206766,76.790897,931.212967,0.0,0.0,404.08,0.0,557.980055
2020-02-29 19:00:00,400.0,400.0,22.96816,71.887649,1146.071079,0.0,0.0,854.62,0.0,592.282338
2020-02-29 20:00:00,400.0,400.0,19.68943,23.128644,1727.361917,0.0,0.0,1279.882,0.0,568.878012
2020-02-29 21:00:00,400.0,400.0,18.573789,21.183475,1786.205244,0.0,0.0,1589.018,0.0,553.171913
2020-02-29 22:00:00,400.0,400.0,15.731586,18.861019,1897.633876,0.0,0.0,1523.5,0.0,526.629919
2020-02-29 23:00:00,400.0,400.0,18.463561,18.861019,1650.762311,0.0,0.0,1493.416,0.0,505.898053
2020-03-01 00:00:00,219.427635,400.0,15.0,19.59443,826.039272,0.0,0.0,763.322,0.0,466.842409
2020-03-01 01:00:00,400.0,400.0,18.621636,20.358826,937.287337,0.0,0.0,715.462,0.0,442.976199
2020-03-01 02:00:00,400.0,400.0,21.647258,19.983547,934.30942,0.0,0.0,674.97,0.0,437.349087
2020-03-01 03:00:00,400.0,400.0,20.419098,21.116411,1098.23752,0.0,0.0,815.678,0.0,433.866072
2020-03-01 04:00:00,251.954863,400.0,14.9805,21.116714,1681.445138,0.0,0.0,1406.022,0.0,434.936529
2020-03-01 05:00:00,289.41714,400.0,14.9805,44.52897,1643.982861,0.0,0.0,1439.462,0.0,445.571871
2020-03-01 06:00:00,273.634201,400.0,14.9805,24.101017,1660.765801,0.0,0.0,1488.832,0.0,450.45993
2020-03-01 07:00:00,0.0,400.0,0.0,19.68943,1762.0,0.0,0.0,2006.774326,31.603674,459.716149
2020-03-01 08:00:00,0.0,104.4,0.0,0.0,1722.0,0.0,0.0,2019.30245,462.98755,467.595367
2020-03-01 09:00:00,0.0,103.4,0.0,0.0,1726.0,0.0,0.0,2103.550981,465.165019,479.632647
2020-03-01 10:00:00,0.0,102.4,0.0,0.0,1727.0,0.0,0.0,2153.970601,729.813399,487.04559
2020-03-01 11:00:00,0.0,75.4,0.0,0.0,1725.0,0.0,0.0,2177.794219,683.687781,490.919133
2020-03-01 12:00:00,0.0,92.4,0.0,0.0,1724.0,0.0,0.0,2176.109997,453.786003,490.8165
2020-03-01 13:00:00,0.0,79.4,0.0,14.979622,1731.0,0.0,0.0,2168.087558,685.974442,488.563134
2020-03-01 14:00:00,0.0,292.361338,0.0,14.9805,1738.0,0.0,0.0,2175.702554,604.187446,488.655383
2020-03-01 15:00:00,0.0,82.4,0.0,12.452391,1732.0,0.0,0.0,2159.423785,388.030215,487.113568
2020-03-01 16:00:00,57.822121,289.449798,14.979622,18.06856,1662.577879,0.0,0.0,1898.382,0.0,487.170618
2020-03-01 17:00:00,337.660411,400.0,14.979622,75.9087,1597.739591,0.0,0.0,1662.13,0.0,510.658561
2020-03-01 18:00:00,400.0,400.0,16.970947,30.047397,1561.299415,0.0,0.0,2093.968,0.0,564.400288
2020-03-01 19:00:00,398.0,400.0,14.975624,19.430296,1558.0,0.0,0.0,2313.241697,204.858303,589.536255
2020-03-01 20:00:00,281.129511,400.0,14.978232,21.703672,1666.270489,0.0,0.0,2261.977066,346.002934,565.605987
2020-03-01 21:00:00,45.219004,400.0,14.973207,76.293015,1915.780996,0.0,0.0,2344.886301,400.865699,540.615796
2020-03-01 22:00:00,10.774786,353.66728,14.973207,20.246804,1721.225214,0.0,0.0,2353.299501,400.884499,506.411143
2020-03-01 23:00:00,148.200334,225.54863,14.973207,14.970128,1164.799666,0.0,0.0,2274.728602,387.905398,473.08934
2020-03-02 00:00:00,0.0,100.253872,0.0,14.978232,1314.0,0.0,0.0,2263.947874,372.902126,449.092181
2020-03-02 01:00:00,51.225919,30.4,14.978232,14.978232,1251.174081,0.0,0.0,2101.313854,370.556146,434.120966
2020-03-02 02:00:00,0.0,84.253192,14.544199,14.978232,1303.292545,0.0,0.0,2127.597511,340.134489,430.245745
2020-03-02 03:00:00,110.739698,385.25206,14.975624,14.975624,1179.660302,0.0,0.0,1991.933925,130.198075,428.441044
2020-03-02 04:00:00,307.561916,400.0,14.975624,36.827083,978.838084,0.0,0.0,1796.787532,212.460468,438.292417
2020-03-02 05:00:00,400.0,400.0,20.42044,73.018717,813.471212,0.0,0.0,1735.275458,163.024542,472.320637
2020-03-02 06:00:00,400.0,400.0,75.545362,24.180461,470.236731,0.0,205.888025,1745.361772,160.038228,509.268756
2020-03-02 07:00:00,400.0,117.4,74.332639,0.0,617.411073,0.0,113.387653,2117.969247,341.362753,534.833726
2020-03-02 08:00:00,0.0,105.4,10.901886,0.0,1236.804582,0.0,0.0,2796.71598,338.88402,543.73671
2020-03-02 09:00:00,0.0,88.4,0.0,0.0,1278.0,0.0,0.0,2925.458277,444.241723,556.868742
2020-03-02 10:00:00,243.798866,88.4,14.972183,0.0,1010.601134,0.0,0.0,2722.196768,421.685232,566.489345
2020-03-02 11:00:00,284.073016,65.4,14.97449,0.0,977.326984,0.0,0.0,2744.544456,388.257544,574.832621
2020-03-02 12:00:00,400.0,260.677408,74.9512,17.02793,540.963379,0.0,228.644335,2329.334803,387.097197,578.005714
2020-03-02 13:00:00,400.0,380.729099,87.934672,16.859053,226.288691,0.0,540.542357,2015.909011,422.320989,578.193048
2020-03-02 14:00:00,400.0,339.713004,90.382001,17.392886,147.361,0.0,578.807514,1771.077762,333.972238,578.807514
2020-03-02 15:00:00,400.0,264.475795,74.060266,14.978232,659.600436,0.0,61.510123,1900.237499,294.846501,574.595559
2020-03-02 16:00:00,400.0,275.772694,20.547985,19.430296,1007.390695,0.0,0.0,1564.697819,133.082181,576.346069
2020-03-02 17:00:00,400.0,400.0,21.122752,77.51719,1528.723824,0.0,0.0,1672.12126,169.53074,605.909615
2020-03-02 18:00:00,400.0,400.0,20.42044,77.050889,1701.719762,0.0,0.0,2045.729952,171.902048,654.601529
2020-03-02 19:00:00,312.941791,400.0,15.0,26.888076,1660.462733,0.0,0.0,2253.325361,293.320639,664.929394
2020-03-02 20:00:00,265.017138,400.0,15.0,24.500116,1626.248795,0.0,0.0,2331.040199,279.597801,628.468711
2020-03-02 21:00:00,99.472638,400.0,14.99203,21.813467,1950.927362,0.0,0.0,2409.352408,355.479592,591.513757
2020-03-02 22:00:00,0.0,400.0,0.0,19.430296,1878.0,0.0,0.0,2354.205638,324.004362,540.930846
2020-03-02 23:00:00,0.0,387.733773,0.0,15.791822,1644.0,0.0,0.0,2249.588886,121.979114,495.688333
2020-03-03 00:00:00,0.0,102.148008,0.0,14.979622,1643.0,0.0,0.0,2048.269707,226.898293,465.640456
2020-03-03 01:00:00,0.0,125.385369,0.0,14.979622,1645.0,0.0,0.0,1927.511679,388.750321,447.226752
2020-03-03 02:00:00,0.0,80.4,0.0,0.0,1646.0,0.0,0.0,1870.418026,535.713974,438.512704
2020-03-03 03:00:00,0.0,81.4,0.0,0.0,1648.0,0.0,0.0,1859.490346,599.655654,436.573552
2020-03-03 04:00:00,37.063771,81.4,14.975624,0.0,1585.336229,0.0,0.0,1798.417979,169.732021,436.812263
2020-03-03 05:00:00,214.434554,400.0,14.975624,34.998154,1407.965446,0.0,0.0,1773.266831,280.183169,459.645208
2020-03-03 06:00:00,400.0,400.0,20.42044,69.647855,1111.53398,0.0,0.0,1711.490377,353.639623,496.04346
2020-03-03 07:00:00,400.0,400.0,21.905537,24.000314,901.261196,0.0,0.0,1688.390042,283.941958,522.919327
2020-03-03 08:00:00,400.0,241.614831,20.400003,14.977625,776.1903,0.0,0.0,1978.732,0.0,531.981255
2020-03-03 09:00:00,400.0,118.4,20.400003,0.0,775.304136,0.0,0.0,2088.87,0.0,548.63488
2020-03-03 10:00:00,0.0,120.4,0.0,0.0,1410.0,0.0,0.0,2827.093028,198.090972,564.163954
2020-03-03 11:00:00,0.0,70.4,0.0,0.0,1410.0,0.0,0.0,2894.426717,189.305283,574.264008
2020-03-03 12:00:00,0.0,70.4,0.0,0.0,1411.0,0.0,0.0,2882.135121,251.718879,572.270268
2020-03-03 13:00:00,0.0,66.4,-0.0,0.0,1423.0,0.0,0.0,2871.122699,317.161301,568.818405
2020-03-03 14:00:00,70.659058,72.4,14.977625,0.0,1340.740942,0.0,0.0,2764.098,0.0,565.103559
2020-03-03 15:00:00,192.173312,77.4,14.97449,6.414511,1220.226688,0.0,0.0,2631.184241,64.753759,563.243633
2020-03-03 16:00:00,222.729618,400.0,14.977625,24.775491,1187.670383,0.0,0.0,2365.0,0.0,553.699443
2020-03-03 17:00:00,400.0,400.0,74.762577,20.42044,684.740291,0.0,80.920631,1761.633101,150.094899,566.383921
2020-03-03 18:00:00,400.0,400.0,90.382001,72.633713,123.897,0.0,619.490761,1508.835408,191.916592,619.490761
2020-03-03 19:00:00,400.0,400.0,76.141538,72.338312,485.600977,0.0,349.149102,1920.214834,192.581166,637.292079
2020-03-03 20:00:00,400.0,400.0,76.546344,28.944493,440.191222,0.0,358.845756,1741.944409,98.855591,608.362978
2020-03-03 21:00:00,400.0,400.0,20.547985,18.541474,815.083251,0.0,0.0,2152.777881,58.272119,573.524644
2020-03-03 22:00:00,400.0,341.8591,71.638496,14.992899,508.734583,0.0,186.94643,1962.968,0.0,524.735013
2020-03-03 23:00:00,400.0,168.394859,19.533879,14.980658,768.471961,0.0,0.0,1956.185652,47.634348,484.757054
2020-03-04 00:00:00,400.0,30.4,15.731586,-0.0,856.92841,0.0,0.0,1852.748,0.0,455.972938
2020-03-04 01:00:00,400.0,30.4,69.68943,-0.0,589.434859,0.0,2.404712,1538.432,0.0,440.699571
2020-03-04 02:00:00,400.0,209.484798,74.762577,14.980658,343.11981,0.0,238.677491,1241.87515,57.69285,433.163301
2020-03-04 03:00:00,400.0,400.0,500.0,19.958349,0.0,49.631112,576.706167,843.07,0.0,432.255167
2020-03-04 04:00:00,400.0,400.0,500.0,19.430296,0.0,147.670243,494.148036,511.93,0.0,439.290036
2020-03-04 05:00:00,400.0,400.0,77.050889,26.916576,141.655705,0.0,423.738639,409.298,0.0,468.996344
2020-03-04 06:00:00,400.0,400.0,77.050889,71.647258,205.598121,0.0,448.951161,531.32,0.0,505.458282
2020-03-04 07:00:00,400.0,400.0,73.657594,18.861019,435.694994,0.0,285.583457,948.798,0.0,533.565451
2020-03-04 08:00:00,400.0,80.4,19.430296,-0.0,1173.436773,0.0,0.0,1741.432,0.0,541.799284
2020-03-04 09:00:00,267.491745,60.4,14.982507,-0.0,1596.908255,0.0,0.0,2239.634,0.0,553.008862
2020-03-04 10:00:00,215.522614,63.201161,14.982507,14.982507,1655.877386,0.0,0.0,2374.918,0.0,564.456092
2020-03-04 11:00:00,83.267392,67.887545,14.982507,14.982507,1787.132608,0.0,0.0,2556.368,0.0,571.985309
2020-03-04 12:00:00,0.0,32.4,14.191367,14.982507,1871.383871,0.0,0.0,2608.168,0.0,567.117619
2020-03-04 13:00:00,58.604149,82.882241,14.982507,14.982507,1811.795851,0.0,0.0,2518.53,0.0,562.610122
2020-03-04 14:00:00,255.680393,213.309229,14.982507,14.982507,1614.719607,0.0,0.0,2307.352,0.0,560.494859
2020-03-04 15:00:00,228.33497,400.0,14.982507,18.860141,1641.06503,0.0,0.0,2129.932,0.0,555.430046
2020-03-04 16:00:00,398.0,400.0,14.982507,20.419098,1665.0,0.0,0.0,1713.136575,16.961425,549.170486
2020-03-04 17:00:00,400.0,400.0,21.647258,74.617414,1251.401369,0.0,0.0,1089.482,0.0,558.612095
2020-03-04 18:00:00,400.0,400.0,23.069973,77.220614,980.975544,0.0,0.0,1015.118,0.0,607.371368
2020-03-04 19:00:00,400.0,400.0,21.116714,27.264241,1291.406842,0.0,0.0,1699.154,0.0,632.512074
2020-03-04 20:00:00,400.0,400.0,20.419098,21.287879,1054.629589,0.0,0.0,2032.7,0.0,611.560562
2020-03-04 21:00:00,400.0,400.0,20.419098,19.983547,1063.626848,0.0,0.0,1894.87,0.0,578.136473
2020-03-04 22:00:00,400.0,278.13879,20.400003,14.982507,1110.624504,0.0,0.0,1604.69,0.0,527.559824
2020-03-04 23:00:00,400.0,331.359048,20.400003,18.860141,924.432832,0.0,0.0,1498.716,0.0,486.342475
2020-03-05 00:00:00,400.0,241.898083,20.400003,14.9805,926.24448,0.0,0.0,1329.37,0.0,460.668828
2020-03-05 01:00:00,400.0,86.7,19.68943,14.9805,1018.858949,0.0,0.0,1316.698,0.0,444.875858
2020-03-05 02:00:00,400.0,146.621429,19.983547,14.9805,998.303493,0.0,0.0,1247.0,0.0,437.504476
2020-03-05 03:00:00,400.0,296.198151,19.68943,14.9805,1031.67159,0.0,0.0,1287.368,0.0,438.554461
2020-03-05 04:00:00,400.0,400.0,20.400003,19.68943,927.750513,0.0,0.0,1240.538,0.0,447.118123
2020-03-05 05:00:00,400.0,400.0,73.437807,21.905537,430.629414,0.0,208.268474,973.162,0.0,481.579888
2020-03-05 06:00:00,400.0,400.0,500.0,59.792625,0.0,204.632194,674.226529,578.618,0.0,517.687529
2020-03-05 07:00:00,400.0,196.480295,124.617414,14.9805,182.902865,0.0,556.644705,1123.5,0.0,541.28957
2020-03-05 08:00:00,400.0,93.7,18.463561,-0.0,1034.242439,0.0,0.0,2316.764,0.0,549.108234
2020-03-05 09:00:00,106.421125,80.7,14.979622,-0.0,1367.278875,0.0,0.0,2744.65,0.0,553.555669
2020-03-05 10:00:00,281.238972,66.7,14.9805,-0.0,1203.461028,0.0,0.0,2617.49,0.0,559.054346
2020-03-05 11:00:00,325.062888,60.7,14.9805,-0.0,1165.637112,0.0,0.0,2612.878,0.0,564.036133
2020-03-05 12:00:00,225.858548,88.7,14.9805,-0.0,1261.841452,0.0,0.0,2712.954,0.0,564.616882
2020-03-05 13:00:00,0.0,88.7,0.0,-0.0,1480.0,0.0,0.0,2925.361049,20.916951,563.754157
2020-03-05 14:00:00,0.0,87.7,0.0,-0.0,1473.0,0.0,0.0,2920.819213,191.542787,564.122882
2020-03-05 15:00:00,0.0,86.7,0.0,-0.0,1473.0,0.0,0.0,2880.497215,175.752785,558.074582
2020-03-05 16:00:00,0.0,247.277497,0.0,14.975368,1474.0,0.0,0.0,2162.744436,584.787564,552.261665
2020-03-05 17:00:00,0.0,400.0,0.0,35.645603,2211.0,0.0,0.0,1705.669515,467.598485,560.650427
2020-03-05 18:00:00,0.0,400.0,0.0,75.200156,2775.0,0.0,0.0,2039.922264,91.409736,611.83834
2020-03-05 19:00:00,46.655378,400.0,14.973207,66.837834,2693.344622,0.0,0.0,2119.441113,247.960887,633.614474
2020-03-05 20:00:00,0.0,400.0,0.0,26.324557,2751.0,0.0,0.0,2115.530004,295.581996,616.129501
2020-03-05 21:00:00,0.0,400.0,0.0,22.96816,2750.0,0.0,0.0,1901.87958,431.15842,584.231937
2020-03-05 22:00:00,0.0,400.0,0.0,22.516066,2757.0,0.0,0.0,1586.922525,894.279475,535.938379
2020-03-05 23:00:00,0.0,400.0,0.0,20.419098,2762.0,0.0,0.0,1314.660644,1243.669356,494.349097
2020-03-06 00:00:00,0.0,400.0,0.0,21.647258,2580.0,0.0,0.0,1300.274568,1398.825432,466.241185
2020-03-06 01:00:00,0.0,400.0,0.0,21.647258,2395.0,0.0,0.0,1374.582153,1324.349847,451.887323
2020-03-06 02:00:00,0.0,400.0,0.0,19.034775,2395.0,0.0,0.0,1334.392198,1165.307802,445.85883
2020-03-06 03:00:00,0.0,400.0,0.0,18.861019,2376.0,0.0,0.0,1304.649058,433.650942,444.247359
2020-03-06 04:00:00,400.0,400.0,20.234035,20.419098,1896.559937,0.0,0.0,872.294927,87.505073,451.310249
2020-03-06 05:00:00,400.0,400.0,21.843654,22.96816,1363.536736,0.0,0.0,572.47,0.0,486.28999
2020-03-06 06:00:00,400.0,400.0,23.437807,22.732362,925.406718,0.0,0.0,384.982,0.0,523.886292
2020-03-06 07:00:00,400.0,400.0,23.206766,20.419098,1002.713274,0.0,0.0,651.17,0.0,552.218509
2020-03-06 08:00:00,400.0,400.0,20.400003,19.983547,1615.854971,0.0,0.0,1325.232,0.0,561.356554
2020-03-06 09:00:00,400.0,400.0,19.68943,19.68943,1761.358131,0.0,0.0,1529.602,0.0,570.18658
2020-03-06 10:00:00,400.0,300.626341,19.68943,14.979622,1732.462063,0.0,0.0,1552.23,0.0,577.915191
2020-03-06 11:00:00,400.0,70.318832,19.430296,14.979622,1790.075909,0.0,0.0,1623.584,0.0,579.976214
2020-03-06 12:00:00,400.0,65.7,19.430296,0.0,1789.088996,0.0,0.0,1587.48,0.0,574.708651
2020-03-06 13:00:00,400.0,120.321086,19.034775,14.979622,1840.693376,0.0,0.0,1537.684,0.0,559.498594
2020-03-06 14:00:00,400.0,333.275891,19.983547,16.961401,1661.211043,0.0,0.0,1396.548,0.0,565.250544
2020-03-06 15:00:00,400.0,400.0,19.983547,19.983547,1679.73217,0.0,0.0,1349.07,0.0,559.850674
2020-03-06 16:00:00,400.0,400.0,21.116714,22.732362,1504.771693,0.0,0.0,1073.114,0.0,556.101346
2020-03-06 17:00:00,400.0,400.0,22.96816,27.813502,1171.400021,0.0,0.0,587.416,0.0,565.652397
2020-03-06 18:00:00,400.0,400.0,24.617414,76.429316,964.594377,0.0,0.0,468.57,0.0,616.196343
2020-03-06 19:00:00,400.0,400.0,76.755559,62.314272,716.945114,0.0,89.054419,390.282,0.0,635.000533
2020-03-06 20:00:00,400.0,400.0,26.324557,26.785902,845.18683,0.0,0.0,355.51,0.0,607.548475
2020-03-06 21:00:00,400.0,400.0,76.324557,25.729693,640.347668,0.0,98.634882,344.138,0.0,583.31855
2020-03-06 22:00:00,400.0,400.0,76.324557,24.808635,523.133114,0.0,168.391419,329.37,0.0,545.435533
2020-03-06 23:00:00,400.0,400.0,23.437807,23.128644,719.61685,0.0,0.0,271.698,0.0,507.312173
2020-03-07 00:00:00,400.0,400.0,23.206766,26.389446,816.567032,0.0,0.0,183.888,0.0,479.598145
2020-03-07 01:00:00,400.0,400.0,76.324557,23.920643,263.119996,0.0,319.047005,199.6,0.0,458.472001
2020-03-07 02:00:00,400.0,400.0,74.617414,25.475564,405.808659,0.0,163.532942,271.046,0.0,447.785601
2020-03-07 03:00:00,400.0,400.0,73.657594,24.101017,430.388158,0.0,134.128919,268.822,0.0,443.765076
2020-03-07 04:00:00,400.0,400.0,133.035526,23.86209,68.298293,0.0,498.741763,275.752,0.0,445.868056
2020-03-07 05:00:00,400.0,400.0,500.0,24.446631,0.0,47.909171,584.189776,254.816,0.0,460.158776
2020-03-07 06:00:00,400.0,400.0,500.0,19.983547,0.0,73.593175,594.500776,286.412,0.0,468.750776
2020-03-07 07:00:00,400.0,82.4,75.9087,0.0,252.606874,0.0,406.154895,714.052,0.0,483.966769
2020-03-07 08:00:00,400.0,84.4,19.983547,0.0,996.041998,0.0,0.0,1583.316,0.0,502.8411
2020-03-07 09:00:00,231.34488,66.4,14.981951,0.0,1505.05512,0.0,0.0,2193.1,0.0,517.956732
2020-03-07 10:00:00,69.320673,53.4,14.981951,0.0,1669.079327,0.0,0.0,2397.412,0.0,523.999901
2020-03-07 11:00:00,0.0,37.4,0.0,0.0,1748.0,0.0,0.0,2437.359873,28.726127,518.153981
2020-03-07 12:00:00,0.0,23.4,0.0,6.468505,1750.0,0.0,0.0,2368.277866,107.176134,507.49168
2020-03-07 13:00:00,0.0,17.4,0.0,14.981951,1749.0,0.0,0.0,2302.991532,129.670468,497.84873
2020-03-07 14:00:00,0.0,94.7893,0.0,14.982507,1752.0,0.0,0.0,2257.725436,29.044564,490.608815
2020-03-07 15:00:00,0.0,386.10011,0.0,18.573789,1751.0,0.0,0.0,2047.456163,93.641837,484.718424
2020-03-07 16:00:00,176.699549,400.0,14.981951,20.419098,1747.700452,0.0,0.0,1513.77,0.0,483.910432
2020-03-07 17:00:00,400.0,400.0,21.116714,27.264621,1338.337759,0.0,0.0,664.332,0.0,498.899136
2020-03-07 18:00:00,400.0,400.0,23.437807,76.974437,924.61384,0.0,0.0,370.166,0.0,557.482824
2020-03-07 19:00:00,400.0,400.0,23.128644,75.9087,1087.752029,0.0,0.0,775.848,0.0,589.214396
2020-03-07 20:00:00,400.0,400.0,20.400003,23.206766,1686.844592,0.0,0.0,1231.672,0.0,567.724111
2020-03-07 21:00:00,400.0,400.0,19.68943,21.287879,1438.92046,0.0,0.0,1559.784,0.0,548.379531
2020-03-07 22:00:00,400.0,400.0,18.861019,18.861019,1575.76841,0.0,0.0,1508.648,0.0,520.181938
2020-03-07 23:00:00,400.0,400.0,19.034775,18.573789,1337.251245,0.0,0.0,1452.684,0.0,494.314913
2020-03-08 00:00:00,400.0,400.0,20.846138,19.034775,718.355701,0.0,0.0,1391.136,0.0,471.417045
2020-03-08 01:00:00,400.0,400.0,71.843654,19.034775,418.595014,0.0,190.774733,1339.0,0.0,455.310748
2020-03-08 02:00:00,400.0,400.0,71.287879,18.861019,471.9493,0.0,129.073805,1345.97,0.0,448.353105
2020-03-08 03:00:00,400.0,400.0,20.419098,18.861019,603.145439,0.0,0.0,1441.13,0.0,442.947684
2020-03-08 04:00:00,400.0,400.0,20.400003,18.861019,638.188826,0.0,0.0,1501.63,0.0,446.766176
2020-03-08 05:00:00,400.0,400.0,72.96816,41.262436,335.508012,0.0,278.321386,1280.664,0.0,459.023398
2020-03-08 06:00:00,400.0,100.206034,73.069973,4.824528,222.854713,0.0,397.255381,1357.902,0.0,464.257093
2020-03-08 07:00:00,361.619843,85.4,14.979622,0.0,888.780157,0.0,0.0,2060.114,0.0,469.700076
2020-03-08 08:00:00,0.0,88.4,0.0,0.0,1265.0,0.0,0.0,2465.878003,425.411997,474.1317
2020-03-08 09:00:00,0.0,103.4,0.0,0.0,1267.0,0.0,0.0,2531.688134,859.459866,483.70322
2020-03-08 10:00:00,0.0,103.4,0.0,0.0,1268.0,0.0,0.0,2574.717145,1078.168855,490.007572
2020-03-08 11:00:00,0.0,103.4,0.0,0.0,1266.0,0.0,0.0,2565.386717,769.913283,488.908008
2020-03-08 12:00:00,0.0,83.4,0.0,0.0,1265.0,0.0,0.0,2561.629444,687.002556,488.494417
2020-03-08 13:00:00,0.0,83.4,0.0,0.0,1264.0,0.0,0.0,2534.783128,832.718872,484.617469
2020-03-08 14:00:00,0.0,81.4,0.0,0.0,1266.0,0.0,0.0,2511.391647,1270.390353,480.808747
2020-03-08 15:00:00,0.0,84.4,0.0,0.0,1266.0,0.0,0.0,2514.319111,857.826889,481.247867
2020-03-08 16:00:00,0.0,400.0,0.0,19.68943,1249.0,0.0,0.0,2105.472245,458.575755,482.770837
2020-03-08 17:00:00,182.211796,400.0,14.979622,22.684645,1530.188205,0.0,0.0,1891.03,0.0,503.376269
2020-03-08 18:00:00,400.0,400.0,19.68943,72.725769,1251.364621,0.0,0.0,1828.272,0.0,563.536107
2020-03-08 19:00:00,400.0,400.0,19.034775,73.069973,1337.550278,0.0,0.0,2031.63,0.0,588.311958
2020-03-08 20:00:00,400.0,400.0,19.034775,37.908921,1328.855726,0.0,0.0,1934.418,0.0,567.834341
2020-03-08 21:00:00,325.847836,400.0,14.9805,21.756921,1536.552166,0.0,0.0,2056.232,0.0,543.551975
2020-03-08 22:00:00,65.628333,147.72932,14.979622,14.979622,1514.371667,0.0,0.0,2278.168,0.0,504.86945
2020-03-08 23:00:00,0.0,67.0,0.0,0.0,1587.0,0.0,0.0,2129.059116,325.308884,471.608867
2020-03-09 00:00:00,0.0,142.18337,0.0,14.979622,1546.0,0.0,0.0,2004.620078,88.779922,450.843012
2020-03-09 01:00:00,0.0,400.0,0.0,18.571461,1542.0,0.0,0.0,1930.314045,63.887955,440.297107
2020-03-09 02:00:00,0.0,400.0,0.0,19.68943,1544.0,0.0,0.0,1890.624587,249.737413,434.043688
2020-03-09 03:00:00,0.0,400.0,0.0,20.419098,1546.0,0.0,0.0,1899.528129,287.155871,435.079219
2020-03-09 04:00:00,0.0,400.0,0.0,21.287879,1550.0,0.0,0.0,1895.394232,363.673768,442.859135
2020-03-09 05:00:00,0.0,400.0,0.0,52.486819,1644.0,0.0,0.0,2107.027393,218.974607,478.804109
2020-03-09 06:00:00,28.712369,400.0,14.973207,19.68943,1660.287631,0.0,0.0,2307.856328,115.813672,513.385305
2020-03-09 07:00:00,118.848956,313.914148,14.973207,14.972727,1574.151044,0.0,0.0,2439.939146,323.260854,546.118215
2020-03-09 08:00:00,0.0,199.445598,0.0,14.979622,1648.0,0.0,0.0,2585.524734,587.441266,556.87871
2020-03-09 09:00:00,0.0,400.0,0.0,16.960524,1647.0,0.0,0.0,2672.447513,557.772487,570.067127
2020-03-09 10:00:00,0.0,400.0,0.0,19.430296,1630.0,0.0,0.0,2707.247177,104.740823,577.837077
2020-03-09 11:00:00,0.0,178.4,0.0,0.0,1630.0,0.0,0.0,2699.583928,188.212072,576.687589
2020-03-09 12:00:00,0.0,390.152935,0.0,16.960524,1640.0,0.0,0.0,2714.83192,475.70008,577.474788
2020-03-09 13:00:00,0.0,231.045356,0.0,14.97449,1649.0,0.0,0.0,2691.959174,689.392826,572.693876
2020-03-09 14:00:00,0.0,400.0,0.0,21.122752,1648.0,0.0,0.0,2658.944675,694.025325,567.891701
2020-03-09 15:00:00,0.0,400.0,0.0,23.20063,1651.0,0.0,0.0,2467.928369,550.921631,564.289255
2020-03-09 16:00:00,0.0,400.0,0.0,21.122752,1859.0,0.0,0.0,2324.765653,215.804347,564.864848
2020-03-09 17:00:00,136.068368,400.0,14.978232,26.153011,1858.331632,0.0,0.0,2134.730357,361.669643,589.709809
2020-03-09 18:00:00,400.0,400.0,20.42044,60.983119,1647.656885,0.0,0.0,2113.326924,268.539076,647.050506
2020-03-09 19:00:00,400.0,400.0,18.926085,77.464999,1729.097131,0.0,0.0,2188.753412,280.684588,662.048442
2020-03-09 20:00:00,400.0,400.0,18.926085,32.654811,1747.002138,0.0,0.0,2023.757649,173.540351,625.763327
2020-03-09 21:00:00,400.0,400.0,21.368347,21.122752,1319.784461,0.0,0.0,1687.866995,217.217005,586.21238
2020-03-09 22:00:00,400.0,400.0,22.709794,21.122752,727.677097,0.0,0.0,1519.418774,48.051226,535.011252
2020-03-09 23:00:00,400.0,400.0,18.072542,19.958349,1007.053756,0.0,0.0,1861.2,0.0,491.121937
2020-03-10 00:00:00,233.754645,269.884437,14.978232,14.978232,1207.645355,0.0,0.0,1869.001977,70.698023,462.203493
2020-03-10 01:00:00,95.626102,58.996994,14.978232,14.978232,1346.773898,0.0,0.0,1905.265545,56.002455,446.773747
2020-03-10 02:00:00,0.0,73.4,0.0,14.978232,1502.0,0.0,0.0,2002.336162,227.243838,438.050424
2020-03-10 03:00:00,0.0,66.4,14.544199,14.978232,1447.419357,0.0,0.0,1939.689903,161.662097,436.840582
2020-03-10 04:00:00,205.238706,253.374652,14.978232,14.978232,1237.161294,0.0,0.0,1783.010547,179.605453,444.877388
2020-03-10 05:00:00,400.0,400.0,18.52187,49.20941,988.246957,0.0,0.0,1747.435463,243.562537,476.878276
2020-03-10 06:00:00,400.0,400.0,25.757194,23.659156,675.145521,0.0,0.0,1644.842327,251.595673,508.454521
2020-03-10 07:00:00,400.0,123.170746,72.491701,14.97449,722.037803,0.0,18.316046,2216.697305,275.034695,536.127849
2020-03-10 08:00:00,0.0,103.4,0.0,0.0,1295.0,0.0,0.0,2853.861971,453.336029,543.579296
2020-03-10 09:00:00,0.0,104.4,0.0,0.0,1292.0,0.0,0.0,2928.976608,956.127392,555.296491
2020-03-10 10:00:00,0.0,132.4,-0.0,0.0,1311.0,0.0,0.0,3004.784523,1328.497477,563.817678
2020-03-10 11:00:00,0.0,105.4,-0.0,0.0,1311.0,0.0,0.0,3025.492344,1406.819656,566.923852
2020-03-10 12:00:00,0.0,183.221366,-0.0,24.613029,1310.0,0.0,0.0,3034.226007,1375.693993,568.383901
2020-03-10 13:00:00,0.0,101.4,-0.0,0.0,1293.0,0.0,0.0,2996.003815,1059.158185,565.200572
2020-03-10 14:00:00,0.0,99.4,0.0,14.97449,1288.0,0.0,0.0,2974.026223,786.805777,562.653933
2020-03-10 15:00:00,0.0,93.4,0.0,0.0,1286.0,0.0,0.0,2940.674238,398.745762,557.951136
2020-03-10 16:00:00,0.0,262.939504,0.0,14.97449,1284.0,0.0,0.0,2741.575746,265.594254,553.886362
2020-03-10 17:00:00,114.168896,400.0,14.979622,22.751391,1357.231104,0.0,0.0,2342.034,0.0,582.720434
2020-03-10 18:00:00,400.0,400.0,19.983547,76.324557,1357.485281,0.0,0.0,1980.652,0.0,623.875008
2020-03-10 19:00:00,400.0,400.0,73.657594,72.492854,674.386047,0.0,176.474046,1532.5,0.0,650.717093
2020-03-10 20:00:00,400.0,400.0,72.576747,29.2081,715.121752,0.0,92.372785,1745.972,0.0,624.577537
2020-03-10 21:00:00,400.0,400.0,73.128644,20.419098,558.682905,0.0,218.236159,1603.13,0.0,590.767064
2020-03-10 22:00:00,400.0,400.0,20.526636,20.42044,1098.900387,0.0,0.0,1951.082932,55.149068,539.127382
2020-03-10 23:00:00,352.598075,165.80174,14.979622,14.975624,1303.401925,0.0,0.0,1884.314,0.0,498.436811
2020-03-11 00:00:00,321.701462,160.865235,14.978173,14.978232,1123.363717,0.0,0.0,1862.48,0.0,468.917442
2020-03-11 01:00:00,398.0,143.60946,14.975624,14.975624,898.0,0.0,0.0,1875.041341,264.188659,451.356201
2020-03-11 02:00:00,179.866317,103.925745,14.975624,14.975624,1071.133684,0.0,0.0,1996.671833,83.266167,443.630722
2020-03-11 03:00:00,39.210407,41.0,14.978232,14.978232,1221.789593,0.0,0.0,2136.948499,262.949501,442.073836
2020-03-11 04:00:00,0.248415,168.618822,14.985072,14.983058,1273.985392,0.0,0.0,2241.036549,205.049451,449.857673
2020-03-11 05:00:00,252.188489,400.0,14.990398,47.643009,1019.811511,0.0,0.0,2227.922653,276.727347,486.016671
2020-03-11 06:00:00,400.0,242.780587,72.620878,14.990398,600.6071,0.0,38.307327,2356.683278,328.736722,518.261427
2020-03-11 07:00:00,38.723962,49.0,14.988802,-0.0,1092.303169,0.0,0.0,3009.249627,360.700373,547.341969
2020-03-11 08:00:00,0.0,54.0,0.0,-0.0,1143.0,0.0,0.0,3110.088448,1085.489552,554.863267
2020-03-11 09:00:00,0.0,60.0,0.0,-0.0,1144.0,0.0,0.0,3195.62959,1424.27241,567.544438
2020-03-11 10:00:00,0.0,55.0,0.0,-0.0,1131.0,0.0,0.0,3218.741516,1107.156484,572.961227
2020-03-11 11:00:00,0.0,89.0,0.0,-0.0,1126.0,0.0,0.0,3187.110998,694.659002,568.96665
2020-03-11 12:00:00,0.0,94.0,0.0,-0.0,1125.0,0.0,0.0,3168.904832,642.079168,566.385725
2020-03-11 13:00:00,0.0,94.0,0.0,-0.0,1124.0,0.0,0.0,3173.435987,486.082013,567.215398
2020-03-11 14:00:00,0.0,93.0,0.0,-0.0,1124.0,0.0,0.0,3146.163833,395.532167,563.124575
2020-03-11 15:00:00,0.0,93.0,0.0,-0.0,1126.0,0.0,0.0,3094.506684,435.727316,555.076003
2020-03-11 16:00:00,0.0,400.0,0.0,20.062733,1127.0,0.0,0.0,2639.919235,508.760765,551.537885
2020-03-11 17:00:00,249.926085,400.0,14.97449,69.197424,1340.073915,0.0,0.0,2241.312668,212.239332,563.735813
2020-03-11 18:00:00,400.0,400.0,21.905537,75.433611,1019.869729,0.0,0.0,1948.077524,233.760476,623.581169
2020-03-11 19:00:00,400.0,400.0,22.709794,32.382408,886.600548,0.0,0.0,2102.272489,222.965511,652.300791
2020-03-11 20:00:00,400.0,400.0,74.060266,23.779534,762.102954,0.0,51.18244,2228.458917,206.343083,626.903394
2020-03-11 21:00:00,400.0,389.724916,20.42044,18.142048,1029.798884,0.0,0.0,2331.373358,264.656642,596.186171
2020-03-11 22:00:00,191.548615,162.32807,14.999127,14.999122,1457.878429,0.0,0.0,2403.006898,302.327102,542.71927
2020-03-11 23:00:00,0.0,32.814628,0.0,14.983845,1661.0,0.0,0.0,2325.736696,332.215304,500.660504
2020-03-12 00:00:00,250.484497,254.192915,14.975624,14.975624,1041.515503,0.0,0.0,2231.678154,340.853846,472.974398
2020-03-12 01:00:00,150.930417,179.014547,14.975624,14.975624,1142.069583,0.0,0.0,2230.22594,314.24006,457.673454
2020-03-12 02:00:00,94.521075,148.901776,14.975624,14.975624,1198.478925,0.0,0.0,2235.272022,348.961978,449.968965
2020-03-12 03:00:00,94.070063,170.068993,14.975624,14.975624,1198.929937,0.0,0.0,2252.011624,299.390376,452.412253
2020-03-12 04:00:00,132.476439,265.616329,14.975624,14.975624,1160.523561,0.0,0.0,2268.112697,306.353303,460.58837
2020-03-12 05:00:00,356.432864,400.0,14.975624,52.176512,934.567136,0.0,0.0,2299.700865,288.519135,499.220059
2020-03-12 06:00:00,400.0,229.107654,20.42044,14.99523,699.829754,0.0,0.0,2361.150042,322.381958,532.248043
2020-03-12 07:00:00,400.0,49.0,20.42044,0.0,728.554399,0.0,0.0,2565.371646,294.728354,558.572587
2020-03-12 08:00:00,0.0,54.0,0.0,0.0,1198.0,0.0,0.0,3069.324437,309.909563,563.748666
2020-03-12 09:00:00,0.0,54.0,0.0,0.0,1200.0,0.0,0.0,3135.405064,620.412936,573.36076
2020-03-12 10:00:00,0.0,54.0,0.0,0.0,1201.0,0.0,0.0,3129.959293,730.188707,572.393894
2020-03-12 11:00:00,0.0,44.0,0.0,0.0,1200.0,0.0,0.0,3116.576227,639.359773,570.536434
2020-03-12 12:00:00,0.0,48.0,0.0,0.0,1210.0,0.0,0.0,3128.698614,843.521386,570.854792
2020-03-12 13:00:00,0.0,56.0,0.0,0.0,1210.0,0.0,0.0,3093.585471,992.714529,565.587821
2020-03-12 14:00:00,0.0,65.0,0.0,0.0,1208.0,0.0,0.0,3065.228748,730.239252,561.634312
2020-03-12 15:00:00,0.0,96.0,0.0,0.0,1208.0,0.0,0.0,3033.523881,517.928119,556.878582
2020-03-12 16:00:00,0.0,201.98042,0.0,14.991888,1203.0,0.0,0.0,2997.459001,210.592999,552.21885
2020-03-12 17:00:00,174.544174,400.0,14.979622,26.134348,1043.455827,0.0,0.0,2438.398,0.0,568.791326
2020-03-12 18:00:00,400.0,400.0,23.439019,73.069973,913.66588,0.0,0.0,2040.348825,28.499175,629.502442
2020-03-12 19:00:00,400.0,400.0,78.088016,74.107066,787.903383,0.0,69.10991,2007.652,0.0,655.012293
2020-03-12 20:00:00,400.0,400.0,78.194876,28.018423,784.81232,0.0,40.129914,2006.920548,7.611452,629.116234
2020-03-12 21:00:00,400.0,400.0,73.069973,19.430296,741.207915,0.0,40.972098,1756.868,0.0,595.149013
2020-03-12 22:00:00,400.0,400.0,22.492854,19.68943,861.645145,0.0,0.0,1544.902,0.0,545.288528
2020-03-12 23:00:00,400.0,292.652147,20.419098,14.9805,1017.694399,0.0,0.0,1412.152,0.0,501.96864
2020-03-13 00:00:00,400.0,400.0,23.069973,19.68943,740.69589,0.0,0.0,989.882,0.0,471.927916
2020-03-13 01:00:00,400.0,400.0,76.429316,20.400003,428.050405,0.0,163.273334,560.622,0.0,454.435739
2020-03-13 02:00:00,400.0,400.0,76.324557,20.400003,510.722208,0.0,30.23546,536.8,0.0,447.461669
2020-03-13 03:00:00,400.0,400.0,23.069973,21.843654,724.313273,0.0,0.0,656.7,0.0,447.208009
2020-03-13 04:00:00,400.0,400.0,22.96816,22.53001,786.563706,0.0,0.0,613.6,0.0,456.905444
2020-03-13 05:00:00,400.0,400.0,24.617414,61.490534,704.774495,0.0,0.0,560.73,0.0,493.493326
2020-03-13 06:00:00,400.0,400.0,77.274563,21.287879,361.631811,0.0,314.540017,404.804,0.0,528.475828
2020-03-13 07:00:00,400.0,400.0,22.732362,20.419098,944.033794,0.0,0.0,1161.568,0.0,554.630131
2020-03-13 08:00:00,400.0,400.0,18.573789,18.861019,1542.303601,0.0,0.0,1850.066,0.0,568.16436
2020-03-13 09:00:00,252.710189,400.0,14.982507,18.861019,1828.689811,0.0,0.0,2191.572,0.0,576.432328
2020-03-13 10:00:00,333.650371,400.0,14.981951,20.419098,1727.749629,0.0,0.0,2169.566,0.0,588.272456
2020-03-13 11:00:00,400.0,400.0,19.68943,20.419098,1332.532783,0.0,0.0,1790.632,0.0,590.714883
2020-03-13 12:00:00,400.0,400.0,20.400003,20.419098,1285.505792,0.0,0.0,1677.168,0.0,580.749331
2020-03-13 13:00:00,400.0,400.0,19.430296,20.419098,1387.368823,0.0,0.0,1726.618,0.0,572.887377
2020-03-13 14:00:00,400.0,400.0,19.034775,21.843654,1445.493029,0.0,0.0,1729.43,0.0,564.590546
2020-03-13 15:00:00,400.0,400.0,19.68943,22.492854,1336.10667,0.0,0.0,1529.27,0.0,555.474499
2020-03-13 16:00:00,400.0,400.0,21.843654,26.41157,1081.4247,0.0,0.0,1068.238,0.0,556.921995
2020-03-13 17:00:00,400.0,400.0,22.96816,26.411918,1064.011374,0.0,0.0,674.814,0.0,579.270394
2020-03-13 18:00:00,400.0,400.0,26.429316,77.274563,927.427785,0.0,0.0,510.472,0.0,642.606632
2020-03-13 19:00:00,400.0,400.0,76.755559,61.601697,805.52418,0.0,30.142693,571.55,0.0,658.053873
2020-03-13 20:00:00,400.0,400.0,26.429316,27.512649,940.351818,0.0,0.0,542.85,0.0,633.524727
2020-03-13 21:00:00,400.0,400.0,26.429316,28.071003,986.190039,0.0,0.0,444.77,0.0,611.936994
2020-03-13 22:00:00,400.0,400.0,26.429316,25.665279,851.093979,0.0,0.0,391.252,0.0,570.923703
2020-03-13 23:00:00,400.0,400.0,24.617414,24.617414,846.706527,0.0,0.0,471.964,0.0,530.438621
2020-03-14 00:00:00,400.0,400.0,23.206766,23.069973,915.893405,0.0,0.0,352.25,0.0,502.103489
2020-03-14 01:00:00,400.0,400.0,23.069973,22.576747,1083.769464,0.0,0.0,395.33,0.0,483.38408
2020-03-14 02:00:00,400.0,400.0,22.96816,21.843654,1120.426523,0.0,0.0,338.234,0.0,469.321122
2020-03-14 03:00:00,400.0,400.0,23.069973,22.492854,1096.005533,0.0,0.0,285.412,0.0,465.06097
2020-03-14 04:00:00,400.0,400.0,22.96816,22.492854,1121.174181,0.0,0.0,318.088,0.0,466.187073
2020-03-14 05:00:00,400.0,400.0,23.069973,22.492854,1046.063764,0.0,0.0,360.496,0.0,483.814835
2020-03-14 06:00:00,400.0,400.0,22.732362,20.846138,1138.975516,0.0,0.0,544.798,0.0,497.523373
2020-03-14 07:00:00,400.0,400.0,22.516066,18.860141,1266.525765,0.0,0.0,794.13,0.0,515.790635
2020-03-14 08:00:00,400.0,400.0,20.419098,18.067682,1523.301442,0.0,0.0,1266.168,0.0,548.079984
2020-03-14 09:00:00,400.0,351.648833,19.034775,14.979622,1726.457493,0.0,0.0,1641.282,0.0,573.873676
2020-03-14 10:00:00,400.0,285.593817,20.400003,14.979622,1564.828894,0.0,0.0,1537.886,0.0,582.608566
2020-03-14 11:00:00,398.0,400.0,14.979622,19.430296,1874.059249,0.0,0.0,1786.432,0.0,573.505913
2020-03-14 12:00:00,400.0,400.0,18.861019,18.861019,1775.885593,0.0,0.0,1617.004,0.0,562.817761
2020-03-14 13:00:00,400.0,400.0,18.463561,18.861019,1814.811965,0.0,0.0,1615.182,0.0,556.705505
2020-03-14 14:00:00,400.0,187.106825,18.573789,14.9805,1810.150441,0.0,0.0,1551.012,0.0,547.779234
2020-03-14 15:00:00,400.0,370.078474,20.400003,14.981951,1564.093563,0.0,0.0,1274.068,0.0,543.146166
2020-03-14 16:00:00,400.0,400.0,21.287879,20.846138,1388.218893,0.0,0.0,1014.32,0.0,551.565166
2020-03-14 17:00:00,400.0,400.0,21.647258,24.853421,1452.365651,0.0,0.0,835.712,0.0,572.151952
2020-03-14 18:00:00,400.0,400.0,23.128644,62.110417,1239.744854,0.0,0.0,743.268,0.0,630.228472
2020-03-14 19:00:00,400.0,400.0,23.437807,76.755559,1216.325875,0.0,0.0,721.448,0.0,656.118319
2020-03-14 20:00:00,400.0,400.0,23.657594,28.102736,1167.484079,0.0,0.0,635.746,0.0,637.389288
2020-03-14 21:00:00,400.0,400.0,23.437807,26.828747,1150.427089,0.0,0.0,641.93,0.0,616.125437
2020-03-14 22:00:00,400.0,400.0,23.206766,25.585256,1012.584994,0.0,0.0,592.84,0.0,576.188251
2020-03-14 23:00:00,400.0,400.0,23.069973,26.274638,943.946496,0.0,0.0,653.7,0.0,542.363026
2020-03-15 00:00:00,400.0,400.0,22.492854,25.562795,1175.28575,0.0,0.0,688.08,0.0,512.819137
2020-03-15 01:00:00,400.0,400.0,22.492854,25.341766,998.643462,0.0,0.0,737.548,0.0,493.485681
2020-03-15 02:00:00,400.0,400.0,22.517588,24.92405,1134.413598,0.0,0.0,783.049501,6.516499,479.945385
2020-03-15 03:00:00,400.0,400.0,21.647258,25.755565,1101.595342,0.0,0.0,735.268,0.0,477.700899
2020-03-15 04:00:00,400.0,400.0,23.069973,24.635295,667.963638,0.0,0.0,678.14,0.0,480.926454
2020-03-15 05:00:00,400.0,400.0,73.128644,28.081034,572.126395,0.0,68.846646,653.76,0.0,491.645041
2020-03-15 06:00:00,400.0,400.0,86.124055,19.983547,116.679742,0.0,493.658297,577.78,0.0,498.615039
2020-03-15 07:00:00,400.0,196.044917,73.657594,14.9805,247.582845,0.0,413.067517,1005.502,0.0,503.874362
2020-03-15 08:00:00,400.0,79.4,19.983547,-0.0,904.27768,0.0,0.0,1817.998,0.0,518.208048
2020-03-15 09:00:00,344.453408,72.4,14.9805,-0.0,1263.946592,0.0,0.0,2196.07,0.0,520.968511
2020-03-15 10:00:00,186.190729,65.4,14.981951,-0.0,1443.209271,0.0,0.0,2370.418,0.0,520.231309
2020-03-15 11:00:00,0.0,64.4,0.0,-0.0,1641.0,0.0,0.0,2549.002363,53.131637,517.350354
2020-03-15 12:00:00,229.323307,95.4,14.979622,-0.0,1365.076693,0.0,0.0,2235.428,0.0,511.702696
2020-03-15 13:00:00,345.60934,91.4,14.979622,-0.0,1253.79066,0.0,0.0,2068.64,0.0,503.377401
2020-03-15 14:00:00,398.0,95.558119,14.979622,-0.0,1204.40533,0.0,0.0,1972.788,0.0,496.407401
2020-03-15 15:00:00,400.0,400.0,19.983547,19.68943,867.969425,0.0,0.0,1609.912,0.0,492.441386
2020-03-15 16:00:00,400.0,400.0,19.68943,22.621771,951.919352,0.0,0.0,1367.166,0.0,494.436997
2020-03-15 17:00:00,400.0,400.0,19.430296,26.849321,1370.978636,0.0,0.0,881.534,0.0,516.233305
2020-03-15 18:00:00,400.0,400.0,21.647258,27.255491,1655.1114,0.0,0.0,916.3,0.0,589.82829
2020-03-15 19:00:00,400.0,400.0,21.843654,76.308435,1610.569237,0.0,0.0,1108.31,0.0,626.511114
2020-03-15 20:00:00,400.0,400.0,21.843654,66.649887,1629.302682,0.0,0.0,1055.39,0.0,614.563098
2020-03-15 21:00:00,400.0,400.0,21.288154,25.9087,1721.946925,0.0,0.0,999.816,0.0,592.330361
2020-03-15 22:00:00,400.0,400.0,19.034775,23.128644,2162.968539,0.0,0.0,1163.938,0.0,550.795419
2020-03-15 23:00:00,398.0,400.0,14.9805,22.576747,2333.0,0.0,0.0,1106.065538,34.954462,516.609831
2020-03-16 00:00:00,400.0,400.0,16.970947,23.069973,2083.205068,0.0,0.0,1077.252,0.0,488.25704
2020-03-16 01:00:00,340.934705,400.0,14.9805,22.576747,2159.465295,0.0,0.0,1061.48,0.0,474.452206
2020-03-16 02:00:00,183.774561,400.0,14.9805,22.492854,2315.625439,0.0,0.0,1193.784,0.0,470.873784
2020-03-16 03:00:00,176.962638,400.0,14.9805,22.732362,2322.437362,0.0,0.0,1218.754,0.0,473.597496
2020-03-16 04:00:00,308.088572,400.0,14.9805,22.96816,2191.311428,0.0,0.0,1178.6,0.0,487.243286
2020-03-16 05:00:00,398.0,400.0,14.9805,43.313004,2113.0,0.0,0.0,1389.607581,21.754419,530.641137
2020-03-16 06:00:00,400.0,400.0,20.234035,23.71627,1771.542471,0.0,0.0,1659.282458,0.917542,569.060998
2020-03-16 07:00:00,0.0,400.0,0.0,20.400003,2322.0,0.0,0.0,2337.109131,571.438869,588.16637
2020-03-16 08:00:00,0.0,400.0,0.0,15.084421,2134.0,0.0,0.0,2514.099144,962.614856,589.664872
2020-03-16 09:00:00,0.0,129.006554,0.0,14.981951,2134.0,0.0,0.0,2533.921816,1080.516184,592.638272
2020-03-16 10:00:00,0.0,25.4,0.0,-0.0,2134.0,0.0,0.0,2525.151251,1301.496749,591.322688
2020-03-16 11:00:00,0.0,6.4,0.0,-0.0,2133.0,0.0,0.0,2463.94475,1301.30725,582.291713
2020-03-16 12:00:00,0.0,23.4,0.0,-0.0,2131.0,0.0,0.0,2439.595503,1241.454497,578.939325
2020-03-16 13:00:00,0.0,36.4,0.0,-0.0,2140.0,0.0,0.0,2423.507566,637.710434,575.176135
2020-03-16 14:00:00,0.0,39.4,0.0,-0.0,2145.0,0.0,0.0,2332.451424,560.518576,560.767714
2020-03-16 15:00:00,0.0,136.840548,0.0,14.981951,2148.0,0.0,0.0,2265.472125,411.959875,550.270819
2020-03-16 16:00:00,0.0,400.0,0.0,18.861019,2155.0,0.0,0.0,1927.748192,10.447808,549.562229
2020-03-16 17:00:00,400.0,400.0,19.983547,23.988409,1745.536858,0.0,0.0,1018.07,0.0,555.529971
2020-03-16 18:00:00,400.0,400.0,26.324557,76.790897,912.966319,0.0,0.0,446.736,0.0,631.765452
2020-03-16 19:00:00,400.0,400.0,26.429316,77.050889,873.365197,0.0,0.0,469.534,0.0,663.47532
2020-03-16 20:00:00,400.0,400.0,26.324557,28.01034,947.653824,0.0,0.0,606.762,0.0,649.516226
2020-03-16 21:00:00,400.0,400.0,76.790897,21.116411,466.716902,0.0,338.073363,925.752,0.0,616.490265
2020-03-16 22:00:00,400.0,400.0,21.647258,18.861019,1122.758954,0.0,0.0,1280.218,0.0,564.518857
2020-03-16 23:00:00,400.0,377.289943,19.430296,16.961401,1546.763777,0.0,0.0,1402.23,0.0,519.219933
2020-03-17 00:00:00,400.0,400.0,19.68943,18.861019,1297.703612,0.0,0.0,1374.07,0.0,490.854958
2020-03-17 01:00:00,357.314973,276.178753,14.9805,14.9805,1589.085027,0.0,0.0,1564.302,0.0,475.682546
2020-03-17 02:00:00,249.137577,261.456293,14.9805,14.9805,1698.262423,0.0,0.0,1636.898,0.0,470.195337
2020-03-17 03:00:00,310.342935,400.0,14.9805,18.572338,1636.057065,0.0,0.0,1593.42,0.0,473.00444
2020-03-17 04:00:00,400.0,400.0,18.573789,19.68943,1461.228125,0.0,0.0,1513.286,0.0,487.208681
2020-03-17 05:00:00,400.0,400.0,19.983547,45.642015,1205.527881,0.0,0.0,1538.47,0.0,529.341318
2020-03-17 06:00:00,400.0,400.0,21.287879,19.430296,791.507365,0.0,0.0,1725.398,0.0,566.233595
2020-03-17 07:00:00,400.0,84.4,16.970947,8.099831,1316.903029,0.0,0.0,2360.452,0.0,582.682346
2020-03-17 08:00:00,0.0,87.4,0.0,0.0,1762.0,0.0,0.0,2800.003842,85.610158,581.850576
2020-03-17 09:00:00,113.071596,69.4,14.9805,0.0,1653.328404,0.0,0.0,2681.518,0.0,580.378439
2020-03-17 10:00:00,0.0,46.4,0.0,0.0,1779.0,0.0,0.0,2786.063421,85.550579,577.209513
2020-03-17 11:00:00,0.0,37.4,0.0,0.0,1780.0,0.0,0.0,2770.131867,306.318133,574.66978
2020-03-17 12:00:00,0.0,89.850835,0.0,14.981951,1784.0,0.0,0.0,2743.256917,283.093083,570.038538
2020-03-17 13:00:00,0.0,400.0,0.0,19.034775,1786.0,0.0,0.0,2702.332214,185.415786,563.599832
2020-03-17 14:00:00,0.0,400.0,0.0,20.419098,1785.0,0.0,0.0,2672.224627,1.997373,559.233694
2020-03-17 15:00:00,64.730863,400.0,14.9805,20.400003,1699.669137,0.0,0.0,2541.528,0.0,552.42883
2020-03-17 16:00:00,400.0,400.0,18.463561,21.288154,1298.067175,0.0,0.0,1935.604,0.0,547.280524
2020-03-17 17:00:00,398.0,400.0,14.981951,26.369765,1556.0,0.0,0.0,1400.491338,3.888662,558.073701
2020-03-17 18:00:00,400.0,400.0,20.419098,69.776357,1804.728609,0.0,0.0,1358.612,0.0,625.482509
2020-03-17 19:00:00,400.0,400.0,19.68943,74.941555,1960.298097,0.0,0.0,1603.31,0.0,643.651785
2020-03-17 20:00:00,400.0,400.0,18.861019,29.065431,2093.615738,0.0,0.0,1660.612,0.0,627.449439
2020-03-17 21:00:00,400.0,400.0,15.731586,23.657594,2266.537611,0.0,0.0,1600.552,0.0,592.502158
2020-03-17 22:00:00,400.0,400.0,20.400003,21.287879,1644.402257,0.0,0.0,984.268,0.0,540.129861
2020-03-17 23:00:00,400.0,400.0,21.116411,20.419098,1530.85691,0.0,0.0,579.864,0.0,496.501064
2020-03-18 00:00:00,400.0,400.0,19.983547,21.116411,1675.789208,0.0,0.0,536.468,0.0,468.251819
2020-03-18 01:00:00,400.0,400.0,21.647258,21.116411,838.350418,0.0,0.0,652.48,0.0,451.519437
2020-03-18 02:00:00,400.0,400.0,16.970947,21.116411,1496.167539,0.0,0.0,1264.466,0.0,444.644769
2020-03-18 03:00:00,105.478956,351.594164,14.978232,19.533879,1801.921044,0.0,0.0,1580.678005,178.889995,446.213544
2020-03-18 04:00:00,0.0,400.0,0.0,20.419098,1963.0,0.0,0.0,1796.925935,302.334065,454.48889
2020-03-18 05:00:00,0.0,400.0,0.0,41.137461,1963.0,0.0,0.0,2022.497309,161.392691,488.324596
2020-03-18 06:00:00,299.863008,400.0,14.981951,20.526636,1462.536994,0.0,0.0,2098.55,0.0,521.551951
2020-03-18 07:00:00,0.0,84.4,0.0,-0.0,1574.0,0.0,0.0,2669.201494,225.080506,540.480224
2020-03-18 08:00:00,0.0,87.4,0.0,-0.0,1614.0,0.0,0.0,2756.562503,776.807497,552.534375
2020-03-18 09:00:00,0.0,81.4,0.0,-0.0,1613.0,0.0,0.0,2827.581783,823.018217,563.337267
2020-03-18 10:00:00,0.0,79.4,0.0,-0.0,1612.0,0.0,0.0,2842.919047,823.360953,565.787857
2020-03-18 11:00:00,0.0,67.4,0.0,-0.0,1612.0,0.0,0.0,2863.360487,1013.877513,568.854073
2020-03-18 12:00:00,0.0,68.4,0.0,-0.0,1612.0,0.0,0.0,2855.800026,1069.931974,567.720004
2020-03-18 13:00:00,0.0,69.4,0.0,-0.0,1612.0,0.0,0.0,2811.465279,760.836721,561.069792
2020-03-18 14:00:00,0.0,72.4,0.0,-0.0,1610.0,0.0,0.0,2799.176479,880.123521,559.526472
2020-03-18 15:00:00,0.0,76.4,0.0,-0.0,1612.0,0.0,0.0,2753.383627,890.366373,552.357544
2020-03-18 16:00:00,0.0,400.0,0.0,17.379959,1612.0,0.0,0.0,2384.38918,759.00882,548.008377
2020-03-18 17:00:00,0.0,400.0,0.0,26.907341,1985.0,0.0,0.0,1886.14905,430.70095,549.322357
2020-03-18 18:00:00,328.168212,400.0,14.975624,76.324557,2203.23179,0.0,0.0,1893.293249,228.854751,608.109219
2020-03-18 19:00:00,400.0,400.0,19.533879,72.727508,2049.744168,0.0,0.0,1953.403396,149.664604,632.948884
2020-03-18 20:00:00,400.0,400.0,18.52187,26.029592,2099.200246,0.0,0.0,1895.370509,92.879491,616.825539
2020-03-18 21:00:00,400.0,400.0,19.68943,21.843654,1681.069923,0.0,0.0,1618.972,0.0,585.585312
2020-03-18 22:00:00,400.0,308.574777,19.034775,16.961401,1769.018955,0.0,0.0,1388.648,0.0,537.844357
2020-03-18 23:00:00,400.0,199.564867,21.116411,14.9805,1495.267017,0.0,0.0,824.866,0.0,494.339847
2020-03-19 00:00:00,400.0,342.916466,23.657594,14.9805,615.898049,0.0,0.0,515.866,0.0,473.395193
2020-03-19 01:00:00,400.0,400.0,500.0,19.68943,0.0,119.445907,569.822586,305.798,0.0,445.686586
2020-03-19 02:00:00,400.0,400.0,133.035526,20.400003,65.002551,0.0,491.839566,401.45,0.0,432.367117
2020-03-19 03:00:00,400.0,400.0,73.128644,20.400003,392.47903,0.0,183.946216,748.834,0.0,435.353246
2020-03-19 04:00:00,400.0,400.0,72.516066,19.034775,549.737645,0.0,47.240109,992.496,0.0,448.313753
2020-03-19 05:00:00,400.0,400.0,73.128644,37.904105,416.266583,0.0,207.356529,1001.514,0.0,469.687113
2020-03-19 06:00:00,400.0,400.0,500.0,18.861019,0.0,327.811517,656.341128,911.536,0.0,516.952128
2020-03-19 07:00:00,400.0,314.020637,133.035526,14.9805,85.49395,0.0,648.801957,1573.9,0.0,551.910907
2020-03-19 08:00:00,400.0,86.4,71.116714,-0.0,541.82609,0.0,203.284396,2079.216,0.0,559.258486
2020-03-19 09:00:00,398.0,92.936803,14.979622,14.9805,989.089391,0.0,0.0,2581.03,0.0,567.441091
2020-03-19 10:00:00,400.0,79.4,16.970947,-0.0,977.415043,0.0,0.0,2583.228,0.0,569.521944
2020-03-19 11:00:00,231.935432,77.4,14.981951,-0.0,1180.464568,0.0,0.0,2793.96,0.0,570.674315
2020-03-19 12:00:00,101.819125,72.4,14.981951,-0.0,1310.580875,0.0,0.0,2903.87,0.0,567.643369
2020-03-19 13:00:00,0.0,74.4,0.0,-0.0,1414.0,0.0,0.0,2985.978309,28.451691,564.446746
2020-03-19 14:00:00,67.356213,77.4,14.9805,-0.0,1336.043787,0.0,0.0,2896.268,0.0,562.683632
2020-03-19 15:00:00,156.899966,82.4,14.9805,-0.0,1239.500034,0.0,0.0,2742.768,0.0,554.140195
2020-03-19 16:00:00,204.153576,400.0,14.979622,18.861019,1173.246425,0.0,0.0,2308.732,0.0,549.972836
2020-03-19 17:00:00,179.158406,400.0,14.979622,25.264067,1577.241595,0.0,0.0,2033.12,0.0,554.531761
2020-03-19 18:00:00,400.0,400.0,18.861019,73.206766,1629.900975,0.0,0.0,2035.4,0.0,615.074854
2020-03-19 19:00:00,400.0,400.0,24.366908,72.908821,1137.604062,0.0,0.0,1596.521392,43.908608,637.187599
2020-03-19 20:00:00,400.0,400.0,22.478621,31.367004,1324.460323,0.0,0.0,1724.062736,5.305264,618.090362
2020-03-19 21:00:00,400.0,400.0,18.072542,18.861019,1593.807116,0.0,0.0,2025.438,0.0,583.594633
2020-03-19 22:00:00,400.0,400.0,20.419098,18.573789,1254.409624,0.0,0.0,1421.718,0.0,532.546256
2020-03-19 23:00:00,400.0,400.0,19.430296,14.9805,1380.426375,0.0,0.0,1284.67,0.0,493.086544
2020-03-20 00:00:00,400.0,400.0,19.034775,20.419098,1395.389361,0.0,0.0,1171.468,0.0,465.611796
2020-03-20 01:00:00,400.0,400.0,22.732362,22.576747,941.691235,0.0,0.0,619.948,0.0,450.938515
2020-03-20 02:00:00,400.0,400.0,22.732362,23.793838,958.245957,0.0,0.0,553.502,0.0,442.988406
2020-03-20 03:00:00,400.0,400.0,22.732362,22.732362,972.128918,0.0,0.0,515.016,0.0,442.033062
2020-03-20 04:00:00,400.0,400.0,23.069973,22.96816,870.214986,0.0,0.0,432.928,0.0,449.506952
2020-03-20 05:00:00,400.0,400.0,25.9087,23.801184,660.779604,0.0,0.0,384.088,0.0,480.496259
2020-03-20 06:00:00,400.0,400.0,23.069973,21.843654,830.895677,0.0,0.0,733.832,0.0,507.440448
2020-03-20 07:00:00,400.0,400.0,21.843654,19.430296,1129.568677,0.0,0.0,1172.58,0.0,528.451698
2020-03-20 08:00:00,400.0,400.0,19.68943,18.06856,1413.992717,0.0,0.0,1584.732,0.0,547.610892
2020-03-20 09:00:00,400.0,400.0,21.116411,18.861019,1228.559998,0.0,0.0,1512.384,0.0,564.5736
2020-03-20 10:00:00,400.0,400.0,19.034775,19.034775,1488.141434,0.0,0.0,1819.484,0.0,571.701385
2020-03-20 11:00:00,398.0,400.0,14.979622,19.68943,1657.031095,0.0,0.0,2005.038,0.0,574.201036
2020-03-20 12:00:00,398.0,400.0,14.979622,21.287879,1652.575005,0.0,0.0,2001.632,0.0,574.358549
2020-03-20 13:00:00,400.0,400.0,18.072542,21.288154,1597.282309,0.0,0.0,1919.202,0.0,570.287954
2020-03-20 14:00:00,400.0,400.0,18.861019,22.516066,1536.957552,0.0,0.0,1808.68,0.0,562.758367
2020-03-20 15:00:00,400.0,400.0,20.419098,20.846138,1282.617047,0.0,0.0,1500.4,0.0,554.667443
2020-03-20 16:00:00,400.0,400.0,20.400003,21.843654,1342.238261,0.0,0.0,1360.37,0.0,550.219761
2020-03-20 17:00:00,400.0,400.0,19.68943,24.617414,1486.175943,0.0,0.0,998.862,0.0,553.152909
2020-03-20 18:00:00,400.0,400.0,23.069973,70.341113,1344.98467,0.0,0.0,809.482,0.0,603.824599
2020-03-20 19:00:00,400.0,400.0,23.657594,73.642186,1206.622868,0.0,0.0,744.39,0.0,617.81507
2020-03-20 20:00:00,400.0,400.0,23.128644,25.9087,1310.345741,0.0,0.0,787.188,0.0,603.276339
2020-03-20 21:00:00,400.0,400.0,23.128644,26.673613,1072.553242,0.0,0.0,721.86,0.0,575.896014
2020-03-20 22:00:00,400.0,400.0,23.206766,25.481489,906.730113,0.0,0.0,634.77,0.0,534.455983
2020-03-20 23:00:00,400.0,400.0,23.206766,22.492854,805.682698,0.0,0.0,663.67,0.0,500.698095
2020-03-21 00:00:00,400.0,400.0,23.128644,20.400003,859.667121,0.0,0.0,526.73,0.0,472.059432
2020-03-21 01:00:00,400.0,400.0,23.069973,20.400003,919.852793,0.0,0.0,469.022,0.0,454.375381
2020-03-21 02:00:00,400.0,400.0,21.287879,19.68943,1124.378927,0.0,0.0,596.048,0.0,442.750361
2020-03-21 03:00:00,400.0,400.0,21.287879,21.287879,1112.682117,0.0,0.0,568.352,0.0,440.350482
2020-03-21 04:00:00,400.0,400.0,19.430296,23.069973,1364.061232,0.0,0.0,835.31,0.0,442.687315
2020-03-21 05:00:00,400.0,400.0,15.731586,50.385174,1644.126298,0.0,0.0,1205.204,0.0,456.161655
2020-03-21 06:00:00,310.722803,400.0,14.981951,21.116411,1744.677197,0.0,0.0,1344.212,0.0,461.93022
2020-03-21 07:00:00,122.695589,400.0,14.979622,19.430296,1356.704411,0.0,0.0,2054.398,0.0,466.904038
2020-03-21 08:00:00,0.0,83.4,0.0,-0.0,1502.0,0.0,0.0,2354.719017,400.230983,490.157853
2020-03-21 09:00:00,0.0,86.4,0.0,-0.0,1510.0,0.0,0.0,2479.97532,855.15268,507.746298
2020-03-21 10:00:00,0.0,98.4,0.0,-0.0,1510.0,0.0,0.0,2546.158272,902.643728,517.673741
2020-03-21 11:00:00,0.0,99.4,0.0,-0.0,1496.0,0.0,0.0,2548.238861,981.829139,520.085829
2020-03-21 12:00:00,0.0,102.4,0.0,-0.0,1482.0,0.0,0.0,2490.766095,706.761905,513.564914
2020-03-21 13:00:00,0.0,99.4,0.0,-0.0,1494.0,0.0,0.0,2444.917131,785.046869,504.88757
2020-03-21 14:00:00,0.0,95.4,0.0,14.979622,1497.0,0.0,0.0,2391.154267,413.705733,496.37314
2020-03-21 15:00:00,0.0,310.075256,0.0,16.960524,1499.0,0.0,0.0,2355.959031,95.844969,490.793855
2020-03-21 16:00:00,5.819513,400.0,14.979622,18.861019,1484.580487,0.0,0.0,2141.53,0.0,486.292427
2020-03-21 17:00:00,400.0,400.0,16.970947,25.810773,1265.80234,0.0,0.0,1321.818,0.0,499.202349
2020-03-21 18:00:00,400.0,400.0,23.128644,74.617414,954.70202,0.0,0.0,737.05,0.0,560.602197
2020-03-21 19:00:00,400.0,400.0,24.617414,71.861083,772.429306,0.0,0.0,638.902,0.0,579.970904
2020-03-21 20:00:00,400.0,400.0,23.437807,23.128644,834.571444,0.0,0.0,682.966,0.0,568.259183
2020-03-21 21:00:00,400.0,400.0,73.437807,22.732362,664.570062,0.0,36.676428,728.5,0.0,548.539491
2020-03-21 22:00:00,400.0,400.0,23.128644,21.647258,786.082797,0.0,0.0,666.632,0.0,519.83238
2020-03-21 23:00:00,400.0,400.0,23.592361,20.419098,983.232023,0.0,0.0,667.075537,4.062463,490.326527
2020-03-22 00:00:00,400.0,400.0,22.96816,22.732362,859.978596,0.0,0.0,517.87,0.0,469.933711
2020-03-22 01:00:00,400.0,400.0,22.732362,23.069973,895.626482,0.0,0.0,450.498,0.0,454.480728
2020-03-22 02:00:00,400.0,400.0,21.843654,23.128644,1001.040875,0.0,0.0,506.82,0.0,447.116869
2020-03-22 03:00:00,400.0,400.0,21.288154,23.069973,1111.274374,0.0,0.0,603.67,0.0,445.109344
2020-03-22 04:00:00,400.0,400.0,21.116714,23.128644,1160.848298,0.0,0.0,653.398,0.0,445.132455
2020-03-22 05:00:00,400.0,400.0,22.335927,37.383108,1112.734442,0.0,0.0,676.778722,4.373278,455.856642
2020-03-22 06:00:00,400.0,400.0,23.20063,20.400003,795.457713,0.0,0.0,749.448716,56.589284,461.09865
2020-03-22 07:00:00,278.400102,272.037965,14.975624,14.979622,1622.999899,0.0,0.0,1605.131256,26.600744,465.319703
2020-03-22 08:00:00,0.0,83.4,0.0,0.0,1916.0,0.0,0.0,2035.99421,114.43579,485.999131
2020-03-22 09:00:00,0.0,74.4,0.0,0.0,1923.0,0.0,0.0,2134.716312,410.911688,499.757447
2020-03-22 10:00:00,0.0,135.296092,0.0,14.979622,1926.0,0.0,0.0,2163.431399,362.870601,503.61471
2020-03-22 11:00:00,0.0,59.4,0.0,10.736247,1910.0,0.0,0.0,2139.817487,434.178513,502.472623
2020-03-22 12:00:00,0.0,58.4,0.0,0.0,1894.0,0.0,0.0,2109.910591,262.191409,500.386589
2020-03-22 13:00:00,0.0,80.162888,0.0,14.979622,1901.0,0.0,0.0,2093.077144,64.084856,496.811572
2020-03-22 14:00:00,145.816979,217.976991,14.9805,14.9805,1746.583021,0.0,0.0,1909.3,0.0,492.407547
2020-03-22 15:00:00,400.0,332.578944,16.970947,14.981951,1472.302149,0.0,0.0,1631.968,0.0,491.949878
2020-03-22 16:00:00,400.0,400.0,19.68943,20.419098,1233.241023,0.0,0.0,1412.118,0.0,494.831546
2020-03-22 17:00:00,400.0,400.0,19.983547,27.161958,1191.313571,0.0,0.0,949.748,0.0,508.265164
2020-03-22 18:00:00,400.0,400.0,23.437807,69.206854,937.090139,0.0,0.0,547.98,0.0,570.583479
2020-03-22 19:00:00,400.0,400.0,24.617414,71.556636,807.115193,0.0,0.0,588.35,0.0,597.935221
2020-03-22 20:00:00,400.0,400.0,23.657594,25.750676,870.415832,0.0,0.0,627.996,0.0,591.387025
2020-03-22 21:00:00,400.0,400.0,73.160439,25.506217,605.725468,0.0,86.194012,520.382,0.0,564.09848
2020-03-22 22:00:00,400.0,400.0,77.050889,23.066807,429.929588,0.0,235.541574,451.984,0.0,524.558162
2020-03-22 23:00:00,400.0,400.0,74.617414,22.576747,577.466907,0.0,48.402357,390.622,0.0,493.223264
2020-03-23 00:00:00,400.0,400.0,23.437807,21.647258,649.129327,0.0,0.0,302.846,0.0,469.307501
2020-03-23 01:00:00,400.0,400.0,23.206766,21.843654,730.60301,0.0,0.0,289.2,0.0,455.039549
2020-03-23 02:00:00,400.0,400.0,23.069973,22.576747,775.771666,0.0,0.0,297.954,0.0,449.57735
2020-03-23 03:00:00,400.0,400.0,23.206766,23.069973,764.243406,0.0,0.0,294.53,0.0,450.792989
2020-03-23 04:00:00,400.0,400.0,23.206766,27.090795,712.854027,0.0,0.0,317.698,0.0,463.176596
2020-03-23 05:00:00,400.0,400.0,74.617414,73.437807,540.578425,0.0,23.343811,350.48,0.0,499.935236
2020-03-23 06:00:00,400.0,400.0,77.274563,20.400003,402.33101,0.0,275.311639,453.122,0.0,528.868649
2020-03-23 07:00:00,400.0,269.947577,21.647258,14.979622,1060.020153,0.0,0.0,1243.56,0.0,548.780977
2020-03-23 08:00:00,400.0,187.52533,18.072542,14.979622,1672.618434,0.0,0.0,1955.184,0.0,563.634835
2020-03-23 09:00:00,20.013223,240.774402,14.981951,14.9805,2086.386777,0.0,0.0,2429.81,0.0,572.763483
2020-03-23 10:00:00,0.0,172.681094,0.0,14.9805,2117.0,0.0,0.0,2480.86745,94.15255,575.830118
2020-03-23 11:00:00,0.0,269.07729,0.0,14.9805,2097.0,0.0,0.0,2446.351303,64.898697,573.652695
2020-03-23 12:00:00,67.109565,312.922668,14.979622,14.9805,2003.290435,0.0,0.0,2317.13,0.0,568.325935
2020-03-23 13:00:00,216.874201,317.557344,14.9805,14.9805,1867.525799,0.0,0.0,2159.554,0.0,565.05423
2020-03-23 14:00:00,171.946696,400.0,14.9805,18.072542,1910.453304,0.0,0.0,2162.16,0.0,559.006004
2020-03-23 15:00:00,82.135879,400.0,14.9805,19.983547,1996.264121,0.0,0.0,2208.102,0.0,553.025682
2020-03-23 16:00:00,400.0,400.0,19.034775,21.287879,1496.628091,0.0,0.0,1684.622,0.0,549.449086
2020-03-23 17:00:00,400.0,400.0,19.430296,25.228736,1471.937498,0.0,0.0,1247.75,0.0,564.121875
2020-03-23 18:00:00,400.0,400.0,23.069973,74.099778,1327.494902,0.0,0.0,981.854,0.0,629.153865
2020-03-23 19:00:00,400.0,400.0,23.437807,69.832998,1129.675956,0.0,0.0,944.2,0.0,653.178607
2020-03-23 20:00:00,400.0,400.0,23.069973,25.802839,1318.740547,0.0,0.0,1019.998,0.0,636.188618
2020-03-23 21:00:00,400.0,400.0,22.576747,27.080343,1293.339516,0.0,0.0,1110.28,0.0,600.291073
2020-03-23 22:00:00,400.0,400.0,23.128644,22.516066,716.131797,0.0,0.0,875.082,0.0,545.09253
2020-03-23 23:00:00,400.0,400.0,21.647258,19.983547,1049.584108,0.0,0.0,915.586,0.0,501.150284
2020-03-24 00:00:00,400.0,400.0,21.287879,19.983547,1129.78304,0.0,0.0,807.27,0.0,472.873044
2020-03-24 01:00:00,400.0,400.0,21.647258,20.400003,1031.241153,0.0,0.0,609.314,0.0,457.960927
2020-03-24 02:00:00,400.0,400.0,21.647258,20.846138,1082.209594,0.0,0.0,608.232,0.0,450.153361
2020-03-24 03:00:00,400.0,400.0,21.843654,21.647258,1014.692553,0.0,0.0,549.302,0.0,451.441417
2020-03-24 04:00:00,400.0,400.0,22.96816,22.96816,843.084845,0.0,0.0,457.032,0.0,463.342073
2020-03-24 05:00:00,400.0,400.0,23.437807,70.937812,642.801741,0.0,0.0,447.18,0.0,494.306739
2020-03-24 06:00:00,400.0,400.0,74.617414,21.647258,556.126912,0.0,147.541051,618.18,0.0,530.557963
2020-03-24 07:00:00,400.0,391.641411,20.846138,18.573789,1203.799056,0.0,0.0,1401.514,0.0,550.907242
2020-03-24 08:00:00,398.0,232.710061,14.9805,14.981951,1700.172433,0.0,0.0,1975.88,0.0,562.606135
2020-03-24 09:00:00,140.001005,25.4,14.9805,14.981951,1946.398995,0.0,0.0,2294.3,0.0,573.435151
2020-03-24 10:00:00,11.102348,26.4,14.9805,4.401003,2075.297652,0.0,0.0,2442.0,0.0,576.255352
2020-03-24 11:00:00,0.0,11.4,0.0,0.0,2117.0,0.0,0.0,2473.580936,134.901064,574.73714
2020-03-24 12:00:00,0.0,9.4,0.0,0.0,2115.0,0.0,0.0,2494.091995,145.804005,578.113799
2020-03-24 13:00:00,0.0,10.4,0.0,0.0,2099.0,0.0,0.0,2478.283898,19.036102,578.142585
2020-03-24 14:00:00,0.0,74.800732,0.0,14.981951,2114.0,0.0,0.0,2463.866831,40.931169,573.730025
2020-03-24 15:00:00,0.0,350.293445,0.0,18.072542,2113.0,0.0,0.0,2405.384705,2.977295,565.107706
2020-03-24 16:00:00,247.152386,400.0,14.981951,21.116714,1849.247615,0.0,0.0,2117.802,0.0,561.533158
2020-03-24 17:00:00,400.0,400.0,18.072542,22.972766,1642.59698,0.0,0.0,1589.404,0.0,564.271053
2020-03-24 18:00:00,400.0,400.0,23.069973,73.917269,1091.783558,0.0,0.0,1107.032,0.0,633.637266
2020-03-24 19:00:00,400.0,400.0,24.749386,69.058226,998.189524,0.0,0.0,1208.494966,94.907034,662.295816
2020-03-24 20:00:00,400.0,400.0,23.388687,26.661362,1207.638273,0.0,0.0,1348.453346,184.648654,648.872261
2020-03-24 21:00:00,400.0,400.0,21.368347,24.946781,1206.05743,0.0,0.0,1811.038092,144.741908,611.997099
2020-03-24 22:00:00,400.0,400.0,21.122752,21.905537,1014.502573,0.0,0.0,1697.544802,91.793198,559.056334
2020-03-24 23:00:00,400.0,400.0,20.42044,21.104212,1165.624056,0.0,0.0,1556.004585,29.249415,515.157079
2020-03-25 00:00:00,400.0,400.0,16.970947,20.234035,1403.496414,0.0,0.0,1616.128,0.0,488.494738
2020-03-25 01:00:00,398.0,270.715899,14.978232,14.978232,1463.207795,0.0,0.0,1586.43502,16.08498,475.084084
2020-03-25 02:00:00,108.765056,358.553816,14.978232,14.978232,1704.634944,0.0,0.0,1791.725082,25.642918,469.663521
2020-03-25 03:00:00,197.254863,380.615588,14.981951,14.981951,1657.145138,0.0,0.0,1735.1,0.0,468.293229
2020-03-25 04:00:00,400.0,400.0,18.573789,19.983547,1334.973672,0.0,0.0,1493.968,0.0,480.449149
2020-03-25 05:00:00,400.0,400.0,20.419098,73.069973,976.954593,0.0,0.0,1313.912,0.0,519.143611
2020-03-25 06:00:00,400.0,400.0,73.437807,24.380564,542.169921,0.0,203.747991,1175.496,0.0,551.598912
2020-03-25 07:00:00,400.0,316.711814,73.069973,16.961401,462.783172,0.0,285.632352,1531.66,0.0,563.681524
2020-03-25 08:00:00,400.0,86.500878,18.861019,14.9805,1126.529659,0.0,0.0,2214.97,0.0,566.616051
2020-03-25 09:00:00,175.249356,49.4,14.981951,0.0,1511.150644,0.0,0.0,2612.002,0.0,568.477703
2020-03-25 10:00:00,0.0,56.4,0.0,0.0,1698.0,0.0,0.0,2811.227672,38.134328,570.334151
2020-03-25 11:00:00,0.0,56.4,0.0,0.0,1691.0,0.0,0.0,2769.327309,346.420691,565.099096
2020-03-25 12:00:00,0.0,50.4,0.0,0.0,1687.0,0.0,0.0,2742.75789,409.27811,561.713684
2020-03-25 13:00:00,0.0,40.4,0.0,0.0,1688.0,0.0,0.0,2722.89417,372.80583,558.584125
2020-03-25 14:00:00,0.0,32.4,0.0,0.0,1693.0,0.0,0.0,2701.182916,202.537084,554.577437
2020-03-25 15:00:00,0.0,213.561687,0.0,14.981951,1696.0,0.0,0.0,2490.00471,178.43329,547.950706
2020-03-25 16:00:00,310.722836,400.0,14.982507,19.68943,1561.677164,0.0,0.0,1970.084,0.0,543.361025
2020-03-25 17:00:00,400.0,400.0,19.034775,30.526035,1419.417171,0.0,0.0,1280.53,0.0,543.316924
2020-03-25 18:00:00,400.0,400.0,23.128644,77.038038,1048.390693,0.0,0.0,808.688,0.0,599.444596
2020-03-25 19:00:00,400.0,400.0,23.657594,75.213082,898.31879,0.0,0.0,851.484,0.0,623.574782
2020-03-25 20:00:00,400.0,400.0,21.287879,19.68943,1451.630755,0.0,0.0,1361.9,0.0,611.140387
2020-03-25 21:00:00,400.0,400.0,22.96816,18.861019,925.624474,0.0,0.0,1461.498,0.0,576.431029
2020-03-25 22:00:00,400.0,309.256463,20.419098,14.9805,1210.868783,0.0,0.0,1436.318,0.0,529.867383
2020-03-25 23:00:00,400.0,187.700412,19.034775,14.9805,1273.890592,0.0,0.0,1574.664,0.0,487.916011
2020-03-26 00:00:00,400.0,256.897653,21.116714,14.979622,848.119745,0.0,0.0,1326.898,0.0,461.366738
2020-03-26 01:00:00,400.0,400.0,158.035526,18.860141,3.343655,0.0,594.965197,1112.516,0.0,449.425852
2020-03-26 02:00:00,400.0,349.535378,158.035526,14.979622,3.215696,0.0,589.14295,1079.32,0.0,444.465646
2020-03-26 03:00:00,400.0,228.215392,500.0,14.979622,0.0,325.989797,581.96827,747.952,0.0,444.14127
2020-03-26 04:00:00,400.0,353.286962,500.0,14.979622,0.0,316.034412,596.763562,834.536,0.0,455.635562
2020-03-26 05:00:00,400.0,400.0,500.0,39.120214,0.0,728.896938,622.365941,613.916,0.0,484.471941
2020-03-26 06:00:00,400.0,96.0,500.0,0.0,0.0,818.785672,663.534051,724.968,0.0,514.613051
2020-03-26 07:00:00,400.0,97.0,500.0,0.0,0.0,188.193793,701.930369,1457.762,0.0,529.943369
2020-03-26 08:00:00,400.0,99.0,72.516066,0.0,350.763945,0.0,368.635163,2077.098,0.0,542.000108
2020-03-26 09:00:00,355.174717,98.0,14.9805,0.0,887.825283,0.0,0.0,2675.73,0.0,551.235708
2020-03-26 10:00:00,156.23853,95.0,14.9805,0.0,1084.76147,0.0,0.0,2934.668,0.0,560.535979
2020-03-26 11:00:00,54.645119,78.0,14.979622,0.0,1181.354881,0.0,0.0,3084.616,0.0,568.539168
2020-03-26 12:00:00,0.0,67.0,0.0,0.0,1226.0,0.0,0.0,3136.615875,186.806125,569.642381
2020-03-26 13:00:00,0.0,156.535946,0.0,14.979622,1226.0,0.0,0.0,3153.657097,107.656903,572.198565
2020-03-26 14:00:00,0.0,156.825548,0.0,14.306981,1228.0,0.0,0.0,2988.33297,63.98703,572.599945
2020-03-26 15:00:00,0.0,224.294763,0.0,14.979622,1404.0,0.0,0.0,2612.163755,552.754245,568.524563
2020-03-26 16:00:00,0.0,400.0,0.0,19.68943,1775.0,0.0,0.0,2570.989714,28.762286,562.198457
2020-03-26 17:00:00,347.605751,400.0,14.979622,70.401455,1425.394249,0.0,0.0,2054.46,0.0,553.959863
2020-03-26 18:00:00,400.0,400.0,23.657594,73.206766,758.471541,0.0,0.0,1472.67,0.0,601.529769
2020-03-26 19:00:00,400.0,400.0,74.617414,38.931073,670.655419,0.0,145.093868,1647.264,0.0,622.291287
2020-03-26 20:00:00,400.0,400.0,77.464999,19.68943,736.823763,0.0,59.69327,1902.577317,43.190683,606.263033
2020-03-26 21:00:00,400.0,242.04014,21.905537,14.979622,1047.823766,0.0,0.0,1963.614898,76.787102,568.76867
2020-03-26 22:00:00,400.0,76.586302,21.116714,14.975624,818.486024,0.0,0.0,1752.136,0.0,518.197496
2020-03-26 23:00:00,400.0,264.508881,70.846138,14.975624,475.984778,0.0,161.583005,1851.47,0.0,477.972783
2020-03-27 00:00:00,400.0,280.453861,74.762577,17.930885,515.769764,0.0,90.36339,1722.177461,26.144539,452.611155
2020-03-27 01:00:00,400.0,286.125909,90.382001,14.97449,150.912,0.0,439.560789,1425.317262,213.634738,439.560789
2020-03-27 02:00:00,400.0,207.844213,75.545362,14.975368,415.931393,0.0,164.298573,1633.411162,335.902838,431.021965
2020-03-27 03:00:00,400.0,66.0,74.332639,14.975368,527.09028,0.0,50.474419,1729.781605,286.218395,428.803699
2020-03-27 04:00:00,400.0,135.466614,74.9512,14.975368,433.050624,0.0,156.037486,1699.764689,235.933311,438.40711
2020-03-27 05:00:00,237.230592,208.829952,14.975368,14.970128,857.769408,0.0,0.0,2266.716544,96.179456,459.74207
2020-03-27 06:00:00,317.675286,86.0,14.979622,0.0,766.324714,0.0,0.0,2353.348,0.0,486.453493
2020-03-27 07:00:00,0.0,96.0,0.0,0.0,1053.0,0.0,0.0,2775.0458,21.4542,506.70687
2020-03-27 08:00:00,0.0,93.0,0.0,0.0,1074.0,0.0,0.0,2936.187411,558.512589,527.728112
2020-03-27 09:00:00,0.0,77.0,0.0,0.0,1082.0,0.0,0.0,3066.250523,841.351477,546.037578
2020-03-27 10:00:00,0.0,95.0,0.0,0.0,1080.0,0.0,0.0,3158.72709,835.53491,560.209064
2020-03-27 11:00:00,0.0,94.0,0.0,0.0,1080.0,0.0,0.0,3213.923199,929.306801,568.48848
2020-03-27 12:00:00,0.0,94.0,0.0,0.0,1079.0,0.0,0.0,3264.134356,859.765644,576.170153
2020-03-27 13:00:00,0.0,94.0,0.0,0.0,1077.0,0.0,0.0,3282.905165,660.480835,579.285775
2020-03-27 14:00:00,0.0,90.0,0.0,0.0,1078.0,0.0,0.0,3291.487015,189.712985,580.423052
2020-03-27 15:00:00,43.142351,194.752406,14.979622,18.525869,1037.857649,0.0,0.0,3032.42,0.0,573.084353
2020-03-27 16:00:00,270.299007,372.518083,14.979622,16.753213,995.700993,0.0,0.0,2546.336,0.0,564.245251
2020-03-27 17:00:00,400.0,400.0,19.034775,26.7855,930.924915,0.0,0.0,1404.228,0.0,553.095463
2020-03-27 18:00:00,400.0,400.0,26.429316,73.916831,908.014216,0.0,0.0,748.404,0.0,595.708468
2020-03-27 19:00:00,400.0,400.0,26.429316,77.202851,902.236267,0.0,0.0,684.062,0.0,603.87386
2020-03-27 20:00:00,400.0,400.0,76.755559,24.749386,741.223922,0.0,10.75249,575.88,0.0,589.148412
2020-03-27 21:00:00,400.0,400.0,26.429316,22.709794,796.011696,0.0,0.0,425.932,0.0,558.438046
2020-03-27 22:00:00,400.0,400.0,23.657594,21.122752,1065.744998,0.0,0.0,412.302,0.0,515.93355
2020-03-27 23:00:00,400.0,400.0,23.206766,21.116714,923.934901,0.0,0.0,375.22,0.0,478.392765
2020-03-28 00:00:00,400.0,400.0,26.324557,23.206766,621.235299,0.0,0.0,321.016,0.0,454.167105
2020-03-28 01:00:00,400.0,400.0,23.206766,22.516066,774.195641,0.0,0.0,362.4,0.0,437.430654
2020-03-28 02:00:00,400.0,400.0,23.128644,21.843654,836.414582,0.0,0.0,364.654,0.0,428.435913
2020-03-28 03:00:00,400.0,400.0,23.128644,23.128644,869.271054,0.0,0.0,377.378,0.0,425.416042
2020-03-28 04:00:00,400.0,400.0,23.069973,23.206766,872.711522,0.0,0.0,404.4,0.0,428.953272
2020-03-28 05:00:00,400.0,400.0,23.069973,27.554813,894.395911,0.0,0.0,465.746,0.0,434.902513
2020-03-28 06:00:00,400.0,400.0,74.617414,19.034775,553.514324,0.0,17.984528,533.28,0.0,442.914851
2020-03-28 07:00:00,400.0,219.419078,19.430296,14.981951,1161.902809,0.0,0.0,1183.77,0.0,449.230079
2020-03-28 08:00:00,346.484492,58.4,14.979622,0.0,1420.915508,0.0,0.0,1600.484,0.0,472.885274
2020-03-28 09:00:00,0.0,144.674967,14.191367,14.979622,1787.685299,0.0,0.0,2101.76,0.0,493.061205
2020-03-28 10:00:00,0.0,240.692945,0.0,14.979622,1796.0,0.0,0.0,2204.828022,120.739978,507.274203
2020-03-28 11:00:00,0.0,400.0,0.0,14.979622,1795.0,0.0,0.0,2227.004702,183.065298,510.750705
2020-03-28 12:00:00,0.0,400.0,0.0,16.960524,1779.0,0.0,0.0,2214.425322,118.456678,511.263798
2020-03-28 13:00:00,0.0,400.0,0.0,18.573789,1794.0,0.0,0.0,2212.588989,65.729011,508.738348
2020-03-28 14:00:00,71.78348,400.0,14.979622,16.960524,1711.61652,0.0,0.0,2105.332,0.0,505.007322
2020-03-28 15:00:00,358.420541,400.0,14.979622,18.861019,1416.979459,0.0,0.0,1792.588,0.0,502.291281
2020-03-28 16:00:00,400.0,400.0,20.846138,22.492854,999.498581,0.0,0.0,1240.02,0.0,503.028213
2020-03-28 17:00:00,400.0,400.0,22.96816,28.503595,915.847515,0.0,0.0,907.954,0.0,507.165973
2020-03-28 18:00:00,400.0,400.0,76.790897,72.500085,444.982062,0.0,131.338529,592.986,0.0,558.600591
2020-03-28 19:00:00,400.0,400.0,80.277405,50.625343,282.381935,0.0,446.456475,621.278,0.0,574.03441
2020-03-28 20:00:00,400.0,400.0,80.277405,25.177374,270.855536,0.0,449.829334,652.228,0.0,563.90587
2020-03-28 21:00:00,400.0,400.0,76.324557,27.035641,403.252317,0.0,296.782635,907.772,0.0,535.862952
2020-03-28 22:00:00,400.0,400.0,156.857535,19.543387,18.95359,0.0,649.291524,1135.62,0.0,505.202114
2020-03-28 23:00:00,400.0,400.0,72.492854,21.355859,277.654592,0.0,355.98352,1600.302,0.0,474.697111
2020-03-29 00:00:00,400.0,72.282493,69.983547,14.97449,579.716649,0.0,20.862853,1834.28,0.0,447.984503
2020-03-29 01:00:00,400.0,192.596575,70.846138,14.974831,346.43463,0.0,239.107976,1827.452,0.0,435.452606
2020-03-29 02:00:00,400.0,196.479026,71.647258,14.974831,264.49902,0.0,308.060327,1678.948,0.0,425.467347
2020-03-29 03:00:00,400.0,54.7,71.287879,-0.0,297.510914,0.0,270.603949,1687.25,0.0,421.760863
2020-03-29 04:00:00,353.572219,187.789447,14.974831,14.969704,591.127783,0.0,0.0,1994.818,0.0,423.853533
2020-03-29 05:00:00,230.104421,103.381595,14.974831,14.969704,714.595579,0.0,0.0,2126.652,0.0,425.108463
2020-03-29 06:00:00,108.788112,53.7,14.974831,-0.0,830.911888,0.0,0.0,2253.67,0.0,426.713717
2020-03-29 07:00:00,0.0,58.7,0.0,-0.0,936.0,0.0,0.0,2381.731873,624.682127,430.159781
2020-03-29 08:00:00,0.0,76.7,0.0,-0.0,930.0,0.0,0.0,2489.056675,911.461325,447.158501
2020-03-29 09:00:00,0.0,88.7,0.0,-0.0,930.0,0.0,0.0,2595.678539,1242.943461,463.151781
2020-03-29 10:00:00,0.0,84.7,0.0,-0.0,943.0,0.0,0.0,2698.596266,1073.403734,476.63944
2020-03-29 11:00:00,0.0,88.7,0.0,-0.0,943.0,0.0,0.0,2754.55191,1339.48209,485.032786
2020-03-29 12:00:00,0.0,88.7,0.0,-0.0,942.0,0.0,0.0,2787.090408,1127.059592,490.063561
2020-03-29 13:00:00,0.0,87.7,0.0,-0.0,940.0,0.0,0.0,2781.480692,1013.717308,489.522104
2020-03-29 14:00:00,0.0,85.7,0.0,-0.0,929.0,0.0,0.0,2760.94337,693.85463,488.091506
2020-03-29 15:00:00,0.0,84.7,0.0,-0.0,925.0,0.0,0.0,2755.558979,159.411021,487.883847
2020-03-29 16:00:00,0.0,83.7,0.0,-0.0,926.0,0.0,0.0,2201.661838,81.908162,492.549276
2020-03-29 17:00:00,0.0,400.0,0.0,47.935337,1668.0,0.0,0.0,1682.418229,55.265771,494.312734
2020-03-29 18:00:00,398.0,400.0,14.981951,61.28502,1876.0,0.0,0.0,1633.868757,5.571243,546.430314
2020-03-29 19:00:00,400.0,400.0,19.430296,74.941555,1670.290169,0.0,0.0,1557.148,0.0,571.778675
2020-03-29 20:00:00,324.310613,400.0,14.981951,23.657594,1905.089389,0.0,0.0,1840.52,0.0,562.414592
2020-03-29 21:00:00,0.0,400.0,0.0,23.437807,2250.0,0.0,0.0,2013.704175,528.211825,536.655626
2020-03-29 22:00:00,0.0,400.0,0.0,23.128644,2247.0,0.0,0.0,1745.57921,550.82079,496.886882
2020-03-29 23:00:00,0.0,400.0,0.0,22.516066,2248.0,0.0,0.0,1534.80455,715.04545,465.120683
2020-03-30 00:00:00,0.0,400.0,0.0,19.68943,2027.0,0.0,0.0,1572.931139,259.506861,442.489671
2020-03-30 01:00:00,0.0,379.741306,0.0,16.960524,1842.0,0.0,0.0,1654.543326,170.546674,429.231499
2020-03-30 02:00:00,0.0,297.889724,0.0,14.979622,1841.0,0.0,0.0,1620.196239,26.299761,424.229436
2020-03-30 03:00:00,9.623801,81.4,14.979622,0.0,1820.776199,0.0,0.0,1590.554,0.0,422.81667
2020-03-30 04:00:00,149.137839,82.4,14.979622,14.979622,1680.262161,0.0,0.0,1499.06,0.0,430.169676
2020-03-30 05:00:00,400.0,297.263305,19.68943,14.979622,1238.155805,0.0,0.0,1201.304,0.0,451.822229
2020-03-30 06:00:00,400.0,143.4,22.96816,0.0,708.324505,0.0,0.0,857.55,0.0,479.733824
2020-03-30 07:00:00,400.0,194.26744,21.647258,14.977625,922.934237,0.0,0.0,1230.12,0.0,503.427864
2020-03-30 08:00:00,400.0,400.0,20.419098,19.430296,1097.30428,0.0,0.0,1571.004,0.0,528.404958
2020-03-30 09:00:00,400.0,400.0,19.68943,20.419098,1229.818154,0.0,0.0,1861.368,0.0,552.082477
2020-03-30 10:00:00,327.859554,400.0,14.979622,22.419533,1485.540446,0.0,0.0,2197.448,0.0,564.136133
2020-03-30 11:00:00,0.0,400.0,0.0,21.647258,1858.0,0.0,0.0,2618.890599,60.729401,571.48359
2020-03-30 12:00:00,0.0,400.0,0.0,20.419098,1857.0,0.0,0.0,2652.683094,151.480906,576.702464
2020-03-30 13:00:00,0.0,400.0,0.0,20.419098,1851.0,0.0,0.0,2655.329179,152.272821,577.999377
2020-03-30 14:00:00,0.0,400.0,0.0,20.400003,1837.0,0.0,0.0,2463.993822,203.704178,576.899073
2020-03-30 15:00:00,269.930945,400.0,14.979622,15.168721,1737.469055,0.0,0.0,2124.618,0.0,568.672342
2020-03-30 16:00:00,400.0,400.0,19.68943,20.400003,1386.854839,0.0,0.0,1594.746,0.0,567.283674
2020-03-30 17:00:00,400.0,400.0,22.492854,29.017128,1191.262699,0.0,0.0,1031.682,0.0,565.412895
2020-03-30 18:00:00,400.0,400.0,25.9087,77.753626,945.921496,0.0,0.0,858.15,0.0,617.134276
2020-03-30 19:00:00,400.0,400.0,26.429316,77.050889,839.798184,0.0,0.0,849.562,0.0,636.564572
2020-03-30 20:00:00,400.0,400.0,76.429316,21.843654,790.258274,0.0,6.175185,828.668,0.0,622.861459
2020-03-30 21:00:00,400.0,400.0,500.0,20.419098,0.0,113.060699,739.080605,833.03,0.0,576.733605
2020-03-30 22:00:00,400.0,400.0,500.0,19.034775,0.0,326.96719,675.385078,724.58,0.0,525.322078
2020-03-30 23:00:00,400.0,329.229298,500.0,16.533949,0.0,132.410791,626.945119,745.49,0.0,483.285119
2020-03-31 00:00:00,400.0,303.821057,157.461752,14.979622,28.81969,0.0,558.595756,692.696,0.0,451.181446
2020-03-31 01:00:00,400.0,141.282072,77.755129,14.979622,312.446781,0.0,267.277402,883.568,0.0,437.268183
2020-03-31 02:00:00,400.0,82.4,82.461752,0.0,152.198404,0.0,410.446135,684.002,0.0,431.370539
2020-03-31 03:00:00,400.0,179.389436,80.277405,14.979622,234.583867,0.0,326.202153,744.964,0.0,428.15702
2020-03-31 04:00:00,400.0,400.0,77.755129,25.838276,249.827505,0.0,269.20027,627.086,0.0,433.688774
2020-03-31 05:00:00,400.0,400.0,77.755129,18.460676,285.78255,0.0,303.217567,642.33,0.0,458.332117
2020-03-31 06:00:00,400.0,400.0,77.755129,27.859389,296.602663,0.0,290.642237,714.522,0.0,488.537901
2020-03-31 07:00:00,400.0,400.0,22.576747,21.288154,817.349518,0.0,0.0,1214.836,0.0,516.972972
2020-03-31 08:00:00,400.0,400.0,22.96816,30.753206,774.504113,0.0,0.0,1317.898,0.0,538.859083
2020-03-31 09:00:00,400.0,400.0,23.069973,18.860141,754.628134,0.0,0.0,1536.702,0.0,574.66108
2020-03-31 10:00:00,400.0,400.0,21.116714,20.400003,980.544641,0.0,0.0,1799.67,0.0,580.218804
2020-03-31 11:00:00,400.0,400.0,20.419098,23.913735,1071.907115,0.0,0.0,1880.16,0.0,578.587933
2020-03-31 12:00:00,400.0,400.0,20.846138,22.265241,1025.862346,0.0,0.0,1857.718,0.0,582.128348
2020-03-31 13:00:00,400.0,400.0,20.400003,27.055875,1122.221498,0.0,0.0,1593.098,0.0,578.981475
2020-03-31 14:00:00,400.0,400.0,19.430296,25.168058,1563.291142,0.0,0.0,1709.75,0.0,585.818829
2020-03-31 15:00:00,233.561023,400.0,14.979622,25.165584,1947.838978,0.0,0.0,2087.55,0.0,584.806653
2020-03-31 16:00:00,251.685365,400.0,14.979622,23.128644,1936.714636,0.0,0.0,1797.0,0.0,593.892805
2020-03-31 17:00:00,398.0,400.0,14.981951,61.948619,2177.0,0.0,0.0,1758.958472,24.589528,607.643771
2020-03-31 18:00:00,400.0,400.0,21.287879,76.790897,1641.042062,0.0,0.0,1428.32,0.0,649.241691
2020-03-31 19:00:00,400.0,400.0,23.069973,28.122489,1337.542321,0.0,0.0,1226.398,0.0,653.678352
2020-03-31 20:00:00,400.0,400.0,23.206766,26.196212,1050.276087,0.0,0.0,1151.58,0.0,632.295587
2020-03-31 21:00:00,400.0,400.0,22.576747,26.862115,1288.171567,0.0,0.0,1103.632,0.0,589.419065
2020-03-31 22:00:00,400.0,400.0,22.96816,24.390945,1012.498883,0.0,0.0,830.26,0.0,536.514168
2020-03-31 23:00:00,400.0,400.0,23.128644,23.128644,808.289245,0.0,0.0,662.052,0.0,488.664413
2020-04-01 00:00:00,400.0,400.0,23.069973,23.206766,854.391612,0.0,0.0,542.434,0.0,463.806358
2020-04-01 01:00:00,400.0,400.0,23.128644,23.128644,776.364117,0.0,0.0,410.85,0.0,455.772882
2020-04-01 02:00:00,400.0,400.0,23.128644,23.069973,783.111155,0.0,0.0,383.398,0.0,450.643027
2020-04-01 03:00:00,400.0,400.0,23.128644,23.206766,789.648371,0.0,0.0,382.602,0.0,449.543044
2020-04-01 04:00:00,400.0,400.0,23.206766,23.206766,723.117611,0.0,0.0,367.336,0.0,457.232758
2020-04-01 05:00:00,400.0,400.0,24.617414,74.617414,652.86875,0.0,0.0,368.55,0.0,473.952187
2020-04-01 06:00:00,400.0,400.0,75.9087,19.034775,545.123916,0.0,134.703497,479.04,0.0,500.687413
2020-04-01 07:00:00,400.0,197.086042,19.430296,14.981951,1327.704835,0.0,0.0,1420.332,0.0,524.494075
2020-04-01 08:00:00,307.55094,150.963417,14.982507,14.981951,1715.84906,0.0,0.0,2001.07,0.0,553.383141
2020-04-01 09:00:00,4.174598,400.0,14.982507,15.71578,2031.225402,0.0,0.0,2448.3,0.0,573.16119
2020-04-01 10:00:00,0.0,400.0,0.0,19.68943,2045.0,0.0,0.0,2564.099283,176.612717,588.464892
2020-04-01 11:00:00,0.0,400.0,0.0,19.430296,2041.0,0.0,0.0,2602.822546,454.163454,594.873382
2020-04-01 12:00:00,0.0,400.0,0.0,19.430296,2034.0,0.0,0.0,2599.238386,480.641614,595.385758
2020-04-01 13:00:00,0.0,400.0,0.0,19.034775,2024.0,0.0,0.0,2577.763015,459.718985,593.664452
2020-04-01 14:00:00,0.0,400.0,0.0,20.400003,2023.0,0.0,0.0,2542.345604,412.074396,588.501841
2020-04-01 15:00:00,0.0,400.0,0.0,20.419098,2023.0,0.0,0.0,2456.918476,279.329524,575.687771
2020-04-01 16:00:00,176.639546,400.0,14.9805,22.732362,1820.760455,0.0,0.0,2234.372,0.0,572.641732
2020-04-01 17:00:00,400.0,400.0,19.68943,20.846138,1277.463156,0.0,0.0,1630.92,0.0,563.618527
2020-04-01 18:00:00,400.0,400.0,23.128644,73.128644,769.94528,0.0,0.0,1433.26,0.0,624.197208
2020-04-01 19:00:00,400.0,400.0,73.206766,54.248605,779.876468,0.0,72.959962,1669.966,0.0,652.36343
2020-04-01 20:00:00,400.0,400.0,22.96816,26.893513,938.526803,0.0,0.0,1765.584,0.0,642.90858
2020-04-01 21:00:00,400.0,400.0,75.336934,21.089841,532.395482,0.0,250.712787,1756.223942,58.096058,595.924269
2020-04-01 22:00:00,400.0,352.819993,76.546344,17.379959,548.334297,0.0,160.311601,1686.176248,188.193752,535.536898
2020-04-01 23:00:00,400.0,400.0,20.42044,27.949597,880.460955,0.0,0.0,1751.302908,269.909092,489.726293
2020-04-02 00:00:00,400.0,400.0,19.958349,23.781596,1002.991944,0.0,0.0,1709.22691,259.69309,465.035245
2020-04-02 01:00:00,398.676495,400.0,15.0,18.861019,912.723505,0.0,0.0,1908.21835,10.71765,455.174227
2020-04-02 02:00:00,287.081671,190.553554,14.9805,14.975624,1022.318331,0.0,0.0,1980.638,0.0,449.59795
2020-04-02 03:00:00,169.109467,181.919256,14.9805,14.9805,1141.290533,0.0,0.0,2101.37,0.0,449.86192
2020-04-02 04:00:00,227.659572,268.325173,14.9805,14.9805,1082.740429,0.0,0.0,2100.536,0.0,458.519336
2020-04-02 05:00:00,261.566595,360.089477,14.9805,14.9805,1049.833406,0.0,0.0,2178.232,0.0,475.109789
2020-04-02 06:00:00,328.789225,86.4,14.979622,0.0,966.610777,0.0,0.0,2284.602,0.0,503.548683
2020-04-02 07:00:00,151.616795,86.4,14.979622,0.0,1121.783206,0.0,0.0,2584.538,0.0,525.263219
2020-04-02 08:00:00,0.0,86.4,0.0,0.0,1280.0,0.0,0.0,2898.266946,45.793054,548.590042
2020-04-02 09:00:00,0.0,101.087382,0.0,14.9805,1284.0,0.0,0.0,3023.223558,602.006442,566.733534
2020-04-02 10:00:00,0.0,302.87776,0.0,14.9805,1298.0,0.0,0.0,3147.785475,797.434525,583.317821
2020-04-02 11:00:00,0.0,201.702846,0.0,14.9805,1311.0,0.0,0.0,3203.520739,973.263261,589.728111
2020-04-02 12:00:00,0.0,400.0,0.0,16.961401,1309.0,0.0,0.0,3227.672078,508.725922,593.650812
2020-04-02 13:00:00,0.0,339.039137,0.0,19.189969,1312.0,0.0,0.0,3042.570561,174.115439,590.935584
2020-04-02 14:00:00,103.328495,359.379074,14.9805,18.861019,1393.071506,0.0,0.0,2892.968,0.0,584.084474
2020-04-02 15:00:00,283.942908,400.0,14.981951,19.034775,1222.457093,0.0,0.0,2488.516,0.0,574.508836
2020-04-02 16:00:00,400.0,400.0,18.861019,20.747778,1199.54834,0.0,0.0,1901.57,0.0,568.653249
2020-04-02 17:00:00,400.0,400.0,19.430296,25.402991,1419.485883,0.0,0.0,1224.786,0.0,561.645018
2020-04-02 18:00:00,400.0,400.0,24.617414,76.281085,1034.742262,0.0,0.0,645.19,0.0,619.417161
2020-04-02 19:00:00,400.0,400.0,25.9087,76.324557,932.3408,0.0,0.0,695.318,0.0,644.69658
2020-04-02 20:00:00,400.0,400.0,22.808576,26.437794,1079.9716,0.0,0.0,776.398,0.0,632.31396
2020-04-02 21:00:00,400.0,400.0,22.297397,19.430296,1046.94633,0.0,0.0,816.85,0.0,590.08555
2020-04-02 22:00:00,400.0,400.0,22.492854,18.861019,1356.590514,0.0,0.0,718.348,0.0,528.863623
2020-04-02 23:00:00,400.0,400.0,22.576747,19.034775,1107.332249,0.0,0.0,529.65,0.0,484.697663
2020-04-03 00:00:00,400.0,400.0,23.069973,22.732362,789.068949,0.0,0.0,469.454,0.0,461.907758
2020-04-03 01:00:00,400.0,400.0,73.128644,22.732362,536.841818,0.0,37.296109,499.168,0.0,450.948927
2020-04-03 02:00:00,400.0,400.0,22.732362,19.034775,707.475226,0.0,0.0,616.838,0.0,443.004416
2020-04-03 03:00:00,400.0,120.394985,22.96816,14.9805,657.357443,0.0,0.0,599.882,0.0,447.978684
2020-04-03 04:00:00,400.0,360.790272,73.128644,14.9805,532.914545,0.0,46.601173,519.566,0.0,454.597718
2020-04-03 05:00:00,400.0,400.0,73.437807,19.983547,456.274477,0.0,140.957451,541.334,0.0,469.358928
2020-04-03 06:00:00,400.0,400.0,74.617414,16.471397,363.840906,0.0,289.602158,600.068,0.0,492.034064
2020-04-03 07:00:00,400.0,171.696847,22.516066,14.97449,764.572764,0.0,0.0,1140.95,0.0,513.056585
2020-04-03 08:00:00,400.0,128.4,73.069973,0.0,609.672723,0.0,84.432169,1182.912,0.0,542.585892
2020-04-03 09:00:00,400.0,127.4,74.617414,0.0,400.062174,0.0,321.3318,1136.022,0.0,566.993974
2020-04-03 10:00:00,400.0,278.615428,74.617414,14.979622,360.260507,0.0,378.548917,1198.53,0.0,582.340424
2020-04-03 11:00:00,400.0,400.0,73.128644,19.983547,535.568127,0.0,221.310754,1402.014,0.0,586.566881
2020-04-03 12:00:00,400.0,400.0,21.647258,20.400003,863.42574,0.0,0.0,1732.302,0.0,586.931439
2020-04-03 13:00:00,400.0,400.0,20.419098,21.287879,1028.7797,0.0,0.0,1859.482,0.0,581.205345
2020-04-03 14:00:00,400.0,400.0,20.419098,21.647258,1050.630342,0.0,0.0,1855.67,0.0,577.355949
2020-04-03 15:00:00,400.0,400.0,18.861019,22.576747,1323.278557,0.0,0.0,1728.632,0.0,568.403016
2020-04-03 16:00:00,400.0,400.0,20.400003,23.978131,1372.108906,0.0,0.0,1379.038,0.0,564.139364
2020-04-03 17:00:00,400.0,400.0,20.846138,26.457653,1276.022879,0.0,0.0,966.238,0.0,567.632268
2020-04-03 18:00:00,400.0,400.0,22.513555,76.429316,1036.37719,0.0,0.0,657.578,0.0,617.580122
2020-04-03 19:00:00,400.0,400.0,24.617414,68.165512,936.040153,0.0,0.0,686.684,0.0,632.196577
2020-04-03 20:00:00,400.0,400.0,23.206766,26.608075,1119.02982,0.0,0.0,757.962,0.0,615.439827
2020-04-03 21:00:00,400.0,400.0,23.128644,22.732362,1040.210842,0.0,0.0,789.904,0.0,578.803974
2020-04-03 22:00:00,400.0,400.0,22.516066,21.843654,1231.933321,0.0,0.0,664.752,0.0,531.272802
2020-04-03 23:00:00,400.0,400.0,22.96816,22.576747,917.61728,0.0,0.0,781.068,0.0,489.367608
2020-04-04 00:00:00,400.0,400.0,21.647258,19.68943,893.969372,0.0,0.0,957.898,0.0,466.189294
2020-04-04 01:00:00,400.0,400.0,21.843654,19.68943,616.068732,0.0,0.0,967.038,0.0,455.99539
2020-04-04 02:00:00,400.0,400.0,21.647258,20.400003,699.402085,0.0,0.0,997.7,0.0,448.094687
2020-04-04 03:00:00,400.0,400.0,21.647258,21.287879,652.77035,0.0,0.0,933.268,0.0,445.424647
2020-04-04 04:00:00,400.0,400.0,21.843654,35.819006,621.599947,0.0,0.0,890.37,0.0,448.465508
2020-04-04 05:00:00,400.0,400.0,22.492854,24.566059,605.662824,0.0,0.0,892.912,0.0,449.437376
2020-04-04 06:00:00,400.0,400.0,21.287879,19.034775,713.830766,0.0,0.0,1098.684,0.0,461.077985
2020-04-04 07:00:00,400.0,400.0,18.861019,18.860141,1139.088155,0.0,0.0,1535.57,0.0,462.822277
2020-04-04 08:00:00,363.589342,400.0,14.979622,19.034775,1281.810658,0.0,0.0,1833.128,0.0,486.047601
2020-04-04 09:00:00,267.531249,400.0,14.979622,26.827539,1378.868751,0.0,0.0,2050.618,0.0,504.112387
2020-04-04 10:00:00,111.86383,324.185227,14.979622,16.960524,1536.53617,0.0,0.0,2295.252,0.0,517.157374
2020-04-04 11:00:00,0.0,100.4,0.0,0.0,1662.0,0.0,0.0,2449.714221,149.607779,521.507133
2020-04-04 12:00:00,0.0,102.4,0.0,0.0,1680.0,0.0,0.0,2424.781309,226.918691,515.067196
2020-04-04 13:00:00,0.0,104.4,0.0,0.0,1674.0,0.0,0.0,2355.022163,580.299837,505.503324
2020-04-04 14:00:00,0.0,79.4,0.0,0.0,1666.0,0.0,0.0,2297.468036,816.631964,498.070205
2020-04-04 15:00:00,0.0,60.4,0.0,0.0,1681.0,0.0,0.0,2270.13679,664.39521,491.720518
2020-04-04 16:00:00,0.0,75.4,0.0,0.0,1686.0,0.0,0.0,2284.592392,99.477608,493.138859
2020-04-04 17:00:00,266.04601,400.0,14.9805,19.034775,1407.353991,0.0,0.0,1813.3,0.0,489.741901
2020-04-04 18:00:00,400.0,400.0,23.069973,30.844352,693.400987,0.0,0.0,1142.762,0.0,549.504152
2020-04-04 19:00:00,400.0,400.0,73.657594,73.128644,615.982327,0.0,41.915124,1004.852,0.0,576.580451
2020-04-04 20:00:00,400.0,400.0,76.429316,67.927195,386.178649,0.0,348.387554,812.54,0.0,573.804203
2020-04-04 21:00:00,400.0,400.0,76.324557,24.169914,423.559042,0.0,265.267402,623.602,0.0,539.856444
2020-04-04 22:00:00,400.0,400.0,83.946708,19.68943,174.841592,0.0,466.124169,641.2,0.0,503.303761
2020-04-04 23:00:00,400.0,400.0,73.657594,19.430296,409.398114,0.0,198.019669,694.93,0.0,476.179783
2020-04-05 00:00:00,400.0,400.0,73.437807,19.430296,446.789553,0.0,137.181314,613.182,0.0,458.308867
2020-04-05 01:00:00,400.0,400.0,73.069973,24.101017,544.991086,0.0,28.567851,647.984,0.0,448.798937
2020-04-05 02:00:00,400.0,400.0,23.069973,23.125892,609.47727,0.0,0.0,679.4,0.0,443.838409
2020-04-05 03:00:00,400.0,400.0,23.069973,21.647258,565.87108,0.0,0.0,633.15,0.0,443.441838
2020-04-05 04:00:00,400.0,400.0,23.069973,21.647258,584.218455,0.0,0.0,669.652,0.0,446.165032
2020-04-05 05:00:00,400.0,400.0,22.732362,30.604773,660.009408,0.0,0.0,746.938,0.0,446.389289
2020-04-05 06:00:00,400.0,74.4,73.069973,0.0,392.618435,0.0,231.6636,887.972,0.0,454.403035
2020-04-05 07:00:00,325.460504,76.4,14.981951,0.0,1269.939498,0.0,0.0,1760.0,0.0,453.609075
2020-04-05 08:00:00,0.0,63.4,0.0,0.0,1604.0,0.0,0.0,2179.376802,177.743198,466.40652
2020-04-05 09:00:00,0.0,59.4,0.0,0.0,1608.0,0.0,0.0,2234.625445,512.376555,474.093817
2020-04-05 10:00:00,0.0,57.4,0.0,0.0,1606.0,0.0,0.0,2286.520705,680.277295,482.178106
2020-04-05 11:00:00,0.0,36.4,0.0,0.0,1604.0,0.0,0.0,2311.770657,826.591343,486.265599
2020-04-05 12:00:00,0.0,40.4,0.0,0.0,1604.0,0.0,0.0,2322.628244,794.919756,487.894237
2020-04-05 13:00:00,0.0,39.4,0.0,0.0,1603.0,0.0,0.0,2330.591354,724.188646,489.238703
2020-04-05 14:00:00,0.0,29.4,0.0,0.0,1606.0,0.0,0.0,2327.895108,548.704892,488.384266
2020-04-05 15:00:00,0.0,57.290657,0.0,14.981951,1606.0,0.0,0.0,2331.519291,206.340709,488.927894
2020-04-05 16:00:00,275.029618,400.0,14.9805,18.861019,1298.370383,0.0,0.0,1893.266,0.0,494.834343
2020-04-05 17:00:00,400.0,400.0,19.983547,24.621145,1050.926267,0.0,0.0,1118.748,0.0,494.52326
2020-04-05 18:00:00,400.0,400.0,23.128644,75.9087,879.729007,0.0,0.0,884.93,0.0,554.430149
2020-04-05 19:00:00,400.0,400.0,22.732362,74.805607,1164.431936,0.0,0.0,1241.316,0.0,582.88261
2020-04-05 20:00:00,400.0,400.0,19.983547,25.674704,1457.620384,0.0,0.0,1595.334,0.0,577.007042
2020-04-05 21:00:00,400.0,400.0,20.419098,19.430296,983.224194,0.0,0.0,1605.882,0.0,532.598671
2020-04-05 22:00:00,400.0,312.071709,18.573789,15.686598,1282.435249,0.0,0.0,1596.102,0.0,486.250013
2020-04-05 23:00:00,400.0,400.0,22.492854,19.68943,928.849794,0.0,0.0,1064.002,0.0,459.472831
2020-04-06 00:00:00,400.0,400.0,23.657594,21.843654,635.24412,0.0,0.0,685.61,0.0,446.754882
2020-04-06 01:00:00,400.0,400.0,23.206766,23.069973,712.231718,0.0,0.0,709.23,0.0,443.249742
2020-04-06 02:00:00,400.0,400.0,23.206766,23.069973,681.209157,0.0,0.0,625.702,0.0,442.273926
2020-04-06 03:00:00,400.0,400.0,23.069973,49.883803,796.043779,0.0,0.0,739.132,0.0,442.063233
2020-04-06 04:00:00,400.0,400.0,23.069973,22.516066,835.72632,0.0,0.0,835.202,0.0,450.521352
2020-04-06 05:00:00,400.0,400.0,22.96816,22.516066,858.106119,0.0,0.0,1023.118,0.0,475.351782
2020-04-06 06:00:00,400.0,400.0,23.069973,19.430296,807.772208,0.0,0.0,1201.498,0.0,509.658869
2020-04-06 07:00:00,400.0,176.4,19.68943,0.0,1110.7866,0.0,0.0,1613.068,0.0,525.94221
2020-04-06 08:00:00,239.858991,177.4,14.979622,0.0,1540.541009,0.0,0.0,2202.838,0.0,549.944549
2020-04-06 09:00:00,290.229333,400.0,14.9805,16.960524,1511.170667,0.0,0.0,2331.632,0.0,573.6692
2020-04-06 10:00:00,398.0,400.0,14.979622,25.667792,1400.0,0.0,0.0,2179.392968,25.587032,593.008945
2020-04-06 11:00:00,400.0,400.0,19.68943,32.357257,1308.213352,0.0,0.0,1974.364,0.0,603.772597
2020-04-06 12:00:00,400.0,400.0,19.68943,20.846138,1292.407282,0.0,0.0,2037.146,0.0,615.560808
2020-04-06 13:00:00,400.0,400.0,20.846138,20.846138,1169.066013,0.0,0.0,1841.998,0.0,604.789798
2020-04-06 14:00:00,400.0,400.0,20.419098,25.816329,1248.783592,0.0,0.0,1795.068,0.0,611.292661
2020-04-06 15:00:00,400.0,400.0,20.419098,24.96237,1344.000542,0.0,0.0,1722.502,0.0,613.875219
2020-04-06 16:00:00,400.0,400.0,22.516066,67.620261,1218.034945,0.0,0.0,1549.03,0.0,609.149258
2020-04-06 17:00:00,400.0,197.384659,23.128644,14.978232,1016.595058,0.0,0.0,1281.272,0.0,596.801541
2020-04-06 18:00:00,400.0,400.0,76.790897,20.599229,533.166584,0.0,315.929828,1191.936,0.0,655.915412
2020-04-06 19:00:00,400.0,400.0,76.429316,73.024007,623.327995,0.0,207.202706,1380.286,0.0,675.443701
2020-04-06 20:00:00,400.0,400.0,74.617414,26.53885,750.324012,0.0,88.653686,1435.102,0.0,643.316698
2020-04-06 21:00:00,400.0,400.0,22.732362,23.520308,915.953055,0.0,0.0,1538.284,0.0,580.699642
2020-04-06 22:00:00,400.0,400.0,23.069973,24.885775,825.066396,0.0,0.0,1016.92,0.0,516.128041
2020-04-06 23:00:00,400.0,400.0,19.68943,23.641035,1063.1526,0.0,0.0,1329.23,0.0,474.01161
2020-04-07 00:00:00,400.0,400.0,22.516066,18.06856,824.129389,0.0,0.0,986.664,0.0,458.480192
2020-04-07 01:00:00,400.0,400.0,20.419098,19.430296,1001.76232,0.0,0.0,1117.088,0.0,451.398852
2020-04-07 02:00:00,400.0,400.0,20.419098,19.68943,955.245682,0.0,0.0,1047.248,0.0,447.900348
2020-04-07 03:00:00,400.0,400.0,22.492854,19.034775,879.800034,0.0,0.0,972.762,0.0,448.044295
2020-04-07 04:00:00,400.0,400.0,22.732362,21.843654,798.920162,0.0,0.0,944.798,0.0,455.981676
2020-04-07 05:00:00,400.0,400.0,20.419098,23.128644,972.646832,0.0,0.0,988.5,0.0,480.277975
2020-04-07 06:00:00,400.0,400.0,21.287879,27.20093,1217.921552,0.0,0.0,1112.8,0.0,517.631767
2020-04-07 07:00:00,400.0,400.0,20.419098,22.96816,1340.066794,0.0,0.0,1388.064,0.0,540.599581
2020-04-07 08:00:00,400.0,400.0,19.034775,25.97849,1500.310258,0.0,0.0,1766.788,0.0,573.371661
2020-04-07 09:00:00,400.0,400.0,20.419098,25.842863,1349.785792,0.0,0.0,1772.698,0.0,596.836831
2020-04-07 10:00:00,400.0,400.0,20.419098,25.708948,1361.430851,0.0,0.0,1937.168,0.0,619.760572
2020-04-07 11:00:00,400.0,400.0,19.68943,31.055544,1466.54248,0.0,0.0,1951.864,0.0,631.698228
2020-04-07 12:00:00,400.0,400.0,20.419098,22.732362,1517.153412,0.0,0.0,1828.9,0.0,633.411988
2020-04-07 13:00:00,400.0,400.0,21.287879,21.287879,1403.901047,0.0,0.0,1713.532,0.0,633.094643
2020-04-07 14:00:00,400.0,400.0,21.843654,21.288154,1325.481363,0.0,0.0,1607.03,0.0,628.882296
2020-04-07 15:00:00,400.0,400.0,20.846138,22.732362,1483.141675,0.0,0.0,1561.79,0.0,623.947249
2020-04-07 16:00:00,400.0,400.0,22.732362,26.333454,1353.082876,0.0,0.0,1227.882,0.0,621.119869
2020-04-07 17:00:00,400.0,400.0,22.516066,26.443663,1443.279498,0.0,0.0,889.16,0.0,607.782075
2020-04-07 18:00:00,400.0,400.0,26.324557,73.854781,1167.070624,0.0,0.0,590.93,0.0,663.578906
2020-04-07 19:00:00,400.0,400.0,26.790897,76.681379,960.962411,0.0,0.0,520.0,0.0,690.455638
2020-04-07 20:00:00,400.0,400.0,26.429316,26.449614,1107.453832,0.0,0.0,532.668,0.0,660.182125
2020-04-07 21:00:00,400.0,400.0,77.050889,23.657594,530.069714,0.0,216.643029,500.348,0.0,588.926743
2020-04-07 22:00:00,400.0,400.0,23.069973,23.131221,1049.66277,0.0,0.0,589.204,0.0,517.581185
2020-04-07 23:00:00,400.0,400.0,22.576747,23.069973,971.533664,0.0,0.0,606.868,0.0,478.70015
2020-04-08 00:00:00,400.0,400.0,22.516066,22.96816,1013.723862,0.0,0.0,532.666,0.0,461.241321
2020-04-08 01:00:00,400.0,400.0,21.287879,22.96816,1134.747509,0.0,0.0,585.764,0.0,451.052474
2020-04-08 02:00:00,400.0,400.0,21.288154,23.069973,1098.663296,0.0,0.0,531.5,0.0,448.325506
2020-04-08 03:00:00,400.0,400.0,20.419098,21.287879,1283.073841,0.0,0.0,706.07,0.0,446.849424
2020-04-08 04:00:00,400.0,400.0,21.287879,21.843654,1140.216011,0.0,0.0,630.952,0.0,457.010398
2020-04-08 05:00:00,400.0,400.0,22.96816,32.059584,896.210095,0.0,0.0,665.04,0.0,487.324486
2020-04-08 06:00:00,400.0,400.0,22.96816,20.400003,901.832588,0.0,0.0,904.432,0.0,522.389912
2020-04-08 07:00:00,400.0,355.850357,20.400003,16.961401,1267.688537,0.0,0.0,1485.36,0.0,554.650719
2020-04-08 08:00:00,322.585974,124.4,14.9805,14.9805,1719.814026,0.0,0.0,2020.882,0.0,567.160196
2020-04-08 09:00:00,255.39804,119.4,14.9805,14.9805,1782.00196,0.0,0.0,2197.48,0.0,584.321706
2020-04-08 10:00:00,218.981442,241.03548,14.9805,14.9805,1819.418558,0.0,0.0,2316.15,0.0,596.509716
2020-04-08 11:00:00,278.784019,305.477414,14.9805,15.71578,1762.615981,0.0,0.0,2237.528,0.0,593.236803
2020-04-08 12:00:00,276.336679,400.0,14.9805,20.400003,1772.063321,0.0,0.0,2235.264,0.0,591.480102
2020-04-08 13:00:00,206.075351,400.0,14.9805,19.034775,1842.324649,0.0,0.0,2268.546,0.0,585.933203
2020-04-08 14:00:00,238.043112,400.0,14.9805,18.861019,1807.356888,0.0,0.0,2170.87,0.0,576.526967
2020-04-08 15:00:00,400.0,400.0,19.034775,18.861019,1447.270198,0.0,0.0,1783.868,0.0,572.48967
2020-04-08 16:00:00,400.0,400.0,18.861019,21.287879,1484.463769,0.0,0.0,1794.682,0.0,568.532735
2020-04-08 17:00:00,400.0,400.0,21.116714,19.68943,1142.54021,0.0,0.0,1392.622,0.0,559.512268
2020-04-08 18:00:00,400.0,400.0,76.755559,72.927717,534.300162,0.0,219.267014,1099.668,0.0,611.305176
2020-04-08 19:00:00,400.0,400.0,23.069973,43.882922,895.046331,0.0,0.0,1697.402,0.0,650.60335
2020-04-08 20:00:00,400.0,400.0,22.632352,26.362141,1157.578662,0.0,0.0,1900.019218,80.360782,641.616083
2020-04-08 21:00:00,400.0,400.0,21.122752,24.190244,944.318578,0.0,0.0,1999.696479,95.035521,582.056685
2020-04-08 22:00:00,400.0,393.647779,74.332639,20.42044,599.959862,0.0,86.999071,1934.726085,51.725915,517.464933
2020-04-08 23:00:00,400.0,275.089366,70.419098,14.975624,465.670743,0.0,167.967346,1941.318,0.0,474.697089
2020-04-09 00:00:00,400.0,289.037278,74.332639,14.978232,439.560496,0.0,171.948871,1958.396277,250.625723,457.925367
2020-04-09 01:00:00,400.0,123.84531,71.317188,14.978232,560.105817,0.0,44.862201,2037.04594,146.15206,451.641018
2020-04-09 02:00:00,260.749742,126.440668,14.975624,14.978232,755.950258,0.0,0.0,2226.14848,160.57152,450.629733
2020-04-09 03:00:00,135.488614,35.7,14.975624,0.0,881.211386,0.0,0.0,2361.585932,16.264068,452.156182
2020-04-09 04:00:00,124.501213,86.368078,14.975624,14.970128,895.198787,0.0,0.0,2474.982022,103.837978,467.067485
2020-04-09 05:00:00,336.078127,226.293514,14.979622,37.127106,675.621873,0.0,0.0,2481.0,0.0,503.306719
2020-04-09 06:00:00,400.0,52.7,73.582118,0.0,483.374659,0.0,259.904064,2615.799479,59.584521,538.563723
2020-04-09 07:00:00,0.0,46.7,0.0,0.0,963.0,0.0,0.0,3173.675746,209.422254,550.301362
2020-04-09 08:00:00,0.0,59.7,0.0,0.0,962.0,0.0,0.0,3276.443809,710.206191,565.866571
2020-04-09 09:00:00,0.0,73.7,0.0,0.0,963.0,0.0,0.0,3328.130887,970.853113,573.469633
2020-04-09 10:00:00,0.0,70.7,0.0,0.0,963.0,0.0,0.0,3348.731333,1030.788667,576.5597
2020-04-09 11:00:00,0.0,60.7,0.0,0.0,963.0,0.0,0.0,3356.203665,1068.896335,577.68055
2020-04-09 12:00:00,0.0,65.7,0.0,0.0,961.0,0.0,0.0,3352.970391,978.189609,577.495559
2020-04-09 13:00:00,0.0,58.7,0.0,0.0,960.0,0.0,0.0,3349.495296,740.576704,577.124294
2020-04-09 14:00:00,0.0,55.7,0.0,0.0,961.0,0.0,0.0,3340.119675,292.316325,575.567951
2020-04-09 15:00:00,0.0,70.7,0.0,0.0,966.0,0.0,0.0,3264.352506,19.719494,567.952876
2020-04-09 16:00:00,400.0,86.7,69.034775,0.0,549.318718,0.0,122.926974,2551.71,0.0,560.758692
2020-04-09 17:00:00,398.0,400.0,14.979622,39.980933,932.0,0.0,0.0,1672.956681,14.305319,544.493502
2020-04-09 18:00:00,400.0,400.0,23.657594,65.997685,831.113742,0.0,0.0,960.868,0.0,592.763139
2020-04-09 19:00:00,400.0,400.0,77.755129,76.127113,464.59615,0.0,212.985427,784.72,0.0,636.318577
2020-04-09 20:00:00,400.0,400.0,76.818668,23.128644,385.606409,0.0,413.88713,807.13,0.0,627.078539
2020-04-09 21:00:00,400.0,400.0,25.9087,23.128644,731.296568,0.0,0.0,770.48,0.0,569.727515
2020-04-09 22:00:00,400.0,400.0,23.128644,21.843654,969.406453,0.0,0.0,583.782,0.0,506.006332
2020-04-09 23:00:00,400.0,400.0,22.576747,21.647258,1118.828597,0.0,0.0,514.068,0.0,473.13591
2020-04-10 00:00:00,400.0,400.0,21.843654,21.116714,1239.668674,0.0,0.0,533.304,0.0,457.895299
2020-04-10 01:00:00,400.0,400.0,21.287879,22.732362,1343.808183,0.0,0.0,594.566,0.0,451.463672
2020-04-10 02:00:00,400.0,400.0,21.116714,22.96816,1376.200181,0.0,0.0,607.184,0.0,448.497573
2020-04-10 03:00:00,400.0,400.0,21.116714,22.576747,1399.424985,0.0,0.0,631.746,0.0,448.698152
2020-04-10 04:00:00,400.0,400.0,20.400003,23.206766,1516.797048,0.0,0.0,851.802,0.0,464.100743
2020-04-10 05:00:00,400.0,400.0,21.288154,39.79657,1330.479981,0.0,0.0,887.28,0.0,497.370003
2020-04-10 06:00:00,400.0,400.0,22.492854,22.492854,838.108599,0.0,0.0,1371.77,0.0,537.39921
2020-04-10 07:00:00,398.0,400.0,14.979622,19.983547,1440.321775,0.0,0.0,2114.488,0.0,558.474934
2020-04-10 08:00:00,71.268077,135.217342,14.979622,14.979622,1767.431923,0.0,0.0,2569.15,0.0,577.607712
2020-04-10 09:00:00,0.0,30.7,0.0,8.301763,1853.0,0.0,0.0,2742.493679,132.652321,590.774052
2020-04-10 10:00:00,0.0,30.7,0.0,0.0,1853.0,0.0,0.0,2857.721318,44.740682,608.058198
2020-04-10 11:00:00,0.0,31.7,0.0,0.0,1853.0,0.0,0.0,2871.30988,75.84412,610.096482
2020-04-10 12:00:00,0.0,20.7,0.0,0.0,1857.0,0.0,0.0,2867.380421,162.005579,608.907063
2020-04-10 13:00:00,0.0,29.7,0.0,0.0,1855.0,0.0,0.0,2858.114137,234.695863,607.817121
2020-04-10 14:00:00,0.0,31.7,0.0,14.979622,1854.0,0.0,0.0,2853.608025,140.591975,607.291204
2020-04-10 15:00:00,0.0,245.109785,0.0,14.979622,1831.0,0.0,0.0,2715.977786,738.322214,590.096668
2020-04-10 16:00:00,0.0,400.0,0.0,19.983547,1830.0,0.0,0.0,2464.581113,732.148887,578.037167
2020-04-10 17:00:00,0.0,400.0,0.0,23.437807,2017.0,0.0,0.0,1951.080382,865.919618,551.712057
2020-04-10 18:00:00,379.178343,400.0,14.975095,72.358242,2010.821657,0.0,0.0,1798.306152,44.075848,592.122674
2020-04-10 19:00:00,400.0,400.0,20.419098,76.755559,1644.198448,0.0,0.0,1512.0,0.0,622.920233
2020-04-10 20:00:00,400.0,400.0,20.846138,30.263384,1581.597625,0.0,0.0,1428.852,0.0,602.438156
2020-04-10 21:00:00,400.0,400.0,20.846138,22.96816,1589.301842,0.0,0.0,1166.596,0.0,561.944124
2020-04-10 22:00:00,400.0,400.0,19.034775,20.846138,1507.132114,0.0,0.0,1476.516,0.0,514.257583
2020-04-10 23:00:00,398.0,400.0,14.979622,19.68943,1660.0,0.0,0.0,1372.963047,9.940953,475.794457
2020-04-11 00:00:00,400.0,400.0,20.400003,19.983547,1018.45158,0.0,0.0,1319.512,0.0,457.509063
2020-04-11 01:00:00,400.0,400.0,22.576747,19.983547,640.24503,0.0,0.0,891.578,0.0,450.049946
2020-04-11 02:00:00,400.0,400.0,77.274563,20.419098,348.620244,0.0,224.241319,571.064,0.0,445.716563
2020-04-11 03:00:00,400.0,400.0,77.274563,20.400003,320.6342,0.0,247.92207,535.836,0.0,444.63027
2020-04-11 04:00:00,400.0,400.0,77.274563,21.116714,331.083432,0.0,242.847654,581.684,0.0,449.940085
2020-04-11 05:00:00,400.0,400.0,77.050889,43.728844,365.645004,0.0,194.317546,614.002,0.0,450.803549
2020-04-11 06:00:00,400.0,400.0,77.755129,20.400003,257.708615,0.0,378.377893,953.072,0.0,463.404508
2020-04-11 07:00:00,400.0,211.603792,19.034775,14.979622,826.802012,0.0,0.0,1928.048,0.0,471.036898
2020-04-11 08:00:00,0.0,87.7,0.0,0.0,1326.0,0.0,0.0,2587.159131,109.410869,495.02387
2020-04-11 09:00:00,0.0,91.7,0.0,0.0,1317.0,0.0,0.0,2713.326204,621.655796,515.298931
2020-04-11 10:00:00,0.0,93.7,0.0,0.0,1311.0,0.0,0.0,2783.683166,1054.966834,526.752475
2020-04-11 11:00:00,0.0,73.7,0.0,0.0,1312.0,0.0,0.0,2783.793237,1615.242763,526.618986
2020-04-11 12:00:00,0.0,47.7,0.0,0.0,1311.0,0.0,0.0,2771.681612,1383.068388,524.952242
2020-04-11 13:00:00,0.0,57.7,0.0,0.0,1309.0,0.0,0.0,2774.732942,1229.049058,525.709941
2020-04-11 14:00:00,0.0,45.7,0.0,0.0,1311.0,0.0,0.0,2787.693468,976.002532,527.35402
2020-04-11 15:00:00,0.0,59.7,0.0,0.0,1317.0,0.0,0.0,2789.183965,466.146035,526.677595
2020-04-11 16:00:00,268.70917,87.7,14.979622,0.0,1049.990831,0.0,0.0,2550.5,0.0,530.926375
2020-04-11 17:00:00,251.954673,354.43105,14.979622,20.526636,1062.745328,0.0,0.0,2014.482,0.0,520.610501
2020-04-11 18:00:00,400.0,400.0,73.657594,74.762577,525.602947,0.0,179.688011,1173.336,0.0,564.409958
2020-04-11 19:00:00,400.0,400.0,81.727779,73.693307,200.54455,0.0,550.538567,973.112,0.0,586.735117
2020-04-11 20:00:00,400.0,400.0,76.755559,26.180617,382.130901,0.0,372.194664,1157.168,0.0,581.105565
2020-04-11 21:00:00,400.0,400.0,76.429316,21.368347,403.20873,0.0,309.236461,1250.47,0.0,544.539191
2020-04-11 22:00:00,400.0,400.0,76.429316,20.234035,391.609061,0.0,273.18318,1529.464,0.0,502.328241
2020-04-11 23:00:00,400.0,208.085074,81.727779,14.975624,195.869863,0.0,430.683858,1202.828,0.0,471.293721
2020-04-12 00:00:00,400.0,98.654613,80.277405,14.979622,246.598936,0.0,359.132423,1143.448,0.0,454.77736
2020-04-12 01:00:00,400.0,227.325813,76.755559,14.97449,334.164446,0.0,262.706187,1181.782,0.0,447.392633
2020-04-12 02:00:00,400.0,400.0,81.727779,18.861019,179.261998,0.0,410.381402,1003.398,0.0,443.8704
2020-04-12 03:00:00,400.0,400.0,500.0,35.879232,0.0,29.353483,532.861422,719.336,0.0,441.553422
2020-04-12 04:00:00,400.0,400.0,500.0,24.20679,0.0,33.352411,580.975462,894.564,0.0,444.977462
2020-04-12 05:00:00,400.0,315.538441,500.0,23.364913,0.0,136.361306,570.497896,884.398,0.0,442.913896
2020-04-12 06:00:00,400.0,90.7,500.0,0.0,0.0,145.0337,621.836055,1176.02,0.0,450.698055
2020-04-12 07:00:00,367.127899,91.7,14.9805,0.0,678.572101,0.0,0.0,2139.638,0.0,455.709885
2020-04-12 08:00:00,0.0,91.7,0.0,0.0,1054.0,0.0,0.0,2610.660476,10.001524,470.049071
2020-04-12 09:00:00,0.0,88.7,0.0,0.0,1057.0,0.0,0.0,2735.697613,74.664387,488.354642
2020-04-12 10:00:00,0.0,79.7,0.0,0.0,1056.0,0.0,0.0,2799.781801,105.548199,498.11727
2020-04-12 11:00:00,0.0,69.7,0.0,0.0,1054.0,0.0,0.0,2853.094006,234.875994,506.414101
2020-04-12 12:00:00,0.0,65.7,0.0,0.0,1047.0,0.0,0.0,2871.281924,522.938076,510.192289
2020-04-12 13:00:00,0.0,53.7,0.0,0.0,1045.0,0.0,0.0,2900.325095,559.954905,514.848764
2020-04-12 14:00:00,0.0,349.063052,0.0,21.187676,1047.0,0.0,0.0,2837.313424,493.654576,518.897014
2020-04-12 15:00:00,0.0,400.0,0.0,19.034775,1189.0,0.0,0.0,2690.176558,184.503442,521.876484
2020-04-12 16:00:00,0.0,400.0,0.0,24.435994,1368.0,0.0,0.0,2303.876774,249.007226,525.131516
2020-04-12 17:00:00,0.0,400.0,0.0,26.746565,1814.0,0.0,0.0,1762.37591,33.41009,522.956386
2020-04-12 18:00:00,400.0,400.0,20.400003,27.506218,1619.709218,0.0,0.0,1305.082,0.0,566.755917
2020-04-12 19:00:00,400.0,400.0,21.368347,76.790897,1589.938666,0.0,0.0,1434.074052,133.621948,596.570308
2020-04-12 20:00:00,400.0,400.0,22.656017,68.887133,1450.836012,0.0,0.0,1338.390367,275.047633,597.083153
2020-04-12 21:00:00,400.0,400.0,20.234035,22.807205,1783.149974,0.0,0.0,1324.042328,268.225672,545.083853
2020-04-12 22:00:00,110.24757,400.0,14.975624,22.585999,2218.15243,0.0,0.0,1425.330998,262.103002,495.026785
2020-04-12 23:00:00,0.0,400.0,13.352779,22.576747,2364.544741,0.0,0.0,1372.799707,183.050293,465.188245
2020-04-13 00:00:00,400.0,400.0,18.52187,22.732362,1339.463984,0.0,0.0,1364.45028,202.97172,449.697944
2020-04-13 01:00:00,167.458408,400.0,14.975368,21.843654,1616.941592,0.0,0.0,1620.251354,194.730646,446.446464
2020-04-13 02:00:00,168.809723,400.0,14.975368,22.516066,1614.590277,0.0,0.0,1604.663714,155.272286,444.461016
2020-04-13 03:00:00,188.89025,400.0,14.975368,21.843654,1594.50975,0.0,0.0,1579.590559,78.579441,443.712121
2020-04-13 04:00:00,400.0,400.0,18.861019,22.492854,1272.583781,0.0,0.0,1334.432,0.0,455.227233
2020-04-13 05:00:00,400.0,400.0,21.116714,21.843654,976.949299,0.0,0.0,1163.13,0.0,473.877105
2020-04-13 06:00:00,400.0,400.0,22.732362,20.400003,842.479054,0.0,0.0,1233.63,0.0,504.622642
2020-04-13 07:00:00,400.0,400.0,16.970947,14.979622,1368.610074,0.0,0.0,1942.752,0.0,532.071289
2020-04-13 08:00:00,104.333635,256.431109,14.979622,14.979622,1674.066365,0.0,0.0,2440.438,0.0,560.905745
2020-04-13 09:00:00,57.56934,232.161299,14.979622,0.0,1723.83066,0.0,0.0,2632.684,0.0,582.278001
2020-04-13 10:00:00,0.0,400.0,14.191367,14.979622,1786.569697,0.0,0.0,2766.95,0.0,593.007045
2020-04-13 11:00:00,190.599369,400.0,14.979622,18.065685,1574.800631,0.0,0.0,2651.98,0.0,607.526905
2020-04-13 12:00:00,400.0,400.0,18.861019,14.977625,1234.256883,0.0,0.0,2349.036,0.0,613.166868
2020-04-13 13:00:00,400.0,311.003677,19.034775,14.979622,1237.65335,0.0,0.0,2315.648,0.0,607.649197
2020-04-13 14:00:00,400.0,385.17989,16.970947,14.979622,1370.309315,0.0,0.0,2403.752,0.0,600.966403
2020-04-13 15:00:00,400.0,400.0,18.072542,20.419098,1328.037101,0.0,0.0,2226.44,0.0,580.710435
2020-04-13 16:00:00,400.0,400.0,20.419098,21.116714,1051.333487,0.0,0.0,1815.354,0.0,586.053077
2020-04-13 17:00:00,400.0,400.0,18.072542,24.999246,1505.333622,0.0,0.0,1385.732,0.0,562.259757
2020-04-13 18:00:00,400.0,400.0,23.069973,75.200156,1332.629669,0.0,0.0,944.698,0.0,612.16025
2020-04-13 19:00:00,400.0,400.0,25.9087,69.875587,1068.936168,0.0,0.0,870.952,0.0,640.652375
2020-04-13 20:00:00,400.0,400.0,23.206766,26.434474,1063.019204,0.0,0.0,1140.23,0.0,628.681619
2020-04-13 21:00:00,400.0,400.0,22.576747,25.89976,1109.759168,0.0,0.0,1171.046,0.0,573.043025
2020-04-13 22:00:00,400.0,400.0,21.287879,23.657594,1274.120736,0.0,0.0,968.902,0.0,518.06719
2020-04-13 23:00:00,400.0,400.0,21.116714,23.069973,1283.083468,0.0,0.0,687.432,0.0,474.50228
2020-04-14 00:00:00,400.0,400.0,19.034775,21.287879,1541.661171,0.0,0.0,823.068,0.0,456.061024
2020-04-14 01:00:00,400.0,400.0,19.034775,21.116714,1412.359442,0.0,0.0,1004.298,0.0,449.390784
2020-04-14 02:00:00,400.0,400.0,18.861019,21.172666,1484.911484,0.0,0.0,1060.754,0.0,446.976377
2020-04-14 03:00:00,400.0,400.0,19.034775,21.116714,1435.356549,0.0,0.0,1004.162,0.0,445.920818
2020-04-14 04:00:00,400.0,400.0,19.68943,22.492854,1329.522651,0.0,0.0,1001.678,0.0,461.423302
2020-04-14 05:00:00,400.0,400.0,22.492854,21.116714,1072.467133,0.0,0.0,879.03,0.0,481.58443
2020-04-14 06:00:00,400.0,400.0,22.576747,16.960524,1032.791056,0.0,0.0,1011.954,0.0,507.474442
2020-04-14 07:00:00,400.0,353.54989,18.072542,14.9805,1554.021937,0.0,0.0,1672.98,0.0,528.443709
2020-04-14 08:00:00,199.953659,400.0,14.979622,14.9805,1792.446341,0.0,0.0,2112.748,0.0,558.645249
2020-04-14 09:00:00,0.0,294.79632,0.0,14.9805,2019.0,0.0,0.0,2467.909195,105.656805,577.936379
2020-04-14 10:00:00,0.0,300.042804,0.0,14.9805,2022.0,0.0,0.0,2562.936624,106.273376,591.740494
2020-04-14 11:00:00,9.167596,400.0,14.979622,14.9805,1987.232404,0.0,0.0,2511.322,0.0,589.213439
2020-04-14 12:00:00,125.004247,400.0,14.979622,19.68943,1872.395753,0.0,0.0,2475.434,0.0,601.055737
2020-04-14 13:00:00,139.023439,400.0,14.9805,20.419098,1872.376561,0.0,0.0,2457.2,0.0,598.323516
2020-04-14 14:00:00,353.655456,400.0,14.979622,21.116714,1650.744544,0.0,0.0,2217.502,0.0,595.613618
2020-04-14 15:00:00,340.182871,400.0,14.979622,18.573789,1664.217129,0.0,0.0,2176.428,0.0,587.431631
2020-04-14 16:00:00,400.0,400.0,21.116714,21.200149,1177.383751,0.0,0.0,1771.032,0.0,599.647237
2020-04-14 17:00:00,400.0,400.0,16.970947,24.617414,1575.407597,0.0,0.0,1410.9,0.0,557.92386
2020-04-14 18:00:00,400.0,400.0,23.069973,63.581326,1319.099499,0.0,0.0,944.6,0.0,613.425075
2020-04-14 19:00:00,400.0,400.0,23.206766,74.941555,1151.287736,0.0,0.0,937.714,0.0,638.76394
2020-04-14 20:00:00,400.0,400.0,22.463055,25.279813,1522.641801,0.0,0.0,1214.0,0.0,623.30373
2020-04-14 21:00:00,400.0,400.0,20.738013,25.47021,1087.857066,0.0,0.0,1157.848,0.0,573.59864
2020-04-14 22:00:00,400.0,400.0,21.287879,24.666494,1089.919192,0.0,0.0,1117.636,0.0,514.007521
2020-04-14 23:00:00,400.0,400.0,21.287879,24.387026,926.875268,0.0,0.0,1041.404,0.0,473.77931
2020-04-15 00:00:00,400.0,400.0,20.419098,19.983547,991.600676,0.0,0.0,992.85,0.0,456.787399
2020-04-15 01:00:00,400.0,400.0,71.843654,19.68943,444.159377,0.0,121.124817,1089.734,0.0,450.236193
2020-04-15 02:00:00,400.0,400.0,20.419098,19.034775,711.663612,0.0,0.0,1297.6,0.0,446.240458
2020-04-15 03:00:00,400.0,375.358991,20.419098,14.9805,695.602626,0.0,0.0,1279.254,0.0,445.897706
2020-04-15 04:00:00,400.0,226.995379,71.116714,14.9805,607.805798,0.0,4.586832,1276.55,0.0,458.66163
2020-04-15 05:00:00,400.0,179.334363,71.843654,14.975368,470.204056,0.0,160.125136,1244.152,0.0,474.442192
2020-04-15 06:00:00,400.0,84.4,19.68943,0.0,850.438028,0.0,0.0,1826.668,0.0,504.784496
2020-04-15 07:00:00,0.0,84.4,0.0,0.0,1519.0,0.0,0.0,2648.221464,75.808536,527.73322
2020-04-15 08:00:00,0.0,86.4,0.0,0.0,1528.0,0.0,0.0,2855.10432,36.53168,557.415648
2020-04-15 09:00:00,0.0,79.4,0.0,0.0,1538.0,0.0,0.0,2996.707885,6.670115,577.156183
2020-04-15 10:00:00,0.0,86.4,0.0,0.0,1533.0,0.0,0.0,3118.454979,113.167021,596.168247
2020-04-15 11:00:00,0.0,74.4,0.0,0.0,1530.0,0.0,0.0,3221.234601,182.805399,612.03519
2020-04-15 12:00:00,0.0,62.4,0.0,0.0,1529.0,0.0,0.0,3364.291957,87.960043,633.643794
2020-04-15 13:00:00,0.0,111.771831,0.0,14.9805,1527.0,0.0,0.0,3423.973635,36.872365,642.896045
2020-04-15 14:00:00,123.256833,274.515939,14.9805,14.9805,1394.143167,0.0,0.0,3300.898,0.0,644.363225
2020-04-15 15:00:00,20.837367,118.112263,14.9805,14.9805,1498.562633,0.0,0.0,3045.91,0.0,641.452105
2020-04-15 16:00:00,400.0,400.0,18.861019,19.983547,1358.450296,0.0,0.0,2480.852,0.0,658.710256
2020-04-15 17:00:00,400.0,400.0,19.034775,23.873247,1467.51088,0.0,0.0,1863.3,0.0,602.968368
2020-04-15 18:00:00,400.0,400.0,23.069973,74.617414,979.349814,0.0,0.0,1381.372,0.0,639.753328
2020-04-15 19:00:00,400.0,400.0,22.903093,76.755559,1063.536975,0.0,0.0,1463.93,0.0,661.258954
2020-04-15 20:00:00,400.0,400.0,23.069973,25.127605,947.174476,0.0,0.0,1457.05,0.0,647.831329
2020-04-15 21:00:00,400.0,400.0,22.576747,20.547985,822.28708,0.0,0.0,1601.104,0.0,590.136367
2020-04-15 22:00:00,400.0,389.67047,15.731586,21.122752,1350.536573,0.0,0.0,1882.1,0.0,523.284514
2020-04-15 23:00:00,400.0,353.858724,15.731586,15.017396,959.636751,0.0,0.0,1926.21,0.0,482.035987
2020-04-16 00:00:00,400.0,359.250856,19.958349,14.975624,700.707233,0.0,0.0,1945.56065,38.04135,462.278013
2020-04-16 01:00:00,400.0,400.0,19.533879,22.91889,719.200233,0.0,0.0,1901.562305,69.133695,452.904311
2020-04-16 02:00:00,276.597399,300.496777,14.975624,14.975624,853.402601,0.0,0.0,2008.741816,98.096184,448.850882
2020-04-16 03:00:00,226.515198,245.910352,14.975624,14.975624,904.484802,0.0,0.0,2050.893461,100.402539,447.511299
2020-04-16 04:00:00,232.278292,314.570636,14.975624,33.297781,900.721708,0.0,0.0,2140.291448,128.474552,461.485461
2020-04-16 05:00:00,141.988943,77.0,14.973207,14.97449,996.011057,0.0,0.0,2322.45955,170.54045,474.517274
2020-04-16 06:00:00,38.313524,80.0,14.970128,0.0,1089.686476,0.0,0.0,2631.50188,238.13012,506.822311
2020-04-16 07:00:00,0.0,87.0,0.0,0.0,1166.0,0.0,0.0,2828.469911,796.178089,533.920487
2020-04-16 08:00:00,0.0,88.4,0.0,0.0,1255.0,0.0,0.0,3114.915371,1022.504629,577.337306
2020-04-16 09:00:00,0.0,89.4,0.0,0.0,1252.0,0.0,0.0,3278.971989,878.018011,602.395798
2020-04-16 10:00:00,0.0,89.4,0.0,0.0,1252.0,0.0,0.0,3501.276801,1015.211199,635.74152
2020-04-16 11:00:00,0.0,83.4,0.0,0.0,1249.0,0.0,0.0,3734.877584,568.036416,671.231638
2020-04-16 12:00:00,0.0,82.4,0.0,0.0,1247.0,0.0,0.0,3929.625007,178.804993,705.243751
2020-04-16 13:00:00,0.0,81.4,0.0,19.311036,1290.0,0.0,0.0,3889.317836,9.752164,725.147675
2020-04-16 14:00:00,141.74422,273.746176,14.979622,18.584671,1322.655781,0.0,0.0,3827.568,0.0,738.736833
2020-04-16 15:00:00,17.596059,340.596532,14.979622,18.460676,1446.803941,0.0,0.0,3622.286,0.0,740.322309
2020-04-16 16:00:00,191.472559,400.0,14.975624,26.282859,1601.927441,0.0,0.0,3210.371428,24.026572,761.766598
2020-04-16 17:00:00,0.0,400.0,13.352779,27.327567,2187.10103,0.0,0.0,2575.792484,120.645516,685.303718
2020-04-16 18:00:00,400.0,400.0,21.122752,75.184182,1874.300905,0.0,0.0,2008.112649,215.009351,704.971762
2020-04-16 19:00:00,400.0,400.0,21.905537,77.755129,1828.915152,0.0,0.0,1926.337508,246.478492,715.113353
2020-04-16 20:00:00,400.0,400.0,21.122752,25.067686,1876.155352,0.0,0.0,1972.908543,285.589457,697.012979
2020-04-16 21:00:00,400.0,400.0,19.958349,23.592361,1865.030001,0.0,0.0,1863.649913,285.790087,629.042987
2020-04-16 22:00:00,5.23351,400.0,14.978232,22.709794,2357.16649,0.0,0.0,1832.933302,188.514698,550.615022
2020-04-16 23:00:00,108.921925,400.0,14.978232,22.709794,1885.478075,0.0,0.0,1724.813885,231.268115,498.650371
2020-04-17 00:00:00,0.0,400.0,0.0,22.709794,1775.0,0.0,0.0,1983.255086,298.006914,477.488263
2020-04-17 01:00:00,0.0,400.0,0.0,24.742055,1591.0,0.0,0.0,2094.231423,222.740577,468.484713
2020-04-17 02:00:00,0.0,400.0,0.0,24.610685,1588.0,0.0,0.0,1992.259327,192.870673,453.638899
2020-04-17 03:00:00,148.911496,400.0,14.978232,24.226847,1384.488504,0.0,0.0,1808.173707,105.622293,456.55278
2020-04-17 04:00:00,124.584164,400.0,14.980658,24.226847,1227.815836,0.0,0.0,2062.348985,271.515015,464.929972
2020-04-17 05:00:00,400.0,377.896229,18.52187,18.51689,902.722313,0.0,0.0,1820.434397,150.253603,477.406813
2020-04-17 06:00:00,400.0,98.4,18.52187,14.975624,889.609207,0.0,0.0,1987.528188,316.069812,504.437847
2020-04-17 07:00:00,293.774006,98.4,14.97449,0.0,1014.625994,0.0,0.0,2340.836608,197.499392,538.681592
2020-04-17 08:00:00,0.0,102.4,0.0,0.0,1347.0,0.0,0.0,2906.655038,131.894962,573.698256
2020-04-17 09:00:00,0.0,104.4,0.0,0.0,1362.0,0.0,0.0,2757.127689,583.940311,549.019153
2020-04-17 10:00:00,1.719952,239.351004,14.97449,43.701096,1305.680048,0.0,0.0,3473.476593,92.543407,664.919482
2020-04-17 11:00:00,19.260963,168.119946,14.97449,14.97449,1288.139037,0.0,0.0,3197.234566,202.311434,626.114329
2020-04-17 12:00:00,249.861865,105.4,14.97449,0.0,1047.538135,0.0,0.0,3077.241016,52.828984,644.205432
2020-04-17 13:00:00,0.0,94.4,13.352779,0.0,1355.977749,0.0,0.0,3306.529726,22.140274,632.332797
2020-04-17 14:00:00,0.0,101.4,0.0,0.0,1381.0,0.0,0.0,3276.442026,169.047974,624.066304
2020-04-17 15:00:00,0.0,93.4,13.352779,0.0,1362.212714,0.0,0.0,3150.376601,128.771399,607.974583
2020-04-17 16:00:00,229.288586,400.0,14.979622,15.714903,1119.111415,0.0,0.0,2997.218,0.0,621.465988
2020-04-17 17:00:00,83.135144,400.0,14.979622,21.032126,1265.264856,0.0,0.0,2629.252,0.0,569.848072
2020-04-17 18:00:00,400.0,400.0,19.430296,72.620878,949.941796,0.0,0.0,2233.538,0.0,599.639431
2020-04-17 19:00:00,400.0,400.0,21.288154,74.060266,808.321435,0.0,0.0,1971.602,0.0,607.542085
2020-04-17 20:00:00,400.0,400.0,72.96816,23.936705,648.949703,0.0,149.088442,2000.164,0.0,607.532145
2020-04-17 21:00:00,400.0,400.0,76.429316,19.034775,477.159309,0.0,271.012995,1917.448,0.0,567.643304
2020-04-17 22:00:00,400.0,400.0,71.288154,24.451168,646.367214,0.0,40.701204,1758.31,0.0,518.391418
2020-04-17 23:00:00,400.0,400.0,72.96816,14.979622,331.504937,0.0,307.162322,1535.1,0.0,478.889259
2020-04-18 00:00:00,400.0,301.10994,20.400003,15.708338,656.238131,0.0,0.0,1614.268,0.0,463.05448
2020-04-18 01:00:00,337.164621,400.0,14.9805,19.034775,1128.535379,0.0,0.0,1822.78,0.0,454.986693
2020-04-18 02:00:00,400.0,361.196397,19.034775,18.067682,955.445294,0.0,0.0,1593.902,0.0,446.618506
2020-04-18 03:00:00,400.0,383.080538,18.573789,18.460676,1016.467111,0.0,0.0,1622.798,0.0,441.799633
2020-04-18 04:00:00,400.0,400.0,20.419098,68.643351,725.727955,0.0,0.0,1378.182,0.0,448.718107
2020-04-18 05:00:00,400.0,400.0,20.846138,24.000314,686.640485,0.0,0.0,1317.688,0.0,445.507127
2020-04-18 06:00:00,400.0,234.05897,18.861019,14.979622,996.875355,0.0,0.0,1685.71,0.0,454.175197
2020-04-18 07:00:00,125.691495,187.688623,14.979622,14.9805,1330.008505,0.0,0.0,2150.782,0.0,473.966024
2020-04-18 08:00:00,103.375308,98.716449,14.979622,14.979622,1353.324692,0.0,0.0,2378.584,0.0,504.638896
2020-04-18 09:00:00,17.628881,244.922624,14.979622,14.979622,1443.071119,0.0,0.0,2563.582,0.0,518.926632
2020-04-18 10:00:00,0.0,163.346762,0.0,14.979622,1447.0,0.0,0.0,2661.569629,27.660371,533.035444
2020-04-18 11:00:00,0.0,97.7,0.0,0.0,1458.0,0.0,0.0,2664.658902,343.119098,531.848835
2020-04-18 12:00:00,0.0,101.7,0.0,0.0,1460.0,0.0,0.0,2684.743638,368.888362,534.561546
2020-04-18 13:00:00,0.0,98.7,0.0,0.0,1460.0,0.0,0.0,2609.749697,507.702303,523.312455
2020-04-18 14:00:00,0.0,108.072427,0.0,14.977625,1474.0,0.0,0.0,2588.316078,400.693922,517.997412
2020-04-18 15:00:00,0.0,165.120434,0.0,14.979622,1486.0,0.0,0.0,2606.472259,79.579741,518.920839
2020-04-18 16:00:00,266.03622,357.367019,14.9805,18.860141,1213.663781,0.0,0.0,2317.646,0.0,541.947333
2020-04-18 17:00:00,400.0,389.130404,20.400003,19.530413,912.350445,0.0,0.0,1654.672,0.0,515.448233
2020-04-18 18:00:00,400.0,400.0,74.086576,33.856255,555.26964,0.0,97.519414,1386.99,0.0,553.158054
2020-04-18 19:00:00,400.0,400.0,23.866823,77.075272,655.027342,0.0,0.0,1276.63,0.0,573.390399
2020-04-18 20:00:00,400.0,400.0,21.843654,59.163771,790.151122,0.0,0.0,1672.75,0.0,582.689832
2020-04-18 21:00:00,224.674324,400.0,14.978232,23.810055,1269.025676,0.0,0.0,2525.937237,144.394763,554.086734
2020-04-18 22:00:00,0.0,7.021762,13.352779,14.992154,1371.934061,0.0,0.0,2534.49,250.046,505.283391
2020-04-18 23:00:00,0.0,53.92539,0.0,14.975368,1409.0,0.0,0.0,2396.188691,393.679309,478.978304
2020-04-19 00:00:00,0.0,41.0,0.0,14.975368,1225.0,0.0,0.0,2415.423549,354.630451,456.213532
2020-04-19 01:00:00,73.641667,162.080329,14.97283,14.97449,965.358333,0.0,0.0,2438.997117,326.840883,452.195818
2020-04-19 02:00:00,0.0,90.746357,0.0,14.975368,1040.0,0.0,0.0,2443.696989,320.403011,441.704548
2020-04-19 03:00:00,0.0,59.644391,0.0,0.0,1040.0,0.0,0.0,2437.658706,362.639294,440.798806
2020-04-19 04:00:00,0.0,51.0,-0.0,0.0,1040.0,0.0,0.0,2466.336621,454.249379,445.100493
2020-04-19 05:00:00,0.0,63.0,0.0,0.0,1040.0,0.0,0.0,2437.050612,590.547388,440.707592
2020-04-19 06:00:00,0.0,83.0,0.0,0.0,1032.0,0.0,0.0,2469.95981,910.36019,446.843972
2020-04-19 07:00:00,0.0,108.0,0.0,0.0,1029.0,0.0,0.0,2561.27523,1490.152771,460.991284
2020-04-19 08:00:00,0.0,112.0,0.0,0.0,1001.0,0.0,0.0,2656.500909,1250.565091,479.475136
2020-04-19 09:00:00,0.0,107.0,0.0,0.0,1014.0,0.0,0.0,2661.266276,1371.537724,478.239941
2020-04-19 10:00:00,0.0,95.0,0.0,0.0,998.0,0.0,0.0,2756.681622,961.140378,494.952243
2020-04-19 11:00:00,0.0,53.0,0.0,0.0,998.0,0.0,0.0,2803.339532,962.998468,501.95093
2020-04-19 12:00:00,0.0,51.0,0.0,0.0,1016.0,0.0,0.0,2874.022887,618.407113,509.853433
2020-04-19 13:00:00,0.0,58.559286,0.0,0.0,1022.0,0.0,0.0,2824.790773,549.487227,501.568616
2020-04-19 14:00:00,0.0,298.793277,0.0,14.9805,1017.0,0.0,0.0,2762.837002,675.444998,502.32555
2020-04-19 15:00:00,0.0,400.0,0.0,23.573034,1106.0,0.0,0.0,2207.477191,1140.038809,502.721579
2020-04-19 16:00:00,0.0,400.0,0.0,21.647258,1797.0,0.0,0.0,2217.599059,818.890941,530.189859
2020-04-19 17:00:00,0.0,400.0,0.0,25.052323,1966.0,0.0,0.0,1913.71906,583.81294,496.307859
2020-04-19 18:00:00,66.300688,400.0,14.9805,25.769466,2003.099312,0.0,0.0,1923.51,0.0,531.661603
2020-04-19 19:00:00,91.663308,400.0,14.975972,75.9087,2173.336692,0.0,0.0,2062.903318,44.110682,561.984994
2020-04-19 20:00:00,0.0,400.0,0.0,69.561934,2267.0,0.0,0.0,2283.914364,301.583636,573.887155
2020-04-19 21:00:00,0.0,400.0,0.0,23.069973,2269.0,0.0,0.0,2039.768844,463.401156,536.965327
2020-04-19 22:00:00,0.0,400.0,0.0,22.96816,2277.0,0.0,0.0,1752.255997,754.342003,492.6384
2020-04-19 23:00:00,0.0,400.0,0.0,22.812374,1919.0,0.0,0.0,1940.953311,718.576689,468.142997
2020-04-20 00:00:00,0.0,400.0,0.0,24.417358,1729.0,0.0,0.0,1991.068845,527.531155,450.910327
2020-04-20 01:00:00,0.0,387.787813,0.0,14.9805,1518.0,0.0,0.0,2116.320291,374.627709,448.848044
2020-04-20 02:00:00,0.0,387.887831,0.0,14.9805,1329.0,0.0,0.0,2257.209999,119.860001,445.0815
2020-04-20 03:00:00,0.0,400.0,0.0,18.573789,1331.0,0.0,0.0,2248.90607,252.77393,443.53591
2020-04-20 04:00:00,0.0,400.0,-0.0,26.346069,1326.0,0.0,0.0,2286.770767,175.045233,452.365615
2020-04-20 05:00:00,235.795178,189.74015,14.975624,14.9805,1073.604822,0.0,0.0,2173.714882,108.685118,470.866509
2020-04-20 06:00:00,262.404281,85.4,14.97449,0.0,1019.995719,0.0,0.0,2275.346602,65.939398,494.152632
2020-04-20 07:00:00,31.220369,86.4,14.979622,0.0,1261.179631,0.0,0.0,2715.154,0.0,523.946155
2020-04-20 08:00:00,0.0,88.4,0.0,0.0,1310.0,0.0,0.0,2951.862283,347.635717,552.129342
2020-04-20 09:00:00,0.0,87.4,0.0,0.0,1313.0,0.0,0.0,3067.318676,243.209324,568.997801
2020-04-20 10:00:00,0.0,86.4,0.0,0.0,1317.0,0.0,0.0,3210.786245,109.143755,589.917937
2020-04-20 11:00:00,0.0,76.4,0.0,0.0,1317.0,0.0,0.0,3249.99435,262.97365,595.799152
2020-04-20 12:00:00,0.0,78.4,0.0,0.0,1311.0,0.0,0.0,3268.752727,428.687273,599.512909
2020-04-20 13:00:00,0.0,78.4,0.0,0.0,1309.0,0.0,0.0,3233.528469,570.953531,594.52927
2020-04-20 14:00:00,0.0,76.4,0.0,0.0,1310.0,0.0,0.0,3182.838644,465.207356,586.775797
2020-04-20 15:00:00,0.0,90.682153,0.0,14.9805,1312.0,0.0,0.0,3155.467634,170.946366,582.370145
2020-04-20 16:00:00,398.0,400.0,14.9805,18.463561,914.016117,0.0,0.0,2679.916,0.0,599.534982
2020-04-20 17:00:00,6.527467,400.0,14.9805,24.954099,1513.872533,0.0,0.0,2234.614,0.0,551.96122
2020-04-20 18:00:00,400.0,400.0,22.576747,73.657594,1065.034591,0.0,0.0,1383.75,0.0,586.307311
2020-04-20 19:00:00,400.0,400.0,23.657594,73.206766,840.453479,0.0,0.0,1261.2,0.0,622.311978
2020-04-20 20:00:00,400.0,400.0,23.128644,25.485722,885.034617,0.0,0.0,1372.248,0.0,616.682007
2020-04-20 21:00:00,400.0,400.0,21.116714,22.576747,1199.544106,0.0,0.0,1549.04,0.0,571.274384
2020-04-20 22:00:00,400.0,400.0,20.419098,21.843654,1259.292242,0.0,0.0,1227.43,0.0,514.070664
2020-04-20 23:00:00,400.0,400.0,21.287879,19.68943,1180.427291,0.0,0.0,886.802,0.0,474.806206
2020-04-21 00:00:00,400.0,400.0,23.069973,22.492854,711.896251,0.0,0.0,723.5,0.0,459.090562
2020-04-21 01:00:00,400.0,400.0,23.069973,22.516066,709.410539,0.0,0.0,661.702,0.0,450.193719
2020-04-21 02:00:00,400.0,400.0,23.128644,22.732362,676.649296,0.0,0.0,607.33,0.0,446.952106
2020-04-21 03:00:00,400.0,400.0,22.732362,22.96816,811.392415,0.0,0.0,725.7,0.0,444.496138
2020-04-21 04:00:00,400.0,400.0,21.287879,23.714755,963.445433,0.0,0.0,973.084,0.0,458.795785
2020-04-21 05:00:00,400.0,400.0,21.287879,21.116714,964.945046,0.0,0.0,1082.886,0.0,475.041143
2020-04-21 06:00:00,400.0,400.0,20.419098,19.034775,1079.681781,0.0,0.0,1362.048,0.0,499.704933
2020-04-21 07:00:00,400.0,50.4,18.072542,14.9805,1400.317709,0.0,0.0,1911.25,0.0,533.989844
2020-04-21 08:00:00,119.254634,57.22783,14.981951,14.981951,1728.145366,0.0,0.0,2399.27,0.0,558.018695
2020-04-21 09:00:00,0.0,26.4,0.0,14.981951,1861.0,0.0,0.0,2584.524013,54.707987,565.878602
2020-04-21 10:00:00,0.0,26.4,0.0,14.981951,1859.0,0.0,0.0,2797.103421,38.774579,598.065513
2020-04-21 11:00:00,0.0,8.4,0.0,0.0,1858.0,0.0,0.0,2855.827787,86.534213,607.024168
2020-04-21 12:00:00,0.0,10.4,0.0,0.0,1856.0,0.0,0.0,2920.424105,139.923895,617.013616
2020-04-21 13:00:00,0.0,63.568061,0.0,14.981951,1856.0,0.0,0.0,2894.396579,168.983421,613.109487
2020-04-21 14:00:00,2.28469,262.776598,14.981951,14.981951,1843.11531,0.0,0.0,2896.348,0.0,615.334904
2020-04-21 15:00:00,62.555638,400.0,14.981951,19.034775,1783.844362,0.0,0.0,2661.836,0.0,614.548746
2020-04-21 16:00:00,400.0,400.0,18.861019,21.843654,1453.525885,0.0,0.0,2175.362,0.0,644.375417
2020-04-21 17:00:00,400.0,400.0,18.861019,24.617414,1599.92208,0.0,0.0,1577.248,0.0,585.948888
2020-04-21 18:00:00,400.0,400.0,23.657594,71.266724,1034.788211,0.0,0.0,902.448,0.0,626.048968
2020-04-21 19:00:00,400.0,400.0,26.324557,76.755559,1033.070775,0.0,0.0,879.604,0.0,659.179984
2020-04-21 20:00:00,400.0,400.0,25.9087,29.638679,1081.002919,0.0,0.0,831.714,0.0,641.206662
2020-04-21 21:00:00,400.0,400.0,26.324557,23.069973,827.106054,0.0,0.0,803.318,0.0,570.751354
2020-04-21 22:00:00,400.0,400.0,22.96816,21.287879,934.347252,0.0,0.0,860.696,0.0,511.116404
2020-04-21 23:00:00,400.0,400.0,24.617414,19.236489,669.301408,0.0,0.0,704.57,0.0,470.890289
2020-04-22 00:00:00,400.0,400.0,77.050889,18.861019,358.773157,0.0,225.558969,688.834,0.0,453.609126
2020-04-22 01:00:00,400.0,400.0,76.429316,20.400003,393.100181,0.0,187.926091,704.802,0.0,450.855273
2020-04-22 02:00:00,400.0,400.0,73.657594,20.846138,473.077553,0.0,103.590314,749.45,0.0,445.555867
2020-04-22 03:00:00,400.0,400.0,73.657594,20.400003,471.671748,0.0,106.968889,758.996,0.0,447.198638
2020-04-22 04:00:00,400.0,400.0,22.576747,21.116714,627.899682,0.0,0.0,994.45,0.0,459.082548
2020-04-22 05:00:00,400.0,400.0,72.96816,19.68943,600.424178,0.0,26.086995,1075.932,0.0,475.426173
2020-04-22 06:00:00,400.0,210.604105,20.419098,14.9805,870.412024,0.0,0.0,1507.748,0.0,499.700396
2020-04-22 07:00:00,398.0,76.4,14.9805,0.0,1263.0,0.0,0.0,2103.767923,2.334077,530.215188
2020-04-22 08:00:00,296.972794,55.4,14.981951,0.0,1367.427206,0.0,0.0,2360.582,0.0,553.073219
2020-04-22 09:00:00,201.616054,174.211165,14.981951,14.981951,1463.783946,0.0,0.0,2658.318,0.0,583.280108
2020-04-22 10:00:00,202.400056,253.829319,14.981951,14.981951,1460.999944,0.0,0.0,2825.19,0.0,608.728508
2020-04-22 11:00:00,218.380334,258.92198,14.981951,14.981951,1444.019666,0.0,0.0,2951.986,0.0,630.29495
2020-04-22 12:00:00,261.824588,352.872596,14.981951,16.970947,1397.575412,0.0,0.0,3018.782,0.0,647.280988
2020-04-22 13:00:00,280.046202,400.0,14.981951,18.861019,1379.353799,0.0,0.0,2984.552,0.0,644.87973
2020-04-22 14:00:00,400.0,400.0,16.970947,20.372918,1252.79872,0.0,0.0,2919.672,0.0,654.130992
2020-04-22 15:00:00,132.866703,400.0,14.9805,21.254359,1521.533297,0.0,0.0,2818.354,0.0,649.623105
2020-04-22 16:00:00,400.0,400.0,18.463561,22.492854,1507.853699,0.0,0.0,2248.422,0.0,668.185245
2020-04-22 17:00:00,400.0,400.0,18.573789,23.75561,1885.063468,0.0,0.0,1618.086,0.0,601.80338
2020-04-22 18:00:00,400.0,400.0,23.128644,70.207003,1165.139327,0.0,0.0,893.06,0.0,628.788101
2020-04-22 19:00:00,400.0,400.0,23.437807,76.324557,1051.548109,0.0,0.0,919.85,0.0,657.945284
2020-04-22 20:00:00,400.0,400.0,23.206766,28.605769,1124.485876,0.0,0.0,892.952,0.0,643.119919
2020-04-22 21:00:00,400.0,400.0,23.128644,23.128644,1095.515765,0.0,0.0,729.678,0.0,569.724335
2020-04-22 22:00:00,400.0,400.0,21.843654,21.116714,1156.834431,0.0,0.0,704.95,0.0,503.567335
2020-04-22 23:00:00,400.0,400.0,74.617414,21.287879,364.253023,0.0,244.403424,441.116,0.0,476.379447
2020-04-23 00:00:00,400.0,400.0,73.437807,20.419098,495.021735,0.0,86.420305,442.922,0.0,457.03504
2020-04-23 01:00:00,400.0,400.0,73.128644,19.983547,517.875086,0.0,61.286051,496.996,0.0,453.468137
2020-04-23 02:00:00,400.0,400.0,23.069973,19.68943,639.923162,0.0,0.0,568.7,0.0,445.916526
2020-04-23 03:00:00,400.0,400.0,22.732362,19.983547,716.24372,0.0,0.0,655.348,0.0,447.465642
2020-04-23 04:00:00,400.0,400.0,23.069973,21.647258,635.717483,0.0,0.0,633.45,0.0,456.259878
2020-04-23 05:00:00,400.0,400.0,73.437807,20.419098,446.2861,0.0,159.570485,568.15,0.0,474.879585
2020-04-23 06:00:00,400.0,235.799101,22.732362,14.9805,698.170564,0.0,0.0,1023.09,0.0,505.337915
2020-04-23 07:00:00,400.0,78.4,19.034775,0.0,1277.884763,0.0,0.0,1833.32,0.0,539.915286
2020-04-23 08:00:00,334.986633,64.4,14.981951,0.0,1533.413367,0.0,0.0,2321.152,0.0,574.760795
2020-04-23 09:00:00,398.0,255.037588,14.981951,14.9805,1483.0,0.0,0.0,2568.832453,16.739547,619.474868
2020-04-23 10:00:00,331.87275,360.278597,14.981951,14.981951,1537.52725,0.0,0.0,2739.83,0.0,636.945412
2020-04-23 11:00:00,398.0,400.0,14.981951,18.573789,1485.0,0.0,0.0,2804.832164,18.567836,654.574825
2020-04-23 12:00:00,400.0,400.0,18.463561,19.68943,1405.608262,0.0,0.0,2867.98,0.0,675.955761
2020-04-23 13:00:00,400.0,400.0,19.68943,20.419098,1189.998844,0.0,0.0,2819.552,0.0,701.032973
2020-04-23 14:00:00,398.0,400.0,14.981951,20.419098,1481.0,0.0,0.0,2734.19821,25.17379,695.579732
2020-04-23 15:00:00,400.0,400.0,18.573789,19.983547,1764.666274,0.0,0.0,2502.528,0.0,699.279259
2020-04-23 16:00:00,400.0,400.0,20.419098,22.576747,1557.637968,0.0,0.0,2057.572,0.0,716.840105
2020-04-23 17:00:00,400.0,400.0,21.116714,23.437807,1614.446437,0.0,0.0,1424.948,0.0,641.175234
2020-04-23 18:00:00,400.0,400.0,23.437807,76.332111,997.19003,0.0,0.0,903.952,0.0,668.214296
2020-04-23 19:00:00,400.0,400.0,23.069973,76.790897,1317.88186,0.0,0.0,1241.686,0.0,696.870621
2020-04-23 20:00:00,400.0,400.0,21.647258,25.138114,1640.940425,0.0,0.0,1538.19,0.0,670.687436
2020-04-23 21:00:00,400.0,400.0,21.843654,20.419098,1079.460424,0.0,0.0,1588.698,0.0,595.235636
2020-04-23 22:00:00,400.0,400.0,72.516066,20.147996,616.45673,0.0,75.997761,1809.76,0.0,522.045491
2020-04-23 23:00:00,400.0,199.123103,76.892495,16.240315,184.701975,0.0,460.459229,1557.37,0.0,484.300204
2020-04-24 00:00:00,400.0,231.364271,133.752662,14.975368,72.514029,0.0,552.289667,1337.652,0.0,468.170696
2020-04-24 01:00:00,400.0,400.0,500.0,18.861019,0.0,266.923208,602.867381,920.786,0.0,456.556381
2020-04-24 02:00:00,400.0,400.0,500.0,21.007497,0.0,374.959108,564.996666,733.452,0.0,449.161666
2020-04-24 03:00:00,400.0,400.0,500.0,20.506091,0.0,111.2999,591.143485,951.95,0.0,449.287485
2020-04-24 04:00:00,400.0,400.0,73.069973,23.781596,339.199343,0.0,184.222456,1358.418,0.0,456.182799
2020-04-24 05:00:00,400.0,400.0,74.617414,68.191739,287.182185,0.0,312.151587,1294.914,0.0,478.609772
2020-04-24 06:00:00,400.0,287.593794,155.309714,14.981951,37.601554,0.0,638.462013,1359.512,0.0,510.886567
2020-04-24 07:00:00,400.0,84.4,71.287879,0.0,469.034096,0.0,256.70739,2066.384,0.0,543.952486
2020-04-24 08:00:00,398.0,145.851682,14.979622,5.597468,853.0,0.0,0.0,2707.283939,2.802061,582.492591
2020-04-24 09:00:00,286.825448,180.591333,14.9805,14.9805,965.574552,0.0,0.0,3021.146,0.0,612.685717
2020-04-24 10:00:00,316.02282,192.444847,14.981951,14.981951,953.37718,0.0,0.0,3148.014,0.0,633.545523
2020-04-24 11:00:00,398.0,247.572497,14.981951,14.981951,890.0,0.0,0.0,3183.960792,8.249208,648.444119
2020-04-24 12:00:00,400.0,340.124754,15.731586,18.836696,871.379601,0.0,0.0,3196.682,0.0,662.44536
2020-04-24 13:00:00,336.359176,209.070814,14.981951,17.149686,1030.040824,0.0,0.0,3202.684,0.0,678.996476
2020-04-24 14:00:00,400.0,400.0,16.970947,17.836467,1096.90048,0.0,0.0,3015.75,0.0,668.677428
2020-04-24 15:00:00,400.0,400.0,19.430296,20.288503,878.006765,0.0,0.0,2629.338,0.0,669.049685
2020-04-24 16:00:00,400.0,400.0,71.287879,20.846138,831.697888,0.0,19.573229,2271.432,0.0,675.560117
2020-04-24 17:00:00,400.0,400.0,18.861019,26.06524,1359.12292,0.0,0.0,1795.89,0.0,613.165062
2020-04-24 18:00:00,400.0,400.0,26.429316,74.060218,856.331682,0.0,0.0,953.9,0.0,635.335248
2020-04-24 19:00:00,400.0,400.0,77.274563,76.324557,605.560381,0.0,226.766362,843.152,0.0,656.938743
2020-04-24 20:00:00,400.0,400.0,77.050889,22.617806,630.917659,0.0,204.292092,851.416,0.0,650.174751
2020-04-24 21:00:00,400.0,400.0,80.277405,20.42044,341.916248,0.0,413.869715,717.072,0.0,590.654963
2020-04-24 22:00:00,400.0,400.0,80.277405,20.234035,356.604175,0.0,323.857199,516.82,0.0,535.382374
2020-04-24 23:00:00,400.0,400.0,81.727779,20.547985,206.309884,0.0,425.929933,419.862,0.0,496.867817
2020-04-25 00:00:00,400.0,400.0,500.0,21.122752,0.0,59.956728,599.435209,342.998,0.0,472.028209
2020-04-25 01:00:00,400.0,400.0,133.752662,21.368347,41.725803,0.0,543.805327,406.8,0.0,459.61113
2020-04-25 02:00:00,400.0,400.0,83.752662,21.368347,128.69984,0.0,448.599384,442.468,0.0,451.915224
2020-04-25 03:00:00,400.0,400.0,81.727779,22.632352,239.759138,0.0,337.121492,528.97,0.0,448.231629
2020-04-25 04:00:00,400.0,400.0,81.727779,32.943034,202.302927,0.0,374.235834,500.728,0.0,449.613761
2020-04-25 05:00:00,400.0,400.0,500.0,23.152153,0.0,100.530143,575.967777,488.384,0.0,449.973777
2020-04-25 06:00:00,400.0,317.722057,80.277405,16.960524,245.677864,0.0,365.138056,945.084,0.0,456.51092
2020-04-25 07:00:00,400.0,162.678066,19.430296,14.979622,806.821358,0.0,0.0,1664.602,0.0,480.267096
2020-04-25 08:00:00,337.026453,124.147588,14.981951,14.979622,1096.373547,0.0,0.0,2154.918,0.0,510.381668
2020-04-25 09:00:00,179.361177,96.4,14.981951,0.0,1253.038823,0.0,0.0,2548.668,0.0,545.944377
2020-04-25 10:00:00,94.201702,99.4,14.981951,0.0,1338.198298,0.0,0.0,2663.246,0.0,550.357155
2020-04-25 11:00:00,202.543671,94.4,14.981951,14.97449,1229.85633,0.0,0.0,2649.77,0.0,564.58705
2020-04-25 12:00:00,400.0,93.4,15.731586,14.97449,995.853703,0.0,0.0,2511.63,0.0,578.966445
2020-04-25 13:00:00,400.0,93.4,16.970947,0.422833,971.218769,0.0,0.0,2501.822,0.0,581.190485
2020-04-25 14:00:00,318.12194,94.4,14.981951,14.97449,1110.27806,0.0,0.0,2596.466,0.0,574.528191
2020-04-25 15:00:00,400.0,294.642481,70.400004,20.697013,721.186771,0.0,51.068213,2256.4,0.0,581.881984
2020-04-25 16:00:00,400.0,400.0,83.752662,18.575199,222.975927,0.0,591.454684,1942.48,0.0,609.525611
2020-04-25 17:00:00,400.0,400.0,20.419098,26.737925,707.30001,0.0,0.0,1558.868,0.0,555.835198
2020-04-25 18:00:00,400.0,400.0,23.657594,26.073315,857.285661,0.0,0.0,1304.1,0.0,584.972151
2020-04-25 19:00:00,400.0,400.0,26.429316,76.141538,820.494686,0.0,0.0,1251.68,0.0,604.527797
2020-04-25 20:00:00,400.0,400.0,23.592361,69.919353,939.847225,0.0,0.0,1396.850647,13.403353,605.400513
2020-04-25 21:00:00,400.0,400.0,21.905537,23.080108,1186.059176,0.0,0.0,1461.258804,177.259196,552.629944
2020-04-25 22:00:00,400.0,400.0,22.972766,23.080108,832.297467,0.0,0.0,1185.937202,141.132798,511.14596
2020-04-25 23:00:00,400.0,400.0,23.388687,23.388687,735.948236,0.0,0.0,920.395809,126.716191,485.767136
2020-04-26 00:00:00,400.0,400.0,22.576747,22.709794,794.945465,0.0,0.0,839.934,0.0,464.84828
2020-04-26 01:00:00,400.0,400.0,76.324557,27.07463,485.772367,0.0,109.752478,811.918,0.0,453.771845
2020-04-26 02:00:00,400.0,400.0,77.050889,21.383681,280.124864,0.0,311.463051,895.05,0.0,447.157915
2020-04-26 03:00:00,400.0,400.0,77.050889,21.556808,300.46914,0.0,286.973189,908.918,0.0,442.867329
2020-04-26 04:00:00,400.0,400.0,80.277405,29.883889,238.547717,0.0,346.078426,848.022,0.0,443.021142
2020-04-26 05:00:00,400.0,314.394675,502.723482,14.97449,0.0,245.364803,554.33392,994.488,0.0,441.11292
2020-04-26 06:00:00,400.0,97.0,502.723482,0.0,0.0,27.45789,604.015983,1413.402,0.0,446.678983
2020-04-26 07:00:00,400.0,96.0,70.419098,0.0,383.740648,0.0,240.737855,1927.184,0.0,462.066503
2020-04-26 08:00:00,40.985528,99.0,14.977625,0.0,963.014472,0.0,0.0,2617.038,0.0,478.653529
2020-04-26 09:00:00,19.991115,99.0,14.977625,0.0,985.008885,0.0,0.0,2762.72,0.0,497.206667
2020-04-26 10:00:00,0.0,99.0,0.0,0.0,1001.0,0.0,0.0,2804.817573,380.092427,501.122636
2020-04-26 11:00:00,0.0,94.0,0.0,0.0,1001.0,0.0,0.0,2820.10903,512.33697,503.416354
2020-04-26 12:00:00,0.0,93.0,0.0,0.0,999.0,0.0,0.0,2865.531405,300.616595,510.529711
2020-04-26 13:00:00,0.0,92.0,0.0,0.0,1002.0,0.0,0.0,2914.105833,379.966167,517.365875
2020-04-26 14:00:00,0.0,91.0,0.0,0.0,998.0,0.0,0.0,2843.042509,248.325491,507.306376
2020-04-26 15:00:00,0.0,105.0,0.0,0.0,998.0,0.0,0.0,2859.843649,67.240351,509.826547
2020-04-26 16:00:00,400.0,114.105963,69.68943,20.989668,504.034512,0.0,193.414311,2390.64,0.0,539.040823
2020-04-26 17:00:00,400.0,235.6015,70.419098,14.97449,500.241758,0.0,200.702578,2002.384,0.0,509.121336
2020-04-26 18:00:00,400.0,389.857669,500.0,28.068623,0.0,110.28968,608.429252,1449.432,0.0,545.358252
2020-04-26 19:00:00,400.0,400.0,500.0,74.060266,0.0,207.428141,612.445921,1241.498,0.0,584.538921
2020-04-26 20:00:00,400.0,400.0,500.0,66.618177,0.0,529.43408,752.146412,1019.382,0.0,585.122412
2020-04-26 21:00:00,400.0,400.0,500.0,22.092155,0.0,634.240864,680.56473,831.884,0.0,532.96873
2020-04-26 22:00:00,400.0,225.888541,500.0,14.975624,0.0,738.240115,623.485017,525.68,0.0,491.238017
2020-04-26 23:00:00,400.0,249.035797,500.0,14.975624,0.0,734.33387,597.11458,388.63,0.0,470.09458
2020-04-27 00:00:00,400.0,158.118961,500.0,14.975624,0.0,627.184486,574.532473,370.332,0.0,451.277473
2020-04-27 01:00:00,400.0,157.536547,500.0,14.975624,0.0,684.982308,571.742346,357.58,0.0,449.784346
2020-04-27 02:00:00,400.0,223.07596,500.0,14.975624,0.0,644.998792,563.241219,355.916,0.0,443.537219
2020-04-27 03:00:00,400.0,274.114793,500.0,14.975624,0.0,641.728928,558.991039,341.098,0.0,440.824039
2020-04-27 04:00:00,400.0,400.0,500.0,45.162899,0.0,725.574697,611.295205,358.94,0.0,456.077205
2020-04-27 05:00:00,400.0,196.598519,500.0,14.97449,0.0,875.740781,639.159117,352.48,0.0,477.633117
2020-04-27 06:00:00,400.0,84.0,500.0,0.0,0.0,526.390906,669.468136,870.21,0.0,502.890136
2020-04-27 07:00:00,400.0,96.0,127.274563,0.0,106.027521,0.0,606.260551,1734.968,0.0,537.741072
2020-04-27 08:00:00,400.0,100.0,69.68943,0.0,703.376424,0.0,14.418512,2485.116,0.0,560.660936
2020-04-27 09:00:00,338.815263,98.0,14.981951,0.0,921.184737,0.0,0.0,2738.564,0.0,566.006889
2020-04-27 10:00:00,400.0,92.0,15.731586,0.0,821.171671,0.0,0.0,2930.26,0.0,609.763249
2020-04-27 11:00:00,372.010324,82.0,14.979622,0.0,885.989676,0.0,0.0,3022.718,0.0,613.909249
2020-04-27 12:00:00,400.0,181.203893,15.731586,16.086197,842.420049,0.0,0.0,3034.0,0.0,622.136993
2020-04-27 13:00:00,398.0,367.728829,14.979622,20.051,859.0,0.0,0.0,3011.921059,2.224941,630.138159
2020-04-27 14:00:00,398.0,400.0,14.981951,21.081597,998.0,0.0,0.0,2830.268765,16.531235,628.390315
2020-04-27 15:00:00,400.0,400.0,18.072542,22.088679,1143.25892,0.0,0.0,2637.718,0.0,641.618862
2020-04-27 16:00:00,400.0,400.0,19.68943,22.917177,1106.39738,0.0,0.0,2170.618,0.0,630.333093
2020-04-27 17:00:00,398.0,400.0,14.982507,26.781353,1626.0,0.0,0.0,1673.689504,0.492496,582.103426
2020-04-27 18:00:00,400.0,400.0,23.069973,26.858371,1230.362144,0.0,0.0,897.378,0.0,608.252378
2020-04-27 19:00:00,400.0,400.0,23.437807,76.755559,1048.991644,0.0,0.0,883.252,0.0,647.739053
2020-04-27 20:00:00,400.0,400.0,23.657594,67.739445,990.778895,0.0,0.0,849.08,0.0,636.945166
2020-04-27 21:00:00,400.0,400.0,22.96816,23.069973,1277.924565,0.0,0.0,675.196,0.0,567.790715
2020-04-27 22:00:00,400.0,400.0,23.069973,23.128644,1093.466065,0.0,0.0,511.89,0.0,517.71359
2020-04-27 23:00:00,400.0,400.0,23.128644,22.732362,845.782031,0.0,0.0,332.082,0.0,474.644995
2020-04-28 00:00:00,400.0,400.0,22.96816,21.843654,964.618468,0.0,0.0,325.868,0.0,455.88743
2020-04-28 01:00:00,400.0,400.0,75.9087,25.290091,285.405424,0.0,289.823162,340.896,0.0,453.523586
2020-04-28 02:00:00,400.0,400.0,75.9087,25.334353,306.889901,0.0,262.523114,330.07,0.0,448.677015
2020-04-28 03:00:00,400.0,400.0,75.9087,24.733922,339.103217,0.0,228.425201,357.366,0.0,447.939417
2020-04-28 04:00:00,400.0,400.0,500.0,20.419098,0.0,102.810059,584.136109,357.184,0.0,460.949109
2020-04-28 05:00:00,400.0,400.0,500.0,18.861019,0.0,213.356261,611.139939,385.53,0.0,481.782939
2020-04-28 06:00:00,400.0,181.059791,75.9087,14.979622,202.996725,0.0,470.342066,964.102,0.0,506.115791
2020-04-28 07:00:00,400.0,160.924774,71.287879,14.979622,719.101003,0.0,6.243747,1763.586,0.0,548.62275
2020-04-28 08:00:00,400.0,359.246481,19.983547,14.979622,891.438432,0.0,0.0,2137.97,0.0,578.929735
2020-04-28 09:00:00,400.0,236.506335,18.861019,14.979622,1111.929728,0.0,0.0,2421.53,0.0,588.390041
2020-04-28 10:00:00,400.0,77.4,19.430296,0.0,1029.080693,0.0,0.0,2606.33,0.0,628.537396
2020-04-28 11:00:00,400.0,72.4,19.68943,0.0,961.9239,0.0,0.0,2648.382,0.0,644.918715
2020-04-28 12:00:00,400.0,58.4,19.68943,0.0,965.590677,0.0,0.0,2630.884,0.0,641.743998
2020-04-28 13:00:00,400.0,366.151909,19.983547,14.979622,915.257857,0.0,0.0,2669.468,0.0,655.081521
2020-04-28 14:00:00,400.0,400.0,71.287879,19.68943,703.274349,0.0,160.568999,2522.73,0.0,664.868348
2020-04-28 15:00:00,400.0,400.0,19.68943,20.419098,939.651591,0.0,0.0,2401.0,0.0,662.152261
2020-04-28 16:00:00,400.0,400.0,20.419098,25.310542,1163.824262,0.0,0.0,2058.738,0.0,658.187061
2020-04-28 17:00:00,400.0,400.0,18.072542,25.111278,1722.617136,0.0,0.0,1657.99,0.0,618.50593
2020-04-28 18:00:00,400.0,400.0,23.069973,71.264197,1433.56824,0.0,0.0,1088.398,0.0,660.874464
2020-04-28 19:00:00,400.0,400.0,23.437807,76.418624,1227.248332,0.0,0.0,974.07,0.0,681.27325
2020-04-28 20:00:00,400.0,400.0,23.128644,26.429316,1323.577466,0.0,0.0,999.404,0.0,662.82398
2020-04-28 21:00:00,400.0,400.0,21.843654,23.268679,1477.275537,0.0,0.0,1040.71,0.0,592.715169
2020-04-28 22:00:00,0.0,400.0,13.352779,22.516066,2533.370727,0.0,0.0,1584.371815,1.008185,515.850163
2020-04-28 23:00:00,107.190426,400.0,14.9805,22.96816,2070.209574,0.0,0.0,1582.1,0.0,478.483564
2020-04-29 00:00:00,54.042772,400.0,14.9805,23.069973,2123.357228,0.0,0.0,1558.08,0.0,466.908416
2020-04-29 01:00:00,170.805145,400.0,14.9805,22.576747,2006.594855,0.0,0.0,1373.55,0.0,456.743272
2020-04-29 02:00:00,0.0,400.0,0.0,22.492854,2189.0,0.0,0.0,1510.58248,49.64752,449.937372
2020-04-29 03:00:00,0.0,400.0,0.0,22.576747,2189.0,0.0,0.0,1519.036985,94.813015,451.205548
2020-04-29 04:00:00,0.0,400.0,0.0,21.647258,2189.0,0.0,0.0,1566.270092,114.999908,458.290514
2020-04-29 05:00:00,66.325965,400.0,14.9805,19.034775,2111.074035,0.0,0.0,1653.498,0.0,483.063595
2020-04-29 06:00:00,0.0,260.95953,0.0,14.9805,2174.0,0.0,0.0,1899.985213,159.982787,510.597782
2020-04-29 07:00:00,0.0,171.618981,0.0,14.9805,2175.0,0.0,0.0,2163.303228,204.194772,549.945484
2020-04-29 08:00:00,0.0,376.036499,0.0,14.9805,2174.0,0.0,0.0,2447.599459,112.270541,592.739919
2020-04-29 09:00:00,0.0,386.902134,0.0,14.9805,2179.0,0.0,0.0,2517.62758,74.53442,602.494137
2020-04-29 10:00:00,67.469033,382.881257,14.9805,14.9805,2101.930967,0.0,0.0,2720.05,0.0,644.417855
2020-04-29 11:00:00,0.0,400.0,0.0,19.034775,2176.0,0.0,0.0,2853.929555,129.392445,653.389433
2020-04-29 12:00:00,0.0,400.0,0.0,19.983547,2161.0,0.0,0.0,2820.249732,35.578268,650.58746
2020-04-29 13:00:00,16.058471,400.0,14.9805,19.68943,2145.341529,0.0,0.0,2888.746,0.0,663.210671
2020-04-29 14:00:00,0.0,400.0,0.0,18.861019,2168.0,0.0,0.0,2959.209496,52.858504,670.381424
2020-04-29 15:00:00,191.184985,400.0,14.979622,15.714903,1958.215015,0.0,0.0,2744.952,0.0,669.710548
2020-04-29 16:00:00,0.0,272.238176,0.0,18.573789,2164.0,0.0,0.0,2513.022487,143.027513,655.053373
2020-04-29 17:00:00,99.079711,400.0,14.979622,20.01438,2425.32029,0.0,0.0,2074.772,0.0,605.617756
2020-04-29 18:00:00,400.0,400.0,22.732362,70.436657,1333.46739,0.0,0.0,1345.69,0.0,660.033391
2020-04-29 19:00:00,400.0,400.0,23.206766,76.755559,1109.762273,0.0,0.0,1177.9,0.0,681.320659
2020-04-29 20:00:00,400.0,400.0,23.069973,26.08239,1263.297717,0.0,0.0,1265.898,0.0,666.840042
2020-04-29 21:00:00,400.0,400.0,73.128644,24.287672,778.897289,0.0,5.275318,1385.188,0.0,597.643607
2020-04-29 22:00:00,400.0,400.0,72.732362,21.189408,654.500155,0.0,30.568621,1386.332,0.0,516.724777
2020-04-29 23:00:00,400.0,319.889433,19.68943,20.234035,916.014913,0.0,0.0,1715.398,0.0,486.657463
2020-04-30 00:00:00,400.0,392.99786,18.573789,18.860141,1104.636159,0.0,0.0,1766.038,0.0,465.960276
2020-04-30 01:00:00,400.0,400.0,21.116714,20.400003,800.370319,0.0,0.0,1427.814,0.0,460.866552
2020-04-30 02:00:00,400.0,400.0,22.732362,42.284289,640.90247,0.0,0.0,1114.932,0.0,451.35443
2020-04-30 03:00:00,400.0,400.0,21.288154,22.732362,813.954183,0.0,0.0,1041.946,0.0,448.648773
2020-04-30 04:00:00,400.0,400.0,20.419098,30.05658,1003.388054,0.0,0.0,1171.114,0.0,460.308892
2020-04-30 05:00:00,400.0,400.0,20.846138,20.419098,945.055847,0.0,0.0,1260.854,0.0,482.519723
2020-04-30 06:00:00,400.0,318.842628,22.732362,14.979622,720.863476,0.0,0.0,1257.168,0.0,515.595679
2020-04-30 07:00:00,400.0,373.927711,22.516066,16.960524,758.435567,0.0,0.0,1577.7,0.0,558.039665
2020-04-30 08:00:00,400.0,400.0,21.116714,21.233851,890.084821,0.0,0.0,1821.718,0.0,600.394977
2020-04-30 09:00:00,400.0,400.0,21.843654,26.853466,985.234373,0.0,0.0,1811.252,0.0,612.302644
2020-04-30 10:00:00,400.0,400.0,21.288154,32.037303,1032.142447,0.0,0.0,2048.96,0.0,640.922633
2020-04-30 11:00:00,400.0,400.0,20.846138,21.116714,1153.802764,0.0,0.0,2277.698,0.0,656.984285
2020-04-30 12:00:00,400.0,400.0,19.430296,20.419098,1323.1157,0.0,0.0,2443.714,0.0,656.489745
2020-04-30 13:00:00,400.0,400.0,19.68943,21.116714,1305.271825,0.0,0.0,2388.64,0.0,650.905226
2020-04-30 14:00:00,400.0,400.0,19.034775,29.097229,1393.072182,0.0,0.0,2248.238,0.0,642.174873
2020-04-30 15:00:00,400.0,400.0,20.846138,21.843654,1253.0054,0.0,0.0,1877.582,0.0,635.33649
2020-04-30 16:00:00,400.0,400.0,21.288154,24.477653,1145.61762,0.0,0.0,1638.468,0.0,615.577557
2020-04-30 17:00:00,400.0,400.0,20.419098,26.121032,1300.023484,0.0,0.0,1285.9,0.0,569.531477
2020-04-30 18:00:00,400.0,400.0,23.128644,26.727813,1025.437697,0.0,0.0,917.434,0.0,615.599445
2020-04-30 19:00:00,400.0,400.0,24.617414,76.755559,1043.105067,0.0,0.0,850.048,0.0,641.39144
2020-04-30 20:00:00,400.0,400.0,25.9087,63.678515,925.359416,0.0,0.0,749.518,0.0,639.173788
2020-04-30 21:00:00,400.0,400.0,23.206766,24.617414,1103.789632,0.0,0.0,577.186,0.0,572.309455
2020-04-30 22:00:00,400.0,400.0,22.96816,26.930658,1090.296991,0.0,0.0,481.2,0.0,506.685451
2020-04-30 23:00:00,400.0,400.0,24.617414,24.617414,699.05318,0.0,0.0,255.846,0.0,478.318923
2020-05-01 00:00:00,400.0,400.0,23.128644,24.08843,839.780363,0.0,0.0,245.054,0.0,455.591046
2020-05-01 01:00:00,400.0,400.0,23.657594,26.074859,602.543858,0.0,0.0,271.246,0.0,441.855321
2020-05-01 02:00:00,400.0,400.0,23.206766,23.657594,681.414365,0.0,0.0,282.562,0.0,431.722145
2020-05-01 03:00:00,400.0,400.0,23.128644,23.206766,696.584934,0.0,0.0,276.022,0.0,428.46556
2020-05-01 04:00:00,400.0,400.0,23.128644,31.563353,739.235039,0.0,0.0,404.498,0.0,441.339444
2020-05-01 05:00:00,400.0,400.0,23.206766,22.96816,648.010118,0.0,0.0,525.848,0.0,473.225682
2020-05-01 06:00:00,400.0,400.0,22.492854,20.419098,968.514085,0.0,0.0,1015.514,0.0,498.599987
2020-05-01 07:00:00,400.0,400.0,19.68943,19.68943,1312.76454,0.0,0.0,1588.088,0.0,532.848519
2020-05-01 08:00:00,400.0,348.937285,18.861019,18.06856,1466.200781,0.0,0.0,1914.702,0.0,558.825183
2020-05-01 09:00:00,166.620262,128.666214,14.9805,14.9805,1802.779738,0.0,0.0,2217.41,0.0,553.744539
2020-05-01 10:00:00,184.047289,26.399904,14.9805,10.046107,1784.352711,0.0,0.0,2372.816,0.0,579.819493
2020-05-01 11:00:00,182.762386,8.4,14.979622,0.0,1767.637614,0.0,0.0,2444.616,0.0,593.096758
2020-05-01 12:00:00,168.67255,7.4,14.9805,0.0,1796.72745,0.0,0.0,2439.04,0.0,587.896883
2020-05-01 13:00:00,184.351021,7.4,14.9805,0.0,1781.048979,0.0,0.0,2440.73,0.0,590.502153
2020-05-01 14:00:00,304.176416,48.427401,14.9805,14.981951,1660.223584,0.0,0.0,2362.166,0.0,596.841362
2020-05-01 15:00:00,251.619839,400.0,14.9805,18.861019,1713.780161,0.0,0.0,2422.686,0.0,597.885876
2020-05-01 16:00:00,400.0,400.0,19.034775,21.294587,1362.501922,0.0,0.0,2091.054,0.0,600.832812
2020-05-01 17:00:00,294.892928,400.0,14.9805,26.896079,1663.507074,0.0,0.0,1749.346,0.0,564.725839
2020-05-01 18:00:00,400.0,400.0,22.492854,26.524286,1282.529792,0.0,0.0,1132.284,0.0,598.763131
2020-05-01 19:00:00,400.0,400.0,22.576747,75.9087,1196.597475,0.0,0.0,995.182,0.0,597.087679
2020-05-01 20:00:00,400.0,400.0,23.128644,63.547422,1021.010297,0.0,0.0,846.832,0.0,598.173255
2020-05-01 21:00:00,400.0,400.0,23.069973,26.805265,1034.717752,0.0,0.0,646.346,0.0,563.044237
2020-05-01 22:00:00,400.0,400.0,23.069973,26.575852,1090.465023,0.0,0.0,432.222,0.0,522.563547
2020-05-01 23:00:00,400.0,400.0,23.069973,26.366891,853.041565,0.0,0.0,361.032,0.0,494.248565
2020-05-02 00:00:00,400.0,400.0,22.492854,23.069973,1125.918638,0.0,0.0,438.068,0.0,464.872404
2020-05-02 01:00:00,400.0,400.0,21.474047,25.98641,1065.793613,0.0,0.0,658.662,0.0,453.730258
2020-05-02 02:00:00,400.0,400.0,21.843654,23.128644,1033.551684,0.0,0.0,574.022,0.0,445.870547
2020-05-02 03:00:00,400.0,400.0,21.474047,26.188043,1067.539194,0.0,0.0,524.798,0.0,433.388821
2020-05-02 04:00:00,400.0,400.0,22.516066,29.672971,962.142749,0.0,0.0,396.67,0.0,429.979088
2020-05-02 05:00:00,400.0,400.0,23.128644,21.116714,585.095966,0.0,0.0,430.8,0.0,438.405605
2020-05-02 06:00:00,400.0,400.0,21.474047,19.68943,692.304297,0.0,0.0,895.454,0.0,438.772456
2020-05-02 07:00:00,400.0,335.894512,19.68943,18.06856,1005.019624,0.0,0.0,1445.69,0.0,474.400556
2020-05-02 08:00:00,400.0,95.755242,19.034775,14.9805,1100.872154,0.0,0.0,1835.066,0.0,518.429077
2020-05-02 09:00:00,398.0,53.4,14.979622,0.0,1285.198547,0.0,0.0,2063.348,0.0,525.022418
2020-05-02 10:00:00,398.0,59.4,14.979622,0.0,1281.930771,0.0,0.0,2303.368,0.0,561.515584
2020-05-02 11:00:00,333.293974,40.4,14.9805,0.0,1358.106026,0.0,0.0,2470.8,0.0,575.204096
2020-05-02 12:00:00,192.178215,45.4,14.9805,0.0,1499.221785,0.0,0.0,2592.102,0.0,572.232032
2020-05-02 13:00:00,39.18646,34.4,14.981951,0.0,1667.21354,0.0,0.0,2802.648,0.0,578.615169
2020-05-02 14:00:00,22.927277,61.4,14.981951,0.0,1679.472723,0.0,0.0,2894.902,0.0,590.614392
2020-05-02 15:00:00,12.831606,229.450931,14.9805,14.9805,1679.568394,0.0,0.0,2935.002,0.0,596.615041
2020-05-02 16:00:00,267.576273,400.0,14.9805,19.430296,1428.823728,0.0,0.0,2413.534,0.0,607.006541
2020-05-02 17:00:00,400.0,400.0,18.573789,24.842432,1587.716313,0.0,0.0,1866.146,0.0,577.564453
2020-05-02 18:00:00,400.0,400.0,23.069973,29.079388,857.495199,0.0,0.0,1052.04,0.0,599.78172
2020-05-02 19:00:00,400.0,400.0,23.069973,70.401455,880.997202,0.0,0.0,1024.512,0.0,602.77722
2020-05-02 20:00:00,400.0,400.0,22.632352,73.437807,1250.510956,0.0,0.0,1339.485896,11.086104,605.546241
2020-05-02 21:00:00,400.0,400.0,21.116411,23.112211,1338.861043,0.0,0.0,1308.87,0.0,567.901344
2020-05-02 22:00:00,400.0,400.0,19.983547,21.591278,1076.81372,0.0,0.0,1637.67,0.0,533.978442
2020-05-02 23:00:00,400.0,326.384647,73.128644,14.9805,483.191809,0.0,184.71962,1417.248,0.0,503.258429
2020-05-03 00:00:00,400.0,399.56519,19.68943,26.540997,952.633288,0.0,0.0,1717.182,0.0,469.582307
2020-05-03 01:00:00,400.0,357.176639,71.647258,17.484022,266.364624,0.0,341.076183,1635.05,0.0,453.702806
2020-05-03 02:00:00,400.0,258.886662,70.419098,14.977625,419.276192,0.0,168.252779,1677.336,0.0,437.108971
2020-05-03 03:00:00,400.0,309.467223,70.419098,14.977625,445.159549,0.0,135.431719,1664.668,0.0,431.326268
2020-05-03 04:00:00,400.0,140.770389,69.68943,14.977625,563.646811,0.0,1.828967,1704.732,0.0,419.562778
2020-05-03 05:00:00,400.0,90.7,69.68943,0.0,551.577552,0.0,16.991716,1709.846,0.0,422.140267
2020-05-03 06:00:00,400.0,91.7,19.034775,0.0,625.815321,0.0,0.0,1771.434,0.0,420.242802
2020-05-03 07:00:00,297.949743,93.7,14.977625,0.0,791.750257,0.0,0.0,2146.84,0.0,451.663461
2020-05-03 08:00:00,199.018474,89.7,14.979622,0.0,895.681526,0.0,0.0,2482.262,0.0,495.387071
2020-05-03 09:00:00,172.602571,78.4,14.979622,0.0,1013.797429,0.0,0.0,2589.338,0.0,507.531086
2020-05-03 10:00:00,357.525794,78.4,14.979622,0.0,828.874206,0.0,0.0,2706.782,0.0,552.886169
2020-05-03 11:00:00,400.0,70.4,16.970947,0.0,778.562414,0.0,0.0,2869.23,0.0,584.800138
2020-05-03 12:00:00,339.953795,64.115362,14.979622,14.977625,844.446205,0.0,0.0,2967.25,0.0,589.620569
2020-05-03 13:00:00,398.0,316.757104,14.979622,21.164499,799.0,0.0,0.0,2976.006745,3.507255,607.051012
2020-05-03 14:00:00,400.0,400.0,18.573789,19.769177,797.600399,0.0,0.0,2875.88,0.0,631.69194
2020-05-03 15:00:00,400.0,400.0,16.970947,22.275599,1060.983138,0.0,0.0,2702.938,0.0,644.993229
2020-05-03 16:00:00,400.0,400.0,19.430296,22.227776,1216.802158,0.0,0.0,2324.584,0.0,645.867276
2020-05-03 17:00:00,398.0,400.0,14.981951,26.754569,1618.721842,0.0,0.0,1771.716,0.0,606.899124
2020-05-03 18:00:00,400.0,400.0,23.206766,27.764495,1265.878515,0.0,0.0,1024.162,0.0,630.942523
2020-05-03 19:00:00,400.0,400.0,25.9087,76.790897,1072.226747,0.0,0.0,795.152,0.0,636.438788
2020-05-03 20:00:00,400.0,400.0,26.324557,68.838803,1027.178936,0.0,0.0,860.24,0.0,642.15916
2020-05-03 21:00:00,400.0,400.0,22.732362,23.657594,1389.995712,0.0,0.0,893.348,0.0,592.702843
2020-05-03 22:00:00,400.0,400.0,22.576747,22.227776,1283.048751,0.0,0.0,806.82,0.0,542.515687
2020-05-03 23:00:00,400.0,400.0,23.128644,22.732362,870.017285,0.0,0.0,828.664,0.0,501.247007
2020-05-04 00:00:00,400.0,400.0,19.68943,22.96816,1430.869601,0.0,0.0,1208.366,0.0,474.07446
2020-05-04 01:00:00,0.0,400.0,0.0,23.206766,2013.0,0.0,0.0,1669.425812,117.894188,455.913872
2020-05-04 02:00:00,0.0,400.0,0.0,32.608656,2015.0,0.0,0.0,1601.174859,386.671141,445.376229
2020-05-04 03:00:00,0.0,400.0,0.0,25.919453,2015.0,0.0,0.0,1573.052404,346.901596,441.157861
2020-05-04 04:00:00,0.0,400.0,0.0,31.320197,2014.0,0.0,0.0,1646.721753,218.176247,452.358263
2020-05-04 05:00:00,349.333763,400.0,14.979622,19.034775,1283.066237,0.0,0.0,1774.132,0.0,474.609864
2020-05-04 06:00:00,398.0,85.4,14.979622,0.0,870.0,0.0,0.0,2236.890568,1.175432,499.483585
2020-05-04 07:00:00,86.7013,95.119486,14.977625,0.0,1158.6987,0.0,0.0,2870.318,0.0,551.192895
2020-05-04 08:00:00,0.0,176.769769,-0.0,14.977625,1250.0,0.0,0.0,3229.289099,73.358901,591.343365
2020-05-04 09:00:00,0.0,119.109995,0.0,0.0,1250.0,0.0,0.0,3345.28949,138.02851,608.743423
2020-05-04 10:00:00,38.411366,162.587787,14.969635,8.95899,1209.588634,0.0,0.0,3667.695384,36.274616,663.166012
2020-05-04 11:00:00,0.0,86.4,0.0,0.0,1261.0,0.0,0.0,3867.447026,147.618974,685.417054
2020-05-04 12:00:00,0.0,83.4,0.0,0.0,1261.0,0.0,0.0,3969.124614,313.973386,700.668692
2020-05-04 13:00:00,0.0,121.669859,0.0,14.982243,1258.0,0.0,0.0,4055.157533,148.008467,718.52363
2020-05-04 14:00:00,0.0,222.814034,0.0,18.394127,1303.0,0.0,0.0,4049.353519,10.532481,743.303028
2020-05-04 15:00:00,165.920392,380.315197,14.979622,23.358937,1311.479609,0.0,0.0,3729.732,0.0,747.337859
2020-05-04 16:00:00,400.0,383.215512,19.430296,18.887474,1125.343071,0.0,0.0,3240.8,0.0,738.968539
2020-05-04 17:00:00,400.0,400.0,19.983547,22.430769,1058.364002,0.0,0.0,2661.12,0.0,701.5134
2020-05-04 18:00:00,400.0,400.0,76.429316,21.905537,455.97138,0.0,479.832113,1968.088,0.0,715.667493
2020-05-04 19:00:00,400.0,400.0,76.892495,70.800201,360.344043,0.0,529.589851,1815.87,0.0,710.778894
2020-05-04 20:00:00,400.0,400.0,80.277405,72.516066,293.828556,0.0,612.945361,1671.128,0.0,705.644917
2020-05-04 21:00:00,400.0,400.0,76.546344,21.368347,455.726501,0.0,382.745931,1466.016044,149.323956,640.393431
2020-05-04 22:00:00,400.0,400.0,21.905537,22.109002,861.403746,0.0,0.0,1682.035934,202.942066,573.080653
2020-05-04 23:00:00,400.0,400.0,73.018717,24.283885,683.026586,0.0,12.051421,1623.899966,167.420034,524.231007
2020-05-05 00:00:00,400.0,400.0,20.42044,18.926085,872.045725,0.0,0.0,1675.770113,262.509887,495.408658
2020-05-05 01:00:00,400.0,400.0,19.899927,17.38235,960.183173,0.0,0.0,1630.744958,191.369042,475.434268
2020-05-05 02:00:00,400.0,400.0,21.368347,17.38235,745.059875,0.0,0.0,1328.368125,267.547875,462.346238
2020-05-05 03:00:00,400.0,400.0,74.060266,20.42044,593.672249,0.0,17.677095,1141.054542,234.465458,456.957344
2020-05-05 04:00:00,400.0,400.0,74.9512,28.723233,435.363777,0.0,189.626683,1058.526849,183.503151,468.324461
2020-05-05 05:00:00,400.0,400.0,80.277405,18.52187,257.916553,0.0,396.637864,1056.446,0.0,494.629417
2020-05-05 06:00:00,400.0,119.840174,72.516066,14.981951,513.996992,0.0,192.818959,1480.63,0.0,519.844951
2020-05-05 07:00:00,400.0,215.451462,76.755559,14.979622,318.368069,0.0,440.229521,1639.352,0.0,572.99759
2020-05-05 08:00:00,400.0,400.0,76.755559,15.717231,370.750511,0.0,424.530412,1928.87,0.0,608.567923
2020-05-05 09:00:00,400.0,400.0,76.429316,19.430296,432.534715,0.0,381.769778,2096.338,0.0,624.420493
2020-05-05 10:00:00,400.0,400.0,73.657594,22.282364,440.473621,0.0,395.719836,2291.43,0.0,673.493457
2020-05-05 11:00:00,400.0,400.0,72.492854,20.696612,677.218236,0.0,227.767329,2511.462,0.0,702.486565
2020-05-05 12:00:00,400.0,400.0,70.419098,19.034775,875.629835,0.0,31.60949,2716.852,0.0,703.533325
2020-05-05 13:00:00,400.0,400.0,19.034775,23.970171,1100.412644,0.0,0.0,2972.68,0.0,733.690103
2020-05-05 14:00:00,400.0,400.0,19.68943,22.906525,1185.607474,0.0,0.0,2912.152,0.0,765.081679
2020-05-05 15:00:00,400.0,400.0,20.419098,25.984143,1249.970762,0.0,0.0,2678.266,0.0,773.594286
2020-05-05 16:00:00,400.0,400.0,21.116714,24.756886,1367.077193,0.0,0.0,2342.764,0.0,763.453021
2020-05-05 17:00:00,400.0,400.0,20.400003,28.119833,1700.354928,0.0,0.0,1762.71,0.0,716.603261
2020-05-05 18:00:00,400.0,400.0,24.617414,70.341113,1318.372391,0.0,0.0,1036.002,0.0,727.294441
2020-05-05 19:00:00,400.0,400.0,25.9087,75.270067,1182.995442,0.0,0.0,874.92,0.0,725.838684
2020-05-05 20:00:00,400.0,400.0,25.9087,28.984544,1196.300794,0.0,0.0,816.478,0.0,712.676581
2020-05-05 21:00:00,400.0,400.0,24.62179,26.173134,1097.293753,0.0,0.0,615.012,0.0,644.057737
2020-05-05 22:00:00,400.0,400.0,23.128644,26.061449,1188.149768,0.0,0.0,625.904,0.0,578.813135
2020-05-05 23:00:00,400.0,400.0,22.96816,26.911467,1132.44161,0.0,0.0,583.104,0.0,527.499359
2020-05-06 00:00:00,400.0,400.0,22.732362,25.098381,1000.380686,0.0,0.0,618.73,0.0,499.402397
2020-05-06 01:00:00,400.0,400.0,21.843654,26.750668,1173.05615,0.0,0.0,671.53,0.0,481.421077
2020-05-06 02:00:00,400.0,400.0,23.080108,23.069973,938.694481,0.0,0.0,714.446033,14.453967,469.762733
2020-05-06 03:00:00,400.0,400.0,22.656017,23.128644,980.93402,0.0,0.0,719.949928,177.334072,464.252386
2020-05-06 04:00:00,400.0,400.0,23.080108,29.287062,912.117836,0.0,0.0,717.814438,156.699562,474.25449
2020-05-06 05:00:00,400.0,400.0,23.592361,21.116714,821.734655,0.0,0.0,799.153067,197.844933,500.012762
2020-05-06 06:00:00,400.0,352.158785,21.905537,14.975624,1161.684606,0.0,0.0,1344.280448,204.797552,530.789376
2020-05-06 07:00:00,400.0,70.4,18.926085,0.0,1519.985927,0.0,0.0,1930.624826,146.225174,564.995835
2020-05-06 08:00:00,102.534047,45.4,14.975368,0.0,1879.865953,0.0,0.0,2452.044954,164.337046,589.22685
2020-05-06 09:00:00,79.283744,42.4,14.975368,3.938749,1901.116256,0.0,0.0,2702.844358,137.335642,623.659215
2020-05-06 10:00:00,57.657962,45.4,14.975368,0.0,1921.742038,0.0,0.0,2931.015821,152.516179,654.791067
2020-05-06 11:00:00,128.454172,40.48403,14.975368,14.9805,1848.945828,0.0,0.0,2963.612489,196.327511,670.599999
2020-05-06 12:00:00,165.762375,184.526507,14.975368,14.9805,1822.637625,0.0,0.0,3064.325347,198.322653,689.653158
2020-05-06 13:00:00,129.834799,400.0,14.975368,18.861019,1857.565201,0.0,0.0,3140.634249,197.863751,695.860357
2020-05-06 14:00:00,398.0,400.0,14.975368,20.400003,1603.0,0.0,0.0,3200.258758,197.855242,742.988814
2020-05-06 15:00:00,145.53771,400.0,14.975368,21.474047,1844.86229,0.0,0.0,3253.510954,226.293046,714.6973
2020-05-06 16:00:00,0.0,400.0,0.0,22.96816,1996.0,0.0,0.0,3035.645818,218.034182,710.346873
2020-05-06 17:00:00,0.0,400.0,13.352779,27.896313,2351.958565,0.0,0.0,2693.784839,207.947161,664.473941
2020-05-06 18:00:00,400.0,400.0,20.42044,73.070881,1744.544814,0.0,0.0,2200.618615,153.249385,693.46107
2020-05-06 19:00:00,400.0,400.0,19.68943,64.94269,1673.087527,0.0,0.0,2139.53,0.0,696.366371
2020-05-06 20:00:00,400.0,400.0,21.122752,26.897003,1659.502547,0.0,0.0,2049.057568,63.556432,684.833253
2020-05-06 21:00:00,400.0,400.0,75.545362,21.116714,673.617701,0.0,149.126446,1744.532019,75.319981,627.287148
2020-05-06 22:00:00,400.0,400.0,22.709794,22.398267,797.943302,0.0,0.0,1685.52268,160.49732,565.136907
2020-05-06 23:00:00,400.0,400.0,21.122752,22.286291,988.627396,0.0,0.0,1547.551049,222.728951,515.838548
2020-05-07 00:00:00,400.0,400.0,21.122752,21.122752,897.838484,0.0,0.0,1406.084337,269.987663,491.736878
2020-05-07 01:00:00,400.0,400.0,18.926085,20.234035,1182.058453,0.0,0.0,1551.030916,290.079084,470.845869
2020-05-07 02:00:00,400.0,400.0,18.52187,20.234035,1198.256011,0.0,0.0,1529.001878,342.548122,465.11188
2020-05-07 03:00:00,400.0,400.0,18.52187,20.42044,1197.150662,0.0,0.0,1491.514924,340.063076,459.654639
2020-05-07 04:00:00,400.0,400.0,20.234035,26.152084,1104.870258,0.0,0.0,1475.335131,329.730869,471.069731
2020-05-07 05:00:00,400.0,400.0,20.234035,19.034775,1052.388409,0.0,0.0,1554.569965,339.080035,490.827233
2020-05-07 06:00:00,398.0,298.995814,14.978232,16.961401,1298.0,0.0,0.0,2023.624438,341.205562,524.343666
2020-05-07 07:00:00,29.580337,113.4,14.978232,14.975624,1611.819663,0.0,0.0,2581.159084,289.788916,560.900913
2020-05-07 08:00:00,0.0,224.401245,0.0,14.9805,1679.0,0.0,0.0,2837.515555,561.396445,589.277333
2020-05-07 09:00:00,0.0,94.4,0.0,14.9805,1679.0,0.0,0.0,2985.451301,609.260699,611.467695
2020-05-07 10:00:00,0.0,80.4,0.0,0.0,1677.0,0.0,0.0,3120.974091,388.515909,632.096114
2020-05-07 11:00:00,0.0,72.4,0.0,0.0,1677.0,0.0,0.0,3164.857475,378.520525,638.678621
2020-05-07 12:00:00,0.0,65.640126,0.0,14.981951,1679.0,0.0,0.0,3284.668763,176.943237,656.350314
2020-05-07 13:00:00,0.0,387.552874,0.0,18.573789,1679.0,0.0,0.0,3362.786547,100.893453,668.067982
2020-05-07 14:00:00,120.600107,400.0,14.979052,21.732265,1542.859055,0.0,0.0,3357.082,0.0,708.633442
2020-05-07 15:00:00,398.0,400.0,14.9805,21.305624,1490.122161,0.0,0.0,2985.68,0.0,692.333676
2020-05-07 16:00:00,223.435765,400.0,14.975368,25.933408,1609.964235,0.0,0.0,2698.944159,13.077841,691.646989
2020-05-07 17:00:00,398.0,400.0,14.9805,25.123321,1957.0,0.0,0.0,2047.184423,24.193577,636.777663
2020-05-07 18:00:00,400.0,400.0,22.492854,64.112696,1314.244853,0.0,0.0,1326.034,0.0,652.768372
2020-05-07 19:00:00,400.0,400.0,23.069973,74.617414,1065.696798,0.0,0.0,1142.202,0.0,670.87578
2020-05-07 20:00:00,400.0,400.0,22.732362,26.797891,1192.65766,0.0,0.0,1274.52,0.0,663.279351
2020-05-07 21:00:00,400.0,400.0,22.576747,23.206766,1131.630958,0.0,0.0,1201.5,0.0,608.230356
2020-05-07 22:00:00,400.0,400.0,20.419098,24.026802,1522.474701,0.0,0.0,1234.612,0.0,554.570595
2020-05-07 23:00:00,400.0,400.0,19.983547,23.828182,1380.509083,0.0,0.0,1119.888,0.0,505.406838
2020-05-08 00:00:00,400.0,400.0,19.68943,23.069973,1476.778888,0.0,0.0,1081.08,0.0,485.145167
2020-05-08 01:00:00,400.0,400.0,20.419098,21.843654,1319.723318,0.0,0.0,765.3,0.0,461.336502
2020-05-08 02:00:00,400.0,400.0,20.419098,21.843654,1328.093789,0.0,0.0,752.738,0.0,458.196632
2020-05-08 03:00:00,400.0,400.0,20.846138,21.647258,1282.853503,0.0,0.0,661.33,0.0,451.271475
2020-05-08 04:00:00,400.0,400.0,20.846138,22.96816,1274.832439,0.0,0.0,706.764,0.0,459.289734
2020-05-08 05:00:00,400.0,400.0,21.647258,21.647258,1070.396172,0.0,0.0,701.63,0.0,489.185074
2020-05-08 06:00:00,400.0,400.0,19.983547,19.68943,1390.274486,0.0,0.0,1210.42,0.0,517.521827
2020-05-08 07:00:00,400.0,400.0,18.573789,19.034775,1716.172215,0.0,0.0,1820.248,0.0,560.111368
2020-05-08 08:00:00,175.264985,400.0,14.981951,19.034775,2021.135015,0.0,0.0,2250.182,0.0,578.857048
2020-05-08 09:00:00,154.006847,266.837193,14.981951,14.981951,2042.393153,0.0,0.0,2436.118,0.0,603.558727
2020-05-08 10:00:00,144.839891,25.4,14.9805,14.981951,2031.560109,0.0,0.0,2582.022,0.0,627.069284
2020-05-08 11:00:00,120.666079,6.39996,14.9805,7.775677,2055.733921,0.0,0.0,2602.016,0.0,626.442312
2020-05-08 12:00:00,97.348536,6.4,14.9805,0.0,2082.051464,0.0,0.0,2652.854,0.0,630.12038
2020-05-08 13:00:00,44.408266,73.626019,14.981951,14.981951,2148.991734,0.0,0.0,2743.016,0.0,633.60364
2020-05-08 14:00:00,349.093966,307.502869,14.981951,14.981951,1842.306034,0.0,0.0,2688.212,0.0,671.385895
2020-05-08 15:00:00,398.0,400.0,14.981951,19.68943,1807.0,0.0,0.0,2576.790263,3.397737,659.968539
2020-05-08 16:00:00,400.0,400.0,19.983547,21.647258,1438.641634,0.0,0.0,2164.798,0.0,653.423455
2020-05-08 17:00:00,400.0,400.0,19.68943,23.172396,1455.230431,0.0,0.0,1694.92,0.0,605.953435
2020-05-08 18:00:00,400.0,400.0,23.128644,25.276721,835.256785,0.0,0.0,980.14,0.0,619.482482
2020-05-08 19:00:00,400.0,400.0,23.437807,73.87513,734.321509,0.0,0.0,866.738,0.0,632.912474
2020-05-08 20:00:00,400.0,400.0,75.9087,67.91454,620.940703,0.0,174.200792,765.064,0.0,627.618495
2020-05-08 21:00:00,400.0,400.0,73.657594,21.933197,741.398754,0.0,6.862733,636.182,0.0,590.217487
2020-05-08 22:00:00,400.0,400.0,83.752662,25.706471,186.603975,0.0,512.445929,534.65,0.0,551.706904
2020-05-08 23:00:00,400.0,400.0,158.035526,21.287879,29.787529,0.0,597.988441,308.634,0.0,494.811971
2020-05-09 00:00:00,400.0,400.0,127.274563,24.445448,97.870385,0.0,508.956357,310.802,0.0,478.189742
2020-05-09 01:00:00,400.0,400.0,500.0,19.666651,0.0,483.159961,580.126894,277.346,0.0,457.605894
2020-05-09 02:00:00,400.0,400.0,500.0,18.861019,0.0,681.915235,576.050085,307.132,0.0,454.207085
2020-05-09 03:00:00,400.0,400.0,500.0,23.129533,0.0,553.329621,559.680043,344.784,0.0,440.567043
2020-05-09 04:00:00,400.0,400.0,500.0,20.712846,0.0,616.486811,562.052522,438.69,0.0,440.876522
2020-05-09 05:00:00,400.0,97.0,500.0,-0.0,0.0,658.191646,563.944147,559.516,0.0,442.456147
2020-05-09 06:00:00,400.0,97.0,500.0,-0.0,0.0,64.709724,619.094159,1270.478,0.0,460.078159
2020-05-09 07:00:00,400.0,100.0,72.96816,-0.0,298.717777,0.0,355.827056,1819.75,0.0,487.954833
2020-05-09 08:00:00,400.0,98.0,70.419098,-0.0,474.532281,0.0,205.345577,2208.518,0.0,519.897858
2020-05-09 09:00:00,400.0,97.0,71.287879,-0.0,382.21328,0.0,331.121828,2307.634,0.0,548.613108
2020-05-09 10:00:00,400.0,94.0,70.419098,-0.0,458.987945,0.0,308.318563,2650.918,0.0,588.589508
2020-05-09 11:00:00,400.0,87.0,68.861019,-0.0,657.013057,0.0,120.825784,2885.232,0.0,594.032841
2020-05-09 12:00:00,174.975055,91.0,14.979622,-0.0,940.024945,0.0,0.0,3267.904,0.0,608.981858
2020-05-09 13:00:00,0.0,92.0,0.0,-0.0,1121.0,0.0,0.0,3462.404668,181.215332,611.0107
2020-05-09 14:00:00,0.0,93.0,0.0,-0.0,1120.0,0.0,0.0,3726.000945,38.879055,650.700142
2020-05-09 15:00:00,0.0,92.0,0.0,14.305898,1121.0,0.0,0.0,3479.557582,175.024418,639.083637
2020-05-09 16:00:00,0.0,146.144544,0.0,14.979622,1306.0,0.0,0.0,3188.82889,99.15111,646.474334
2020-05-09 17:00:00,223.600129,400.0,14.979622,19.68943,1453.399871,0.0,0.0,2691.666,0.0,605.289919
2020-05-09 18:00:00,400.0,400.0,73.069973,68.041429,719.31436,0.0,40.422386,1841.086,0.0,622.615746
2020-05-09 19:00:00,400.0,400.0,20.400003,73.657594,1262.364992,0.0,0.0,2061.332,0.0,629.095051
2020-05-09 20:00:00,400.0,400.0,19.430296,37.532927,1362.222938,0.0,0.0,2162.718,0.0,616.124259
2020-05-09 21:00:00,400.0,400.0,20.419098,20.419098,1086.190216,0.0,0.0,2013.612,0.0,582.663268
2020-05-09 22:00:00,400.0,400.0,19.034775,20.868701,1242.051111,0.0,0.0,1991.83,0.0,556.016833
2020-05-09 23:00:00,293.315698,217.580335,14.975624,14.97449,1239.684302,0.0,0.0,2000.976776,75.061224,504.493871
2020-05-10 00:00:00,400.0,314.650038,70.419098,14.978232,530.444262,0.0,112.527199,1854.954,0.0,482.476461
2020-05-10 01:00:00,400.0,215.078821,70.419098,14.975624,551.259414,0.0,60.676574,1703.346,0.0,456.612988
2020-05-10 02:00:00,400.0,226.813488,71.287879,14.979622,421.372877,0.0,193.856291,1591.754,0.0,459.357168
2020-05-10 03:00:00,400.0,227.824397,19.68943,31.949481,609.242661,0.0,0.0,1684.93,0.0,445.153101
2020-05-10 04:00:00,400.0,111.853534,69.430296,14.979622,538.440444,0.0,43.88769,1886.588,0.0,432.772133
2020-05-10 05:00:00,354.051548,67.0,14.979622,0.0,664.948452,0.0,0.0,1985.088,0.0,428.570932
2020-05-10 06:00:00,0.0,70.0,0.0,0.0,1013.0,0.0,0.0,2409.707469,277.978531,440.05612
2020-05-10 07:00:00,0.0,68.0,0.0,0.0,1005.0,0.0,0.0,2603.934132,849.743868,470.39012
2020-05-10 08:00:00,0.0,67.0,0.0,0.0,999.0,0.0,0.0,2790.454909,1040.927091,499.268236
2020-05-10 09:00:00,0.0,62.0,0.0,0.0,997.0,0.0,0.0,2942.384569,856.713431,522.357685
2020-05-10 10:00:00,0.0,64.0,0.0,0.0,996.0,0.0,0.0,3220.432545,758.957455,564.214882
2020-05-10 11:00:00,0.0,56.0,0.0,0.0,998.0,0.0,0.0,3320.82884,1074.01716,578.974326
2020-05-10 12:00:00,0.0,65.0,0.0,0.0,1011.0,0.0,0.0,3491.925588,1084.024412,602.688838
2020-05-10 13:00:00,0.0,70.0,0.0,0.0,1012.0,0.0,0.0,3559.005793,1190.912207,612.600869
2020-05-10 14:00:00,0.0,74.0,0.0,4.111892,1006.0,0.0,0.0,3735.513035,768.902965,665.476955
2020-05-10 15:00:00,0.0,0.0,-0.0,11.305897,1191.0,0.0,0.0,3699.062584,727.733416,660.009388
2020-05-10 16:00:00,0.0,283.559658,0.0,20.799237,1191.0,0.0,0.0,3611.187332,363.824668,672.3281
2020-05-10 17:00:00,0.0,400.0,0.0,19.932712,1380.0,0.0,0.0,3206.961278,324.406722,636.594192
2020-05-10 18:00:00,400.0,400.0,20.547985,26.031588,1011.1739,0.0,0.0,2710.831954,222.548046,651.848708
2020-05-10 19:00:00,400.0,400.0,21.750606,76.998006,933.606797,0.0,0.0,2590.152837,201.749163,672.981906
2020-05-10 20:00:00,400.0,400.0,21.001998,76.894368,1229.420122,0.0,0.0,2656.179467,294.140533,632.063902
2020-05-10 21:00:00,400.0,400.0,21.001998,16.163108,1131.717093,0.0,0.0,2614.070344,301.019656,612.652988
2020-05-10 22:00:00,315.252748,376.97194,14.973207,14.984557,1044.747252,0.0,0.0,2546.724264,226.745736,562.346552
2020-05-10 23:00:00,145.006161,400.0,14.973207,19.68943,1214.993839,0.0,0.0,2393.098254,201.321746,513.765662
2020-05-11 00:00:00,0.0,400.0,-0.0,45.348829,1403.0,0.0,0.0,2183.352899,420.197101,484.102935
2020-05-11 01:00:00,0.0,400.0,0.0,69.647855,1629.0,0.0,0.0,2068.187416,454.142584,467.578112
2020-05-11 02:00:00,0.0,400.0,0.0,24.807812,1625.0,0.0,0.0,1989.12093,402.83307,456.31814
2020-05-11 03:00:00,0.0,400.0,0.0,19.68943,1442.0,0.0,0.0,2137.244726,325.855274,452.736709
2020-05-11 04:00:00,0.0,400.0,0.0,20.400003,1439.0,0.0,0.0,2213.622555,162.525445,464.643383
2020-05-11 05:00:00,0.0,400.0,0.0,16.113575,1442.0,0.0,0.0,2397.93546,101.35454,491.840319
2020-05-11 06:00:00,0.0,91.388751,0.0,14.979622,1435.0,0.0,0.0,2606.341506,517.406494,524.151226
2020-05-11 07:00:00,0.0,248.921565,0.0,14.979622,1418.0,0.0,0.0,2908.747357,507.770643,572.062104
2020-05-11 08:00:00,0.0,317.193668,0.0,14.979622,1411.0,0.0,0.0,3113.758972,370.659028,603.863846
2020-05-11 09:00:00,0.0,179.027042,0.0,14.979622,1409.0,0.0,0.0,3370.949427,118.128573,642.742414
2020-05-11 10:00:00,2.932822,243.808198,14.972727,14.979622,1398.767178,0.0,0.0,3542.98,0.0,670.081923
2020-05-11 11:00:00,174.84458,255.99099,14.972727,14.979622,1225.855421,0.0,0.0,3539.77,0.0,695.537187
2020-05-11 12:00:00,298.70529,128.481669,14.972727,14.979622,1102.994712,0.0,0.0,3572.554,0.0,718.883893
2020-05-11 13:00:00,248.511428,230.648255,14.972727,16.551797,1152.188573,0.0,0.0,3595.28,0.0,744.913714
2020-05-11 14:00:00,400.0,400.0,16.970947,21.034495,1230.082978,0.0,0.0,3406.79,0.0,765.106053
2020-05-11 15:00:00,400.0,400.0,20.419098,22.54497,1128.385078,0.0,0.0,3073.932,0.0,779.182038
2020-05-11 16:00:00,400.0,400.0,19.68943,22.882267,1477.785632,0.0,0.0,2775.01,0.0,764.433655
2020-05-11 17:00:00,400.0,400.0,22.732362,25.214284,1294.675462,0.0,0.0,2130.266,0.0,776.188581
2020-05-11 18:00:00,400.0,400.0,25.9087,69.832998,1069.535165,0.0,0.0,1376.638,0.0,724.665425
2020-05-11 19:00:00,400.0,400.0,25.9087,76.429316,1063.739215,0.0,0.0,1451.984,0.0,744.036718
2020-05-11 20:00:00,400.0,400.0,23.457906,24.533417,1374.92416,0.0,0.0,1464.638,0.0,692.057076
2020-05-11 21:00:00,400.0,400.0,77.050889,22.23556,554.142227,0.0,316.452239,1537.332,0.0,666.328466
2020-05-11 22:00:00,400.0,400.0,75.433611,22.23556,633.513751,0.0,142.948355,1465.41446,69.61754,590.385106
2020-05-11 23:00:00,400.0,400.0,23.20063,22.883608,738.206244,0.0,0.0,1222.354359,100.877641,538.222217
2020-05-12 00:00:00,400.0,400.0,22.656017,21.905537,854.353999,0.0,0.0,1111.833989,77.632011,495.971998
2020-05-12 01:00:00,400.0,400.0,21.905537,21.905537,971.13216,0.0,0.0,1132.868901,80.381099,481.610511
2020-05-12 02:00:00,400.0,400.0,20.526636,21.122752,1171.186228,0.0,0.0,1232.780225,58.199775,466.5891
2020-05-12 03:00:00,400.0,400.0,19.68943,21.368347,1194.769344,0.0,0.0,1266.662,0.0,468.133898
2020-05-12 04:00:00,400.0,400.0,20.400003,20.419098,1059.931362,0.0,0.0,1146.88,0.0,470.392296
2020-05-12 05:00:00,400.0,400.0,21.647258,16.962852,859.201028,0.0,0.0,1124.248,0.0,497.107046
2020-05-12 06:00:00,400.0,130.777173,19.68943,14.981951,1152.556219,0.0,0.0,1635.62,0.0,529.809567
2020-05-12 07:00:00,400.0,260.19645,20.400003,14.981951,1039.906117,0.0,0.0,1851.414,0.0,579.076182
2020-05-12 08:00:00,400.0,335.233664,20.400003,14.982507,1041.027283,0.0,0.0,2026.286,0.0,605.138808
2020-05-12 09:00:00,400.0,326.491651,21.287879,14.982507,900.374558,0.0,0.0,2151.514,0.0,645.020916
2020-05-12 10:00:00,400.0,355.923266,20.419098,14.982507,1014.362301,0.0,0.0,2405.29,0.0,665.989155
2020-05-12 11:00:00,400.0,400.0,20.400003,16.970947,1052.219357,0.0,0.0,2604.882,0.0,690.249396
2020-05-12 12:00:00,400.0,400.0,71.287879,19.430296,900.856003,0.0,16.555397,2615.272,0.0,714.5124
2020-05-12 13:00:00,400.0,400.0,19.983547,19.983547,1080.401453,0.0,0.0,2658.22,0.0,715.022782
2020-05-12 14:00:00,400.0,400.0,19.983547,23.221475,1211.611479,0.0,0.0,2743.238,0.0,748.593978
2020-05-12 15:00:00,400.0,400.0,20.419098,25.402555,1263.14469,0.0,0.0,2607.018,0.0,759.730996
2020-05-12 16:00:00,400.0,400.0,20.419098,24.73083,1444.950455,0.0,0.0,2248.2,0.0,757.387432
2020-05-12 17:00:00,400.0,400.0,22.576747,28.100926,1415.969071,0.0,0.0,1727.2,0.0,767.884639
2020-05-12 18:00:00,400.0,400.0,23.206766,64.208249,1328.567776,0.0,0.0,988.268,0.0,706.455034
2020-05-12 19:00:00,400.0,400.0,26.324557,76.790897,1108.05389,0.0,0.0,810.282,0.0,729.034216
2020-05-12 20:00:00,400.0,400.0,25.9087,30.324165,1120.648563,0.0,0.0,646.302,0.0,682.748016
2020-05-12 21:00:00,400.0,400.0,23.437807,24.68968,1244.881442,0.0,0.0,587.018,0.0,646.970484
2020-05-12 22:00:00,400.0,400.0,23.437807,27.260692,895.994584,0.0,0.0,525.122,0.0,583.519112
2020-05-12 23:00:00,400.0,400.0,23.206766,24.617414,819.806046,0.0,0.0,424.06,0.0,526.538093
2020-05-13 00:00:00,400.0,400.0,22.96816,23.206766,992.197849,0.0,0.0,368.834,0.0,492.395423
2020-05-13 01:00:00,400.0,400.0,22.576747,23.128644,1091.41926,0.0,0.0,331.118,0.0,471.854811
2020-05-13 02:00:00,400.0,400.0,22.576747,22.576747,1112.528911,0.0,0.0,311.338,0.0,465.721363
2020-05-13 03:00:00,400.0,400.0,21.843654,22.576747,1222.791442,0.0,0.0,395.868,0.0,461.861484
2020-05-13 04:00:00,400.0,400.0,21.647258,23.069973,1236.235767,0.0,0.0,407.014,0.0,461.516735
2020-05-13 05:00:00,400.0,400.0,22.576747,21.116411,1094.173611,0.0,0.0,442.498,0.0,488.148658
2020-05-13 06:00:00,400.0,400.0,20.400003,18.861019,1518.158667,0.0,0.0,1135.418,0.0,528.4889
2020-05-13 07:00:00,400.0,146.648546,18.861019,14.981951,1796.64263,0.0,0.0,1722.92,0.0,574.841605
2020-05-13 08:00:00,218.850111,37.4,14.981951,9.308622,2117.54989,0.0,0.0,2177.718,0.0,594.925217
2020-05-13 09:00:00,36.95004,42.4,14.981951,0.0,2293.44996,0.0,0.0,2619.348,0.0,634.784706
2020-05-13 10:00:00,0.0,42.4,0.0,0.0,2339.0,0.0,0.0,2854.194689,19.757311,663.179203
2020-05-13 11:00:00,0.0,158.936198,0.0,14.9805,2337.0,0.0,0.0,3047.583223,42.414777,692.487483
2020-05-13 12:00:00,64.177195,400.0,14.9805,18.573789,2260.222805,0.0,0.0,3163.286,0.0,721.359479
2020-05-13 13:00:00,298.393239,400.0,14.9805,20.419098,2022.006761,0.0,0.0,3123.568,0.0,751.134186
2020-05-13 14:00:00,400.0,400.0,19.983547,22.516066,1603.942523,0.0,0.0,2946.338,0.0,787.259322
2020-05-13 15:00:00,400.0,400.0,19.68943,24.950826,1674.190881,0.0,0.0,2691.4,0.0,789.481368
2020-05-13 16:00:00,400.0,400.0,19.983547,23.695872,1888.761559,0.0,0.0,2240.732,0.0,770.695566
2020-05-13 17:00:00,400.0,400.0,23.206766,29.02525,1335.541611,0.0,0.0,1594.51,0.0,787.795258
2020-05-13 18:00:00,400.0,400.0,24.617414,75.004411,1211.065511,0.0,0.0,960.714,0.0,721.147273
2020-05-13 19:00:00,400.0,400.0,26.404825,69.944295,1012.678301,0.0,0.0,888.03,0.0,735.202755
2020-05-13 20:00:00,400.0,400.0,23.437807,26.790449,1310.497331,0.0,0.0,870.382,0.0,687.8827
2020-05-13 21:00:00,400.0,400.0,23.128644,26.342321,1195.778152,0.0,0.0,836.896,0.0,646.817677
2020-05-13 22:00:00,400.0,400.0,22.492854,24.562876,1336.174505,0.0,0.0,854.132,0.0,575.093624
2020-05-13 23:00:00,400.0,400.0,23.069973,24.192094,837.838391,0.0,0.0,731.4,0.0,524.934241
2020-05-14 00:00:00,400.0,400.0,23.069973,24.145964,804.091055,0.0,0.0,555.502,0.0,495.361642
2020-05-14 01:00:00,400.0,400.0,21.843654,23.069973,1037.518078,0.0,0.0,614.862,0.0,469.251588
2020-05-14 02:00:00,400.0,400.0,21.116714,21.843654,1186.122689,0.0,0.0,692.662,0.0,458.630897
2020-05-14 03:00:00,400.0,400.0,19.68943,20.419098,1472.232965,0.0,0.0,1006.996,0.0,462.864455
2020-05-14 04:00:00,400.0,400.0,19.983547,19.983547,1361.820441,0.0,0.0,900.404,0.0,463.437534
2020-05-14 05:00:00,400.0,400.0,21.116714,19.034775,1177.705847,0.0,0.0,892.12,0.0,489.812123
2020-05-14 06:00:00,400.0,76.4,18.072542,14.9805,1669.190645,0.0,0.0,1630.89,0.0,526.904903
2020-05-14 07:00:00,66.220954,83.4,14.979622,0.0,2036.179046,0.0,0.0,2342.384,0.0,578.580743
2020-05-14 08:00:00,0.0,79.4,0.0,0.0,2122.0,0.0,0.0,2606.274393,61.261607,605.291159
2020-05-14 09:00:00,219.853886,62.4,14.979622,0.0,1898.546114,0.0,0.0,2632.57,0.0,642.753583
2020-05-14 10:00:00,400.0,251.138205,18.573789,14.9805,1642.658887,0.0,0.0,2635.654,0.0,681.599267
2020-05-14 11:00:00,400.0,400.0,19.430296,19.68943,1496.721524,0.0,0.0,2743.15,0.0,719.614271
2020-05-14 12:00:00,400.0,400.0,19.983547,21.479724,1380.353789,0.0,0.0,2899.95,0.0,760.589432
2020-05-14 13:00:00,400.0,400.0,19.983547,26.815004,1397.909824,0.0,0.0,2924.332,0.0,787.113326
2020-05-14 14:00:00,400.0,400.0,21.647258,24.541679,1233.834993,0.0,0.0,2822.278,0.0,824.166451
2020-05-14 15:00:00,400.0,400.0,22.492854,24.540266,1179.398246,0.0,0.0,2563.798,0.0,819.059963
2020-05-14 16:00:00,400.0,400.0,22.576747,65.143738,1318.181036,0.0,0.0,2218.502,0.0,799.698145
2020-05-14 17:00:00,400.0,400.0,23.657594,23.069973,1070.672265,0.0,0.0,1868.9,0.0,812.13416
2020-05-14 18:00:00,400.0,400.0,76.429316,22.96816,776.817821,0.0,183.593506,1129.78,0.0,745.344327
2020-05-14 19:00:00,400.0,400.0,76.429316,74.617414,834.756587,0.0,131.236225,1271.822,0.0,759.159812
2020-05-14 20:00:00,400.0,400.0,23.206766,25.178285,1212.652902,0.0,0.0,1293.15,0.0,704.474565
2020-05-14 21:00:00,400.0,400.0,23.128644,25.406462,942.89622,0.0,0.0,1422.586,0.0,657.853467
2020-05-14 22:00:00,400.0,400.0,21.116411,24.789375,1212.608957,0.0,0.0,1539.868,0.0,581.738856
2020-05-14 23:00:00,400.0,400.0,17.392886,25.267167,1535.974797,0.0,0.0,1858.751344,51.296656,527.816482
2020-05-15 00:00:00,400.0,400.0,18.926085,19.68943,1296.658847,0.0,0.0,1797.055106,190.326894,501.209439
2020-05-15 01:00:00,199.635482,400.0,14.975624,19.533879,1568.764519,0.0,0.0,1870.589073,298.160927,471.423683
2020-05-15 02:00:00,51.780721,328.062906,14.975624,14.975624,1720.619279,0.0,0.0,1945.290324,337.059676,459.850657
2020-05-15 03:00:00,71.538935,267.189368,14.975624,14.975624,1698.861065,0.0,0.0,1955.686198,311.259802,464.67377
2020-05-15 04:00:00,138.528192,276.909585,14.975624,14.975624,1625.871809,0.0,0.0,1902.628467,210.441533,467.663499
2020-05-15 05:00:00,400.0,86.4,17.392886,0.0,1347.066819,0.0,0.0,1759.773425,158.058575,488.055991
2020-05-15 06:00:00,318.694544,86.4,14.975368,0.0,1427.705456,0.0,0.0,2156.186106,40.831894,535.422097
2020-05-15 07:00:00,400.0,84.4,18.072542,14.979622,1274.7764,0.0,0.0,2357.298,0.0,588.52824
2020-05-15 08:00:00,400.0,216.745292,20.419098,14.9805,900.500423,0.0,0.0,2161.532,0.0,615.304737
2020-05-15 09:00:00,400.0,308.109993,19.983547,14.9805,1027.327059,0.0,0.0,2584.412,0.0,659.712741
2020-05-15 10:00:00,400.0,400.0,19.430296,19.034775,1137.46871,0.0,0.0,2958.668,0.0,699.329893
2020-05-15 11:00:00,397.999999,400.0,14.979622,23.1151,1355.334668,0.0,0.0,3310.184,0.0,744.8774
2020-05-15 12:00:00,398.0,400.0,14.979622,23.730939,1546.0,0.0,0.0,3556.70676,17.09724,781.006014
2020-05-15 13:00:00,317.074704,400.0,14.979622,23.362618,1611.325296,0.0,0.0,3653.354,0.0,811.204306
2020-05-15 14:00:00,400.0,400.0,18.072542,24.074031,1680.296933,0.0,0.0,3603.286,0.0,846.59836
2020-05-15 15:00:00,400.0,400.0,19.68943,24.530608,1643.555017,0.0,0.0,3217.896,0.0,847.551147
2020-05-15 16:00:00,400.0,400.0,19.68943,25.103914,1811.60809,0.0,0.0,2744.132,0.0,830.028586
2020-05-15 17:00:00,400.0,400.0,22.732362,27.408054,1509.305884,0.0,0.0,2078.95,0.0,831.096617
2020-05-15 18:00:00,400.0,400.0,23.128644,68.621762,1359.066237,0.0,0.0,1391.038,0.0,757.645764
2020-05-15 19:00:00,400.0,400.0,26.429316,75.004411,1024.28912,0.0,0.0,1011.264,0.0,765.296232
2020-05-15 20:00:00,400.0,400.0,26.429316,26.656585,931.196549,0.0,0.0,736.016,0.0,716.372918
2020-05-15 21:00:00,400.0,400.0,76.755559,25.078882,862.795801,0.0,21.793429,805.184,0.0,690.49323
2020-05-15 22:00:00,400.0,400.0,76.429316,26.276864,783.196008,0.0,11.830791,650.128,0.0,619.189799
2020-05-15 23:00:00,400.0,400.0,77.050889,26.731542,550.97811,0.0,168.450674,363.57,0.0,564.523784
2020-05-16 00:00:00,400.0,400.0,76.755559,22.709794,656.675586,0.0,35.796376,369.982,0.0,542.895962
2020-05-16 01:00:00,400.0,400.0,23.437807,22.576747,866.140896,0.0,0.0,333.618,0.0,506.021566
2020-05-16 02:00:00,400.0,400.0,22.96816,23.069973,993.473572,0.0,0.0,328.162,0.0,486.103264
2020-05-16 03:00:00,400.0,400.0,22.96816,22.96816,1000.320784,0.0,0.0,326.322,0.0,484.800182
2020-05-16 04:00:00,400.0,400.0,22.492854,22.96816,1128.894974,0.0,0.0,410.298,0.0,478.110454
2020-05-16 05:00:00,400.0,400.0,21.647258,19.983547,1185.260229,0.0,0.0,433.082,0.0,473.073266
2020-05-16 06:00:00,400.0,267.488544,18.861019,14.982507,1742.301909,0.0,0.0,1084.9,0.0,487.289714
2020-05-16 07:00:00,400.0,178.541619,16.970947,14.982507,1860.385466,0.0,0.0,1527.298,0.0,535.93688
2020-05-16 08:00:00,400.0,29.4,16.970947,14.982507,1867.039527,0.0,0.0,1846.102,0.0,582.759371
2020-05-16 09:00:00,319.99266,133.144157,14.981951,14.982507,1994.40734,0.0,0.0,2314.666,0.0,633.938799
2020-05-16 10:00:00,400.0,297.537318,15.731586,14.982507,1894.255104,0.0,0.0,2534.002,0.0,681.862034
2020-05-16 11:00:00,400.0,400.0,18.463561,18.861019,1825.05416,0.0,0.0,2737.488,0.0,722.765076
2020-05-16 12:00:00,400.0,400.0,19.034775,19.68943,1702.556454,0.0,0.0,2783.97,0.0,748.112032
2020-05-16 13:00:00,400.0,400.0,19.68943,21.116714,1554.568729,0.0,0.0,2815.838,0.0,775.090391
2020-05-16 14:00:00,400.0,400.0,19.983547,23.4071,1534.895575,0.0,0.0,2759.632,0.0,795.110464
2020-05-16 15:00:00,400.0,400.0,20.400003,26.61521,1655.066997,0.0,0.0,2554.602,0.0,799.58025
2020-05-16 16:00:00,400.0,400.0,19.983547,23.657594,1867.633396,0.0,0.0,2162.12,0.0,787.572991
2020-05-16 17:00:00,400.0,400.0,23.128644,29.629851,1557.12425,0.0,0.0,1684.814,0.0,818.053463
2020-05-16 18:00:00,400.0,400.0,25.9087,72.928463,1266.929144,0.0,0.0,911.45,0.0,746.778128
2020-05-16 19:00:00,400.0,400.0,26.429316,67.656713,1082.030878,0.0,0.0,749.948,0.0,752.087568
2020-05-16 20:00:00,400.0,400.0,24.617414,28.508145,1320.730301,0.0,0.0,752.0,0.0,713.590455
2020-05-16 21:00:00,400.0,400.0,26.324557,26.429316,1045.778303,0.0,0.0,622.482,0.0,682.155555
2020-05-16 22:00:00,400.0,400.0,23.128644,27.360612,1368.018008,0.0,0.0,501.354,0.0,615.650399
2020-05-16 23:00:00,400.0,400.0,24.617414,25.216816,833.963985,0.0,0.0,286.28,0.0,556.997402
2020-05-17 00:00:00,400.0,400.0,23.437807,27.486986,785.948971,0.0,0.0,397.084,0.0,527.570254
2020-05-17 01:00:00,400.0,400.0,22.732362,24.503518,1032.793277,0.0,0.0,402.78,0.0,491.398008
2020-05-17 02:00:00,400.0,400.0,23.069973,23.206766,842.11739,0.0,0.0,458.484,0.0,475.104991
2020-05-17 03:00:00,400.0,400.0,22.492854,23.069973,1005.929796,0.0,0.0,617.63,0.0,474.405031
2020-05-17 04:00:00,400.0,400.0,21.647258,22.516066,1070.479698,0.0,0.0,605.878,0.0,462.959745
2020-05-17 05:00:00,400.0,400.0,21.116411,19.430296,1214.888541,0.0,0.0,703.304,0.0,455.912319
2020-05-17 06:00:00,400.0,106.643639,16.970947,14.981951,1746.958366,0.0,0.0,1261.23,0.0,459.790745
2020-05-17 07:00:00,112.920465,34.4,14.9805,0.0,2025.479535,0.0,0.0,1854.6,0.0,507.01807
2020-05-17 08:00:00,102.964323,25.4,14.9805,0.0,2028.435677,0.0,0.0,2107.33,0.0,544.484148
2020-05-17 09:00:00,104.568418,40.341759,14.981951,0.0,2045.831582,0.0,0.0,2438.732,0.0,591.585063
2020-05-17 10:00:00,91.703253,190.196478,14.981951,14.981951,2056.696747,0.0,0.0,2747.486,0.0,636.268388
2020-05-17 11:00:00,222.534554,387.125251,14.981951,14.981951,1923.865446,0.0,0.0,2953.334,0.0,687.070283
2020-05-17 12:00:00,398.0,400.0,14.981951,19.430296,1754.398194,0.0,0.0,2998.868,0.0,719.320471
2020-05-17 13:00:00,400.0,400.0,19.034775,21.116714,1542.005159,0.0,0.0,2948.734,0.0,752.959326
2020-05-17 14:00:00,400.0,400.0,19.983547,26.145132,1441.463869,0.0,0.0,2809.15,0.0,786.55292
2020-05-17 15:00:00,400.0,400.0,20.846138,24.235238,1488.944565,0.0,0.0,2566.23,0.0,796.242815
2020-05-17 16:00:00,400.0,400.0,21.116411,25.636582,1640.934399,0.0,0.0,2092.35,0.0,781.11234
2020-05-17 17:00:00,400.0,400.0,23.128644,27.41603,1399.088591,0.0,0.0,1543.3,0.0,816.031711
2020-05-17 18:00:00,400.0,400.0,24.617414,72.634009,1311.212177,0.0,0.0,804.88,0.0,748.600173
2020-05-17 19:00:00,400.0,400.0,26.429316,75.263643,1104.447602,0.0,0.0,624.668,0.0,758.58306
2020-05-17 20:00:00,400.0,400.0,24.62179,27.395509,1293.374341,0.0,0.0,592.25,0.0,716.981349
2020-05-17 21:00:00,400.0,400.0,25.9087,26.114714,1082.636692,0.0,0.0,463.25,0.0,675.991996
2020-05-17 22:00:00,400.0,400.0,23.657594,26.902785,1116.582332,0.0,0.0,451.084,0.0,615.82525
2020-05-17 23:00:00,400.0,400.0,23.128644,24.795774,1049.74329,0.0,0.0,302.68,0.0,550.340507
2020-05-18 00:00:00,400.0,400.0,22.576747,22.576747,1233.416965,0.0,0.0,286.168,0.0,520.312655
2020-05-18 01:00:00,400.0,400.0,21.647258,21.474047,1385.942237,0.0,0.0,275.052,0.0,495.766464
2020-05-18 02:00:00,400.0,400.0,21.116411,21.116714,1591.860073,0.0,0.0,346.632,0.0,475.615789
2020-05-18 03:00:00,400.0,400.0,21.116411,20.419098,1579.820714,0.0,0.0,391.268,0.0,484.117093
2020-05-18 04:00:00,400.0,400.0,21.116411,21.116714,1585.363404,0.0,0.0,415.332,0.0,486.895289
2020-05-18 05:00:00,400.0,400.0,21.474047,19.68943,1479.028787,0.0,0.0,471.886,0.0,511.328582
2020-05-18 06:00:00,400.0,400.0,20.846138,14.982507,1635.459635,0.0,0.0,934.364,0.0,557.235655
2020-05-18 07:00:00,400.0,95.324292,21.288154,14.981951,1495.175974,0.0,0.0,1140.438,0.0,609.189304
2020-05-18 08:00:00,400.0,210.228087,19.983547,14.982507,1770.874521,0.0,0.0,1637.868,0.0,642.449022
2020-05-18 09:00:00,400.0,400.0,20.419098,14.982507,1686.036238,0.0,0.0,1949.2,0.0,701.874564
2020-05-18 10:00:00,400.0,400.0,19.983547,18.861019,1766.211071,0.0,0.0,2273.104,0.0,738.433939
2020-05-18 11:00:00,400.0,400.0,21.287879,19.685338,1531.943331,0.0,0.0,2439.73,0.0,798.568
2020-05-18 12:00:00,400.0,400.0,21.647258,19.983547,1420.68312,0.0,0.0,2542.05,0.0,830.605032
2020-05-18 13:00:00,400.0,400.0,22.492854,21.287879,1338.72307,0.0,0.0,2687.2,0.0,864.671539
2020-05-18 14:00:00,400.0,400.0,22.492854,22.516066,1328.722814,0.0,0.0,2576.804,0.0,875.112178
2020-05-18 15:00:00,400.0,400.0,22.732362,25.299047,1380.131009,0.0,0.0,2375.252,0.0,864.918149
2020-05-18 16:00:00,400.0,400.0,22.516066,26.078991,1486.981911,0.0,0.0,2053.672,0.0,826.153513
2020-05-18 17:00:00,400.0,400.0,23.87513,26.790449,1261.660901,0.0,0.0,1576.97,0.0,841.696365
2020-05-18 18:00:00,400.0,400.0,24.617414,70.145367,1332.132102,0.0,0.0,1060.078,0.0,783.741885
2020-05-18 19:00:00,400.0,400.0,26.429316,73.746932,1120.959619,0.0,0.0,883.43,0.0,792.520557
2020-05-18 20:00:00,400.0,400.0,24.617414,26.324557,1333.412299,0.0,0.0,852.5,0.0,750.013155
2020-05-18 21:00:00,400.0,400.0,23.437807,27.826251,1243.203875,0.0,0.0,832.618,0.0,707.312119
2020-05-18 22:00:00,400.0,400.0,24.617414,24.85552,929.62575,0.0,0.0,720.23,0.0,630.990637
2020-05-18 23:00:00,400.0,400.0,23.128644,26.328108,980.522342,0.0,0.0,695.298,0.0,566.366349
2020-05-19 00:00:00,400.0,400.0,23.128644,22.732362,950.450905,0.0,0.0,457.99,0.0,535.280864
2020-05-19 01:00:00,400.0,400.0,23.128644,20.419098,967.878308,0.0,0.0,296.166,0.0,508.393154
2020-05-19 02:00:00,400.0,400.0,23.069973,20.846138,1039.990528,0.0,0.0,255.684,0.0,491.504021
2020-05-19 03:00:00,400.0,400.0,22.732362,20.419098,1124.768445,0.0,0.0,347.68,0.0,492.586733
2020-05-19 04:00:00,400.0,400.0,23.128644,21.116411,1002.225577,0.0,0.0,357.38,0.0,512.423163
2020-05-19 05:00:00,400.0,400.0,21.287879,20.400003,1412.988133,0.0,0.0,528.948,0.0,476.54398
2020-05-19 06:00:00,400.0,400.0,20.846138,19.68943,1495.352793,0.0,0.0,1171.782,0.0,560.614381
2020-05-19 07:00:00,400.0,314.411854,19.034775,14.9805,1833.426888,0.0,0.0,1789.328,0.0,602.535167
2020-05-19 08:00:00,400.0,236.048525,18.861019,14.9805,1892.84212,0.0,0.0,2087.596,0.0,638.363082
2020-05-19 09:00:00,310.8865,111.39347,14.979622,14.9805,2081.513502,0.0,0.0,2569.328,0.0,682.322175
2020-05-19 10:00:00,336.261901,362.967836,14.979622,14.9805,2060.138099,0.0,0.0,2803.484,0.0,720.651885
2020-05-19 11:00:00,400.0,400.0,19.034775,19.983547,1852.595518,0.0,0.0,2853.672,0.0,759.311472
2020-05-19 12:00:00,400.0,400.0,20.400003,21.474047,1590.819731,0.0,0.0,2889.86,0.0,804.00604
2020-05-19 13:00:00,400.0,400.0,21.116714,25.991101,1445.824627,0.0,0.0,2774.172,0.0,833.902106
2020-05-19 14:00:00,400.0,400.0,21.116714,24.306674,1608.604209,0.0,0.0,2689.298,0.0,850.004069
2020-05-19 15:00:00,400.0,400.0,22.492854,26.763394,1585.007755,0.0,0.0,2521.472,0.0,881.619637
2020-05-19 16:00:00,400.0,400.0,19.983547,25.130108,2101.914945,0.0,0.0,2507.47,0.0,833.033258
2020-05-19 17:00:00,400.0,400.0,23.657594,27.025337,1306.356381,0.0,0.0,1490.738,0.0,830.307243
2020-05-19 18:00:00,400.0,400.0,23.437807,68.845014,1501.314756,0.0,0.0,1085.968,0.0,768.097987
2020-05-19 19:00:00,400.0,400.0,24.62179,75.200156,1255.633352,0.0,0.0,927.302,0.0,781.150297
2020-05-19 20:00:00,400.0,400.0,22.576747,26.54529,1831.269613,0.0,0.0,1190.634,0.0,734.304658
2020-05-19 21:00:00,400.0,400.0,23.069973,26.437908,1485.536337,0.0,0.0,947.51,0.0,696.446049
2020-05-19 22:00:00,400.0,400.0,21.474047,26.986795,1860.459443,0.0,0.0,848.002,0.0,625.281384
2020-05-19 23:00:00,400.0,400.0,22.576747,23.972335,1158.944697,0.0,0.0,767.95,0.0,558.750795
2020-05-20 00:00:00,400.0,400.0,22.516066,21.843654,1196.977769,0.0,0.0,648.07,0.0,526.813835
2020-05-20 01:00:00,400.0,400.0,21.288154,21.647258,1365.936356,0.0,0.0,655.832,0.0,502.634347
2020-05-20 02:00:00,400.0,400.0,22.516066,21.647258,1171.294378,0.0,0.0,379.514,0.0,490.382943
2020-05-20 03:00:00,400.0,400.0,22.576747,21.843654,1158.894253,0.0,0.0,365.85,0.0,490.193362
2020-05-20 04:00:00,400.0,400.0,23.069973,22.732362,1005.883337,0.0,0.0,355.672,0.0,511.618299
2020-05-20 05:00:00,400.0,400.0,19.68943,21.116714,1697.402292,0.0,0.0,779.662,0.0,471.488956
2020-05-20 06:00:00,400.0,400.0,19.68943,19.68943,1723.66336,0.0,0.0,1423.238,0.0,564.086196
2020-05-20 07:00:00,400.0,400.0,19.983547,19.983547,1607.682981,0.0,0.0,1678.77,0.0,619.813053
2020-05-20 08:00:00,400.0,400.0,19.983547,20.419098,1622.370015,0.0,0.0,2031.768,0.0,670.559698
2020-05-20 09:00:00,400.0,400.0,21.116714,22.492854,1441.63053,0.0,0.0,2213.168,0.0,724.88062
2020-05-20 10:00:00,400.0,400.0,21.116411,23.417569,1453.55246,0.0,0.0,2376.334,0.0,777.567231
2020-05-20 11:00:00,400.0,400.0,21.647258,26.786572,1528.208621,0.0,0.0,2488.63,0.0,817.863207
2020-05-20 12:00:00,400.0,400.0,21.647258,24.60166,1545.971199,0.0,0.0,2647.152,0.0,864.47712
2020-05-20 13:00:00,400.0,400.0,21.288154,26.249491,1736.048823,0.0,0.0,2701.07,0.0,897.303177
2020-05-20 14:00:00,400.0,400.0,20.846138,26.527472,2032.891998,0.0,0.0,2579.9,0.0,913.3512
2020-05-20 15:00:00,400.0,400.0,23.069973,25.927442,1851.287032,0.0,0.0,2243.28,0.0,945.598945
2020-05-20 16:00:00,400.0,400.0,24.62179,31.867812,1489.90718,0.0,0.0,1676.33,0.0,924.663423
2020-05-20 17:00:00,400.0,400.0,26.324557,76.504181,1435.492337,0.0,0.0,1519.616,0.0,932.268549
2020-05-20 18:00:00,400.0,400.0,26.324557,58.442321,1456.766133,0.0,0.0,1029.418,0.0,855.69778
2020-05-20 19:00:00,400.0,400.0,26.755559,72.982205,1214.953585,0.0,0.0,839.67,0.0,863.507462
2020-05-20 20:00:00,400.0,400.0,24.08455,26.429316,1807.960058,0.0,0.0,1241.049489,336.680511,801.763415
2020-05-20 21:00:00,400.0,400.0,23.462192,28.691571,1760.889593,0.0,0.0,1171.586857,342.843143,745.15459
2020-05-20 22:00:00,400.0,400.0,21.647258,24.119091,1671.731073,0.0,0.0,1188.948,0.0,654.632539
2020-05-20 23:00:00,400.0,400.0,21.647258,23.437807,1533.227366,0.0,0.0,936.298,0.0,584.260595
2020-05-21 00:00:00,172.148757,400.0,14.975624,22.576747,2466.251244,0.0,0.0,1605.454835,75.615165,544.680539
2020-05-21 01:00:00,0.0,364.430077,0.0,14.9805,2652.0,0.0,0.0,1630.605541,514.394459,520.590831
2020-05-21 02:00:00,398.0,351.506987,14.9805,14.9805,2255.0,0.0,0.0,1113.887926,7.332074,502.633189
2020-05-21 03:00:00,400.0,400.0,19.685338,19.430296,1988.405098,0.0,0.0,857.002,0.0,504.089535
2020-05-21 04:00:00,400.0,400.0,21.647258,18.861019,1493.790026,0.0,0.0,487.548,0.0,522.863696
2020-05-21 05:00:00,400.0,392.675269,21.287879,14.9805,1634.641118,0.0,0.0,383.272,0.0,486.094632
2020-05-21 06:00:00,400.0,400.0,21.474047,18.861019,1572.963542,0.0,0.0,943.79,0.0,579.423969
2020-05-21 07:00:00,400.0,298.170315,20.419098,14.9805,1763.997912,0.0,0.0,1533.54,0.0,639.231313
2020-05-21 08:00:00,400.0,375.857506,19.68943,14.9805,1955.659488,0.0,0.0,2051.902,0.0,688.236377
2020-05-21 09:00:00,400.0,400.0,19.430296,18.06856,2021.070868,0.0,0.0,2459.252,0.0,739.52717
2020-05-21 10:00:00,400.0,400.0,19.68943,19.430296,1915.115088,0.0,0.0,2715.45,0.0,793.850237
2020-05-21 11:00:00,400.0,400.0,20.419098,19.68943,1792.612904,0.0,0.0,2844.32,0.0,831.556064
2020-05-21 12:00:00,400.0,400.0,22.185841,21.116411,1447.171755,0.0,0.0,2786.902,0.0,874.759537
2020-05-21 13:00:00,400.0,400.0,73.206766,21.843654,1041.521818,0.0,127.863909,2607.2,0.0,908.651727
2020-05-21 14:00:00,400.0,400.0,73.437807,21.843654,966.378568,0.0,190.195147,2466.45,0.0,898.810715
2020-05-21 15:00:00,400.0,400.0,73.437807,27.602142,1026.803411,0.0,57.373677,2297.784,0.0,916.647088
2020-05-21 16:00:00,400.0,400.0,22.335927,70.185978,1919.855626,0.0,0.0,2642.376964,210.755036,890.628201
2020-05-21 17:00:00,400.0,400.0,76.429316,24.209571,975.174009,0.0,184.14239,1785.15,0.0,903.596399
2020-05-21 18:00:00,400.0,400.0,76.429316,76.288775,938.197951,0.0,121.097556,1285.168,0.0,837.745507
2020-05-21 19:00:00,400.0,400.0,76.324557,25.158374,1055.411733,0.0,36.501707,1485.368,0.0,846.59344
2020-05-21 20:00:00,400.0,400.0,20.526636,28.019977,2273.424738,0.0,0.0,2378.466812,170.671188,796.056311
2020-05-21 21:00:00,400.0,400.0,20.547985,23.069973,1821.211448,0.0,0.0,2321.518797,120.381203,748.846102
2020-05-21 22:00:00,400.0,400.0,23.128644,24.813981,968.744104,0.0,0.0,1285.42,0.0,668.051384
2020-05-21 23:00:00,400.0,400.0,23.128644,28.027586,969.821729,0.0,0.0,802.47,0.0,595.447241
2020-05-22 00:00:00,400.0,400.0,74.617414,20.419098,533.146231,0.0,191.007334,501.99,0.0,562.626565
2020-05-22 01:00:00,400.0,400.0,77.050889,19.68943,240.676171,0.0,429.872903,327.83,0.0,527.123074
2020-05-22 02:00:00,400.0,400.0,76.755559,21.905537,287.07204,0.0,361.994354,271.548,0.0,511.721394
2020-05-22 03:00:00,400.0,400.0,76.755559,20.846138,303.245184,0.0,348.556838,297.352,0.0,513.166022
2020-05-22 04:00:00,400.0,400.0,83.752662,22.23556,171.66166,0.0,499.029491,270.716,0.0,528.908151
2020-05-22 05:00:00,400.0,92.233869,73.437807,8.759837,587.874136,0.0,36.840844,392.634,0.0,484.76398
2020-05-22 06:00:00,400.0,84.4,73.128644,0.0,645.459984,0.0,116.075918,1065.886,0.0,577.113902
2020-05-22 07:00:00,400.0,400.0,21.843654,18.573789,871.897683,0.0,0.0,1657.07,0.0,631.825848
2020-05-22 08:00:00,400.0,400.0,21.647258,19.034775,936.816075,0.0,0.0,2115.604,0.0,690.868189
2020-05-22 09:00:00,400.0,400.0,21.116714,18.067682,1059.267457,0.0,0.0,2623.364,0.0,748.664481
2020-05-22 10:00:00,400.0,48.120275,71.474047,14.992378,957.238893,0.0,68.070973,2893.078,0.0,804.425866
2020-05-22 11:00:00,400.0,234.430176,71.647258,15.0,881.536336,0.0,190.911214,3057.02,0.0,840.37255
2020-05-22 12:00:00,400.0,400.0,71.843654,23.310605,868.19483,0.0,205.766745,3095.432,0.0,873.635575
2020-05-22 13:00:00,400.0,400.0,71.647258,23.851005,1095.546773,0.0,66.996111,3349.886,0.0,905.450884
2020-05-22 14:00:00,400.0,400.0,21.287879,25.534549,1215.265653,0.0,0.0,3184.73,0.0,913.719652
2020-05-22 15:00:00,400.0,400.0,23.069973,22.492854,1260.133521,0.0,0.0,2955.398,0.0,928.089672
2020-05-22 16:00:00,400.0,400.0,20.846138,26.34912,1655.420625,0.0,0.0,2616.854,0.0,894.515006
2020-05-22 17:00:00,400.0,400.0,22.732362,25.964463,1803.328244,0.0,0.0,2133.35,0.0,908.553263
2020-05-22 18:00:00,400.0,400.0,22.96816,75.221359,1932.887925,0.0,0.0,1529.91,0.0,826.353311
2020-05-22 19:00:00,400.0,400.0,23.069973,72.067043,1879.749561,0.0,0.0,1418.478,0.0,817.609266
2020-05-22 20:00:00,400.0,400.0,21.288154,28.028566,2287.690612,0.0,0.0,1514.7,0.0,770.851408
2020-05-22 21:00:00,400.0,400.0,22.492854,27.039286,1932.937856,0.0,0.0,1249.396,0.0,731.018722
2020-05-22 22:00:00,400.0,400.0,22.492854,27.20163,1740.291137,0.0,0.0,945.134,0.0,661.026429
2020-05-22 23:00:00,400.0,400.0,21.122752,23.437807,1836.296491,0.0,0.0,1319.160842,1.219158,596.229653
2020-05-23 00:00:00,400.0,400.0,21.116714,27.183095,1479.418658,0.0,0.0,1067.632,0.0,558.782001
2020-05-23 01:00:00,400.0,400.0,22.492854,21.288154,881.148666,0.0,0.0,950.186,0.0,524.4056
2020-05-23 02:00:00,400.0,400.0,21.116714,20.419098,1100.896591,0.0,0.0,1077.89,0.0,510.599011
2020-05-23 03:00:00,400.0,400.0,21.647258,20.419098,968.860278,0.0,0.0,896.278,0.0,503.162658
2020-05-23 04:00:00,400.0,400.0,20.526636,21.905537,1346.451035,0.0,0.0,1326.587265,27.294735,511.070434
2020-05-23 05:00:00,224.211211,121.031875,14.975624,14.975521,1857.18879,0.0,0.0,1381.327019,142.810981,442.670734
2020-05-23 06:00:00,0.0,85.4,0.0,0.0,2092.0,0.0,0.0,2024.677375,609.304625,503.951606
2020-05-23 07:00:00,0.0,83.4,0.0,0.0,2087.0,0.0,0.0,2378.914877,336.303123,557.837232
2020-05-23 08:00:00,0.0,83.4,0.0,0.0,2085.0,0.0,0.0,2799.858909,174.719091,621.278836
2020-05-23 09:00:00,0.0,85.4,0.0,0.0,2083.0,0.0,0.0,3215.880526,122.289474,683.982079
2020-05-23 10:00:00,168.400202,94.9124,14.979622,14.99057,1906.999799,0.0,0.0,3341.062,0.0,729.15933
2020-05-23 11:00:00,0.0,159.090045,10.742238,15.458279,1979.187183,0.0,0.0,3573.453788,9.198212,753.189991
2020-05-23 12:00:00,0.0,192.460015,1.071833,19.264685,2079.0,0.0,0.0,3799.101587,4.730413,772.065238
2020-05-23 13:00:00,396.0,400.0,14.996722,24.714799,1638.347945,0.0,0.0,3505.200034,5.177966,794.077813
2020-05-23 14:00:00,400.0,400.0,19.430296,22.121695,1447.252844,0.0,0.0,3169.862,0.0,797.941373
2020-05-23 15:00:00,189.277699,400.0,14.999109,26.969663,1979.954697,0.0,0.0,3191.416,0.0,825.519195
2020-05-23 16:00:00,400.0,400.0,18.861019,25.357512,2317.080297,0.0,0.0,2652.168,0.0,802.813155
2020-05-23 17:00:00,400.0,400.0,23.069973,25.880326,1529.158858,0.0,0.0,1914.38,0.0,838.083171
2020-05-23 18:00:00,400.0,400.0,23.128644,26.411448,1458.746647,0.0,0.0,1308.534,0.0,761.068103
2020-05-23 19:00:00,400.0,400.0,24.617414,76.429316,1190.118781,0.0,0.0,1008.098,0.0,770.846883
2020-05-23 20:00:00,400.0,400.0,24.617414,67.67194,1185.3729,0.0,0.0,797.25,0.0,730.331565
2020-05-23 21:00:00,400.0,400.0,23.657594,26.290581,1244.822248,0.0,0.0,637.198,0.0,689.156363
2020-05-23 22:00:00,400.0,400.0,23.128644,25.986333,1265.245942,0.0,0.0,668.22,0.0,637.496109
2020-05-23 23:00:00,400.0,400.0,23.069973,25.221538,1099.024579,0.0,0.0,453.382,0.0,576.953613
2020-05-24 00:00:00,400.0,400.0,22.732362,23.069973,1240.958155,0.0,0.0,357.48,0.0,541.278277
2020-05-24 01:00:00,400.0,400.0,22.96816,23.069973,1068.801375,0.0,0.0,330.47,0.0,509.800294
2020-05-24 02:00:00,400.0,400.0,22.576747,22.732362,1155.269971,0.0,0.0,336.25,0.0,497.697004
2020-05-24 03:00:00,400.0,400.0,22.576747,22.492854,1173.886165,0.0,0.0,304.148,0.0,490.089275
2020-05-24 04:00:00,400.0,400.0,22.732362,21.647258,1123.625613,0.0,0.0,283.4,0.0,494.516158
2020-05-24 05:00:00,400.0,400.0,20.400003,19.685338,1646.632286,0.0,0.0,362.564,0.0,427.939757
2020-05-24 06:00:00,400.0,218.549222,19.685338,14.9805,1785.592391,0.0,0.0,802.512,0.0,473.087941
2020-05-24 07:00:00,400.0,62.4,19.685338,0.0,1804.18484,0.0,0.0,1132.802,0.0,519.842574
2020-05-24 08:00:00,400.0,29.975144,18.072542,4.487415,1997.406443,0.0,0.0,1708.066,0.0,577.148934
2020-05-24 09:00:00,400.0,212.724758,19.034775,14.981951,1895.554629,0.0,0.0,2003.932,0.0,636.806606
2020-05-24 10:00:00,400.0,333.222952,20.846138,14.981951,1550.656081,0.0,0.0,1971.654,0.0,683.699688
2020-05-24 11:00:00,400.0,400.0,21.288154,18.573789,1430.409011,0.0,0.0,1980.15,0.0,703.011148
2020-05-24 12:00:00,400.0,400.0,21.116714,19.430296,1483.090685,0.0,0.0,2222.89,0.0,731.519897
2020-05-24 13:00:00,400.0,400.0,22.576747,20.419098,1136.426357,0.0,0.0,1973.732,0.0,746.145846
2020-05-24 14:00:00,400.0,400.0,22.576747,21.843654,1164.467057,0.0,0.0,1922.398,0.0,734.239641
2020-05-24 15:00:00,400.0,400.0,73.206766,23.069973,890.376817,0.0,54.99766,1671.0,0.0,763.143477
2020-05-24 16:00:00,400.0,400.0,20.419098,28.782974,1710.474829,0.0,0.0,2012.604,0.0,745.369376
2020-05-24 17:00:00,400.0,400.0,23.657594,23.437807,1064.235061,0.0,0.0,1394.798,0.0,778.434441
2020-05-24 18:00:00,400.0,400.0,22.492854,72.330467,1548.502565,0.0,0.0,1447.948,0.0,720.366815
2020-05-24 19:00:00,400.0,400.0,23.069973,64.581535,1356.347783,0.0,0.0,1347.35,0.0,744.000333
2020-05-24 20:00:00,400.0,400.0,22.516066,26.733317,1584.433257,0.0,0.0,1320.336,0.0,703.935411
2020-05-24 21:00:00,400.0,400.0,21.843654,25.758491,1475.188374,0.0,0.0,1305.03,0.0,664.776244
2020-05-24 22:00:00,400.0,400.0,21.843654,26.83505,1284.293101,0.0,0.0,1061.482,0.0,603.628335
2020-05-24 23:00:00,400.0,400.0,20.400003,23.707719,1591.30543,0.0,0.0,1114.562,0.0,549.038485
2020-05-25 00:00:00,400.0,400.0,19.685338,25.973532,1740.114105,0.0,0.0,1066.368,0.0,519.488084
2020-05-25 01:00:00,400.0,400.0,19.685338,28.916944,1726.450819,0.0,0.0,850.348,0.0,489.134577
2020-05-25 02:00:00,400.0,400.0,20.419098,22.96816,1364.789992,0.0,0.0,816.6,0.0,485.071501
2020-05-25 03:00:00,400.0,400.0,20.419098,22.516066,1252.307229,0.0,0.0,1052.08,0.0,484.015916
2020-05-25 04:00:00,400.0,400.0,21.647258,22.96816,940.473703,0.0,0.0,918.072,0.0,510.689745
2020-05-25 05:00:00,400.0,400.0,21.116714,21.843654,1104.591234,0.0,0.0,851.952,0.0,476.154115
2020-05-25 06:00:00,400.0,400.0,21.287879,19.68943,1079.09926,0.0,0.0,1309.016,0.0,548.537511
2020-05-25 07:00:00,400.0,400.0,19.983547,18.573789,1342.662591,0.0,0.0,1818.578,0.0,585.437311
2020-05-25 08:00:00,142.339311,339.728666,14.975368,14.981951,1905.060689,0.0,0.0,2523.066924,79.355076,606.750935
2020-05-25 09:00:00,0.0,74.4,0.0,11.445137,2059.0,0.0,0.0,2773.681336,551.150664,621.2522
2020-05-25 10:00:00,0.0,61.4,0.0,-0.0,2058.0,0.0,0.0,2903.497739,450.182261,640.874661
2020-05-25 11:00:00,0.0,190.533975,0.0,14.9805,2059.0,0.0,0.0,2883.806697,503.575303,637.771005
2020-05-25 12:00:00,0.0,178.138437,0.0,14.979622,2072.0,0.0,0.0,2889.596141,415.699859,636.689421
2020-05-25 13:00:00,0.0,361.417042,0.0,14.981951,2071.0,0.0,0.0,2905.230217,475.237783,639.184533
2020-05-25 14:00:00,0.0,400.0,0.0,18.072542,2074.0,0.0,0.0,2819.309984,655.990016,625.846498
2020-05-25 15:00:00,0.0,400.0,0.0,20.419098,2073.0,0.0,0.0,2979.747109,320.950891,650.062066
2020-05-25 16:00:00,0.0,400.0,0.0,20.958428,2085.0,0.0,0.0,2897.163015,60.668985,635.874452
2020-05-25 17:00:00,400.0,400.0,18.861019,25.903799,1547.362442,0.0,0.0,2472.238,0.0,678.281334
2020-05-25 18:00:00,400.0,400.0,19.68943,70.384767,1485.928347,0.0,0.0,1834.848,0.0,619.637948
2020-05-25 19:00:00,400.0,400.0,22.516066,55.520823,975.439903,0.0,0.0,1514.73,0.0,648.193515
2020-05-25 20:00:00,400.0,400.0,23.027478,25.499959,962.998348,0.0,0.0,1534.33,0.0,629.749748
2020-05-25 21:00:00,400.0,400.0,22.972766,23.283031,806.807237,0.0,0.0,1555.643984,107.604016,603.125512
2020-05-25 22:00:00,400.0,400.0,22.335927,25.622868,948.468523,0.0,0.0,1253.173611,272.074389,536.505763
2020-05-25 23:00:00,278.763435,400.0,14.978232,21.368347,1396.636565,0.0,0.0,1991.463692,281.658308,503.974069
2020-05-26 00:00:00,400.0,400.0,20.547985,19.68943,928.729659,0.0,0.0,1363.314594,240.717406,479.93774
2020-05-26 01:00:00,0.0,371.387375,0.0,14.981951,1734.0,0.0,0.0,1980.153224,263.448776,451.672984
2020-05-26 02:00:00,0.0,264.798499,0.0,14.981951,1744.0,0.0,0.0,1997.52309,524.09891,452.778463
2020-05-26 03:00:00,0.0,353.718138,0.0,14.981951,1747.0,0.0,0.0,2021.614225,677.901775,455.942134
2020-05-26 04:00:00,0.0,400.0,0.0,21.116411,1744.0,0.0,0.0,2199.704795,423.495205,483.105719
2020-05-26 05:00:00,0.0,400.0,0.0,22.793467,1736.0,0.0,0.0,1790.768926,917.881074,422.965339
2020-05-26 06:00:00,0.0,400.0,0.0,18.861019,1724.0,0.0,0.0,2412.122164,781.079836,517.968325
2020-05-26 07:00:00,0.0,400.0,0.0,18.573789,1719.0,0.0,0.0,2711.790689,802.391311,563.668603
2020-05-26 08:00:00,0.0,221.104897,0.0,14.981951,1718.0,0.0,0.0,2920.996128,808.853872,595.199419
2020-05-26 09:00:00,0.0,70.4,0.0,-0.0,1715.0,0.0,0.0,3117.241039,583.996961,625.086156
2020-05-26 10:00:00,0.0,341.144703,0.0,14.981951,1718.0,0.0,0.0,3308.274003,247.439997,653.2911
2020-05-26 11:00:00,0.0,400.0,0.0,18.573789,1715.0,0.0,0.0,3414.551358,307.528642,669.682704
2020-05-26 12:00:00,49.129299,400.0,14.981951,19.034775,1660.270701,0.0,0.0,3529.2,0.0,695.089395
2020-05-26 13:00:00,0.0,400.0,0.0,20.482283,1720.0,0.0,0.0,3386.889034,64.206966,690.283355
2020-05-26 14:00:00,40.887926,400.0,14.981951,23.023376,1854.512074,0.0,0.0,3299.63,0.0,710.267689
2020-05-26 15:00:00,400.0,400.0,15.731586,21.364935,1659.080572,0.0,0.0,3104.464,0.0,747.357514
2020-05-26 16:00:00,400.0,400.0,15.731586,25.798397,1765.094624,0.0,0.0,2544.588,0.0,737.924006
2020-05-26 17:00:00,400.0,400.0,21.647258,24.684118,1611.295012,0.0,0.0,1958.61,0.0,781.847248
2020-05-26 18:00:00,400.0,400.0,23.069973,69.278437,1435.548491,0.0,0.0,1123.048,0.0,710.624926
2020-05-26 19:00:00,400.0,400.0,24.617414,76.429316,1139.445899,0.0,0.0,912.23,0.0,728.217615
2020-05-26 20:00:00,400.0,400.0,23.128644,24.617414,1378.473593,0.0,0.0,963.34,0.0,695.229961
2020-05-26 21:00:00,400.0,400.0,24.617414,23.437807,847.087103,0.0,0.0,884.534,0.0,656.617035
2020-05-26 22:00:00,400.0,400.0,22.576747,23.657594,1290.990379,0.0,0.0,792.228,0.0,576.185643
2020-05-26 23:00:00,400.0,400.0,21.843654,24.045202,1216.156527,0.0,0.0,768.63,0.0,530.621021
2020-05-27 00:00:00,400.0,400.0,23.069973,23.069973,825.537959,0.0,0.0,578.07,0.0,507.379806
2020-05-27 01:00:00,400.0,400.0,22.732362,22.492854,932.119523,0.0,0.0,457.952,0.0,473.374872
2020-05-27 02:00:00,400.0,400.0,22.732362,22.732362,941.55227,0.0,0.0,415.38,0.0,465.57416
2020-05-27 03:00:00,400.0,400.0,22.732362,22.732362,908.383126,0.0,0.0,402.588,0.0,468.630731
2020-05-27 04:00:00,400.0,400.0,23.069973,22.516066,849.846768,0.0,0.0,479.454,0.0,488.941085
2020-05-27 05:00:00,400.0,400.0,20.846138,19.983547,1276.188145,0.0,0.0,627.262,0.0,447.161078
2020-05-27 06:00:00,400.0,324.487842,19.983547,14.9805,1378.356698,0.0,0.0,1341.066,0.0,538.906395
2020-05-27 07:00:00,400.0,65.4,18.861019,0.0,1663.081295,0.0,0.0,1920.932,0.0,583.177606
2020-05-27 08:00:00,400.0,63.4,16.970947,0.0,1773.165786,0.0,0.0,2326.064,0.0,627.434732
2020-05-27 09:00:00,400.0,290.648034,16.970947,14.9805,1771.272075,0.0,0.0,2671.716,0.0,679.566589
2020-05-27 10:00:00,400.0,400.0,18.861019,14.9805,1679.205489,0.0,0.0,2892.732,0.0,726.528977
2020-05-27 11:00:00,400.0,367.029034,19.685338,14.979622,1512.559915,0.0,0.0,2998.602,0.0,767.406313
2020-05-27 12:00:00,400.0,301.328903,19.68943,16.200119,1473.637511,0.0,0.0,3045.85,0.0,805.831873
2020-05-27 13:00:00,400.0,400.0,21.287879,20.419098,1368.769161,0.0,0.0,3010.99,0.0,844.083126
2020-05-27 14:00:00,400.0,400.0,22.492854,26.051679,1208.758669,0.0,0.0,2941.632,0.0,883.181
2020-05-27 15:00:00,400.0,400.0,21.843654,23.069973,1417.482622,0.0,0.0,2766.278,0.0,907.619307
2020-05-27 16:00:00,400.0,400.0,23.128644,67.854743,1393.757099,0.0,0.0,2378.166,0.0,919.111335
2020-05-27 17:00:00,400.0,400.0,25.9087,74.617414,1123.657363,0.0,0.0,1885.702,0.0,896.106696
2020-05-27 18:00:00,400.0,400.0,76.790897,25.954122,813.366776,0.0,269.347408,1326.348,0.0,848.097184
2020-05-27 19:00:00,400.0,400.0,76.790897,27.937175,748.800229,0.0,317.747537,1196.832,0.0,832.954766
2020-05-27 20:00:00,400.0,400.0,76.324557,27.177449,1010.636847,0.0,23.845226,1252.764,0.0,802.069073
2020-05-27 21:00:00,400.0,400.0,23.128644,24.841378,1225.366668,0.0,0.0,1338.688,0.0,729.4982
2020-05-27 22:00:00,400.0,400.0,23.069973,24.766683,964.260502,0.0,0.0,1264.71,0.0,651.067425
2020-05-27 23:00:00,400.0,400.0,22.96816,25.697429,908.648863,0.0,0.0,1127.032,0.0,585.507471
2020-05-28 00:00:00,400.0,400.0,21.843654,19.685338,1042.525107,0.0,0.0,1029.42,0.0,542.534234
2020-05-28 01:00:00,58.77544,400.0,14.975624,18.861019,2120.62456,0.0,0.0,1903.388303,89.127697,511.914561
2020-05-28 02:00:00,0.0,94.991966,0.0,14.9805,2197.0,0.0,0.0,1867.639487,452.828513,495.095923
2020-05-28 03:00:00,0.0,388.751791,0.0,14.9805,2199.0,0.0,0.0,1857.233554,544.718446,493.235033
2020-05-28 04:00:00,0.0,400.0,0.0,18.573789,2192.0,0.0,0.0,1946.73628,279.87972,507.710442
2020-05-28 05:00:00,0.0,400.0,0.0,16.961401,2187.0,0.0,0.0,1666.339868,759.012132,466.40098
2020-05-28 06:00:00,0.0,375.807374,0.0,14.9805,2182.0,0.0,0.0,2384.820656,465.245344,574.923098
2020-05-28 07:00:00,0.0,400.0,0.0,19.430296,2178.0,0.0,0.0,2685.838307,408.513693,620.675746
2020-05-28 08:00:00,0.0,400.0,0.0,19.430296,2177.0,0.0,0.0,3066.113093,396.498907,677.866964
2020-05-28 09:00:00,0.0,400.0,0.0,19.68943,2175.0,0.0,0.0,3436.100517,132.997483,733.665078
2020-05-28 10:00:00,191.408557,400.0,14.979622,20.846138,1972.991444,0.0,0.0,3586.346,0.0,786.503183
2020-05-28 11:00:00,244.046747,400.0,14.979622,25.0973,1920.353253,0.0,0.0,3608.454,0.0,827.715112
2020-05-28 12:00:00,341.55911,400.0,14.979622,22.63391,2050.84089,0.0,0.0,3708.31,0.0,857.770366
2020-05-28 13:00:00,400.0,400.0,19.68943,26.945363,1720.804345,0.0,0.0,3644.252,0.0,948.667148
2020-05-28 14:00:00,400.0,400.0,19.68943,25.001763,2068.880512,0.0,0.0,3496.32,0.0,929.765923
2020-05-28 15:00:00,400.0,400.0,19.983547,25.843743,2043.089848,0.0,0.0,3256.488,0.0,948.659723
2020-05-28 16:00:00,400.0,400.0,19.430296,25.373921,2474.955048,0.0,0.0,3180.248,0.0,953.443943
2020-05-28 17:00:00,400.0,400.0,19.68943,72.612806,2585.231076,0.0,0.0,2830.168,0.0,912.140539
2020-05-28 18:00:00,400.0,400.0,21.116714,76.845129,2296.60051,0.0,0.0,2118.75,0.0,855.922424
2020-05-28 19:00:00,400.0,400.0,22.732362,27.713176,1943.647141,0.0,0.0,1687.198,0.0,836.932629
2020-05-28 20:00:00,400.0,400.0,22.576747,25.732842,1839.608386,0.0,0.0,1755.688,0.0,809.561942
2020-05-28 21:00:00,400.0,400.0,22.516066,25.854849,1498.76004,0.0,0.0,1656.432,0.0,739.300794
2020-05-28 22:00:00,400.0,400.0,22.732362,26.232977,1262.429411,0.0,0.0,1247.032,0.0,660.090388
2020-05-28 23:00:00,400.0,400.0,23.069973,24.39933,869.369147,0.0,0.0,1138.032,0.0,596.199428
2020-05-29 00:00:00,400.0,400.0,21.647258,24.534993,905.177441,0.0,0.0,1238.79,0.0,552.691884
2020-05-29 01:00:00,400.0,400.0,72.516066,21.116714,622.127271,0.0,69.981338,1115.618,0.0,523.423609
2020-05-29 02:00:00,400.0,400.0,21.843654,20.526636,677.942909,0.0,0.0,1046.962,0.0,504.752864
2020-05-29 03:00:00,400.0,400.0,73.87513,19.899927,401.091991,0.0,249.50921,725.1,0.0,498.001201
2020-05-29 04:00:00,400.0,262.532138,76.429316,14.975624,305.762925,0.0,346.148236,653.704,0.0,501.591161
2020-05-29 05:00:00,400.0,69.4,127.050889,0.0,151.44509,0.0,545.155847,631.018,0.0,521.335937
2020-05-29 06:00:00,400.0,78.4,73.437807,0.0,501.42243,0.0,243.864205,1245.92,0.0,561.074635
2020-05-29 07:00:00,400.0,88.4,72.492854,0.0,645.75215,0.0,170.265928,1794.286,0.0,621.680077
2020-05-29 08:00:00,400.0,89.4,71.288154,0.0,829.697728,0.0,29.864313,2264.598,0.0,664.635041
2020-05-29 09:00:00,400.0,87.4,71.287879,0.0,842.793621,0.0,82.143636,2618.662,0.0,715.780257
2020-05-29 10:00:00,400.0,251.254511,72.492854,14.979622,646.155002,0.0,335.250948,2724.648,0.0,761.17395
2020-05-29 11:00:00,400.0,346.012504,73.437807,18.460676,505.498401,0.0,515.144939,2801.954,0.0,793.86834
2020-05-29 12:00:00,400.0,400.0,73.657594,21.36289,409.974947,0.0,608.243811,2714.08,0.0,820.515758
2020-05-29 13:00:00,400.0,400.0,71.647258,27.121391,958.957325,0.0,48.180676,2884.264,0.0,842.446001
2020-05-29 14:00:00,400.0,400.0,21.647258,24.518868,1258.473642,0.0,0.0,2722.52,0.0,854.256954
2020-05-29 15:00:00,400.0,400.0,21.647258,22.791823,1434.576498,0.0,0.0,2711.316,0.0,853.910925
2020-05-29 16:00:00,400.0,400.0,21.843654,22.732362,1353.165791,0.0,0.0,2361.486,0.0,839.148031
2020-05-29 17:00:00,400.0,400.0,21.843654,29.775284,1546.055488,0.0,0.0,1870.322,0.0,789.789977
2020-05-29 18:00:00,400.0,400.0,23.128644,60.048608,1426.936915,0.0,0.0,1334.502,0.0,755.034763
2020-05-29 19:00:00,400.0,400.0,23.206766,75.9087,1352.053283,0.0,0.0,1240.98,0.0,754.639008
2020-05-29 20:00:00,400.0,400.0,23.206766,30.09869,1362.587254,0.0,0.0,1197.952,0.0,744.204712
2020-05-29 21:00:00,400.0,400.0,23.128644,24.655829,1213.721318,0.0,0.0,1013.872,0.0,685.672602
2020-05-29 22:00:00,400.0,400.0,22.516066,25.261711,1317.645913,0.0,0.0,1081.712,0.0,627.009913
2020-05-29 23:00:00,400.0,400.0,22.576747,22.278469,1104.657477,0.0,0.0,886.28,0.0,576.393378
2020-05-30 00:00:00,400.0,400.0,22.492854,21.988538,774.948123,0.0,0.0,1018.098,0.0,539.122482
2020-05-30 01:00:00,400.0,400.0,72.516066,21.116714,591.507594,0.0,78.127567,1120.702,0.0,505.529161
2020-05-30 02:00:00,400.0,400.0,72.96816,21.287879,509.245374,0.0,139.41412,938.582,0.0,490.550494
2020-05-30 03:00:00,400.0,400.0,22.492854,31.66946,611.427336,0.0,0.0,930.03,0.0,477.2404
2020-05-30 04:00:00,400.0,400.0,21.288154,23.654853,793.872515,0.0,0.0,992.502,0.0,464.194423
2020-05-30 05:00:00,400.0,394.31003,71.647258,16.961401,543.626781,0.0,72.467702,1080.93,0.0,461.745483
2020-05-30 06:00:00,400.0,78.4,19.68943,4.826117,913.217042,0.0,0.0,1512.33,0.0,471.016944
2020-05-30 07:00:00,400.0,70.4,16.970947,0.0,1177.657664,0.0,0.0,2034.098,0.0,509.61605
2020-05-30 08:00:00,0.0,77.4,0.0,0.0,1601.0,0.0,0.0,2680.56094,119.87506,543.084141
2020-05-30 09:00:00,0.0,79.4,0.0,0.0,1599.0,0.0,0.0,2878.103802,341.578198,573.01557
2020-05-30 10:00:00,0.0,77.4,0.0,0.0,1610.0,0.0,0.0,3081.971505,614.414495,601.945726
2020-05-30 11:00:00,0.0,73.4,0.0,0.0,1610.0,0.0,0.0,3160.91604,769.56596,613.787406
2020-05-30 12:00:00,0.0,72.4,0.0,0.0,1608.0,0.0,0.0,3175.385991,720.194009,616.257899
2020-05-30 13:00:00,0.0,72.4,0.0,0.0,1613.0,0.0,0.0,3195.888728,287.701272,618.583309
2020-05-30 14:00:00,47.724704,71.4,14.9805,0.0,1559.675296,0.0,0.0,3174.064,0.0,623.308306
2020-05-30 15:00:00,0.0,336.909308,0.0,16.961401,1613.0,0.0,0.0,3069.546668,62.751332,625.132
2020-05-30 16:00:00,282.434393,400.0,14.9805,21.018378,1504.965608,0.0,0.0,2810.17,0.0,630.180659
2020-05-30 17:00:00,304.971032,400.0,14.979622,23.161739,1479.42897,0.0,0.0,2534.25,0.0,618.123155
2020-05-30 18:00:00,400.0,400.0,19.430296,30.527568,1305.623262,0.0,0.0,2007.75,0.0,597.469011
2020-05-30 19:00:00,400.0,400.0,21.288154,71.843654,973.158696,0.0,0.0,1715.634,0.0,615.071296
2020-05-30 20:00:00,400.0,400.0,19.983547,68.951012,1234.760998,0.0,0.0,2013.462,0.0,615.70515
2020-05-30 21:00:00,400.0,400.0,19.430296,20.42044,1215.463205,0.0,0.0,2016.448,0.0,584.997719
2020-05-30 22:00:00,400.0,400.0,20.547985,19.034775,806.210015,0.0,0.0,2060.635412,18.076588,548.01381
2020-05-30 23:00:00,398.0,316.32937,14.980658,14.978232,897.361657,0.0,0.0,2270.045826,129.024174,512.502625
2020-05-31 00:00:00,131.23753,138.882259,14.992899,14.975624,1171.16247,0.0,0.0,2361.24174,214.00826,485.11189
2020-05-31 01:00:00,299.85753,247.754146,14.975624,14.975624,735.14247,0.0,0.0,2291.727077,276.988923,464.037691
2020-05-31 02:00:00,192.712734,200.787515,14.975624,14.975624,843.287266,0.0,0.0,2313.126131,262.125869,451.02583
2020-05-31 03:00:00,98.884138,161.299155,14.975624,14.975624,937.115862,0.0,0.0,2368.5915,200.6585,445.271346
2020-05-31 04:00:00,159.818722,54.0,14.975624,-0.0,873.181278,0.0,0.0,2263.99929,206.87271,439.172702
2020-05-31 05:00:00,400.0,62.0,72.620878,-0.0,543.79989,0.0,60.784287,1898.941071,171.278929,433.821177
2020-05-31 06:00:00,125.074092,78.0,14.97449,-0.0,888.925908,0.0,0.0,2258.86325,207.48675,436.040601
2020-05-31 07:00:00,0.0,99.0,0.0,-0.0,1010.0,0.0,0.0,2566.993062,172.306938,464.098959
2020-05-31 08:00:00,0.0,99.0,0.0,-0.0,1010.0,0.0,0.0,2741.478913,666.423087,490.271837
2020-05-31 09:00:00,0.0,99.0,0.0,-0.0,1012.0,0.0,0.0,2921.907622,584.762378,517.036143
2020-05-31 10:00:00,0.0,99.0,0.0,-0.0,1011.0,0.0,0.0,3088.767821,564.362179,542.215173
2020-05-31 11:00:00,0.0,93.0,0.0,-0.0,1010.0,0.0,0.0,3222.597465,530.012535,562.43962
2020-05-31 12:00:00,0.0,92.0,0.0,-0.0,1007.0,0.0,0.0,3253.651623,627.378377,567.547743
2020-05-31 13:00:00,0.0,94.0,0.0,-0.0,1007.0,0.0,0.0,3308.077028,854.256972,575.711554
2020-05-31 14:00:00,0.0,93.0,0.0,-0.0,1008.0,0.0,0.0,3388.443539,677.476461,587.616531
2020-05-31 15:00:00,0.0,92.0,0.0,-0.0,1006.0,0.0,0.0,3448.424818,552.975182,596.913723
2020-05-31 16:00:00,0.0,182.871719,0.0,13.012546,1007.0,0.0,0.0,3301.035747,269.784253,600.155362
2020-05-31 17:00:00,0.0,400.0,0.0,25.527289,1192.0,0.0,0.0,2769.249221,149.702779,596.887383
2020-05-31 18:00:00,400.0,400.0,20.400003,29.816547,1176.438819,0.0,0.0,2100.94,0.0,582.225177
2020-05-31 19:00:00,400.0,400.0,22.96816,72.576747,801.004346,0.0,0.0,1829.86,0.0,600.278348
2020-05-31 20:00:00,400.0,400.0,22.492854,73.206766,992.272459,0.0,0.0,1954.188,0.0,603.437331
2020-05-31 21:00:00,400.0,400.0,21.843654,20.799655,985.407923,0.0,0.0,1912.352,0.0,571.191612
2020-05-31 22:00:00,400.0,365.530179,19.68943,19.571128,1192.288065,0.0,0.0,1839.754,0.0,529.26989
2020-05-31 23:00:00,40.822337,163.245282,14.977625,14.979622,1671.177663,0.0,0.0,2108.548,0.0,497.755551
2020-06-01 00:00:00,0.0,89.0,0.0,-0.0,1500.0,0.0,0.0,2050.460434,130.791566,453.219065
2020-06-01 01:00:00,213.871617,248.406767,14.977625,15.398641,730.128383,0.0,0.0,2124.118,0.0,419.998442
2020-06-01 02:00:00,132.070441,156.724853,14.97449,14.977625,814.929559,0.0,0.0,2124.694889,56.865111,407.364799
2020-06-01 03:00:00,89.234247,84.0,14.977625,-0.0,855.765753,0.0,0.0,2155.3,0.0,405.830137
2020-06-01 04:00:00,0.0,96.0,0.0,-0.0,945.0,0.0,0.0,2211.166757,41.863243,400.825014
2020-06-01 05:00:00,0.0,96.0,0.0,-0.0,946.0,0.0,0.0,2182.395482,428.888518,396.359322
2020-06-01 06:00:00,0.0,96.0,0.0,-0.0,939.0,0.0,0.0,2202.899149,785.454851,400.484872
2020-06-01 07:00:00,0.0,99.0,0.0,-0.0,935.0,0.0,0.0,2439.319682,1016.202318,437.297952
2020-06-01 08:00:00,0.0,97.0,0.0,-0.0,942.0,0.0,0.0,2684.917803,1203.934197,474.13767
2020-06-01 09:00:00,0.0,91.0,0.0,-0.0,939.0,0.0,0.0,2950.843734,1071.522266,515.67656
2020-06-01 10:00:00,0.0,84.0,0.0,-0.0,950.0,0.0,0.0,3149.657092,1143.842908,545.648564
2020-06-01 11:00:00,0.0,66.0,0.0,14.977625,943.0,0.0,0.0,3306.139244,1146.728756,568.370887
2020-06-01 12:00:00,0.0,140.850158,0.0,14.977625,941.0,0.0,0.0,3345.381439,905.848561,585.057216
2020-06-01 13:00:00,0.0,226.465382,0.0,19.879277,1019.0,0.0,0.0,3310.15483,764.17517,603.323225
2020-06-01 14:00:00,0.0,307.196148,0.0,19.918724,1207.0,0.0,0.0,3240.878543,239.439457,622.481781
2020-06-01 15:00:00,31.403167,400.0,14.977625,23.403388,1407.296833,0.0,0.0,3083.696,0.0,633.509875
2020-06-01 16:00:00,254.196991,400.0,14.979622,23.971348,1413.20301,0.0,0.0,2618.334,0.0,648.469648
2020-06-01 17:00:00,197.30726,400.0,14.979622,28.450124,1839.092741,0.0,0.0,2119.9,0.0,641.821089
2020-06-01 18:00:00,400.0,400.0,19.68943,26.429316,1900.351839,0.0,0.0,1513.632,0.0,624.942024
2020-06-01 19:00:00,400.0,400.0,22.732362,77.128505,1495.862985,0.0,0.0,1188.312,0.0,638.017352
2020-06-01 20:00:00,400.0,400.0,23.657594,70.362316,1321.326643,0.0,0.0,1012.57,0.0,636.636504
2020-06-01 21:00:00,400.0,400.0,23.206766,23.87513,1348.767256,0.0,0.0,726.93,0.0,589.674412
2020-06-01 22:00:00,400.0,400.0,23.128644,23.87513,1040.987399,0.0,0.0,741.768,0.0,531.56709
2020-06-01 23:00:00,400.0,400.0,23.128644,25.9087,891.280555,0.0,0.0,627.47,0.0,483.628417
2020-06-02 00:00:00,400.0,400.0,22.732362,22.732362,955.25916,0.0,0.0,467.454,0.0,450.029226
2020-06-02 01:00:00,400.0,400.0,22.492854,21.287879,1083.214574,0.0,0.0,460.746,0.0,429.829714
2020-06-02 02:00:00,400.0,400.0,21.474047,22.492854,1127.505472,0.0,0.0,435.79,0.0,419.442679
2020-06-02 03:00:00,400.0,400.0,22.516066,22.576747,1059.617435,0.0,0.0,373.798,0.0,420.327085
2020-06-02 04:00:00,400.0,400.0,22.516066,22.732362,1054.803745,0.0,0.0,412.118,0.0,426.797138
2020-06-02 05:00:00,400.0,400.0,22.576747,20.419098,1012.200313,0.0,0.0,563.116,0.0,455.837353
2020-06-02 06:00:00,400.0,400.0,19.685338,18.573789,1413.677925,0.0,0.0,1195.41,0.0,490.459811
2020-06-02 07:00:00,400.0,354.274334,15.731586,14.982507,1647.515347,0.0,0.0,1761.048,0.0,540.229898
2020-06-02 08:00:00,233.627049,208.823832,14.982507,14.982507,1823.772951,0.0,0.0,2189.668,0.0,578.084257
2020-06-02 09:00:00,95.937279,97.654233,14.982507,14.982507,1959.462721,0.0,0.0,2577.952,0.0,615.973392
2020-06-02 10:00:00,26.5634,205.709267,14.981951,14.981951,2025.8366,0.0,0.0,2886.618,0.0,652.31721
2020-06-02 11:00:00,125.011392,343.339858,14.981951,14.981951,1926.388608,0.0,0.0,2982.648,0.0,681.638909
2020-06-02 12:00:00,290.880353,400.0,14.981951,19.034775,1756.519647,0.0,0.0,2969.83,0.0,705.196553
2020-06-02 13:00:00,400.0,400.0,18.573789,20.846138,1518.512248,0.0,0.0,2897.43,0.0,739.037663
2020-06-02 14:00:00,400.0,400.0,19.685338,22.492854,1501.731715,0.0,0.0,2794.452,0.0,760.908043
2020-06-02 15:00:00,400.0,400.0,20.400003,23.277966,1546.861761,0.0,0.0,2610.05,0.0,778.978236
2020-06-02 16:00:00,400.0,400.0,20.400003,23.069973,1687.509102,0.0,0.0,2229.862,0.0,783.352935
2020-06-02 17:00:00,400.0,400.0,22.492854,26.324557,1700.231416,0.0,0.0,1748.902,0.0,764.800588
2020-06-02 18:00:00,400.0,400.0,23.206766,73.917269,1324.501583,0.0,0.0,1133.698,0.0,732.179463
2020-06-02 19:00:00,400.0,400.0,24.617414,72.417061,1196.412885,0.0,0.0,912.536,0.0,723.168467
2020-06-02 20:00:00,400.0,400.0,23.87513,27.343857,1241.814269,0.0,0.0,809.298,0.0,700.87256
2020-06-02 21:00:00,400.0,400.0,23.87513,25.699742,1090.689912,0.0,0.0,633.498,0.0,643.921213
2020-06-02 22:00:00,400.0,400.0,77.274563,25.518127,414.943093,0.0,321.538943,577.07,0.0,577.069036
2020-06-02 23:00:00,400.0,400.0,80.277405,23.857049,304.166746,0.0,364.832842,412.584,0.0,522.497588
2020-06-03 00:00:00,400.0,400.0,80.277405,20.234035,165.824223,0.0,455.829044,416.686,0.0,483.879267
2020-06-03 01:00:00,400.0,400.0,73.87513,20.234035,396.729733,0.0,199.295307,554.65,0.0,461.68804
2020-06-03 02:00:00,400.0,379.420181,73.657594,18.06856,440.002271,0.0,129.891389,474.98,0.0,443.246659
2020-06-03 03:00:00,400.0,400.0,73.069973,18.571461,559.484688,0.0,12.190609,571.02,0.0,439.730297
2020-06-03 04:00:00,400.0,400.0,21.647258,19.034775,704.585532,0.0,0.0,766.212,0.0,447.24397
2020-06-03 05:00:00,400.0,94.81129,21.474047,14.979622,786.011242,0.0,0.0,1021.07,0.0,473.258814
2020-06-03 06:00:00,400.0,84.4,19.034775,0.0,1231.146553,0.0,0.0,1716.48,0.0,510.800017
2020-06-03 07:00:00,400.0,87.4,19.034775,0.0,1265.248924,0.0,0.0,2135.47,0.0,568.533161
2020-06-03 08:00:00,400.0,82.4,18.861019,0.0,1291.731096,0.0,0.0,2445.08,0.0,611.002336
2020-06-03 09:00:00,400.0,79.4,19.430296,5.476051,1204.918498,0.0,0.0,2683.368,0.0,659.767425
2020-06-03 10:00:00,400.0,300.665075,19.68943,14.979622,1094.39601,0.0,0.0,2875.232,0.0,705.125398
2020-06-03 11:00:00,400.0,400.0,19.68943,23.311216,1098.299955,0.0,0.0,2950.61,0.0,741.346507
2020-06-03 12:00:00,400.0,400.0,19.983547,24.919357,1224.300035,0.0,0.0,2970.0,0.0,778.604995
2020-06-03 13:00:00,400.0,400.0,21.116411,24.182654,1275.933878,0.0,0.0,2887.662,0.0,816.259218
2020-06-03 14:00:00,400.0,400.0,21.288154,24.427299,1372.8126,0.0,0.0,2797.054,0.0,848.28621
2020-06-03 15:00:00,400.0,400.0,21.288154,22.679585,1547.820081,0.0,0.0,2610.438,0.0,872.792688
2020-06-03 16:00:00,400.0,400.0,22.492854,23.437807,1712.166392,0.0,0.0,2272.01,0.0,878.376541
2020-06-03 17:00:00,400.0,400.0,23.069973,72.732717,1621.011989,0.0,0.0,1823.968,0.0,855.893402
2020-06-03 18:00:00,400.0,400.0,23.437807,33.934114,1475.130382,0.0,0.0,1299.068,0.0,803.990643
2020-06-03 19:00:00,400.0,400.0,23.657594,72.928463,1447.133884,0.0,0.0,1160.748,0.0,787.442117
2020-06-03 20:00:00,400.0,400.0,23.128644,26.384616,1621.07899,0.0,0.0,1133.95,0.0,757.330651
2020-06-03 21:00:00,400.0,400.0,23.069973,25.085937,1307.51109,0.0,0.0,1163.114,0.0,702.240437
2020-06-03 22:00:00,400.0,400.0,22.492854,23.069973,1197.333788,0.0,0.0,1183.302,0.0,615.295232
2020-06-03 23:00:00,400.0,400.0,21.116714,22.514395,1074.65932,0.0,0.0,1428.55,0.0,552.583602
2020-06-04 00:00:00,400.0,400.0,19.68943,16.960524,1311.448568,0.0,0.0,1440.216,0.0,510.565115
2020-06-04 01:00:00,400.0,349.823002,19.983547,14.979622,1217.299994,0.0,0.0,1185.104,0.0,486.420601
2020-06-04 02:00:00,400.0,400.0,20.419098,18.067682,1166.968311,0.0,0.0,983.364,0.0,463.709353
2020-06-04 03:00:00,400.0,400.0,19.983547,19.430296,1226.737069,0.0,0.0,1000.47,0.0,457.30994
2020-06-04 04:00:00,400.0,400.0,19.68943,18.067682,1290.072708,0.0,0.0,1078.562,0.0,459.523394
2020-06-04 05:00:00,400.0,317.424347,19.68943,14.979622,1308.950826,0.0,0.0,1265.286,0.0,484.700276
2020-06-04 06:00:00,247.750555,400.0,14.979622,18.861019,1742.649445,0.0,0.0,1938.32,0.0,520.600583
2020-06-04 07:00:00,400.0,400.0,16.970947,19.034775,1570.62015,0.0,0.0,2186.56,0.0,583.640977
2020-06-04 08:00:00,400.0,400.0,16.970947,19.430296,1590.054787,0.0,0.0,2529.65,0.0,636.689282
2020-06-04 09:00:00,400.0,400.0,18.861019,20.400003,1544.902862,0.0,0.0,2801.07,0.0,691.075071
2020-06-04 10:00:00,400.0,400.0,19.68943,21.287879,1367.166618,0.0,0.0,2983.966,0.0,745.169907
2020-06-04 11:00:00,400.0,400.0,18.463561,26.326958,1581.780327,0.0,0.0,3111.848,0.0,783.160151
2020-06-04 12:00:00,400.0,400.0,19.983547,22.988044,1644.688439,0.0,0.0,3137.382,0.0,833.054034
2020-06-04 13:00:00,400.0,400.0,19.983547,22.576747,1657.467759,0.0,0.0,3033.686,0.0,866.582736
2020-06-04 14:00:00,400.0,400.0,21.116714,24.433154,1809.026207,0.0,0.0,2925.21,0.0,908.577569
2020-06-04 15:00:00,400.0,400.0,22.492854,25.636128,1772.478373,0.0,0.0,2736.282,0.0,938.970544
2020-06-04 16:00:00,400.0,400.0,22.732362,24.62179,1802.688646,0.0,0.0,2564.21,0.0,936.378203
2020-06-04 17:00:00,400.0,400.0,23.128644,76.374529,1643.827092,0.0,0.0,2048.964,0.0,908.420536
2020-06-04 18:00:00,400.0,400.0,23.128644,77.050889,1749.342646,0.0,0.0,1542.252,0.0,850.336403
2020-06-04 19:00:00,400.0,400.0,22.23556,25.781727,2251.494749,0.0,0.0,1956.747512,260.450488,831.187914
2020-06-04 20:00:00,400.0,400.0,21.905537,23.673276,1822.091817,0.0,0.0,2292.989804,331.950196,786.284698
2020-06-04 21:00:00,400.0,400.0,22.709794,24.082608,1193.370927,0.0,0.0,2007.322941,207.073059,731.242802
2020-06-04 22:00:00,400.0,400.0,21.843654,23.987398,992.015457,0.0,0.0,1581.868,0.0,644.377881
2020-06-04 23:00:00,400.0,400.0,76.755559,24.505089,264.186113,0.0,499.68947,1145.27,0.0,581.562583
2020-06-05 00:00:00,400.0,400.0,500.0,20.547985,0.0,17.456158,698.970424,597.5,0.0,541.643424
2020-06-05 01:00:00,400.0,400.0,500.0,19.983547,0.0,10.523536,658.32403,423.07,0.0,514.43903
2020-06-05 02:00:00,400.0,400.0,74.617414,21.287879,253.3774,0.0,370.68949,496.65,0.0,485.89089
2020-06-05 03:00:00,400.0,400.0,72.96816,21.647258,535.350479,0.0,46.913649,573.038,0.0,480.553128
2020-06-05 04:00:00,400.0,400.0,21.843654,44.324083,808.819216,0.0,0.0,518.166,0.0,484.552018
2020-06-05 05:00:00,400.0,400.0,22.516066,21.843654,944.746034,0.0,0.0,632.616,0.0,509.080495
2020-06-05 06:00:00,400.0,400.0,19.68943,20.400003,1441.930029,0.0,0.0,1383.222,0.0,547.093796
2020-06-05 07:00:00,400.0,400.0,19.034775,20.419098,1593.30461,0.0,0.0,1996.518,0.0,616.382009
2020-06-05 08:00:00,400.0,400.0,19.685338,19.983547,1496.692905,0.0,0.0,2315.402,0.0,678.706364
2020-06-05 09:00:00,400.0,400.0,19.68943,21.288154,1480.9381,0.0,0.0,2722.214,0.0,742.091385
2020-06-05 10:00:00,400.0,400.0,19.68943,26.778644,1437.57046,0.0,0.0,2880.216,0.0,797.796831
2020-06-05 11:00:00,400.0,400.0,20.419098,23.274238,1467.980219,0.0,0.0,3006.29,0.0,839.896467
2020-06-05 12:00:00,400.0,400.0,21.116411,24.733922,1407.712603,0.0,0.0,3119.446,0.0,891.41001
2020-06-05 13:00:00,400.0,400.0,21.287879,26.614514,1519.716723,0.0,0.0,3035.22,0.0,915.225492
2020-06-05 14:00:00,400.0,400.0,21.647258,22.732362,1580.641066,0.0,0.0,3219.6,0.0,961.49384
2020-06-05 15:00:00,400.0,400.0,21.708134,27.70573,1836.082804,0.0,0.0,3047.418742,76.331258,973.850391
2020-06-05 16:00:00,400.0,400.0,22.972766,25.9087,2019.532004,0.0,0.0,2662.092086,150.277914,971.784012
2020-06-05 17:00:00,400.0,400.0,22.23556,72.669862,2268.431091,0.0,0.0,2562.358535,214.525465,922.789117
2020-06-05 18:00:00,400.0,400.0,20.526636,71.325802,2567.017293,0.0,0.0,2520.822143,310.609857,876.720728
2020-06-05 19:00:00,323.741581,400.0,15.0,34.047443,2751.359401,0.0,0.0,2579.112869,186.399131,857.81302
2020-06-05 20:00:00,274.430499,400.0,15.0,30.28392,2930.733132,0.0,0.0,2469.310952,199.205048,814.436673
2020-06-05 21:00:00,400.0,400.0,20.42044,22.70919,2265.993504,0.0,0.0,2228.128604,219.469396,771.470265
2020-06-05 22:00:00,400.0,400.0,20.234035,27.149816,1985.035537,0.0,0.0,2193.619492,220.968508,701.937593
2020-06-05 23:00:00,400.0,400.0,22.23556,23.563682,1045.804083,0.0,0.0,1875.669917,216.398083,635.379875
2020-06-06 00:00:00,400.0,400.0,20.234035,20.234035,1437.307785,0.0,0.0,2034.648594,227.849406,592.251121
2020-06-06 01:00:00,171.775727,355.199155,14.983058,14.978232,1838.624273,0.0,0.0,2223.439267,243.314733,560.372249
2020-06-06 02:00:00,0.0,157.459976,13.352779,14.981951,2048.729532,0.0,0.0,2215.057241,150.060759,527.599156
2020-06-06 03:00:00,0.0,327.585409,0.0,14.981951,2055.0,0.0,0.0,2133.277476,59.412524,514.391621
2020-06-06 04:00:00,0.0,400.0,0.0,19.034775,2051.0,0.0,0.0,2021.913159,9.034841,498.286974
2020-06-06 05:00:00,0.0,315.775293,0.0,14.981951,2047.0,0.0,0.0,2036.40125,272.94675,501.060187
2020-06-06 06:00:00,0.0,130.801308,0.0,14.981951,2044.0,0.0,0.0,2102.408236,516.261764,511.411235
2020-06-06 07:00:00,176.272365,400.0,14.981951,19.034775,1859.127636,0.0,0.0,2426.02,0.0,587.683855
2020-06-06 08:00:00,400.0,400.0,18.861019,21.116714,1449.390137,0.0,0.0,2527.652,0.0,664.389279
2020-06-06 09:00:00,400.0,400.0,19.983547,22.776997,1238.085932,0.0,0.0,2633.588,0.0,741.97531
2020-06-06 10:00:00,400.0,400.0,18.463561,27.044594,1767.600582,0.0,0.0,2823.848,0.0,802.237113
2020-06-06 11:00:00,400.0,400.0,19.68943,23.513519,2082.153311,0.0,0.0,2882.818,0.0,847.149703
2020-06-06 12:00:00,400.0,400.0,20.419098,26.439595,1920.053749,0.0,0.0,2985.838,0.0,886.917638
2020-06-06 13:00:00,400.0,400.0,21.116411,25.733928,1810.679131,0.0,0.0,2933.162,0.0,920.92243
2020-06-06 14:00:00,400.0,400.0,21.647258,25.574697,1811.251082,0.0,0.0,2849.272,0.0,961.503138
2020-06-06 15:00:00,400.0,400.0,21.647258,27.819543,2035.725027,0.0,0.0,2776.148,0.0,970.113446
2020-06-06 16:00:00,400.0,400.0,22.185841,25.9087,2008.610503,0.0,0.0,2432.338,0.0,975.859125
2020-06-06 17:00:00,400.0,400.0,22.576747,77.177569,2114.773395,0.0,0.0,1964.918,0.0,942.471691
2020-06-06 18:00:00,400.0,400.0,23.206766,74.094029,2010.491116,0.0,0.0,1379.252,0.0,901.614133
2020-06-06 19:00:00,400.0,400.0,23.437807,60.622807,1877.65055,0.0,0.0,1122.848,0.0,868.079618
2020-06-06 20:00:00,400.0,400.0,23.206766,30.583384,1832.687576,0.0,0.0,1109.762,0.0,831.611164
2020-06-06 21:00:00,400.0,400.0,23.069973,24.62179,1927.124183,0.0,0.0,898.528,0.0,785.760573
2020-06-06 22:00:00,400.0,400.0,23.128644,28.032571,1493.59912,0.0,0.0,703.362,0.0,715.014432
2020-06-06 23:00:00,400.0,400.0,23.069973,26.530649,1578.163208,0.0,0.0,345.004,0.0,648.576119
2020-06-07 00:00:00,400.0,400.0,23.128644,28.783885,1143.800036,0.0,0.0,319.532,0.0,603.409795
2020-06-07 01:00:00,400.0,400.0,23.444698,23.335451,779.2043,0.0,0.0,394.418,0.0,569.567055
2020-06-07 02:00:00,400.0,400.0,73.657594,23.069973,610.646038,0.0,72.839556,403.57,0.0,536.238594
2020-06-07 03:00:00,400.0,400.0,23.206766,29.789658,785.391448,0.0,0.0,454.098,0.0,517.605983
2020-06-07 04:00:00,400.0,400.0,73.657594,22.516066,512.123963,0.0,122.532143,405.438,0.0,498.047106
2020-06-07 05:00:00,400.0,400.0,23.069973,19.68943,690.899075,0.0,0.0,521.9,0.0,488.700139
2020-06-07 06:00:00,400.0,83.4,20.400003,0.0,1256.046141,0.0,0.0,1153.134,0.0,498.613179
2020-06-07 07:00:00,400.0,86.4,19.685338,0.0,1435.632503,0.0,0.0,1798.4,0.0,568.465125
2020-06-07 08:00:00,400.0,89.4,19.68943,0.0,1392.467957,0.0,0.0,2249.188,0.0,642.558006
2020-06-07 09:00:00,400.0,86.4,20.400003,0.0,1266.330219,0.0,0.0,2643.62,0.0,720.643467
2020-06-07 10:00:00,400.0,0.0,71.647258,7.927979,966.406873,0.0,28.815596,2740.65,0.0,780.186469
2020-06-07 11:00:00,400.0,0.0,20.419098,11.907126,1226.999257,0.0,0.0,3338.45,0.0,830.767611
2020-06-07 12:00:00,211.597193,0.0,14.991503,13.476917,1694.767408,0.0,0.0,4171.252,0.0,888.822689
2020-06-07 13:00:00,0.0,96.938211,13.630473,15.0,1677.295352,0.0,0.0,4288.919059,140.862941,914.043556
2020-06-07 14:00:00,191.214931,180.462905,15.0,15.513898,1474.447523,0.0,0.0,4257.214742,213.155258,965.215083
2020-06-07 15:00:00,256.627477,211.646281,15.0,20.376413,1612.644447,0.0,0.0,4066.62552,193.76048,969.147161
2020-06-07 16:00:00,400.0,400.0,18.244966,19.824933,1567.700922,0.0,0.0,3670.095351,245.536649,969.659164
2020-06-07 17:00:00,336.358595,400.0,15.0,25.402709,1854.321886,0.0,0.0,3206.387147,245.384853,935.859789
2020-06-07 18:00:00,400.0,400.0,17.014365,25.950771,2013.376325,0.0,0.0,2712.56516,247.35484,893.428325
2020-06-07 19:00:00,400.0,400.0,23.20063,68.904209,1647.063422,0.0,0.0,2241.40091,173.19709,880.100623
2020-06-07 20:00:00,400.0,400.0,21.708134,76.429316,2115.283849,0.0,0.0,2396.155664,191.856336,843.880772
2020-06-07 21:00:00,400.0,400.0,15.37083,23.437807,2217.559859,0.0,0.0,2343.283981,237.814019,807.408618
2020-06-07 22:00:00,194.160126,400.0,15.0,21.843654,1886.117799,0.0,0.0,2451.774546,212.785454,713.648512
2020-06-07 23:00:00,289.420983,400.0,15.0,22.492854,1839.715972,0.0,0.0,2305.911952,104.106048,645.479397
2020-06-08 00:00:00,245.813203,400.0,15.0,19.68943,1983.547925,0.0,0.0,2232.062,0.0,612.827111
2020-06-08 01:00:00,398.0,400.0,14.9805,19.034775,1916.0,0.0,0.0,1967.80065,30.13135,583.320097
2020-06-08 02:00:00,292.158237,400.0,14.9805,19.430296,2009.241764,0.0,0.0,1860.052,0.0,553.171535
2020-06-08 03:00:00,255.469648,400.0,14.9805,19.68943,2046.930353,0.0,0.0,1819.216,0.0,541.392847
2020-06-08 04:00:00,352.454023,400.0,14.9805,20.419098,1948.945979,0.0,0.0,1688.868,0.0,536.538303
2020-06-08 05:00:00,400.0,400.0,20.419098,19.983547,1437.34669,0.0,0.0,1414.95,0.0,572.190497
2020-06-08 06:00:00,400.0,400.0,20.419098,19.430296,1438.783079,0.0,0.0,1693.778,0.0,613.799238
2020-06-08 07:00:00,400.0,400.0,21.647258,19.983547,1181.732667,0.0,0.0,1837.204,0.0,673.8707
2020-06-08 08:00:00,400.0,400.0,22.576747,21.474047,1004.155744,0.0,0.0,2025.262,0.0,728.715938
2020-06-08 09:00:00,400.0,400.0,73.069973,23.355249,887.724461,0.0,108.57097,2235.714,0.0,777.748431
2020-06-08 10:00:00,400.0,400.0,73.069973,25.091738,950.859794,0.0,50.404137,2380.886,0.0,815.553931
2020-06-08 11:00:00,400.0,400.0,23.069973,25.233579,1127.573578,0.0,0.0,2496.602,0.0,859.654263
2020-06-08 12:00:00,400.0,400.0,22.96816,25.211722,1267.083997,0.0,0.0,2607.31,0.0,908.5839
2020-06-08 13:00:00,400.0,400.0,22.96816,26.080971,1448.7019,0.0,0.0,2664.954,0.0,943.237815
2020-06-08 14:00:00,400.0,400.0,23.128644,25.939133,1478.080942,0.0,0.0,2660.014,0.0,975.739959
2020-06-08 15:00:00,400.0,400.0,23.128644,27.46651,1550.623558,0.0,0.0,2484.18,0.0,996.083466
2020-06-08 16:00:00,400.0,400.0,23.206766,31.849898,1720.470877,0.0,0.0,2170.164,0.0,1004.503968
2020-06-08 17:00:00,400.0,400.0,23.87513,76.845129,1694.005171,0.0,0.0,1713.7,0.0,967.904224
2020-06-08 18:00:00,400.0,400.0,26.324557,76.892495,1534.25356,0.0,0.0,1142.202,0.0,919.942266
2020-06-08 19:00:00,400.0,400.0,26.429316,53.240569,1293.149012,0.0,0.0,861.85,0.0,891.855148
2020-06-08 20:00:00,400.0,400.0,25.9087,28.845399,1422.417518,0.0,0.0,854.834,0.0,854.912472
2020-06-08 21:00:00,400.0,400.0,25.9087,26.324557,1247.292868,0.0,0.0,742.4,0.0,811.06607
2020-06-08 22:00:00,400.0,400.0,23.206766,27.597333,1409.312807,0.0,0.0,682.788,0.0,724.571279
2020-06-08 23:00:00,400.0,400.0,24.617414,27.061912,987.316829,0.0,0.0,411.98,0.0,647.484476
2020-06-09 00:00:00,400.0,400.0,23.437807,23.128644,1121.774119,0.0,0.0,303.67,0.0,604.334382
2020-06-09 01:00:00,400.0,400.0,22.96816,22.732362,1357.747805,0.0,0.0,343.17,0.0,574.863329
2020-06-09 02:00:00,400.0,400.0,21.843654,22.492854,1602.225209,0.0,0.0,379.75,0.0,543.678719
2020-06-09 03:00:00,400.0,400.0,21.287879,21.647258,1751.193015,0.0,0.0,438.08,0.0,530.083048
2020-06-09 04:00:00,400.0,400.0,21.116411,21.647258,1817.655073,0.0,0.0,507.948,0.0,530.593939
2020-06-09 05:00:00,400.0,400.0,21.288154,19.685338,1716.426132,0.0,0.0,625.402,0.0,563.39638
2020-06-09 06:00:00,400.0,400.0,19.983547,16.970947,1999.04292,0.0,0.0,1098.7,0.0,591.998562
2020-06-09 07:00:00,400.0,400.0,20.419098,18.463561,1893.648823,0.0,0.0,1420.878,0.0,656.134377
2020-06-09 08:00:00,400.0,400.0,21.116714,18.463561,1780.629392,0.0,0.0,1661.72,0.0,709.213591
2020-06-09 09:00:00,400.0,400.0,21.647258,19.034775,1630.269934,0.0,0.0,1905.7,0.0,768.36451
2020-06-09 10:00:00,400.0,400.0,21.843654,19.983547,1608.469108,0.0,0.0,2129.46,0.0,805.198634
2020-06-09 11:00:00,400.0,400.0,23.437807,21.647258,1095.899797,0.0,0.0,1880.262,0.0,844.70433
2020-06-09 12:00:00,400.0,400.0,76.755559,23.069973,739.093653,0.0,394.204499,1782.648,0.0,883.583152
2020-06-09 13:00:00,400.0,400.0,75.9087,24.750304,844.479604,0.0,291.692955,1858.43,0.0,904.642559
2020-06-09 14:00:00,400.0,400.0,75.9087,27.893699,1020.171498,0.0,129.052277,1794.97,0.0,947.519775
2020-06-09 15:00:00,400.0,400.0,26.429316,31.870205,1191.993928,0.0,0.0,1668.814,0.0,964.923011
2020-06-09 16:00:00,400.0,400.0,76.755559,31.867812,1205.350345,0.0,30.968903,1529.572,0.0,951.933248
2020-06-09 17:00:00,400.0,400.0,26.324557,75.200156,1368.171135,0.0,0.0,1318.668,0.0,899.47453
2020-06-09 18:00:00,400.0,400.0,26.429316,51.220744,1286.920063,0.0,0.0,1007.164,0.0,861.336591
2020-06-09 19:00:00,400.0,400.0,26.324557,72.982205,1419.666909,0.0,0.0,1008.168,0.0,843.975164
2020-06-09 20:00:00,400.0,400.0,26.324557,28.323757,1334.136919,0.0,0.0,852.14,0.0,814.500462
2020-06-09 21:00:00,400.0,400.0,26.429316,28.665073,1279.024118,0.0,0.0,604.436,0.0,785.611782
2020-06-09 22:00:00,400.0,400.0,76.429316,26.61357,890.76723,0.0,5.742685,402.7,0.0,707.089916
2020-06-09 23:00:00,400.0,400.0,76.790897,24.849615,552.035501,0.0,257.354474,317.762,0.0,638.658975
2020-06-10 00:00:00,400.0,400.0,24.617414,22.516066,811.344426,0.0,0.0,296.186,0.0,596.526236
2020-06-10 01:00:00,400.0,400.0,23.437807,22.732362,945.623504,0.0,0.0,297.914,0.0,576.643574
2020-06-10 02:00:00,400.0,400.0,23.069973,22.732362,1124.650319,0.0,0.0,310.048,0.0,551.609652
2020-06-10 03:00:00,400.0,400.0,22.96816,21.647258,1180.436772,0.0,0.0,339.348,0.0,547.636684
2020-06-10 04:00:00,400.0,400.0,23.069973,21.647258,1146.695059,0.0,0.0,418.382,0.0,564.553041
2020-06-10 05:00:00,400.0,400.0,23.206766,20.846138,1012.229297,0.0,0.0,501.15,0.0,597.138105
2020-06-10 06:00:00,400.0,400.0,22.516066,18.573789,1331.282798,0.0,0.0,950.016,0.0,616.60998
2020-06-10 07:00:00,400.0,365.358561,22.492854,14.981951,1369.720134,0.0,0.0,1325.802,0.0,667.21228
2020-06-10 08:00:00,400.0,400.0,21.647258,18.861019,1488.078159,0.0,0.0,1780.048,0.0,717.595476
2020-06-10 09:00:00,400.0,400.0,21.843654,19.430296,1420.944225,0.0,0.0,2085.76,0.0,773.522366
2020-06-10 10:00:00,400.0,400.0,21.647258,20.419098,1478.194884,0.0,0.0,2381.318,0.0,809.268467
2020-06-10 11:00:00,400.0,400.0,21.116411,21.116714,1638.418931,0.0,0.0,2498.598,0.0,802.82686
2020-06-10 12:00:00,400.0,400.0,21.288154,21.647258,1560.222641,0.0,0.0,2515.73,0.0,817.126104
2020-06-10 13:00:00,400.0,400.0,21.647258,23.797759,1496.485734,0.0,0.0,2403.368,0.0,835.33234
2020-06-10 14:00:00,400.0,400.0,22.576747,23.069973,1479.112305,0.0,0.0,2322.368,0.0,853.538354
2020-06-10 15:00:00,400.0,400.0,23.069973,25.792581,1323.543912,0.0,0.0,2068.984,0.0,864.366013
2020-06-10 16:00:00,400.0,400.0,23.206766,23.069973,1389.301803,0.0,0.0,1738.37,0.0,832.66023
2020-06-10 17:00:00,400.0,400.0,23.206766,64.93424,1363.413934,0.0,0.0,1366.436,0.0,780.75331
2020-06-10 18:00:00,400.0,400.0,23.069973,76.429316,1527.571116,0.0,0.0,1240.762,0.0,744.478633
2020-06-10 19:00:00,400.0,400.0,23.206766,26.431762,1342.918754,0.0,0.0,1098.468,0.0,743.632387
2020-06-10 20:00:00,400.0,400.0,76.790897,26.608075,695.485144,0.0,245.383084,792.2,0.0,741.557228
2020-06-10 21:00:00,400.0,400.0,23.069973,23.900421,1164.710651,0.0,0.0,1392.682,0.0,707.995702
2020-06-10 22:00:00,400.0,400.0,75.9087,22.516066,675.476827,0.0,134.812449,745.632,0.0,631.073276
2020-06-10 23:00:00,400.0,400.0,24.617414,23.128644,752.156957,0.0,0.0,489.298,0.0,581.121156
2020-06-11 00:00:00,400.0,400.0,21.288154,23.128644,1430.175081,0.0,0.0,868.002,0.0,536.224038
2020-06-11 01:00:00,400.0,400.0,19.430296,71.645576,1817.448229,0.0,0.0,1382.798,0.0,556.552466
2020-06-11 02:00:00,400.0,400.0,19.68943,29.746219,1749.08951,0.0,0.0,1302.5,0.0,553.561574
2020-06-11 03:00:00,310.891684,400.0,14.9805,21.843654,2142.508316,0.0,0.0,1409.316,0.0,510.571153
2020-06-11 04:00:00,287.249095,400.0,14.9805,21.288154,1981.150905,0.0,0.0,1531.65,0.0,499.874864
2020-06-11 05:00:00,400.0,400.0,20.400003,19.685338,1467.133254,0.0,0.0,1359.832,0.0,551.204812
2020-06-11 06:00:00,0.0,139.336991,0.0,14.979622,2273.0,0.0,0.0,1998.321407,171.158593,526.098211
2020-06-11 07:00:00,13.747764,86.4,14.979622,0.0,2237.652236,0.0,0.0,2782.79,0.0,649.070665
2020-06-11 08:00:00,41.9572,86.4,14.979622,0.0,2190.4428,0.0,0.0,2960.918,0.0,682.87128
2020-06-11 09:00:00,400.0,83.4,18.072542,0.0,1784.250899,0.0,0.0,2881.07,0.0,731.822865
2020-06-11 10:00:00,302.098934,202.175728,14.977625,14.979622,1928.301066,0.0,0.0,3225.55,0.0,761.88734
2020-06-11 11:00:00,0.0,228.573435,0.0,14.979622,2252.0,0.0,0.0,3798.430151,3.501849,799.264523
2020-06-11 12:00:00,0.0,308.648445,10.29027,14.979622,2239.631866,0.0,0.0,3948.96679,128.65521,823.700239
2020-06-11 13:00:00,0.0,400.0,10.742238,19.68943,2166.421079,0.0,0.0,3969.798178,163.187822,837.806565
2020-06-11 14:00:00,396.0,400.0,14.989865,23.551227,1839.792618,0.0,0.0,3840.642175,31.859825,892.927434
2020-06-11 15:00:00,400.0,400.0,19.983547,22.492854,1671.041569,0.0,0.0,3402.99,0.0,905.842265
2020-06-11 16:00:00,400.0,400.0,19.685338,23.128644,1923.257534,0.0,0.0,3257.978,0.0,899.50807
2020-06-11 17:00:00,400.0,400.0,20.419098,22.96816,1878.654502,0.0,0.0,2777.054,0.0,861.809925
2020-06-11 18:00:00,400.0,400.0,22.516066,25.382683,1531.292921,0.0,0.0,1985.9,0.0,820.741062
2020-06-11 19:00:00,400.0,400.0,22.96816,75.554442,1566.806439,0.0,0.0,1776.662,0.0,819.878334
2020-06-11 20:00:00,400.0,400.0,20.400003,70.082512,2177.820147,0.0,0.0,2197.198,0.0,791.456678
2020-06-11 21:00:00,396.41744,400.0,15.0,25.304293,2405.348157,0.0,0.0,2248.172,0.0,764.973576
2020-06-11 22:00:00,400.0,400.0,19.430296,24.641842,1797.744511,0.0,0.0,2095.334,0.0,673.438423
2020-06-11 23:00:00,400.0,400.0,20.42044,20.846138,1386.729129,0.0,0.0,2080.710873,16.137127,603.147262
2020-06-12 00:00:00,400.0,400.0,20.400003,20.400003,1200.909767,0.0,0.0,1651.23,0.0,558.348035
2020-06-12 01:00:00,400.0,400.0,20.846138,22.492854,1107.862291,0.0,0.0,1392.138,0.0,533.441356
2020-06-12 02:00:00,400.0,400.0,20.419098,22.576747,1167.369634,0.0,0.0,1237.268,0.0,501.284755
2020-06-12 03:00:00,400.0,400.0,20.419098,51.914531,1152.690166,0.0,0.0,983.99,0.0,490.994975
2020-06-12 04:00:00,400.0,400.0,21.116714,26.056941,1251.252587,0.0,0.0,947.218,0.0,498.444812
2020-06-12 05:00:00,400.0,400.0,21.647258,20.419098,1094.824139,0.0,0.0,1004.63,0.0,530.520879
2020-06-12 06:00:00,400.0,400.0,19.034775,19.68943,1607.406236,0.0,0.0,1561.182,0.0,537.116365
2020-06-12 07:00:00,400.0,400.0,21.288154,19.983547,1184.609832,0.0,0.0,1799.852,0.0,636.336325
2020-06-12 08:00:00,400.0,400.0,21.116411,20.419098,1279.177884,0.0,0.0,2217.998,0.0,684.873017
2020-06-12 09:00:00,400.0,400.0,21.287879,20.419098,1206.771412,0.0,0.0,2357.468,0.0,725.954488
2020-06-12 10:00:00,400.0,400.0,22.492854,21.287879,1064.786353,0.0,0.0,2389.79,0.0,766.050547
2020-06-12 11:00:00,400.0,400.0,22.492854,23.094402,1044.820618,0.0,0.0,2587.518,0.0,798.704607
2020-06-12 12:00:00,400.0,400.0,21.647258,24.9719,1136.521632,0.0,0.0,2697.522,0.0,826.950055
2020-06-12 13:00:00,400.0,400.0,21.116714,24.744678,1471.167083,0.0,0.0,2860.586,0.0,854.462838
2020-06-12 14:00:00,400.0,400.0,21.116411,25.779673,1690.100976,0.0,0.0,2861.222,0.0,874.968154
2020-06-12 15:00:00,400.0,400.0,21.647258,23.483981,1739.868026,0.0,0.0,2629.018,0.0,885.922496
2020-06-12 16:00:00,400.0,400.0,22.516066,25.730561,1716.677161,0.0,0.0,2357.632,0.0,876.443226
2020-06-12 17:00:00,400.0,400.0,22.732362,27.036204,1604.007583,0.0,0.0,1864.868,0.0,844.929063
2020-06-12 18:00:00,400.0,400.0,23.437807,72.417061,1518.067,0.0,0.0,1263.15,0.0,800.11245
2020-06-12 19:00:00,400.0,400.0,25.758899,75.200156,1285.092112,0.0,0.0,876.8,0.0,784.306183
2020-06-12 20:00:00,400.0,400.0,24.617414,27.009886,1353.742278,0.0,0.0,849.118,0.0,757.856358
2020-06-12 21:00:00,400.0,400.0,24.617414,26.941928,1187.463684,0.0,0.0,754.336,0.0,715.330847
2020-06-12 22:00:00,400.0,400.0,80.277405,23.069973,338.607695,0.0,494.432051,562.946,0.0,654.200746
2020-06-12 23:00:00,400.0,400.0,74.617414,23.544214,586.771485,0.0,176.127392,714.864,0.0,593.248877
2020-06-13 00:00:00,400.0,400.0,22.732362,21.474047,954.391817,0.0,0.0,835.198,0.0,549.420927
2020-06-13 01:00:00,400.0,400.0,73.069973,21.116411,670.621259,0.0,1.347552,699.0,0.0,518.306811
2020-06-13 02:00:00,400.0,400.0,23.069973,21.116714,729.348307,0.0,0.0,570.67,0.0,490.248254
2020-06-13 03:00:00,400.0,400.0,22.516066,20.846138,827.941964,0.0,0.0,598.388,0.0,479.616905
2020-06-13 04:00:00,400.0,400.0,20.419098,20.400003,1231.302226,0.0,0.0,916.44,0.0,466.820666
2020-06-13 05:00:00,400.0,138.566481,19.983547,14.9805,1342.590031,0.0,0.0,1014.132,0.0,464.781295
2020-06-13 06:00:00,400.0,83.4,18.573789,0.0,1608.641703,0.0,0.0,1427.118,0.0,486.821445
2020-06-13 07:00:00,400.0,86.4,18.573789,0.0,1601.362488,0.0,0.0,1773.518,0.0,539.873327
2020-06-13 08:00:00,400.0,86.4,19.685338,0.0,1445.136192,0.0,0.0,1989.584,0.0,595.717171
2020-06-13 09:00:00,400.0,79.4,19.034775,1.789288,1506.251522,0.0,0.0,2360.262,0.0,642.151572
2020-06-13 10:00:00,400.0,327.22956,19.68943,19.034775,1393.086361,0.0,0.0,2490.652,0.0,678.684846
2020-06-13 11:00:00,400.0,400.0,19.68943,19.68943,1364.504611,0.0,0.0,2661.132,0.0,708.544108
2020-06-13 12:00:00,400.0,400.0,20.419098,19.983547,1250.524802,0.0,0.0,2704.88,0.0,732.20328
2020-06-13 13:00:00,400.0,400.0,20.846138,21.92132,1162.190967,0.0,0.0,2775.28,0.0,756.013355
2020-06-13 14:00:00,400.0,400.0,19.983547,25.767809,1306.888379,0.0,0.0,2718.132,0.0,776.736543
2020-06-13 15:00:00,400.0,400.0,20.846138,25.550197,1558.030446,0.0,0.0,2532.5,0.0,792.220433
2020-06-13 16:00:00,400.0,400.0,20.419098,23.680777,1750.955836,0.0,0.0,2216.714,0.0,794.663725
2020-06-13 17:00:00,400.0,400.0,22.516066,29.3111,1691.397089,0.0,0.0,1712.502,0.0,783.465737
2020-06-13 18:00:00,400.0,400.0,23.206766,75.004411,1370.187844,0.0,0.0,1096.88,0.0,746.503823
2020-06-13 19:00:00,400.0,400.0,23.657594,67.682236,1283.470257,0.0,0.0,922.98,0.0,735.226461
2020-06-13 20:00:00,400.0,400.0,23.87513,25.758899,1197.412656,0.0,0.0,747.522,0.0,712.816402
2020-06-13 21:00:00,400.0,400.0,23.206766,26.672427,1356.704355,0.0,0.0,663.322,0.0,676.292647
2020-06-13 22:00:00,400.0,400.0,23.437807,27.61698,1131.03869,0.0,0.0,449.198,0.0,624.773896
2020-06-13 23:00:00,400.0,400.0,23.206766,24.617414,1030.007793,0.0,0.0,322.886,0.0,567.731731
2020-06-14 00:00:00,400.0,400.0,22.492854,23.437807,1358.556687,0.0,0.0,341.938,0.0,521.307197
2020-06-14 01:00:00,400.0,400.0,22.492854,23.069973,1254.901452,0.0,0.0,423.914,0.0,495.901882
2020-06-14 02:00:00,400.0,400.0,21.647258,22.185841,1364.959773,0.0,0.0,374.87,0.0,472.036534
2020-06-14 03:00:00,400.0,400.0,21.116714,21.647258,1492.053797,0.0,0.0,426.618,0.0,460.73463
2020-06-14 04:00:00,400.0,400.0,20.419098,19.983547,1603.100666,0.0,0.0,420.682,0.0,443.1872
2020-06-14 05:00:00,400.0,253.246576,19.034775,14.982507,1902.950395,0.0,0.0,687.304,0.0,438.203041
2020-06-14 06:00:00,147.226935,17.4,14.981951,14.982507,2334.173065,0.0,0.0,1193.9,0.0,449.50904
2020-06-14 07:00:00,28.36152,25.4,14.9805,14.981951,2438.03848,0.0,0.0,1615.778,0.0,497.210928
2020-06-14 08:00:00,87.997907,25.4,14.9805,14.981951,2369.402093,0.0,0.0,1890.068,0.0,548.649886
2020-06-14 09:00:00,224.776004,25.4,14.979622,1.615494,2214.623996,0.0,0.0,2047.98,0.0,595.553401
2020-06-14 10:00:00,183.849185,25.4,14.9805,14.981951,2269.550815,0.0,0.0,2390.348,0.0,638.669578
2020-06-14 11:00:00,133.505016,133.870182,14.9805,14.981951,2317.894984,0.0,0.0,2687.202,0.0,675.946052
2020-06-14 12:00:00,244.552288,284.93112,14.981951,16.962852,2222.847712,0.0,0.0,2803.8,0.0,707.692843
2020-06-14 13:00:00,265.52795,400.0,14.9805,19.68943,2198.87205,0.0,0.0,2969.012,0.0,736.070992
2020-06-14 14:00:00,400.0,400.0,18.861019,21.288154,1961.415936,0.0,0.0,2899.768,0.0,761.30281
2020-06-14 15:00:00,400.0,400.0,20.419098,22.894087,1618.7288,0.0,0.0,2659.382,0.0,776.64798
2020-06-14 16:00:00,400.0,400.0,20.400003,24.042573,1641.567623,0.0,0.0,2389.83,0.0,783.789357
2020-06-14 17:00:00,400.0,400.0,21.287879,28.668365,1750.141497,0.0,0.0,1906.704,0.0,776.034375
2020-06-14 18:00:00,400.0,400.0,22.96816,63.483436,1551.453755,0.0,0.0,1303.234,0.0,743.067037
2020-06-14 19:00:00,400.0,400.0,23.437807,76.308435,1281.296465,0.0,0.0,981.096,0.0,740.06993
2020-06-14 20:00:00,400.0,400.0,23.206766,26.810964,1371.434869,0.0,0.0,932.4,0.0,714.44477
2020-06-14 21:00:00,400.0,400.0,23.444698,26.456461,1142.672988,0.0,0.0,784.418,0.0,673.311752
2020-06-14 22:00:00,400.0,400.0,23.069973,26.494954,1216.307159,0.0,0.0,779.746,0.0,608.315826
2020-06-14 23:00:00,400.0,400.0,20.419098,23.657594,1714.071336,0.0,0.0,883.432,0.0,549.2041
2020-06-15 00:00:00,400.0,400.0,19.034775,21.647258,1997.191371,0.0,0.0,892.434,0.0,508.086394
2020-06-15 01:00:00,398.521969,400.0,15.0,21.287879,2246.878031,0.0,0.0,961.216,0.0,480.950695
2020-06-15 02:00:00,345.673378,400.0,14.982507,21.116411,2300.726622,0.0,0.0,887.05,0.0,461.748507
2020-06-15 03:00:00,400.0,400.0,18.861019,20.419098,2067.2047,0.0,0.0,621.334,0.0,456.919395
2020-06-15 04:00:00,400.0,400.0,18.861019,20.419098,2067.876538,0.0,0.0,647.948,0.0,460.810719
2020-06-15 05:00:00,400.0,400.0,19.034775,18.573789,2021.149225,0.0,0.0,839.846,0.0,496.604516
2020-06-15 06:00:00,277.6011,303.691469,14.982507,14.982507,2375.7989,0.0,0.0,1484.418,0.0,540.092865
2020-06-15 07:00:00,111.514875,139.817838,14.981951,14.982507,2528.885125,0.0,0.0,2019.2,0.0,597.347231
2020-06-15 08:00:00,0.0,87.14558,0.0,14.982507,2642.0,0.0,0.0,2437.65746,52.84254,643.148619
2020-06-15 09:00:00,10.204962,160.160536,14.981951,14.982507,2636.195038,0.0,0.0,2735.504,0.0,688.696344
2020-06-15 10:00:00,48.159455,308.253707,14.981951,14.982507,2593.240545,0.0,0.0,2976.452,0.0,731.281718
2020-06-15 11:00:00,228.068525,400.0,14.981951,18.573789,2417.331475,0.0,0.0,3011.416,0.0,762.912679
2020-06-15 12:00:00,398.0,400.0,14.982507,19.685338,2259.001326,0.0,0.0,3075.898,0.0,796.334501
2020-06-15 13:00:00,400.0,400.0,16.970947,20.419098,2198.210193,0.0,0.0,3152.334,0.0,816.918571
2020-06-15 14:00:00,400.0,400.0,19.685338,22.439258,1921.194438,0.0,0.0,3065.052,0.0,845.378634
2020-06-15 15:00:00,400.0,400.0,19.68943,25.383304,1904.567798,0.0,0.0,3000.846,0.0,863.74173
2020-06-15 16:00:00,400.0,400.0,18.861019,23.437807,2225.719101,0.0,0.0,2886.902,0.0,855.027435
2020-06-15 17:00:00,400.0,400.0,19.68943,29.265731,2275.622112,0.0,0.0,2518.398,0.0,831.566383
2020-06-15 18:00:00,400.0,400.0,17.214051,72.669862,2606.755773,0.0,0.0,1936.9,0.0,706.971634
2020-06-15 19:00:00,400.0,400.0,22.516066,68.919012,1812.725745,0.0,0.0,1714.02,0.0,793.244138
2020-06-15 20:00:00,400.0,400.0,20.846138,31.094943,2107.397902,0.0,0.0,1783.078,0.0,748.152015
2020-06-15 21:00:00,400.0,400.0,19.983547,21.647258,1965.215055,0.0,0.0,1760.888,0.0,696.400942
2020-06-15 22:00:00,400.0,400.0,23.437807,22.630099,844.084816,0.0,0.0,854.938,0.0,622.177978
2020-06-15 23:00:00,400.0,400.0,21.647258,28.461294,1179.356854,0.0,0.0,1166.52,0.0,565.374472
2020-06-16 00:00:00,400.0,400.0,21.288154,23.069973,1240.033273,0.0,0.0,962.41,0.0,525.656509
2020-06-16 01:00:00,400.0,400.0,21.843654,20.400003,1106.338777,0.0,0.0,637.12,0.0,496.917183
2020-06-16 02:00:00,400.0,400.0,21.116714,20.400003,1299.599422,0.0,0.0,709.768,0.0,478.825287
2020-06-16 03:00:00,400.0,400.0,20.846138,21.116411,1360.518233,0.0,0.0,745.59,0.0,475.060765
2020-06-16 04:00:00,400.0,400.0,21.116714,21.116411,1312.019003,0.0,0.0,738.722,0.0,481.30545
2020-06-16 05:00:00,400.0,400.0,21.287879,18.861019,1256.415697,0.0,0.0,823.822,0.0,502.410945
2020-06-16 06:00:00,400.0,400.0,19.430296,18.861019,1631.99273,0.0,0.0,1421.166,0.0,535.675991
2020-06-16 07:00:00,400.0,400.0,18.861019,19.685338,1747.831461,0.0,0.0,1937.502,0.0,595.750581
2020-06-16 08:00:00,400.0,400.0,16.970947,20.419098,1877.190035,0.0,0.0,2425.636,0.0,649.566895
2020-06-16 09:00:00,351.981318,400.0,14.9805,21.116714,1928.418682,0.0,0.0,2843.634,0.0,704.582298
2020-06-16 10:00:00,400.0,400.0,16.970947,20.846138,1854.369666,0.0,0.0,3032.554,0.0,744.02765
2020-06-16 11:00:00,400.0,400.0,19.430296,21.116411,1653.462452,0.0,0.0,3108.638,0.0,785.576332
2020-06-16 12:00:00,398.0,400.0,14.9805,22.790751,1876.0,0.0,0.0,3404.545064,40.052936,822.08176
2020-06-16 13:00:00,0.0,400.0,0.0,27.524536,2446.0,0.0,0.0,3838.319967,413.770033,854.897995
2020-06-16 14:00:00,0.0,400.0,3.085631,27.745122,2591.585836,0.0,0.0,3807.039198,444.306802,881.618004
2020-06-16 15:00:00,0.0,400.0,3.290854,22.732362,2633.901753,0.0,0.0,3742.787118,90.798882,893.382805
2020-06-16 16:00:00,400.0,400.0,21.287879,23.996131,1751.771007,0.0,0.0,2808.22,0.0,885.517349
2020-06-16 17:00:00,400.0,400.0,20.419098,64.811557,1889.808376,0.0,0.0,2600.95,0.0,859.221244
2020-06-16 18:00:00,400.0,400.0,23.069973,22.96816,1516.008689,0.0,0.0,1730.632,0.0,812.493497
2020-06-16 19:00:00,400.0,400.0,24.617414,22.732362,1143.41055,0.0,0.0,1260.838,0.0,797.914117
2020-06-16 20:00:00,400.0,400.0,25.9087,76.755559,1056.215859,0.0,0.0,942.832,0.0,770.492421
2020-06-16 21:00:00,400.0,400.0,22.732362,26.484864,1591.036005,0.0,0.0,1166.218,0.0,716.577299
2020-06-16 22:00:00,400.0,400.0,22.632352,25.090854,1531.573173,0.0,0.0,1340.442592,76.403408,645.130413
2020-06-16 23:00:00,400.0,400.0,20.846138,24.788698,1537.292238,0.0,0.0,1288.87,0.0,583.286664
2020-06-17 00:00:00,400.0,400.0,21.116714,26.662228,1258.499338,0.0,0.0,1164.802,0.0,541.845399
2020-06-17 01:00:00,400.0,400.0,21.287879,23.45863,973.351491,0.0,0.0,1173.934,0.0,509.487376
2020-06-17 02:00:00,400.0,400.0,21.288154,23.482853,752.674971,0.0,0.0,1147.482,0.0,488.671054
2020-06-17 03:00:00,400.0,400.0,19.68943,21.122752,937.928074,0.0,0.0,1633.15,0.0,485.433289
2020-06-17 04:00:00,400.0,400.0,19.034775,17.379959,1051.878116,0.0,0.0,1744.89,0.0,485.101783
2020-06-17 05:00:00,400.0,81.4,19.68943,1.147429,947.99208,0.0,0.0,1800.272,0.0,508.991988
2020-06-17 06:00:00,296.605274,74.4,14.9805,0.0,1304.794726,0.0,0.0,2400.7,0.0,545.535791
2020-06-17 07:00:00,90.901607,88.4,14.979622,0.0,1508.498393,0.0,0.0,3015.182,0.0,607.152541
2020-06-17 08:00:00,0.0,88.4,0.0,0.0,1609.0,0.0,0.0,3441.139551,27.228449,655.970933
2020-06-17 09:00:00,0.0,75.4,0.0,0.0,1607.0,0.0,0.0,3727.661711,144.192289,699.249257
2020-06-17 10:00:00,0.0,60.4,0.0,0.0,1607.0,0.0,0.0,3983.222048,272.689952,737.583307
2020-06-17 11:00:00,0.0,49.4,0.0,0.0,1606.0,0.0,0.0,4171.700078,238.387922,766.005012
2020-06-17 12:00:00,0.0,53.4,13.840167,1.084283,1516.788671,0.0,0.0,4270.952201,165.979799,794.274529
2020-06-17 13:00:00,134.202082,0.0,14.996599,11.70035,1376.197918,0.0,0.0,4248.183902,108.518098,811.947898
2020-06-17 14:00:00,304.996995,106.821752,15.0,15.0,1126.900586,0.0,0.0,4170.178746,135.059254,837.641724
2020-06-17 15:00:00,396.0,261.062565,14.997514,15.0,1102.128029,0.0,0.0,4081.873977,65.408023,853.611892
2020-06-17 16:00:00,319.38383,329.932242,14.997514,16.986204,1339.69245,0.0,0.0,3977.340615,94.939385,855.547225
2020-06-17 17:00:00,330.520972,400.0,15.0,25.390481,1421.416494,0.0,0.0,3581.070529,66.659471,837.098105
2020-06-17 18:00:00,400.0,400.0,22.517176,32.769296,1305.991411,0.0,0.0,2994.832538,158.987462,797.526169
2020-06-17 19:00:00,400.0,400.0,24.164005,71.571942,1024.014724,0.0,0.0,2545.45933,38.89067,777.366691
2020-06-17 20:00:00,400.0,400.0,23.904498,69.611072,1082.105834,0.0,0.0,2448.572378,19.067622,754.119982
2020-06-17 21:00:00,400.0,400.0,72.96816,22.709794,909.395438,0.0,6.853946,2085.118,0.0,702.708384
2020-06-17 22:00:00,400.0,400.0,73.128644,20.42044,688.501203,0.0,140.055817,1913.688,0.0,632.12802
2020-06-17 23:00:00,400.0,328.446285,71.116714,15.270348,699.386313,0.0,54.32544,1914.898,0.0,571.426753
2020-06-18 00:00:00,400.0,400.0,70.419098,17.38235,665.742389,0.0,30.272253,1926.82,0.0,525.011642
2020-06-18 01:00:00,400.0,400.0,71.287879,17.38235,361.292819,0.0,300.894258,1795.0,0.0,497.656077
2020-06-18 02:00:00,400.0,252.787061,69.68943,14.975624,568.327387,0.0,68.543705,1866.928,0.0,477.390092
2020-06-18 03:00:00,400.0,237.374524,16.970947,14.9805,801.585449,0.0,0.0,2079.102,0.0,474.227483
2020-06-18 04:00:00,400.0,277.124833,18.861019,14.97775,680.764645,0.0,0.0,1984.52,0.0,478.163303
2020-06-18 05:00:00,400.0,63.4,20.061984,0.0,716.124927,0.0,0.0,2142.3535,55.9285,496.534286
2020-06-18 06:00:00,148.414877,45.4,14.975972,0.0,1070.585123,0.0,0.0,2675.629433,58.738567,532.356647
2020-06-18 07:00:00,0.0,88.4,0.0,0.0,1309.0,0.0,0.0,3254.303993,188.398007,597.195599
2020-06-18 08:00:00,0.0,88.4,-0.0,0.0,1308.0,0.0,0.0,3580.399711,230.096289,646.259957
2020-06-18 09:00:00,0.0,88.4,0.0,0.0,1305.0,0.0,0.0,3877.610856,106.167144,691.291628
2020-06-18 10:00:00,0.0,0.0,0.0,18.661773,1304.0,0.0,0.0,3978.509633,168.420367,732.076445
2020-06-18 11:00:00,0.0,0.0,13.713829,18.181803,1450.827388,0.0,0.0,4133.782767,10.285233,761.093307
2020-06-18 12:00:00,113.720277,0.0,14.999109,18.393035,1261.221548,0.0,0.0,4245.99,0.0,806.365268
2020-06-18 13:00:00,216.145513,291.036846,14.979622,18.908913,1256.254488,0.0,0.0,4181.564,0.0,827.446427
2020-06-18 14:00:00,398.0,374.370618,14.979622,16.804398,1304.0,0.0,0.0,4018.793218,15.496782,852.868983
2020-06-18 15:00:00,396.0,363.29354,14.99494,17.680526,1417.22618,0.0,0.0,3860.635932,18.382068,865.411463
2020-06-18 16:00:00,396.0,400.0,14.99639,20.869318,1589.136721,0.0,0.0,3588.039355,14.490645,861.285395
2020-06-18 17:00:00,233.279302,400.0,15.0,25.837407,1893.097617,0.0,0.0,3214.268,0.0,836.125557
2020-06-18 18:00:00,376.564101,400.0,15.0,69.058226,2009.202323,0.0,0.0,2718.148,0.0,785.991852
2020-06-18 19:00:00,400.0,400.0,19.685338,75.9087,1910.123354,0.0,0.0,2519.53492,13.08308,777.061735
2020-06-18 20:00:00,381.416074,400.0,15.0,31.496662,1897.463089,0.0,0.0,2448.740727,31.995273,754.091646
2020-06-18 21:00:00,320.874743,320.856097,15.0,15.0,2069.742705,0.0,0.0,2339.055766,51.260234,711.796959
2020-06-18 22:00:00,374.370012,400.0,15.0,21.338206,1189.370514,0.0,0.0,2080.662,0.0,645.343723
2020-06-18 23:00:00,400.0,400.0,19.68943,21.116714,1083.883223,0.0,0.0,1951.548,0.0,588.549717
2020-06-19 00:00:00,400.0,400.0,18.072542,18.861019,1356.592239,0.0,0.0,1972.768,0.0,542.576364
2020-06-19 01:00:00,400.0,400.0,15.731586,18.861019,1426.595184,0.0,0.0,1865.268,0.0,515.950922
2020-06-19 02:00:00,325.24922,400.0,14.981951,18.573789,1504.150782,0.0,0.0,1794.568,0.0,493.712583
2020-06-19 03:00:00,339.569535,400.0,14.981951,19.430296,1489.830467,0.0,0.0,1790.218,0.0,495.20813
2020-06-19 04:00:00,232.813184,400.0,14.981951,18.861019,1596.586817,0.0,0.0,1867.846,0.0,490.838877
2020-06-19 05:00:00,281.341254,321.361462,14.981951,14.981951,1545.058746,0.0,0.0,1976.986,0.0,514.939088
2020-06-19 06:00:00,49.135601,86.4,14.976802,0.0,1782.864399,0.0,0.0,2465.497816,2.922184,552.545013
2020-06-19 07:00:00,0.0,153.003729,0.0,14.9805,1831.0,0.0,0.0,2979.875243,141.496757,622.481286
2020-06-19 08:00:00,0.0,302.094468,0.0,14.9805,1828.0,0.0,0.0,3366.208252,115.451748,680.881238
2020-06-19 09:00:00,0.0,400.0,0.0,18.573789,1827.0,0.0,0.0,3688.825957,295.742043,729.423894
2020-06-19 10:00:00,0.0,400.0,0.0,19.430296,1825.0,0.0,0.0,3987.826708,155.925292,774.574006
2020-06-19 11:00:00,0.0,400.0,0.0,25.52355,1824.0,0.0,0.0,3752.483341,597.216659,815.922501
2020-06-19 12:00:00,0.0,400.0,-0.0,26.187138,2377.0,0.0,0.0,3839.342777,772.035223,854.751417
2020-06-19 13:00:00,0.0,400.0,0.0,25.47335,2560.0,0.0,0.0,4069.617751,338.168249,889.592663
2020-06-19 14:00:00,0.0,400.0,10.29027,25.47335,2547.075848,0.0,0.0,4200.640608,53.341392,914.484714
2020-06-19 15:00:00,95.212511,400.0,14.990398,57.481915,2403.187489,0.0,0.0,4168.939616,75.044384,936.262819
2020-06-19 16:00:00,354.794585,400.0,15.0,75.545362,2033.314418,0.0,0.0,3716.672855,43.975145,934.703766
2020-06-19 17:00:00,371.210996,400.0,15.0,25.334462,1783.057194,0.0,0.0,3380.433159,219.848841,911.006395
2020-06-19 18:00:00,400.0,400.0,22.709794,25.438646,1499.067604,0.0,0.0,2772.296873,243.133127,862.38439
2020-06-19 19:00:00,400.0,400.0,23.388687,25.387725,1344.149063,0.0,0.0,2487.938091,207.109909,842.968354
2020-06-19 20:00:00,400.0,400.0,21.905537,27.299388,1694.523452,0.0,0.0,2607.358245,225.101755,808.325219
2020-06-19 21:00:00,400.0,400.0,22.709794,25.56725,1171.966226,0.0,0.0,2471.189893,297.272107,759.78355
2020-06-19 22:00:00,400.0,400.0,17.715046,24.205409,1224.561479,0.0,0.0,2430.431392,297.138608,692.530487
2020-06-19 23:00:00,400.0,400.0,20.42044,24.517668,1148.910394,0.0,0.0,2271.929782,289.938218,626.852908
2020-06-20 00:00:00,398.0,282.03824,14.980658,14.985762,1424.265755,0.0,0.0,2282.313311,250.418689,578.857133
2020-06-20 01:00:00,261.05878,220.554182,14.981951,14.982507,1570.341221,0.0,0.0,2201.9,0.0,544.883817
2020-06-20 02:00:00,213.409784,191.924877,14.981951,14.981951,1616.990217,0.0,0.0,2063.8,0.0,517.171467
2020-06-20 03:00:00,241.602547,124.496556,14.981951,14.981951,1588.797454,0.0,0.0,1947.152,0.0,503.903182
2020-06-20 04:00:00,176.154065,303.880747,14.981951,14.981951,1654.245936,0.0,0.0,1917.98,0.0,489.71011
2020-06-20 05:00:00,91.169533,86.4,14.981951,0.0,1736.230467,0.0,0.0,2022.432,0.0,493.08023
2020-06-20 06:00:00,0.0,217.618548,0.0,14.981951,1834.0,0.0,0.0,2279.977532,110.140468,517.04663
2020-06-20 07:00:00,0.0,400.0,0.0,19.430296,1833.0,0.0,0.0,2673.595051,173.786949,576.239258
2020-06-20 08:00:00,0.0,400.0,0.0,19.68943,1829.0,0.0,0.0,2983.316856,78.901144,644.297528
2020-06-20 09:00:00,162.526796,400.0,14.9805,24.674014,1863.873204,0.0,0.0,3231.3,0.0,707.764019
2020-06-20 10:00:00,398.0,400.0,14.9805,22.419035,1642.0,0.0,0.0,3187.864882,33.375118,764.529732
2020-06-20 11:00:00,400.0,400.0,18.463561,25.616393,1751.229306,0.0,0.0,3194.598,0.0,809.305304
2020-06-20 12:00:00,400.0,400.0,18.861019,24.585399,1874.666919,0.0,0.0,3238.43,0.0,850.614462
2020-06-20 13:00:00,400.0,400.0,18.861019,26.024991,2044.567684,0.0,0.0,3273.79,0.0,883.683347
2020-06-20 14:00:00,400.0,400.0,19.68943,25.501721,2050.545471,0.0,0.0,3129.154,0.0,914.341279
2020-06-20 15:00:00,400.0,400.0,21.116411,25.746632,2009.148386,0.0,0.0,2862.604,0.0,933.818342
2020-06-20 16:00:00,400.0,400.0,21.843654,26.993198,1966.359318,0.0,0.0,2477.814,0.0,935.768202
2020-06-20 17:00:00,400.0,400.0,23.206766,52.499174,1765.06681,0.0,0.0,1907.518,0.0,918.067678
2020-06-20 18:00:00,400.0,400.0,24.617414,76.845129,1589.801061,0.0,0.0,1297.62,0.0,874.922841
2020-06-20 19:00:00,400.0,400.0,26.324557,70.464264,1435.899701,0.0,0.0,987.268,0.0,844.255245
2020-06-20 20:00:00,400.0,400.0,25.9087,27.928508,1359.061904,0.0,0.0,782.436,0.0,801.506114
2020-06-20 21:00:00,400.0,400.0,24.62179,27.32235,1276.175106,0.0,0.0,715.15,0.0,749.396234
2020-06-20 22:00:00,400.0,400.0,22.96816,26.205874,1552.269392,0.0,0.0,932.512,0.0,687.336391
2020-06-20 23:00:00,400.0,400.0,22.576747,26.337419,1458.965771,0.0,0.0,791.518,0.0,626.932834
2020-06-21 00:00:00,400.0,400.0,22.576747,23.069973,1274.285155,0.0,0.0,639.952,0.0,578.650027
2020-06-21 01:00:00,400.0,400.0,22.516066,22.576747,1339.537093,0.0,0.0,490.082,0.0,546.381736
2020-06-21 02:00:00,400.0,400.0,22.185841,21.843654,1395.09406,0.0,0.0,386.216,0.0,522.468291
2020-06-21 03:00:00,400.0,400.0,21.647258,21.647258,1457.422556,0.0,0.0,352.882,0.0,508.118917
2020-06-21 04:00:00,400.0,400.0,21.287879,21.116714,1582.972165,0.0,0.0,357.472,0.0,489.974975
2020-06-21 05:00:00,400.0,382.342536,20.400003,14.982507,1759.90517,0.0,0.0,514.164,0.0,486.938825
2020-06-21 06:00:00,327.771176,53.125307,14.982507,14.982507,2335.628824,0.0,0.0,1161.462,0.0,497.674976
2020-06-21 07:00:00,186.304869,30.4,14.982507,0.0,2462.095131,0.0,0.0,1628.854,0.0,548.81383
2020-06-21 08:00:00,138.77597,62.540982,14.981951,14.982507,2499.62403,0.0,0.0,2087.382,0.0,611.963695
2020-06-21 09:00:00,284.83308,240.567778,14.982507,14.982507,2368.56692,0.0,0.0,2378.6,0.0,675.304962
2020-06-21 10:00:00,398.0,400.0,14.982507,18.573789,2264.0,0.0,0.0,2709.09774,18.60026,740.564661
2020-06-21 11:00:00,400.0,400.0,18.573789,19.983547,2103.877897,0.0,0.0,2937.584,0.0,798.855915
2020-06-21 12:00:00,400.0,400.0,19.68943,21.288154,1857.969641,0.0,0.0,3008.532,0.0,846.384354
2020-06-21 13:00:00,400.0,400.0,20.400003,22.732362,1768.978652,0.0,0.0,2998.984,0.0,883.800802
2020-06-21 14:00:00,400.0,400.0,21.287879,23.976586,1754.021886,0.0,0.0,2849.102,0.0,916.812017
2020-06-21 15:00:00,400.0,400.0,22.516066,26.93387,1704.535084,0.0,0.0,2581.278,0.0,937.311437
2020-06-21 16:00:00,400.0,400.0,21.843654,23.87513,1963.29863,0.0,0.0,2488.29,0.0,937.798705
2020-06-21 17:00:00,400.0,400.0,23.069973,70.362316,1846.735975,0.0,0.0,1998.15,0.0,922.712104
2020-06-21 18:00:00,400.0,400.0,24.617414,76.845129,1634.822556,0.0,0.0,1315.25,0.0,879.064117
2020-06-21 19:00:00,400.0,400.0,24.617414,62.706209,1651.957402,0.0,0.0,1262.86,0.0,861.43539
2020-06-21 20:00:00,400.0,400.0,25.9087,28.850699,1451.771651,0.0,0.0,921.0,0.0,823.684252
2020-06-21 21:00:00,400.0,400.0,80.277405,25.056389,577.591251,0.0,406.436314,482.6,0.0,776.690565
2020-06-21 22:00:00,400.0,400.0,81.727779,25.945254,272.91077,0.0,621.609015,338.996,0.0,705.432785
2020-06-21 23:00:00,400.0,400.0,81.727779,26.446527,334.433975,0.0,478.337929,368.48,0.0,640.641904
2020-06-22 00:00:00,400.0,400.0,76.755559,20.419098,611.257206,0.0,137.350413,355.968,0.0,590.506619
2020-06-22 01:00:00,400.0,400.0,80.277405,19.034775,373.473226,0.0,341.737809,323.516,0.0,563.510035
2020-06-22 02:00:00,400.0,400.0,76.429316,18.861019,575.294809,0.0,110.77727,399.262,0.0,540.895079
2020-06-22 03:00:00,400.0,400.0,23.87513,18.861019,711.800098,0.0,0.0,496.818,0.0,535.052685
2020-06-22 04:00:00,400.0,400.0,22.492854,19.685338,1052.308446,0.0,0.0,849.148,0.0,536.825933
2020-06-22 05:00:00,400.0,230.945388,20.419098,14.9805,1384.78085,0.0,0.0,1353.518,0.0,562.610572
2020-06-22 06:00:00,400.0,85.4,19.685338,0.0,1608.79148,0.0,0.0,1891.56,0.0,609.715278
2020-06-22 07:00:00,400.0,182.072597,19.034775,14.9805,1685.781618,0.0,0.0,2394.604,0.0,673.623357
2020-06-22 08:00:00,400.0,0.0,19.034775,14.846707,1704.971896,0.0,0.0,2816.62,0.0,734.047216
2020-06-22 09:00:00,400.0,269.9226,19.983547,14.999109,1495.611569,0.0,0.0,2988.46,0.0,791.227265
2020-06-22 10:00:00,400.0,399.448539,20.419098,15.0,1425.963141,0.0,0.0,3263.49,0.0,842.929029
2020-06-22 11:00:00,400.0,400.0,20.400003,18.728109,1445.36781,0.0,0.0,3447.762,0.0,893.159128
2020-06-22 12:00:00,400.0,400.0,21.116411,24.978593,1511.780626,0.0,0.0,3433.366,0.0,934.287806
2020-06-22 13:00:00,400.0,400.0,21.116411,24.421837,1697.436672,0.0,0.0,3364.914,0.0,974.921599
2020-06-22 14:00:00,400.0,400.0,21.843654,24.199869,1841.86207,0.0,0.0,3296.798,0.0,998.540389
2020-06-22 15:00:00,400.0,400.0,21.287879,25.756732,2009.312311,0.0,0.0,3183.01,0.0,1007.354653
2020-06-22 16:00:00,400.0,400.0,22.492854,70.835336,2113.286281,0.0,0.0,2894.088,0.0,1005.120258
2020-06-22 17:00:00,400.0,400.0,22.96816,76.245579,1930.328778,0.0,0.0,2488.446,0.0,974.117583
2020-06-22 18:00:00,400.0,400.0,23.444698,27.458056,1629.201299,0.0,0.0,1842.548,0.0,918.802005
2020-06-22 19:00:00,400.0,400.0,23.657594,27.559278,1597.129942,0.0,0.0,1644.05,0.0,893.838009
2020-06-22 20:00:00,400.0,400.0,24.749386,26.339877,1251.502854,0.0,0.0,1735.550001,6.247999,852.907072
2020-06-22 21:00:00,400.0,400.0,24.08455,24.917512,1267.572231,0.0,0.0,1753.076169,149.289831,799.875591
2020-06-22 22:00:00,400.0,400.0,75.557295,25.088499,933.72499,0.0,4.617907,1604.177637,76.804363,721.117897
2020-06-22 23:00:00,400.0,400.0,73.87513,25.566996,645.389656,0.0,206.190396,1211.05,0.0,652.149052
2020-06-23 00:00:00,400.0,400.0,23.128644,21.474047,827.239929,0.0,0.0,1048.75,0.0,600.526511
2020-06-23 01:00:00,400.0,400.0,22.492854,21.288154,1002.851333,0.0,0.0,1011.35,0.0,568.5748
2020-06-23 02:00:00,400.0,400.0,21.116714,21.116714,1245.529679,0.0,0.0,1097.988,0.0,545.168748
2020-06-23 03:00:00,400.0,400.0,20.846138,19.983547,1312.192613,0.0,0.0,1095.062,0.0,534.730408
2020-06-23 04:00:00,400.0,400.0,19.68943,19.034775,1528.539126,0.0,0.0,1309.318,0.0,534.416831
2020-06-23 05:00:00,400.0,186.784305,19.685338,14.981951,1565.454399,0.0,0.0,1494.55,0.0,556.66434
2020-06-23 06:00:00,400.0,106.623357,19.68943,14.9805,1514.917287,0.0,0.0,1684.718,0.0,592.770107
2020-06-23 07:00:00,400.0,400.0,20.419098,18.861019,1335.249171,0.0,0.0,1913.24,0.0,653.998624
2020-06-23 08:00:00,400.0,400.0,20.846138,18.072542,1283.37843,0.0,0.0,2189.57,0.0,703.228735
2020-06-23 09:00:00,400.0,400.0,20.419098,19.68943,1343.886687,0.0,0.0,2620.272,0.0,758.757797
2020-06-23 10:00:00,400.0,400.0,20.846138,20.846138,1304.260443,0.0,0.0,2913.86,0.0,808.739934
2020-06-23 11:00:00,400.0,400.0,19.685338,26.815004,1557.48815,0.0,0.0,3119.878,0.0,852.658478
2020-06-23 12:00:00,400.0,400.0,21.116714,24.2557,1604.95233,0.0,0.0,3082.462,0.0,895.426451
2020-06-23 13:00:00,400.0,400.0,21.474047,26.181447,1521.346193,0.0,0.0,3056.338,0.0,929.548771
2020-06-23 14:00:00,400.0,400.0,21.843654,24.482151,1586.79624,0.0,0.0,2970.652,0.0,960.128364
2020-06-23 15:00:00,400.0,400.0,22.576747,25.514258,1649.526983,0.0,0.0,2785.05,0.0,976.128453
2020-06-23 16:00:00,400.0,400.0,23.069973,26.421889,1697.68286,0.0,0.0,2439.252,0.0,970.285371
2020-06-23 17:00:00,400.0,400.0,23.206766,72.634009,1739.335508,0.0,0.0,1985.5,0.0,942.624674
2020-06-23 18:00:00,400.0,400.0,24.62179,75.253898,1630.629998,0.0,0.0,1348.05,0.0,892.863
2020-06-23 19:00:00,400.0,400.0,26.429316,60.184487,1340.997725,0.0,0.0,913.734,0.0,863.960441
2020-06-23 20:00:00,400.0,400.0,26.755559,28.219289,1123.439668,0.0,0.0,693.732,0.0,822.34385
2020-06-23 21:00:00,400.0,400.0,25.9087,26.705432,1376.215885,0.0,0.0,539.298,0.0,761.262317
2020-06-23 22:00:00,400.0,400.0,76.755559,26.776857,756.290807,0.0,117.136389,463.948,0.0,687.021196
2020-06-23 23:00:00,400.0,400.0,76.755559,24.582661,512.091006,0.0,274.441043,478.038,0.0,615.442049
2020-06-24 00:00:00,400.0,400.0,23.87513,22.23556,837.364819,0.0,0.0,462.962,0.0,564.389577
2020-06-24 01:00:00,400.0,400.0,23.128644,20.400003,990.264498,0.0,0.0,417.938,0.0,534.701025
2020-06-24 02:00:00,400.0,353.667247,23.069973,14.981951,1040.251576,0.0,0.0,331.098,0.0,514.176964
2020-06-24 03:00:00,400.0,400.0,22.516066,18.861019,1150.099619,0.0,0.0,381.934,0.0,505.325157
2020-06-24 04:00:00,400.0,400.0,22.492854,18.573789,1170.596017,0.0,0.0,382.352,0.0,502.313397
2020-06-24 05:00:00,400.0,320.948714,22.492854,14.981951,1167.562187,0.0,0.0,593.352,0.0,534.418472
2020-06-24 06:00:00,400.0,117.952785,21.287879,14.981951,1387.255041,0.0,0.0,1094.918,0.0,576.699444
2020-06-24 07:00:00,400.0,353.359993,20.419098,14.981951,1550.977451,0.0,0.0,1651.852,0.0,635.681182
2020-06-24 08:00:00,400.0,326.888721,20.400003,14.981951,1587.362646,0.0,0.0,2053.648,0.0,690.492803
2020-06-24 09:00:00,400.0,400.0,20.419098,19.034775,1500.184307,0.0,0.0,2319.82,0.0,743.495354
2020-06-24 10:00:00,400.0,400.0,21.287879,21.116714,1394.46785,0.0,0.0,2579.378,0.0,798.286522
2020-06-24 11:00:00,400.0,400.0,21.474047,25.247753,1315.874596,0.0,0.0,2683.86,0.0,851.247811
2020-06-24 12:00:00,400.0,400.0,21.647258,24.041463,1435.711128,0.0,0.0,2746.218,0.0,895.876031
2020-06-24 13:00:00,400.0,400.0,21.843654,26.694481,1601.229918,0.0,0.0,2833.546,0.0,937.397412
2020-06-24 14:00:00,400.0,400.0,22.732362,25.434025,1664.526125,0.0,0.0,2755.168,0.0,969.396281
2020-06-24 15:00:00,400.0,400.0,23.069973,25.9087,1759.088208,0.0,0.0,2658.988,0.0,994.034969
2020-06-24 16:00:00,400.0,400.0,23.069973,30.404534,1834.020275,0.0,0.0,2344.896,0.0,988.931359
2020-06-24 17:00:00,400.0,400.0,23.206766,73.970573,1823.11609,0.0,0.0,1895.532,0.0,963.512386
2020-06-24 18:00:00,400.0,400.0,23.87513,77.128505,1771.42772,0.0,0.0,1309.438,0.0,910.651542
2020-06-24 19:00:00,400.0,400.0,26.324557,59.752017,1483.343827,0.0,0.0,997.332,0.0,883.648226
2020-06-24 20:00:00,400.0,400.0,24.62179,26.755559,1534.121247,0.0,0.0,882.25,0.0,842.269313
2020-06-24 21:00:00,400.0,400.0,25.9087,29.136969,1350.879737,0.0,0.0,671.47,0.0,784.888539
2020-06-24 22:00:00,400.0,400.0,26.324557,24.880469,1010.231049,0.0,0.0,483.118,0.0,701.233043
2020-06-24 23:00:00,400.0,400.0,77.050889,26.960036,593.632953,0.0,212.716304,297.568,0.0,636.125257
2020-06-25 00:00:00,400.0,400.0,25.758899,21.647258,874.814302,0.0,0.0,293.354,0.0,586.580955
2020-06-25 01:00:00,400.0,400.0,23.437807,22.492854,1095.953881,0.0,0.0,291.848,0.0,553.184118
2020-06-25 02:00:00,400.0,400.0,22.96816,22.576747,1239.401281,0.0,0.0,265.42,0.0,527.702808
2020-06-25 03:00:00,400.0,400.0,22.576747,22.516066,1291.63788,0.0,0.0,276.1,0.0,521.469318
2020-06-25 04:00:00,400.0,400.0,22.576747,21.647258,1305.302188,0.0,0.0,288.47,0.0,521.275172
2020-06-25 05:00:00,400.0,400.0,22.576747,19.983547,1317.696827,0.0,0.0,430.318,0.0,540.693176
2020-06-25 06:00:00,400.0,400.0,21.116714,19.034775,1617.267361,0.0,0.0,1047.588,0.0,588.348096
2020-06-25 07:00:00,400.0,400.0,19.983547,19.034775,1785.124813,0.0,0.0,1690.89,0.0,659.664778
2020-06-25 08:00:00,400.0,400.0,19.983547,19.68943,1777.518876,0.0,0.0,2071.96,0.0,717.966169
2020-06-25 09:00:00,400.0,400.0,21.116411,20.419098,1626.742353,0.0,0.0,2328.202,0.0,779.018947
2020-06-25 10:00:00,400.0,400.0,21.288154,21.474047,1547.421638,0.0,0.0,2574.798,0.0,827.906454
2020-06-25 11:00:00,400.0,400.0,22.185841,22.576747,1385.62678,0.0,0.0,2749.664,0.0,878.405583
2020-06-25 12:00:00,400.0,400.0,22.185841,23.959894,1391.652212,0.0,0.0,2846.346,0.0,917.504068
2020-06-25 13:00:00,400.0,400.0,22.576747,26.709567,1479.784722,0.0,0.0,2810.562,0.0,952.166592
2020-06-25 14:00:00,400.0,400.0,22.576747,25.446635,1649.615775,0.0,0.0,2722.55,0.0,992.240134
2020-06-25 15:00:00,400.0,400.0,23.437807,25.519737,1690.24279,0.0,0.0,2543.64,0.0,1014.809581
2020-06-25 16:00:00,400.0,400.0,24.617414,25.403872,1529.156177,0.0,0.0,2202.568,0.0,1013.311773
2020-06-25 17:00:00,400.0,400.0,24.617414,76.845129,1596.601087,0.0,0.0,1739.21,0.0,981.541337
2020-06-25 18:00:00,400.0,400.0,25.9087,77.128505,1591.168515,0.0,0.0,1147.332,0.0,930.324523
2020-06-25 19:00:00,400.0,400.0,26.500239,56.735856,1323.664307,0.0,0.0,760.08,0.0,896.762354
2020-06-25 20:00:00,400.0,400.0,26.404825,32.606221,1425.496883,0.0,0.0,732.318,0.0,860.823168
2020-06-25 21:00:00,400.0,400.0,24.62179,27.979783,1513.180751,0.0,0.0,560.19,0.0,797.101387
2020-06-25 22:00:00,400.0,400.0,80.277405,25.420743,444.124596,0.0,467.532415,395.218,0.0,719.714011
2020-06-25 23:00:00,400.0,400.0,79.768419,26.435332,464.713416,0.0,365.511372,295.732,0.0,655.187788
2020-06-26 00:00:00,400.0,400.0,77.274563,22.492854,447.279046,0.0,320.430385,290.322,0.0,605.590431
2020-06-26 01:00:00,400.0,400.0,76.429316,23.657594,584.669875,0.0,140.077344,257.378,0.0,571.456219
2020-06-26 02:00:00,400.0,400.0,26.324557,23.657594,739.045865,0.0,0.0,251.938,0.0,547.48382
2020-06-26 03:00:00,400.0,400.0,24.617414,23.437807,803.208557,0.0,0.0,246.838,0.0,537.094416
2020-06-26 04:00:00,400.0,400.0,23.87513,23.128644,834.466327,0.0,0.0,259.2,0.0,534.260051
2020-06-26 05:00:00,400.0,400.0,24.617414,21.287879,798.628073,0.0,0.0,350.022,0.0,553.259089
2020-06-26 06:00:00,400.0,400.0,22.492854,19.685338,1183.499959,0.0,0.0,995.154,0.0,592.298106
2020-06-26 07:00:00,400.0,400.0,21.287879,19.68943,1396.711012,0.0,0.0,1634.032,0.0,656.148148
2020-06-26 08:00:00,400.0,400.0,21.474047,21.116714,1336.568335,0.0,0.0,1980.97,0.0,717.21025
2020-06-26 09:00:00,400.0,400.0,23.128644,22.492854,1009.499666,0.0,0.0,2099.486,0.0,784.04795
2020-06-26 10:00:00,400.0,400.0,73.437807,23.682461,925.500207,0.0,109.891762,2239.58,0.0,843.161969
2020-06-26 11:00:00,400.0,400.0,22.96816,26.967546,1243.308558,0.0,0.0,2547.962,0.0,894.998016
2020-06-26 12:00:00,400.0,400.0,23.069973,24.908393,1328.243695,0.0,0.0,2579.298,0.0,940.208146
2020-06-26 13:00:00,400.0,400.0,22.732362,25.792664,1623.153685,0.0,0.0,2584.038,0.0,975.432647
2020-06-26 14:00:00,400.0,400.0,23.128644,26.523849,1789.814621,0.0,0.0,2585.232,0.0,1006.112607
2020-06-26 15:00:00,400.0,400.0,23.657594,28.068339,1615.332855,0.0,0.0,2357.262,0.0,1023.589372
2020-06-26 16:00:00,400.0,400.0,24.62179,31.860744,1498.260497,0.0,0.0,1993.37,0.0,1020.916425
2020-06-26 17:00:00,400.0,400.0,25.9087,76.525384,1529.252445,0.0,0.0,1595.202,0.0,980.242433
2020-06-26 18:00:00,400.0,400.0,25.9087,73.970573,1605.063296,0.0,0.0,1186.298,0.0,922.235206
2020-06-26 19:00:00,400.0,400.0,26.429316,58.870024,1352.550855,0.0,0.0,855.77,0.0,898.532872
2020-06-26 20:00:00,400.0,400.0,26.429316,28.173955,1316.368814,0.0,0.0,777.52,0.0,859.222678
2020-06-26 21:00:00,400.0,400.0,24.617414,26.899071,1588.853123,0.0,0.0,694.882,0.0,805.954332
2020-06-26 22:00:00,400.0,282.983905,23.206766,28.153319,1607.242497,0.0,0.0,589.668,0.0,734.163825
2020-06-26 23:00:00,400.0,400.0,23.657594,26.559633,1242.197109,0.0,0.0,474.6,0.0,671.895434
2020-06-27 00:00:00,400.0,400.0,23.069973,23.069973,1471.190617,0.0,0.0,408.748,0.0,620.933607
2020-06-27 01:00:00,400.0,400.0,22.576747,22.516066,1675.11964,0.0,0.0,387.004,0.0,587.082654
2020-06-27 02:00:00,400.0,400.0,21.647258,21.287879,1866.727091,0.0,0.0,388.278,0.0,558.532636
2020-06-27 03:00:00,400.0,400.0,20.419098,21.116714,2067.583781,0.0,0.0,483.114,0.0,542.629533
2020-06-27 04:00:00,400.0,400.0,20.400003,20.419098,2140.858529,0.0,0.0,454.598,0.0,527.360921
2020-06-27 05:00:00,400.0,400.0,19.983547,18.463561,2173.928271,0.0,0.0,493.682,0.0,528.263059
2020-06-27 06:00:00,400.0,305.132647,18.072542,14.982507,2533.507162,0.0,0.0,967.938,0.0,545.464626
2020-06-27 07:00:00,400.0,217.534303,18.861019,14.982507,2471.414409,0.0,0.0,1306.26,0.0,605.526839
2020-06-27 08:00:00,400.0,309.891453,19.430296,14.982507,2318.196399,0.0,0.0,1627.888,0.0,676.75374
2020-06-27 09:00:00,400.0,400.0,19.68943,18.861019,2278.398977,0.0,0.0,2057.29,0.0,747.133653
2020-06-27 10:00:00,400.0,400.0,19.034775,20.419098,2351.367683,0.0,0.0,2543.45,0.0,809.112348
2020-06-27 11:00:00,400.0,400.0,20.846138,22.732362,2027.071264,0.0,0.0,2599.168,0.0,866.11451
2020-06-27 12:00:00,400.0,400.0,21.647258,23.437807,1847.543587,0.0,0.0,2517.32,0.0,906.266462
2020-06-27 13:00:00,400.0,400.0,22.732362,31.02761,1807.325942,0.0,0.0,2355.78,0.0,941.318109
2020-06-27 14:00:00,400.0,400.0,23.069973,25.602809,1857.005599,0.0,0.0,2334.938,0.0,958.48986
2020-06-27 15:00:00,400.0,400.0,23.657594,26.628162,1602.204094,0.0,0.0,2101.068,0.0,961.629586
2020-06-27 16:00:00,400.0,400.0,26.324557,31.860744,1313.729817,0.0,0.0,1668.768,0.0,953.255727
2020-06-27 17:00:00,400.0,400.0,26.429316,76.790897,1372.260382,0.0,0.0,1355.452,0.0,928.978743
2020-06-27 18:00:00,400.0,400.0,26.324557,72.666548,1512.008217,0.0,0.0,1098.638,0.0,878.044467
2020-06-27 19:00:00,400.0,400.0,26.429316,55.909712,1315.325724,0.0,0.0,831.48,0.0,856.673141
2020-06-27 20:00:00,400.0,400.0,26.429316,29.836885,1286.129257,0.0,0.0,781.254,0.0,827.568711
2020-06-27 21:00:00,400.0,400.0,25.9087,27.354917,1408.782462,0.0,0.0,711.548,0.0,782.214831
2020-06-27 22:00:00,400.0,400.0,23.657594,27.531704,1431.011827,0.0,0.0,633.768,0.0,713.963426
2020-06-27 23:00:00,400.0,400.0,26.324557,25.758899,919.159508,0.0,0.0,538.638,0.0,669.971774
2020-06-28 00:00:00,400.0,400.0,23.206766,23.657594,1279.531456,0.0,0.0,585.13,0.0,622.889782
2020-06-28 01:00:00,400.0,400.0,22.96816,23.069973,1437.974597,0.0,0.0,517.368,0.0,588.95901
2020-06-28 02:00:00,400.0,400.0,21.843654,21.647258,1674.719702,0.0,0.0,577.432,0.0,562.456845
2020-06-28 03:00:00,400.0,400.0,21.474047,21.287879,1771.465947,0.0,0.0,563.134,0.0,545.800208
2020-06-28 04:00:00,400.0,400.0,20.419098,19.983547,1941.392421,0.0,0.0,635.686,0.0,531.194037
2020-06-28 05:00:00,400.0,357.648898,19.68943,14.981951,2137.695722,0.0,0.0,770.134,0.0,521.915742
2020-06-28 06:00:00,398.0,39.4,14.979622,0.0,2413.0,0.0,0.0,1103.291697,22.424303,530.593755
2020-06-28 07:00:00,262.586674,44.4,14.979622,0.0,2540.813326,0.0,0.0,1628.148,0.0,590.150201
2020-06-28 08:00:00,400.0,293.788857,18.861019,14.9805,2297.434222,0.0,0.0,1874.54,0.0,663.615867
2020-06-28 09:00:00,400.0,400.0,20.400003,19.685338,1994.569806,0.0,0.0,2067.31,0.0,737.961029
2020-06-28 10:00:00,400.0,400.0,21.116714,20.846138,1856.81572,0.0,0.0,2364.896,0.0,803.262042
2020-06-28 11:00:00,400.0,400.0,22.732362,22.492854,1463.660296,0.0,0.0,2360.762,0.0,861.615256
2020-06-28 12:00:00,400.0,400.0,23.437807,23.128644,1196.958561,0.0,0.0,2387.48,0.0,905.628216
2020-06-28 13:00:00,400.0,400.0,23.128644,27.959488,1286.262995,0.0,0.0,2378.7,0.0,945.215551
2020-06-28 14:00:00,400.0,400.0,23.437807,27.009106,1535.272434,0.0,0.0,2261.638,0.0,976.254835
2020-06-28 15:00:00,400.0,400.0,24.62179,27.549314,1465.448167,0.0,0.0,2083.198,0.0,987.712475
2020-06-28 16:00:00,400.0,400.0,24.617414,26.731176,1546.774636,0.0,0.0,1901.76,0.0,977.097805
2020-06-28 17:00:00,400.0,400.0,24.62179,59.843889,1597.052931,0.0,0.0,1552.704,0.0,949.89766
2020-06-28 18:00:00,400.0,400.0,26.324557,76.557923,1463.598712,0.0,0.0,1110.298,0.0,910.454893
2020-06-28 19:00:00,400.0,400.0,26.429316,70.394855,1344.700294,0.0,0.0,935.348,0.0,904.597156
2020-06-28 20:00:00,400.0,400.0,25.9087,33.050361,1457.268006,0.0,0.0,937.012,0.0,870.261599
2020-06-28 21:00:00,400.0,400.0,24.617414,26.946176,1577.190263,0.0,0.0,779.46,0.0,820.390461
2020-06-28 22:00:00,400.0,400.0,25.9087,28.007117,1170.085113,0.0,0.0,580.216,0.0,745.069633
2020-06-28 23:00:00,400.0,400.0,24.617414,26.813415,1090.161964,0.0,0.0,402.482,0.0,677.148005
2020-06-29 00:00:00,400.0,400.0,23.069973,23.206766,1440.579056,0.0,0.0,413.92,0.0,626.301142
2020-06-29 01:00:00,400.0,400.0,23.069973,22.576747,1405.747708,0.0,0.0,477.916,0.0,594.610244
2020-06-29 02:00:00,400.0,400.0,22.576747,21.647258,1556.128143,0.0,0.0,506.666,0.0,569.630679
2020-06-29 03:00:00,400.0,400.0,21.647258,22.516066,1678.431551,0.0,0.0,581.352,0.0,562.488067
2020-06-29 04:00:00,400.0,400.0,22.185841,22.492854,1641.081767,0.0,0.0,544.778,0.0,562.604435
2020-06-29 05:00:00,400.0,400.0,22.576747,21.116411,1534.545986,0.0,0.0,571.464,0.0,582.587702
2020-06-29 06:00:00,400.0,400.0,21.647258,19.983547,1742.843095,0.0,0.0,1009.718,0.0,617.081236
2020-06-29 07:00:00,400.0,400.0,21.287879,19.983547,1808.926529,0.0,0.0,1523.936,0.0,684.301421
2020-06-29 08:00:00,400.0,400.0,21.843654,20.846138,1652.76135,0.0,0.0,1831.702,0.0,753.891098
2020-06-29 09:00:00,400.0,400.0,22.732362,22.492854,1467.239126,0.0,0.0,2082.16,0.0,819.288131
2020-06-29 10:00:00,400.0,400.0,73.657594,22.516066,1105.570402,0.0,21.022638,2095.184,0.0,875.49204
2020-06-29 11:00:00,400.0,400.0,74.617414,23.069973,1051.769619,0.0,126.667638,2318.298,0.0,917.029257
2020-06-29 12:00:00,400.0,400.0,74.617414,24.799877,1062.018583,0.0,125.88103,2380.016,0.0,950.249613
2020-06-29 13:00:00,400.0,400.0,76.429316,25.297183,875.691409,0.0,373.91108,2152.368,0.0,973.001489
2020-06-29 14:00:00,400.0,400.0,76.429316,28.902896,939.460114,0.0,275.915369,2081.77,0.0,1002.646483
2020-06-29 15:00:00,400.0,400.0,76.429316,27.070486,1240.975841,0.0,31.294683,1929.366,0.0,1015.558524
2020-06-29 16:00:00,400.0,400.0,76.429316,27.731456,1240.068921,0.0,52.822041,1783.802,0.0,1024.909962
2020-06-29 17:00:00,400.0,400.0,25.9087,26.429316,1454.303229,0.0,0.0,1485.868,0.0,956.334716
2020-06-29 18:00:00,400.0,400.0,24.62179,77.276799,1588.519377,0.0,0.0,1178.282,0.0,919.014393
2020-06-29 19:00:00,400.0,400.0,26.755559,77.276799,1404.99085,0.0,0.0,784.118,0.0,927.019072
2020-06-29 20:00:00,400.0,400.0,26.790897,56.615816,1241.226441,0.0,0.0,626.636,0.0,889.111434
2020-06-29 21:00:00,400.0,400.0,26.429316,28.34278,1278.387645,0.0,0.0,606.884,0.0,839.324453
2020-06-29 22:00:00,400.0,400.0,25.758899,28.280315,1304.605179,0.0,0.0,445.986,0.0,758.007123
2020-06-29 23:00:00,400.0,400.0,26.429316,26.606763,983.824977,0.0,0.0,313.898,0.0,686.545953
2020-06-30 00:00:00,400.0,400.0,23.444698,23.128644,1263.997759,0.0,0.0,309.938,0.0,637.191036
2020-06-30 01:00:00,400.0,400.0,22.732362,22.576747,1568.623851,0.0,0.0,399.33,0.0,604.905922
2020-06-30 02:00:00,400.0,400.0,21.843654,21.647258,1782.17379,0.0,0.0,423.332,0.0,576.473732
2020-06-30 03:00:00,400.0,400.0,21.647258,21.288154,1860.553515,0.0,0.0,428.948,0.0,565.559173
2020-06-30 04:00:00,400.0,400.0,21.116714,21.288154,1981.504928,0.0,0.0,549.646,0.0,565.521161
2020-06-30 05:00:00,400.0,400.0,21.474047,19.983547,1890.455549,0.0,0.0,579.298,0.0,583.626368
2020-06-30 06:00:00,400.0,400.0,20.419098,19.034775,2076.916959,0.0,0.0,1011.284,0.0,620.455056
2020-06-30 07:00:00,400.0,400.0,21.116714,18.861019,1983.08656,0.0,0.0,1353.25,0.0,685.824516
2020-06-30 08:00:00,400.0,400.0,21.647258,19.034775,1852.310036,0.0,0.0,1592.13,0.0,741.272995
2020-06-30 09:00:00,400.0,400.0,22.732362,19.68943,1627.49927,0.0,0.0,1806.15,0.0,807.097609
2020-06-30 10:00:00,400.0,400.0,23.128644,20.419098,1427.014778,0.0,0.0,1947.17,0.0,858.323283
2020-06-30 11:00:00,400.0,400.0,24.617414,21.647258,1194.849362,0.0,0.0,1945.272,0.0,892.863396
2020-06-30 12:00:00,400.0,400.0,76.324557,23.206766,996.150755,0.0,215.873432,2010.952,0.0,932.520187
2020-06-30 13:00:00,400.0,400.0,76.324557,27.847215,1042.869773,0.0,126.721561,1930.812,0.0,964.491334
2020-06-30 14:00:00,400.0,400.0,76.429316,23.437807,1232.812877,0.0,35.105491,1831.482,0.0,976.600368
2020-06-30 15:00:00,400.0,400.0,26.429316,26.444926,1245.753617,0.0,0.0,1777.728,0.0,969.896157
2020-06-30 16:00:00,400.0,400.0,26.429316,31.860744,1292.349502,0.0,0.0,1742.348,0.0,969.149775
2020-06-30 17:00:00,400.0,400.0,26.404825,72.634009,1380.638504,0.0,0.0,1540.232,0.0,944.789024
2020-06-30 18:00:00,400.0,400.0,26.324557,76.845129,1485.010915,0.0,0.0,1234.7,0.0,899.653363
2020-06-30 19:00:00,400.0,400.0,25.9087,57.317528,1493.086362,0.0,0.0,1183.9,0.0,876.422046
2020-06-30 20:00:00,400.0,400.0,24.62179,29.596431,1540.06442,0.0,0.0,1174.35,0.0,848.442837
2020-06-30 21:00:00,400.0,400.0,23.87513,25.122099,1628.18888,0.0,0.0,1011.018,0.0,802.474368
2020-06-30 22:00:00,400.0,400.0,23.444698,24.27425,1450.243678,0.0,0.0,704.652,0.0,721.711248
2020-06-30 23:00:00,400.0,400.0,23.87513,25.512189,1021.416054,0.0,0.0,530.67,0.0,653.438092
2020-07-01 00:00:00,400.0,400.0,19.983547,22.516066,1837.819459,0.0,0.0,1398.172,0.0,607.852881
2020-07-01 01:00:00,182.068375,400.0,14.981951,19.983547,2455.331625,0.0,0.0,1870.63,0.0,586.094756
2020-07-01 02:00:00,0.0,400.0,0.0,14.981951,2649.0,0.0,0.0,1900.88452,13.70148,561.582678
2020-07-01 03:00:00,1.380219,103.63529,14.976802,11.715147,2647.619781,0.0,0.0,1865.501603,33.838397,556.482273
2020-07-01 04:00:00,17.775346,166.67538,14.976802,14.981951,2630.224654,0.0,0.0,1835.388769,7.577231,554.574617
2020-07-01 05:00:00,52.732483,84.4,14.979622,0.0,2547.667517,0.0,0.0,1912.248,0.0,578.487072
2020-07-01 06:00:00,0.0,85.4,0.0,0.0,2633.0,0.0,0.0,2281.022036,171.797964,621.003305
2020-07-01 07:00:00,0.0,303.166213,0.0,14.9805,2637.0,0.0,0.0,2697.176721,22.637279,682.826508
2020-07-01 08:00:00,400.0,400.0,18.072542,19.034775,2137.671195,0.0,0.0,2652.15,0.0,750.971821
2020-07-01 09:00:00,400.0,400.0,19.983547,22.492854,1831.613603,0.0,0.0,2752.648,0.0,811.95516
2020-07-01 10:00:00,400.0,400.0,20.419098,23.501827,1742.380718,0.0,0.0,2850.202,0.0,865.473192
2020-07-01 11:00:00,400.0,400.0,19.983547,27.617442,1975.018529,0.0,0.0,2802.378,0.0,902.153921
2020-07-01 12:00:00,400.0,400.0,21.288154,30.515132,2099.361353,0.0,0.0,2736.836,0.0,954.671197
2020-07-01 13:00:00,400.0,400.0,21.647258,24.617414,2191.546179,0.0,0.0,2857.182,0.0,986.645373
2020-07-01 14:00:00,400.0,400.0,23.069973,30.54714,1883.137108,0.0,0.0,2575.314,0.0,1016.126534
2020-07-01 15:00:00,400.0,400.0,23.657594,24.62179,1687.173424,0.0,0.0,2235.728,0.0,1022.333186
2020-07-01 16:00:00,400.0,400.0,23.128644,31.804956,1872.952889,0.0,0.0,2214.94,0.0,994.648067
2020-07-01 17:00:00,400.0,400.0,23.657594,57.005706,1721.746854,0.0,0.0,1862.238,0.0,975.973672
2020-07-01 18:00:00,400.0,400.0,26.324557,72.634009,1474.869775,0.0,0.0,1206.22,0.0,926.902534
2020-07-01 19:00:00,400.0,400.0,22.96816,75.377354,2118.892468,0.0,0.0,1605.0,0.0,896.11613
2020-07-01 20:00:00,400.0,400.0,23.437807,29.457391,1753.541168,0.0,0.0,1210.284,0.0,866.811425
2020-07-01 21:00:00,400.0,400.0,76.755559,28.480018,1025.746818,0.0,15.006059,584.586,0.0,820.625877
2020-07-01 22:00:00,400.0,400.0,24.62179,28.267276,1288.773639,0.0,0.0,599.532,0.0,736.898754
2020-07-01 23:00:00,400.0,400.0,22.576747,23.444698,1661.511855,0.0,0.0,868.29,0.0,661.316722
2020-07-02 00:00:00,400.0,400.0,21.287879,20.846138,1771.263726,0.0,0.0,1035.55,0.0,616.692941
2020-07-02 01:00:00,400.0,98.582803,20.526636,14.975624,2026.769196,0.0,0.0,1133.724114,87.573886,593.093238
2020-07-02 02:00:00,400.0,82.4,18.861019,0.0,2279.712497,0.0,0.0,1213.402,0.0,567.103425
2020-07-02 03:00:00,400.0,82.4,20.419098,0.0,1925.100398,0.0,0.0,742.77,0.0,549.70044
2020-07-02 04:00:00,400.0,86.4,21.287879,0.0,1758.872833,0.0,0.0,596.74,0.0,552.730075
2020-07-02 05:00:00,400.0,383.018682,20.846138,14.9805,1838.949528,0.0,0.0,794.882,0.0,570.439871
2020-07-02 06:00:00,400.0,400.0,19.034775,18.861019,2156.703722,0.0,0.0,1406.482,0.0,614.516742
2020-07-02 07:00:00,302.719547,400.0,14.981951,19.685338,2524.680453,0.0,0.0,2173.582,0.0,674.385232
2020-07-02 08:00:00,400.0,400.0,19.685338,20.419098,2098.052324,0.0,0.0,2248.164,0.0,749.566751
2020-07-02 09:00:00,400.0,400.0,20.419098,21.474047,1917.45945,0.0,0.0,2522.7,0.0,817.836082
2020-07-02 10:00:00,400.0,400.0,21.116714,22.732362,1779.701327,0.0,0.0,2736.932,0.0,870.634601
2020-07-02 11:00:00,400.0,400.0,20.419098,23.840811,1911.538738,0.0,0.0,3042.884,0.0,922.251789
2020-07-02 12:00:00,400.0,400.0,20.419098,29.490652,2060.543673,0.0,0.0,2982.186,0.0,969.546349
2020-07-02 13:00:00,400.0,400.0,23.069973,25.028208,1894.863419,0.0,0.0,2707.814,0.0,1008.742587
2020-07-02 14:00:00,400.0,400.0,23.128644,31.870205,1798.450064,0.0,0.0,2620.432,0.0,1042.19729
2020-07-02 15:00:00,400.0,400.0,20.473926,33.996821,2314.164859,0.0,0.0,2915.910046,45.269954,1056.711778
2020-07-02 16:00:00,400.0,400.0,22.426249,35.442028,2336.340663,0.0,0.0,2739.577817,35.138183,1048.385573
2020-07-02 17:00:00,400.0,400.0,17.755496,77.274563,2700.334508,0.0,0.0,2558.428439,59.071561,1009.51409
2020-07-02 18:00:00,400.0,400.0,22.516066,72.924209,2620.726349,0.0,0.0,1923.632,0.0,954.735848
2020-07-02 19:00:00,400.0,400.0,25.9087,68.775852,1825.863177,0.0,0.0,1082.53,0.0,935.800023
2020-07-02 20:00:00,400.0,400.0,26.429316,30.00017,1419.140948,0.0,0.0,921.398,0.0,898.388558
2020-07-02 21:00:00,400.0,400.0,26.790897,27.392435,1162.725301,0.0,0.0,563.538,0.0,850.171905
2020-07-02 22:00:00,400.0,400.0,26.429316,29.380675,1023.49261,0.0,0.0,531.468,0.0,766.481308
2020-07-02 23:00:00,400.0,400.0,26.429316,26.446554,937.057925,0.0,0.0,363.536,0.0,694.271711
2020-07-03 00:00:00,400.0,400.0,23.206766,23.437807,1352.743908,0.0,0.0,446.7,0.0,644.393414
2020-07-03 01:00:00,400.0,400.0,23.069973,22.732362,1506.924203,0.0,0.0,371.946,0.0,610.05327
2020-07-03 02:00:00,400.0,400.0,22.185841,22.516066,1754.614785,0.0,0.0,442.45,0.0,583.475282
2020-07-03 03:00:00,400.0,400.0,21.647258,22.516066,1803.146994,0.0,0.0,425.432,0.0,573.642751
2020-07-03 04:00:00,400.0,400.0,21.647258,22.516066,1863.060296,0.0,0.0,454.568,0.0,569.026156
2020-07-03 05:00:00,400.0,400.0,21.647258,20.400003,1809.90534,0.0,0.0,505.814,0.0,584.686299
2020-07-03 06:00:00,400.0,400.0,19.983547,19.430296,2171.003835,0.0,0.0,1119.99,0.0,622.647925
2020-07-03 07:00:00,400.0,400.0,19.430296,19.430296,2325.071974,0.0,0.0,1736.562,0.0,692.023504
2020-07-03 08:00:00,400.0,400.0,19.68943,20.419098,2238.429132,0.0,0.0,2110.264,0.0,761.07523
2020-07-03 09:00:00,400.0,400.0,20.846138,21.116714,2045.55909,0.0,0.0,2338.2,0.0,824.196137
2020-07-03 10:00:00,400.0,400.0,21.287879,21.647258,1936.839615,0.0,0.0,2649.798,0.0,887.243758
2020-07-03 11:00:00,400.0,400.0,21.647258,23.128644,1824.823978,0.0,0.0,2861.948,0.0,935.868603
2020-07-03 12:00:00,400.0,400.0,22.576747,24.618332,1669.235349,0.0,0.0,2831.362,0.0,980.118998
2020-07-03 13:00:00,400.0,400.0,21.843654,29.678621,1962.942486,0.0,0.0,2837.282,0.0,1015.700927
2020-07-03 14:00:00,400.0,400.0,22.516066,37.584701,2125.868434,0.0,0.0,2740.586,0.0,1042.157635
2020-07-03 15:00:00,400.0,400.0,23.206766,25.9087,1874.462419,0.0,0.0,2487.796,0.0,1056.800037
2020-07-03 16:00:00,400.0,400.0,24.62179,35.714187,1648.341405,0.0,0.0,2138.22,0.0,1051.481789
2020-07-03 17:00:00,400.0,400.0,24.62179,76.892495,1747.57679,0.0,0.0,1771.42,0.0,1016.676482
2020-07-03 18:00:00,400.0,400.0,26.429316,77.128505,1646.596816,0.0,0.0,1173.702,0.0,965.115778
2020-07-03 19:00:00,400.0,400.0,26.790897,56.811946,1323.39599,0.0,0.0,849.84,0.0,935.016601
2020-07-03 20:00:00,400.0,400.0,26.429316,34.13532,1371.037637,0.0,0.0,808.49,0.0,896.917854
2020-07-03 21:00:00,400.0,400.0,26.429316,35.513446,1379.045043,0.0,0.0,651.18,0.0,855.620244
2020-07-03 22:00:00,400.0,400.0,24.62179,29.824978,1551.053332,0.0,0.0,443.26,0.0,782.131
2020-07-03 23:00:00,400.0,400.0,24.617414,26.324557,1417.048795,0.0,0.0,311.668,0.0,720.992881
2020-07-04 00:00:00,400.0,400.0,23.069973,22.516066,1760.074,0.0,0.0,300.412,0.0,667.8507
2020-07-04 01:00:00,400.0,400.0,22.732362,22.492854,1772.388463,0.0,0.0,362.222,0.0,628.760031
2020-07-04 02:00:00,400.0,400.0,22.185841,21.287879,1946.763837,0.0,0.0,359.586,0.0,595.473324
2020-07-04 03:00:00,400.0,400.0,21.474047,21.116411,2066.923358,0.0,0.0,360.07,0.0,577.521996
2020-07-04 04:00:00,400.0,400.0,21.116714,19.983547,2162.992794,0.0,0.0,354.67,0.0,562.301581
2020-07-04 05:00:00,400.0,400.0,20.400003,14.982507,2308.279517,0.0,0.0,447.372,0.0,554.413872
2020-07-04 06:00:00,400.0,156.60203,18.463561,14.982507,2689.495004,0.0,0.0,942.35,0.0,571.478249
2020-07-04 07:00:00,398.0,189.853532,14.982507,14.982507,2826.0,0.0,0.0,1514.218292,31.281708,636.782744
2020-07-04 08:00:00,269.792575,400.0,14.982507,14.982507,2938.607425,0.0,0.0,2171.234,0.0,718.443986
2020-07-04 09:00:00,400.0,400.0,15.731586,18.072542,2796.528442,0.0,0.0,2499.0,0.0,788.920734
2020-07-04 10:00:00,400.0,400.0,18.072542,18.861019,2706.406864,0.0,0.0,2832.9,0.0,852.52397
2020-07-04 11:00:00,400.0,400.0,19.034775,20.846138,2583.568704,0.0,0.0,3087.98,0.0,909.211694
2020-07-04 12:00:00,400.0,400.0,21.474047,22.732362,2082.842024,0.0,0.0,2867.53,0.0,951.253196
2020-07-04 13:00:00,400.0,400.0,22.576747,23.444698,1856.50162,0.0,0.0,2881.238,0.0,987.260457
2020-07-04 14:00:00,400.0,400.0,22.492854,28.523594,1910.167667,0.0,0.0,2765.046,0.0,1012.78175
2020-07-04 15:00:00,400.0,400.0,23.069973,27.992342,1959.495716,0.0,0.0,2480.422,0.0,1018.188943
2020-07-04 16:00:00,400.0,400.0,23.206766,26.543342,1808.846277,0.0,0.0,2224.86,0.0,1002.452058
2020-07-04 17:00:00,400.0,400.0,23.87513,70.394855,1627.266378,0.0,0.0,1700.57,0.0,975.345543
2020-07-04 18:00:00,400.0,400.0,26.324557,75.282318,1559.365927,0.0,0.0,1096.568,0.0,933.780311
2020-07-04 19:00:00,400.0,400.0,26.429316,65.032949,1389.024103,0.0,0.0,820.468,0.0,912.516585
2020-07-04 20:00:00,400.0,400.0,26.429316,32.150011,1299.655634,0.0,0.0,740.802,0.0,880.971955
2020-07-04 21:00:00,400.0,400.0,26.429316,27.507102,1302.446681,0.0,0.0,655.936,0.0,843.073398
2020-07-04 22:00:00,400.0,400.0,24.62179,30.911173,1522.519912,0.0,0.0,447.648,0.0,778.819213
2020-07-04 23:00:00,400.0,400.0,25.9087,23.814255,1150.777273,0.0,0.0,390.92,0.0,719.571409
2020-07-05 00:00:00,400.0,400.0,23.128644,22.96816,1491.14889,0.0,0.0,402.0,0.0,670.177666
2020-07-05 01:00:00,400.0,400.0,23.206766,23.069973,1343.912103,0.0,0.0,326.632,0.0,634.442985
2020-07-05 02:00:00,400.0,400.0,23.069973,22.732362,1508.200218,0.0,0.0,312.218,0.0,600.902667
2020-07-05 03:00:00,400.0,400.0,22.516066,22.732362,1692.870948,0.0,0.0,366.868,0.0,581.399558
2020-07-05 04:00:00,400.0,400.0,21.843654,22.185841,1772.087557,0.0,0.0,323.22,0.0,562.969866
2020-07-05 05:00:00,400.0,400.0,21.116714,19.68943,1972.757077,0.0,0.0,431.066,0.0,549.046338
2020-07-05 06:00:00,400.0,400.0,18.573789,15.717788,2477.18418,0.0,0.0,962.378,0.0,553.079073
2020-07-05 07:00:00,322.274033,334.924248,14.982507,14.982507,2705.125967,0.0,0.0,1611.484,0.0,616.253705
2020-07-05 08:00:00,298.832404,400.0,14.982507,15.919238,2726.567596,0.0,0.0,2074.466,0.0,682.484761
2020-07-05 09:00:00,396.0,400.0,15.0,19.034775,2591.432892,0.0,0.0,2369.44857,4.00143,747.002352
2020-07-05 10:00:00,400.0,400.0,19.430296,19.264685,2319.797478,0.0,0.0,2481.236,0.0,804.515778
2020-07-05 11:00:00,400.0,400.0,17.682841,20.846138,2300.478025,0.0,0.0,2748.466,0.0,847.498196
2020-07-05 12:00:00,400.0,400.0,20.846138,22.576747,2026.736087,0.0,0.0,2768.77,0.0,891.605087
2020-07-05 13:00:00,400.0,400.0,22.185841,23.206766,1760.778958,0.0,0.0,2738.31,0.0,926.929656
2020-07-05 14:00:00,400.0,400.0,22.516066,27.894085,1700.420995,0.0,0.0,2651.252,0.0,948.424651
2020-07-05 15:00:00,400.0,400.0,23.128644,24.833095,1644.134185,0.0,0.0,2435.416,0.0,952.242272
2020-07-05 16:00:00,400.0,400.0,23.444698,27.317432,1451.202022,0.0,0.0,2033.66,0.0,949.718697
2020-07-05 17:00:00,400.0,400.0,24.617414,72.949666,1530.993424,0.0,0.0,1656.502,0.0,930.376286
2020-07-05 18:00:00,400.0,400.0,26.404825,57.429639,1450.559579,0.0,0.0,1142.81,0.0,890.137563
2020-07-05 19:00:00,400.0,400.0,26.429316,77.128505,1345.311318,0.0,0.0,874.868,0.0,872.933502
2020-07-05 20:00:00,400.0,400.0,26.790897,34.021703,1134.338334,0.0,0.0,703.966,0.0,855.24415
2020-07-05 21:00:00,400.0,400.0,24.62179,25.9087,1467.030557,0.0,0.0,838.798,0.0,792.565116
2020-07-05 22:00:00,400.0,400.0,24.62179,28.599589,1261.214096,0.0,0.0,643.546,0.0,740.899786
2020-07-05 23:00:00,400.0,400.0,76.429316,23.437807,781.774375,0.0,112.678169,609.498,0.0,701.208544
2020-07-06 00:00:00,400.0,400.0,23.437807,23.128644,1150.249875,0.0,0.0,657.804,0.0,653.183119
2020-07-06 01:00:00,400.0,400.0,23.128644,22.576747,1243.342292,0.0,0.0,548.516,0.0,622.826056
2020-07-06 02:00:00,400.0,400.0,21.647258,22.185841,1639.385457,0.0,0.0,781.032,0.0,598.296981
2020-07-06 03:00:00,400.0,400.0,21.116714,21.647258,1794.199478,0.0,0.0,870.184,0.0,588.447678
2020-07-06 04:00:00,400.0,400.0,21.116411,20.846138,1825.760302,0.0,0.0,883.75,0.0,585.748455
2020-07-06 05:00:00,400.0,400.0,21.647258,19.034775,1658.788629,0.0,0.0,740.912,0.0,589.368506
2020-07-06 06:00:00,400.0,400.0,19.983547,18.861019,2024.556464,0.0,0.0,1209.418,0.0,604.77923
2020-07-06 07:00:00,400.0,400.0,19.685338,18.072542,2097.923502,0.0,0.0,1652.2,0.0,660.191475
2020-07-06 08:00:00,400.0,400.0,19.034775,18.861019,2174.396513,0.0,0.0,2113.78,0.0,717.957523
2020-07-06 09:00:00,400.0,400.0,19.68943,19.983547,2091.326463,0.0,0.0,2414.964,0.0,775.595631
2020-07-06 10:00:00,400.0,400.0,20.419098,21.287879,1903.323648,0.0,0.0,2587.648,0.0,829.698653
2020-07-06 11:00:00,400.0,400.0,21.647258,22.732362,1644.520084,0.0,0.0,2631.766,0.0,875.136887
2020-07-06 12:00:00,400.0,400.0,21.287879,26.633875,1747.802899,0.0,0.0,2661.412,0.0,915.091365
2020-07-06 13:00:00,400.0,400.0,21.843654,23.206766,1960.032801,0.0,0.0,2612.382,0.0,931.40238
2020-07-06 14:00:00,400.0,400.0,22.732362,28.07485,1808.619028,0.0,0.0,2500.482,0.0,937.329446
2020-07-06 15:00:00,400.0,400.0,22.96816,25.246528,1730.662448,0.0,0.0,2251.67,0.0,937.201133
2020-07-06 16:00:00,400.0,400.0,23.206766,28.12119,1723.592693,0.0,0.0,2047.87,0.0,935.441596
2020-07-06 17:00:00,400.0,400.0,24.62179,53.776045,1458.97039,0.0,0.0,1544.29,0.0,909.497942
2020-07-06 18:00:00,400.0,400.0,26.324557,70.394855,1400.034379,0.0,0.0,1084.88,0.0,866.676843
2020-07-06 19:00:00,400.0,400.0,26.429316,75.253898,1342.724803,0.0,0.0,924.08,0.0,855.95328
2020-07-06 20:00:00,400.0,400.0,26.324557,32.066846,1353.791638,0.0,0.0,944.554,0.0,833.664354
2020-07-06 21:00:00,400.0,400.0,25.9087,27.487449,1397.269104,0.0,0.0,805.264,0.0,797.999234
2020-07-06 22:00:00,400.0,400.0,23.657594,28.5563,1616.908968,0.0,0.0,626.81,0.0,738.285155
2020-07-06 23:00:00,400.0,400.0,22.96816,24.798783,1916.213139,0.0,0.0,561.052,0.0,683.525829
2020-07-07 00:00:00,400.0,400.0,23.206766,23.206766,1386.414588,0.0,0.0,452.58,0.0,640.224812
2020-07-07 01:00:00,400.0,400.0,22.732362,23.069973,1584.824417,0.0,0.0,436.352,0.0,608.029137
2020-07-07 02:00:00,400.0,400.0,22.576747,22.492854,1690.216961,0.0,0.0,387.796,0.0,584.936856
2020-07-07 03:00:00,400.0,400.0,21.474047,21.647258,1888.065476,0.0,0.0,482.45,0.0,569.457679
2020-07-07 04:00:00,400.0,400.0,20.419098,21.474047,2097.637184,0.0,0.0,615.89,0.0,558.037922
2020-07-07 05:00:00,400.0,400.0,19.983547,19.685338,2161.534524,0.0,0.0,663.75,0.0,555.632321
2020-07-07 06:00:00,398.0,214.417732,14.982507,14.982507,2632.0,0.0,0.0,1088.322485,23.927515,548.748373
2020-07-07 07:00:00,143.945867,28.4,14.982507,14.982507,2873.454133,0.0,0.0,1585.554,0.0,587.11498
2020-07-07 08:00:00,0.0,161.856546,0.0,14.982507,3038.0,0.0,0.0,2124.78552,10.46448,643.317828
2020-07-07 09:00:00,59.900272,288.102349,14.982507,14.982507,2964.499728,0.0,0.0,2421.354,0.0,698.828141
2020-07-07 10:00:00,0.0,400.0,0.0,18.072542,3017.0,0.0,0.0,2818.574945,225.877055,750.536242
2020-07-07 11:00:00,96.504083,400.0,14.981951,19.685338,2914.895917,0.0,0.0,3024.278,0.0,796.707312
2020-07-07 12:00:00,400.0,400.0,18.861019,20.400003,2467.485812,0.0,0.0,2829.398,0.0,834.586828
2020-07-07 13:00:00,400.0,400.0,19.034775,21.288154,2359.62475,0.0,0.0,2761.718,0.0,840.613988
2020-07-07 14:00:00,400.0,400.0,21.474047,22.516066,1882.95572,0.0,0.0,2551.196,0.0,880.536042
2020-07-07 15:00:00,400.0,400.0,20.419098,22.576747,2083.603618,0.0,0.0,2674.08,0.0,868.871457
2020-07-07 16:00:00,400.0,400.0,21.843654,23.437807,1780.480387,0.0,0.0,2184.83,0.0,840.952442
2020-07-07 17:00:00,400.0,400.0,22.732362,71.645576,1593.255108,0.0,0.0,1877.702,0.0,825.367034
2020-07-07 18:00:00,400.0,400.0,19.983547,55.778436,2214.024877,0.0,0.0,2277.07,0.0,789.756768
2020-07-07 19:00:00,400.0,400.0,21.287879,28.463234,1933.058415,0.0,0.0,1920.418,0.0,778.403938
2020-07-07 20:00:00,400.0,400.0,22.516066,23.169404,1347.175121,0.0,0.0,1848.58,0.0,749.010732
2020-07-07 21:00:00,400.0,400.0,22.96816,25.102825,1072.370702,0.0,0.0,1800.848,0.0,729.821595
2020-07-07 22:00:00,400.0,400.0,21.843654,25.036208,1212.90266,0.0,0.0,1648.85,0.0,685.942101
2020-07-07 23:00:00,400.0,400.0,21.647258,25.436307,1287.692108,0.0,0.0,1418.952,0.0,640.238984
2020-07-08 00:00:00,400.0,400.0,21.287879,19.68943,1391.19327,0.0,0.0,1167.53,0.0,587.00051
2020-07-08 01:00:00,400.0,400.0,21.116714,18.072542,1417.142446,0.0,0.0,1018.5,0.0,560.753633
2020-07-08 02:00:00,400.0,390.01258,22.516066,14.981951,1151.219278,0.0,0.0,589.052,0.0,536.224908
2020-07-08 03:00:00,400.0,400.0,22.96816,18.573789,1054.588107,0.0,0.0,465.346,0.0,532.163684
2020-07-08 04:00:00,400.0,400.0,22.732362,19.68943,1082.923093,0.0,0.0,478.17,0.0,529.837036
2020-07-08 05:00:00,400.0,400.0,23.128644,16.962852,966.200702,0.0,0.0,496.418,0.0,550.082595
2020-07-08 06:00:00,400.0,268.28545,21.288154,14.981951,1362.701405,0.0,0.0,1040.532,0.0,572.224589
2020-07-08 07:00:00,400.0,284.804913,20.846138,14.981951,1472.77194,0.0,0.0,1584.65,0.0,637.331709
2020-07-08 08:00:00,400.0,278.918936,20.419098,14.981951,1546.500546,0.0,0.0,2049.418,0.0,695.987618
2020-07-08 09:00:00,400.0,400.0,19.68943,16.970947,1676.828453,0.0,0.0,2459.514,0.0,737.952832
2020-07-08 10:00:00,400.0,400.0,19.983547,19.685338,1635.666732,0.0,0.0,2728.268,0.0,784.44019
2020-07-08 11:00:00,400.0,400.0,20.419098,20.846138,1530.940567,0.0,0.0,2872.47,0.0,821.779415
2020-07-08 12:00:00,400.0,400.0,21.288154,21.288154,1344.555372,0.0,0.0,2927.218,0.0,857.949394
2020-07-08 13:00:00,400.0,400.0,19.430296,27.48505,1780.96462,0.0,0.0,3164.648,0.0,879.102507
2020-07-08 14:00:00,400.0,400.0,20.400003,24.626845,1948.095631,0.0,0.0,3490.668,0.0,958.435855
2020-07-08 15:00:00,400.0,400.0,21.116714,24.284941,1789.208613,0.0,0.0,3214.952,0.0,940.911508
2020-07-08 16:00:00,400.0,400.0,22.576747,25.833292,1484.826368,0.0,0.0,2496.062,0.0,904.235345
2020-07-08 17:00:00,400.0,400.0,23.069973,23.069973,1474.485016,0.0,0.0,2103.15,0.0,874.599748
2020-07-08 18:00:00,400.0,400.0,24.617414,69.743117,1140.680975,0.0,0.0,1422.902,0.0,831.933154
2020-07-08 19:00:00,400.0,400.0,26.429316,76.429316,978.322755,0.0,0.0,1011.678,0.0,816.953287
2020-07-08 20:00:00,400.0,400.0,76.429316,25.311273,895.468864,0.0,117.403606,948.872,0.0,796.56047
2020-07-08 21:00:00,400.0,400.0,26.324557,28.455555,1049.551683,0.0,0.0,820.86,0.0,754.246248
2020-07-08 22:00:00,400.0,400.0,133.035526,21.843654,85.501998,0.0,781.198202,740.83,0.0,680.5842
2020-07-08 23:00:00,400.0,400.0,81.727779,24.030291,220.542252,0.0,586.97851,603.114,0.0,632.935762
2020-07-09 00:00:00,400.0,400.0,77.050889,22.576747,441.76609,0.0,295.542496,462.03,0.0,578.589586
2020-07-09 01:00:00,400.0,400.0,73.444698,21.647258,709.187991,0.0,1.90411,627.702,0.0,555.077101
2020-07-09 02:00:00,400.0,400.0,23.437807,20.419098,771.981286,0.0,0.0,564.966,0.0,536.247707
2020-07-09 03:00:00,400.0,400.0,23.437807,20.419098,773.739147,0.0,0.0,551.4,0.0,533.949128
2020-07-09 04:00:00,400.0,400.0,23.128644,20.419098,833.797059,0.0,0.0,607.15,0.0,533.302941
2020-07-09 05:00:00,400.0,400.0,23.069973,19.034775,868.211659,0.0,0.0,736.95,0.0,547.610751
2020-07-09 06:00:00,400.0,400.0,21.647258,18.06856,1152.589559,0.0,0.0,1245.15,0.0,581.184066
2020-07-09 07:00:00,400.0,400.0,21.288154,19.034775,1223.25942,0.0,0.0,1797.366,0.0,653.415987
2020-07-09 08:00:00,400.0,400.0,21.288154,19.983547,1227.401639,0.0,0.0,2263.122,0.0,722.658054
2020-07-09 09:00:00,400.0,400.0,21.287879,21.287879,1264.36499,0.0,0.0,2653.168,0.0,775.620452
2020-07-09 10:00:00,400.0,400.0,20.419098,22.79849,1411.788927,0.0,0.0,3024.616,0.0,834.724061
2020-07-09 11:00:00,400.0,400.0,21.647258,27.167558,1341.572468,0.0,0.0,2908.696,0.0,881.11853
2020-07-09 12:00:00,400.0,400.0,22.492854,25.174244,1365.001853,0.0,0.0,2951.948,0.0,911.841922
2020-07-09 13:00:00,400.0,400.0,21.116714,25.991791,1600.419667,0.0,0.0,3078.32,0.0,920.98505
2020-07-09 14:00:00,400.0,400.0,73.437807,28.690231,1212.270013,0.0,39.658285,2914.872,0.0,982.440298
2020-07-09 15:00:00,400.0,400.0,23.069973,22.576747,1381.782812,0.0,0.0,2949.05,0.0,962.140078
2020-07-09 16:00:00,400.0,400.0,23.069973,21.973522,1389.435291,0.0,0.0,2805.8,0.0,939.504706
2020-07-09 17:00:00,400.0,400.0,22.576747,27.413031,1453.848077,0.0,0.0,2528.38,0.0,913.729788
2020-07-09 18:00:00,400.0,400.0,22.96816,75.758899,1545.738178,0.0,0.0,2115.2,0.0,875.319273
2020-07-09 19:00:00,400.0,400.0,23.069973,23.206766,1486.766214,0.0,0.0,2002.264,0.0,857.624668
2020-07-09 20:00:00,400.0,400.0,21.843654,65.91953,1780.807086,0.0,0.0,2084.928,0.0,828.318137
2020-07-09 21:00:00,400.0,400.0,21.116411,22.732362,2005.778004,0.0,0.0,1998.02,0.0,779.136299
2020-07-09 22:00:00,400.0,400.0,22.96816,25.510129,1132.644878,0.0,0.0,1725.602,0.0,709.493568
2020-07-09 23:00:00,400.0,400.0,22.732362,26.114986,958.924504,0.0,0.0,1587.568,0.0,661.596524
2020-07-10 00:00:00,400.0,400.0,20.419098,20.419098,1436.711773,0.0,0.0,1735.338,0.0,612.093934
2020-07-10 01:00:00,400.0,400.0,16.970947,18.861019,1846.000277,0.0,0.0,1946.1,0.0,582.314958
2020-07-10 02:00:00,400.0,400.0,19.034775,14.9805,1720.622585,0.0,0.0,1647.24,0.0,556.292612
2020-07-10 03:00:00,400.0,400.0,22.732362,19.983547,980.641012,0.0,0.0,824.63,0.0,543.898348
2020-07-10 04:00:00,400.0,400.0,19.034775,19.685338,1721.699033,0.0,0.0,1580.116,0.0,546.062545
2020-07-10 05:00:00,398.0,400.0,14.9805,16.961401,1874.902242,0.0,0.0,1807.132,0.0,557.134464
2020-07-10 06:00:00,398.0,400.0,14.979622,18.461554,1873.921716,0.0,0.0,2017.26,0.0,588.800743
2020-07-10 07:00:00,400.0,400.0,18.072542,19.68943,1824.570533,0.0,0.0,2466.902,0.0,663.64972
2020-07-10 08:00:00,400.0,400.0,19.034775,20.846138,1719.581928,0.0,0.0,2808.682,0.0,730.665011
2020-07-10 09:00:00,400.0,400.0,18.861019,22.914489,1743.778052,0.0,0.0,2964.82,0.0,775.956292
2020-07-10 10:00:00,400.0,400.0,18.861019,27.098737,1929.934174,0.0,0.0,3004.418,0.0,832.722574
2020-07-10 11:00:00,400.0,400.0,19.034775,25.462918,2210.605859,0.0,0.0,2962.84,0.0,865.385121
2020-07-10 12:00:00,400.0,400.0,19.685338,25.294225,2291.599314,0.0,0.0,2965.79,0.0,881.428603
2020-07-10 13:00:00,400.0,400.0,19.983547,25.412102,2188.059493,0.0,0.0,2898.25,0.0,912.328576
2020-07-10 14:00:00,400.0,400.0,22.576747,25.42252,1816.883071,0.0,0.0,2713.734,0.0,968.077639
2020-07-10 15:00:00,400.0,400.0,22.185841,28.173878,1937.421604,0.0,0.0,2621.09,0.0,961.600259
2020-07-10 16:00:00,400.0,400.0,23.128644,27.375037,1778.837382,0.0,0.0,2164.132,0.0,944.594193
2020-07-10 17:00:00,400.0,400.0,23.87513,72.928463,1590.035616,0.0,0.0,1718.948,0.0,916.036858
2020-07-10 18:00:00,400.0,400.0,25.9087,51.220744,1503.668026,0.0,0.0,1123.102,0.0,854.465096
2020-07-10 19:00:00,400.0,400.0,26.404825,75.253898,1386.153393,0.0,0.0,888.166,0.0,839.251891
2020-07-10 20:00:00,400.0,400.0,26.404825,33.146399,1351.451972,0.0,0.0,710.078,0.0,807.093904
2020-07-10 21:00:00,400.0,400.0,25.9087,26.790897,1358.897147,0.0,0.0,537.882,0.0,763.647728
2020-07-10 22:00:00,400.0,400.0,23.437807,28.143005,1710.267871,0.0,0.0,408.33,0.0,691.509319
2020-07-10 23:00:00,400.0,400.0,23.437807,26.646901,1499.177976,0.0,0.0,313.9,0.0,655.758304
2020-07-11 00:00:00,400.0,400.0,23.069973,22.96816,1512.380164,0.0,0.0,313.134,0.0,600.413075
2020-07-11 01:00:00,400.0,400.0,22.576747,22.185841,1662.081714,0.0,0.0,297.96,0.0,575.681743
2020-07-11 02:00:00,400.0,400.0,21.288154,21.288154,1904.382916,0.0,0.0,326.082,0.0,543.554863
2020-07-11 03:00:00,400.0,400.0,21.116714,20.846138,1990.702468,0.0,0.0,341.936,0.0,532.98503
2020-07-11 04:00:00,400.0,400.0,20.419098,20.419098,2077.099788,0.0,0.0,397.202,0.0,528.315332
2020-07-11 05:00:00,400.0,400.0,19.68943,16.970947,2256.639595,0.0,0.0,454.618,0.0,509.996761
2020-07-11 06:00:00,398.0,150.058081,14.982507,14.982507,2647.0,0.0,0.0,984.887479,19.172521,530.983122
2020-07-11 07:00:00,88.455019,82.181465,14.982507,14.446862,2942.944981,0.0,0.0,1670.382,0.0,589.415553
2020-07-11 08:00:00,137.726342,146.890493,14.982507,14.982507,2888.673658,0.0,0.0,2136.5,0.0,667.473951
2020-07-11 09:00:00,160.746198,375.405507,14.982507,14.982507,2862.653802,0.0,0.0,2468.512,0.0,721.17873
2020-07-11 10:00:00,400.0,400.0,18.072542,18.861019,2519.863283,0.0,0.0,2641.648,0.0,798.567708
2020-07-11 11:00:00,400.0,400.0,19.034775,20.400003,2390.693987,0.0,0.0,2776.22,0.0,838.128902
2020-07-11 12:00:00,400.0,400.0,20.400003,21.474047,2141.089871,0.0,0.0,2758.65,0.0,872.934019
2020-07-11 13:00:00,400.0,400.0,21.474047,22.96816,1882.397469,0.0,0.0,2683.55,0.0,900.47288
2020-07-11 14:00:00,400.0,400.0,73.87513,23.657594,1222.03433,0.0,0.91352,2474.2,0.0,993.624851
2020-07-11 15:00:00,400.0,400.0,23.437807,29.286154,1521.981691,0.0,0.0,2354.682,0.0,983.955046
2020-07-11 16:00:00,400.0,400.0,24.617414,27.512649,1513.870977,0.0,0.0,1965.13,0.0,961.088853
2020-07-11 17:00:00,400.0,400.0,24.62179,72.949666,1525.94395,0.0,0.0,1640.268,0.0,933.648608
2020-07-11 18:00:00,400.0,400.0,26.324557,58.593102,1489.807517,0.0,0.0,1114.632,0.0,880.023672
2020-07-11 19:00:00,400.0,400.0,26.404825,75.423924,1442.740295,0.0,0.0,838.732,0.0,849.298756
2020-07-11 20:00:00,400.0,400.0,26.755559,32.156846,1231.727902,0.0,0.0,653.718,0.0,824.848515
2020-07-11 21:00:00,400.0,400.0,26.324557,26.755559,1306.465593,0.0,0.0,586.748,0.0,778.842361
2020-07-11 22:00:00,400.0,400.0,24.617414,27.156072,1338.761903,0.0,0.0,542.68,0.0,714.137715
2020-07-11 23:00:00,400.0,400.0,24.617414,28.650156,1125.93154,0.0,0.0,450.862,0.0,679.039569
2020-07-12 00:00:00,400.0,400.0,23.069973,23.206766,1481.364455,0.0,0.0,380.53,0.0,615.174832
2020-07-12 01:00:00,400.0,400.0,22.732362,22.732362,1618.656627,0.0,0.0,348.998,0.0,589.851206
2020-07-12 02:00:00,400.0,400.0,21.647258,22.185841,1799.345044,0.0,0.0,337.52,0.0,561.026243
2020-07-12 03:00:00,400.0,400.0,21.287879,21.287879,1954.202523,0.0,0.0,370.586,0.0,542.757522
2020-07-12 04:00:00,400.0,400.0,19.983547,20.419098,2187.098423,0.0,0.0,483.81,0.0,524.806737
2020-07-12 05:00:00,400.0,400.0,19.034775,18.072542,2359.195295,0.0,0.0,543.73,0.0,507.980206
2020-07-12 06:00:00,281.809233,131.866411,14.982507,14.982507,2750.590767,0.0,0.0,1024.248,0.0,521.348585
2020-07-12 07:00:00,190.421687,27.4,14.982507,0.0,2837.978313,0.0,0.0,1597.668,0.0,594.253453
2020-07-12 08:00:00,159.42858,100.652801,14.982507,14.982507,2866.97142,0.0,0.0,2110.978,0.0,666.900987
2020-07-12 09:00:00,148.791755,375.822979,14.982507,14.982507,2873.608245,0.0,0.0,2566.37,0.0,734.214263
2020-07-12 10:00:00,400.0,400.0,16.669414,19.430296,2552.557236,0.0,0.0,2759.402,0.0,811.326715
2020-07-12 11:00:00,400.0,400.0,19.430296,20.846138,2340.496466,0.0,0.0,2831.962,0.0,854.01983
2020-07-12 12:00:00,400.0,400.0,20.400003,21.843654,2144.517286,0.0,0.0,2818.152,0.0,881.345207
2020-07-12 13:00:00,400.0,400.0,21.647258,23.069973,1814.71002,0.0,0.0,2740.138,0.0,919.114197
2020-07-12 14:00:00,400.0,400.0,23.206766,23.128644,1353.029534,0.0,0.0,2617.21,0.0,969.92707
2020-07-12 15:00:00,400.0,400.0,22.732362,23.437807,1603.719134,0.0,0.0,2500.212,0.0,940.27393
2020-07-12 16:00:00,400.0,400.0,23.069973,27.895598,1653.722893,0.0,0.0,2059.67,0.0,919.942066
2020-07-12 17:00:00,400.0,400.0,23.657594,76.308435,1601.287647,0.0,0.0,1692.786,0.0,908.624753
2020-07-12 18:00:00,400.0,400.0,25.9087,68.97534,1421.63884,0.0,0.0,1188.728,0.0,860.113374
2020-07-12 19:00:00,400.0,400.0,26.324557,27.512649,1351.78685,0.0,0.0,963.416,0.0,836.794372
2020-07-12 20:00:00,400.0,400.0,25.758899,28.634589,1461.235834,0.0,0.0,900.084,0.0,810.877225
2020-07-12 21:00:00,400.0,400.0,76.790897,24.617414,824.723124,0.0,141.465907,640.99,0.0,760.990031
2020-07-12 22:00:00,400.0,400.0,76.324557,26.753944,844.156484,0.0,45.475743,556.318,0.0,698.859227
2020-07-12 23:00:00,400.0,400.0,77.128505,22.516066,576.040174,0.0,258.2253,352.27,0.0,655.219474
2020-07-13 00:00:00,400.0,400.0,76.324557,19.685338,604.208856,0.0,155.678016,389.348,0.0,596.570872
2020-07-13 01:00:00,400.0,400.0,74.617414,18.861019,573.853871,0.0,160.980548,569.27,0.0,574.862419
2020-07-13 02:00:00,400.0,389.359348,23.206766,14.9805,783.381515,0.0,0.0,578.218,0.0,544.775473
2020-07-13 03:00:00,400.0,400.0,22.516066,16.961401,1048.531994,0.0,0.0,776.266,0.0,534.710101
2020-07-13 04:00:00,400.0,400.0,21.116714,18.06856,1330.357716,0.0,0.0,1112.93,0.0,542.935843
2020-07-13 05:00:00,400.0,100.434536,20.400003,0.0,1482.94226,0.0,0.0,1332.52,0.0,552.986661
2020-07-13 06:00:00,400.0,86.4,19.034775,0.0,1711.994475,0.0,0.0,1832.068,0.0,593.561029
2020-07-13 07:00:00,400.0,193.263284,19.685338,14.979622,1633.585168,0.0,0.0,2244.618,0.0,667.204925
2020-07-13 08:00:00,400.0,400.0,19.983547,14.979622,1552.580542,0.0,0.0,2696.738,0.0,747.173619
2020-07-13 09:00:00,400.0,400.0,19.034775,19.034775,1708.944099,0.0,0.0,3190.432,0.0,797.773185
2020-07-13 10:00:00,400.0,400.0,19.983547,21.116411,1507.869101,0.0,0.0,3444.746,0.0,866.081535
2020-07-13 11:00:00,400.0,400.0,18.861019,22.441296,1753.728034,0.0,0.0,3506.13,0.0,889.410295
2020-07-13 12:00:00,396.0,400.0,14.992573,27.524536,2042.942012,0.0,0.0,3572.967185,12.164815,937.053776
2020-07-13 13:00:00,396.0,400.0,14.992378,25.224385,2270.858655,0.0,0.0,3726.815947,11.966053,979.193594
2020-07-13 14:00:00,303.276821,400.0,15.0,25.456449,2068.57598,0.0,0.0,3738.298,0.0,1064.508303
2020-07-13 15:00:00,400.0,400.0,21.843654,25.626948,2008.623382,0.0,0.0,3399.118,0.0,1050.374193
2020-07-13 16:00:00,400.0,400.0,22.732362,69.818867,1808.608223,0.0,0.0,3057.598,0.0,1039.048467
2020-07-13 17:00:00,400.0,400.0,23.437807,23.87513,1619.51037,0.0,0.0,2581.63,0.0,1010.867945
2020-07-13 18:00:00,400.0,400.0,24.617414,25.758899,1488.901897,0.0,0.0,1998.338,0.0,942.965415
2020-07-13 19:00:00,400.0,400.0,24.62179,74.941555,1435.30438,0.0,0.0,1644.668,0.0,901.554543
2020-07-13 20:00:00,400.0,400.0,23.437807,30.602534,1592.108285,0.0,0.0,1634.68,0.0,872.935757
2020-07-13 21:00:00,400.0,400.0,23.437807,23.437807,1339.918142,0.0,0.0,1484.172,0.0,801.938079
2020-07-13 22:00:00,400.0,400.0,22.576747,27.037683,1450.524871,0.0,0.0,1471.938,0.0,730.261969
2020-07-13 23:00:00,400.0,400.0,22.732362,23.222341,893.641483,0.0,0.0,1597.83,0.0,672.928278
2020-07-14 00:00:00,400.0,400.0,21.116411,20.846138,1252.626945,0.0,0.0,1519.132,0.0,607.275758
2020-07-14 01:00:00,400.0,400.0,21.474047,20.419098,1149.057381,0.0,0.0,1232.552,0.0,579.824193
2020-07-14 02:00:00,400.0,400.0,19.983547,21.647258,1426.530012,0.0,0.0,1324.08,0.0,551.932498
2020-07-14 03:00:00,400.0,400.0,20.400003,21.287879,1389.24206,0.0,0.0,1238.682,0.0,544.715991
2020-07-14 04:00:00,400.0,400.0,20.419098,21.647258,1370.501452,0.0,0.0,1198.548,0.0,541.506982
2020-07-14 05:00:00,400.0,400.0,20.419098,20.846138,1327.089314,0.0,0.0,1289.412,0.0,561.648403
2020-07-14 06:00:00,400.0,400.0,19.983547,19.983547,1452.074994,0.0,0.0,1709.63,0.0,605.933251
2020-07-14 07:00:00,400.0,400.0,21.288154,21.647258,1163.131201,0.0,0.0,1920.962,0.0,680.97462
2020-07-14 08:00:00,400.0,400.0,21.116411,23.637562,1267.063963,0.0,0.0,2280.148,0.0,744.762606
2020-07-14 09:00:00,400.0,400.0,21.116714,26.312956,1430.046402,0.0,0.0,2670.614,0.0,806.63514
2020-07-14 10:00:00,400.0,400.0,20.419098,23.568406,1501.064664,0.0,0.0,2906.52,0.0,859.2683
2020-07-14 11:00:00,400.0,400.0,20.419098,27.590652,1687.97118,0.0,0.0,3050.252,0.0,929.142123
2020-07-14 12:00:00,400.0,400.0,22.185841,25.168279,1757.28713,0.0,0.0,3108.74,0.0,983.017931
2020-07-14 13:00:00,400.0,400.0,21.116714,27.446501,1961.759034,0.0,0.0,3191.272,0.0,1015.726945
2020-07-14 14:00:00,400.0,400.0,23.437807,25.061362,1659.671865,0.0,0.0,3080.05,0.0,1099.85672
2020-07-14 15:00:00,400.0,400.0,23.437807,25.689676,1699.03902,0.0,0.0,2970.778,0.0,1077.560847
2020-07-14 16:00:00,400.0,400.0,23.437807,31.555442,1646.737258,0.0,0.0,2698.4,0.0,1052.349411
2020-07-14 17:00:00,400.0,400.0,26.429316,76.755559,1298.969662,0.0,0.0,2030.098,0.0,1030.369251
2020-07-14 18:00:00,400.0,400.0,26.429316,76.790897,1480.084532,0.0,0.0,1555.22,0.0,960.47032
2020-07-14 19:00:00,400.0,400.0,26.429316,52.968674,1336.23804,0.0,0.0,1320.87,0.0,917.494794
2020-07-14 20:00:00,400.0,400.0,25.9087,29.221607,1433.96711,0.0,0.0,1420.888,0.0,896.688133
2020-07-14 21:00:00,400.0,400.0,76.404825,25.244781,831.248304,0.0,213.72695,1376.67,0.0,818.313254
2020-07-14 22:00:00,400.0,400.0,76.429316,24.228399,471.184178,0.0,502.763595,1588.996,0.0,749.956773
2020-07-14 23:00:00,400.0,400.0,73.437807,23.317649,600.978509,0.0,291.017415,1829.518,0.0,683.330924
2020-07-15 00:00:00,400.0,400.0,21.122752,18.861019,1134.282297,0.0,0.0,1978.056232,54.227768,617.36609
2020-07-15 01:00:00,400.0,366.703477,19.983547,14.981951,1211.253863,0.0,0.0,1862.618,0.0,588.504621
2020-07-15 02:00:00,400.0,400.0,20.419098,19.034775,1077.924303,0.0,0.0,1606.116,0.0,570.028755
2020-07-15 03:00:00,400.0,400.0,21.288154,18.463561,916.028481,0.0,0.0,1332.054,0.0,553.203828
2020-07-15 04:00:00,400.0,400.0,22.516066,16.962852,763.576913,0.0,0.0,1188.37,0.0,554.518963
2020-07-15 05:00:00,400.0,120.818571,73.069973,14.981951,668.805451,0.0,76.094931,1168.468,0.0,565.749382
2020-07-15 06:00:00,400.0,185.0942,72.96816,14.9805,709.676815,0.0,98.750563,1490.046,0.0,607.855378
2020-07-15 07:00:00,400.0,400.0,72.516066,19.983547,758.53189,0.0,139.300527,2030.048,0.0,681.527416
2020-07-15 08:00:00,400.0,400.0,21.116714,22.053142,1004.8802,0.0,0.0,2480.872,0.0,746.99877
2020-07-15 09:00:00,400.0,400.0,19.685338,26.796713,1539.761286,0.0,0.0,2985.716,0.0,809.693207
2020-07-15 10:00:00,400.0,400.0,19.685338,24.528168,1744.428083,0.0,0.0,3216.0,0.0,866.785788
2020-07-15 11:00:00,400.0,400.0,19.983547,24.748371,1785.121967,0.0,0.0,3339.182,0.0,906.909005
2020-07-15 12:00:00,400.0,400.0,17.104211,25.069758,1799.166228,0.0,0.0,3572.616,0.0,965.317466
2020-07-15 13:00:00,400.0,400.0,20.400003,25.706634,1948.661527,0.0,0.0,3655.74,0.0,1008.611771
2020-07-15 14:00:00,400.0,400.0,22.576747,24.90905,1690.205427,0.0,0.0,3528.56,0.0,1081.553186
2020-07-15 15:00:00,274.127755,400.0,15.0,69.504106,2256.539422,0.0,0.0,3753.354,0.0,1061.372187
2020-07-15 16:00:00,400.0,400.0,22.64419,24.209571,1856.962915,0.0,0.0,3241.118,0.0,1049.423263
2020-07-15 17:00:00,400.0,400.0,22.67677,23.066614,1777.705423,0.0,0.0,3077.26,0.0,1036.733187
2020-07-15 18:00:00,289.829042,400.0,15.0,76.28132,2129.933201,0.0,0.0,2959.528271,114.391729,977.03926
2020-07-15 19:00:00,302.035779,400.0,15.0,26.147793,2249.126255,0.0,0.0,2827.387293,188.612707,928.539156
2020-07-15 20:00:00,242.090517,400.0,15.0,29.509824,2385.471334,0.0,0.0,2795.95943,269.01057,903.373214
2020-07-15 21:00:00,279.208999,400.0,15.0,26.221735,1620.464832,0.0,0.0,2641.334975,353.933025,835.180521
2020-07-15 22:00:00,395.38771,400.0,15.0,24.593959,1613.583281,0.0,0.0,2524.678655,293.137345,765.464306
2020-07-15 23:00:00,400.0,400.0,22.23556,24.500622,1045.142772,0.0,0.0,2233.074693,298.359307,700.489788
2020-07-16 00:00:00,400.0,400.0,16.620922,20.234035,1507.672019,0.0,0.0,2295.26953,266.98247,632.189627
2020-07-16 01:00:00,398.0,400.0,14.985955,19.899927,1705.0,0.0,0.0,2292.633167,101.182833,602.194975
2020-07-16 02:00:00,400.0,400.0,19.68943,18.072542,1321.17278,0.0,0.0,1779.784,0.0,582.841683
2020-07-16 03:00:00,400.0,400.0,19.034775,19.430296,1426.240764,0.0,0.0,1796.452,0.0,569.581685
2020-07-16 04:00:00,400.0,400.0,18.296117,18.861019,1619.063458,0.0,0.0,1984.79016,5.44184,568.909005
2020-07-16 05:00:00,400.0,273.530078,19.930337,14.981951,1556.377754,0.0,0.0,1973.320865,52.433135,576.591467
2020-07-16 06:00:00,400.0,400.0,18.861019,15.71578,1488.640598,0.0,0.0,2256.55,0.0,629.23641
2020-07-16 07:00:00,400.0,400.0,19.68943,19.685338,1328.467445,0.0,0.0,2550.504,0.0,697.355483
2020-07-16 08:00:00,400.0,400.0,19.983547,21.633346,1254.07278,0.0,0.0,2950.698,0.0,769.743783
2020-07-16 09:00:00,400.0,400.0,19.68943,23.438257,1292.690151,0.0,0.0,3078.63,0.0,832.940977
2020-07-16 10:00:00,400.0,400.0,19.983547,26.493619,1657.111232,0.0,0.0,3166.548,0.0,897.965515
2020-07-16 11:00:00,400.0,400.0,21.287879,25.424626,1771.972428,0.0,0.0,3023.67,0.0,940.304636
2020-07-16 12:00:00,400.0,400.0,22.516066,25.426839,1697.692097,0.0,0.0,3052.052,0.0,1008.953985
2020-07-16 13:00:00,400.0,400.0,22.732362,28.175303,1754.281793,0.0,0.0,3106.6,0.0,1061.897731
2020-07-16 14:00:00,400.0,400.0,74.617414,26.618024,1379.285631,0.0,30.923224,2895.098,0.0,1139.671855
2020-07-16 15:00:00,400.0,400.0,24.62179,31.620691,1530.532789,0.0,0.0,2595.254,0.0,1106.358182
2020-07-16 16:00:00,400.0,400.0,26.429316,36.150291,1393.617137,0.0,0.0,2246.538,0.0,1107.588129
2020-07-16 17:00:00,400.0,400.0,26.500239,76.845129,1432.654432,0.0,0.0,1785.786,0.0,1085.569735
2020-07-16 18:00:00,400.0,400.0,26.790897,77.274563,1525.100107,0.0,0.0,1205.19,0.0,1015.663484
2020-07-16 19:00:00,400.0,400.0,27.050889,58.69394,1294.530646,0.0,0.0,897.282,0.0,979.462703
2020-07-16 20:00:00,400.0,400.0,26.845129,35.844183,1254.207393,0.0,0.0,859.416,0.0,938.581291
2020-07-16 21:00:00,400.0,400.0,76.892495,26.409475,1028.579881,0.0,78.361837,783.578,0.0,873.284718
2020-07-16 22:00:00,400.0,400.0,77.274616,26.995468,624.68359,0.0,386.144872,628.4,0.0,797.357461
2020-07-16 23:00:00,400.0,400.0,77.050889,26.568418,611.885791,0.0,318.12104,498.898,0.0,733.336831
2020-07-17 00:00:00,400.0,400.0,25.9087,22.516066,928.421109,0.0,0.0,421.87,0.0,659.317334
2020-07-17 01:00:00,400.0,400.0,23.206766,19.034775,1182.14492,0.0,0.0,488.646,0.0,623.025162
2020-07-17 02:00:00,400.0,271.461206,23.069973,14.981951,1324.261458,0.0,0.0,533.602,0.0,608.451081
2020-07-17 03:00:00,400.0,82.4,22.516066,0.0,1518.46702,0.0,0.0,656.016,0.0,597.682347
2020-07-17 04:00:00,400.0,177.4507,21.647258,14.981951,1645.668664,0.0,0.0,772.314,0.0,596.0468
2020-07-17 05:00:00,400.0,84.4,21.116714,0.0,1787.834392,0.0,0.0,934.552,0.0,599.057641
2020-07-17 06:00:00,400.0,134.860839,19.983547,14.9805,1991.902093,0.0,0.0,1405.118,0.0,639.032386
2020-07-17 07:00:00,400.0,400.0,20.846138,19.685338,1848.600489,0.0,0.0,1774.654,0.0,715.958027
2020-07-17 08:00:00,400.0,400.0,20.419098,20.400003,1913.257513,0.0,0.0,2186.46,0.0,768.030373
2020-07-17 09:00:00,400.0,400.0,21.116411,21.843654,1823.462298,0.0,0.0,2628.432,0.0,847.795455
2020-07-17 10:00:00,400.0,400.0,21.287879,23.069973,1760.155801,0.0,0.0,2894.502,0.0,922.70193
2020-07-17 11:00:00,400.0,400.0,20.419098,28.294437,2095.819818,0.0,0.0,3081.832,0.0,979.201827
2020-07-17 12:00:00,400.0,400.0,21.843654,25.769338,2162.49473,0.0,0.0,3209.348,0.0,1043.82799
2020-07-17 13:00:00,400.0,400.0,21.288154,29.164971,2275.617231,0.0,0.0,3272.68,0.0,1061.859415
2020-07-17 14:00:00,400.0,400.0,22.576747,31.870205,2109.106176,0.0,0.0,3291.7,0.0,1127.339074
2020-07-17 15:00:00,400.0,400.0,22.732362,35.596893,2103.971326,0.0,0.0,3135.6,0.0,1132.744301
2020-07-17 16:00:00,400.0,400.0,23.444698,36.261527,1907.914477,0.0,0.0,2656.9,0.0,1129.947828
2020-07-17 17:00:00,400.0,400.0,25.9087,77.050889,1886.148215,0.0,0.0,2101.298,0.0,1093.972468
2020-07-17 18:00:00,400.0,400.0,26.429316,77.128505,1687.518187,0.0,0.0,1459.0,0.0,1040.022272
2020-07-17 19:00:00,400.0,400.0,26.429316,58.601253,1599.011199,0.0,0.0,1313.588,0.0,1004.48652
2020-07-17 20:00:00,400.0,400.0,26.324557,36.569805,1623.728672,0.0,0.0,1271.636,0.0,961.486099
2020-07-17 21:00:00,400.0,400.0,26.324557,31.995508,1469.045837,0.0,0.0,1047.25,0.0,893.280624
2020-07-17 22:00:00,400.0,400.0,23.444698,30.420907,1701.102786,0.0,0.0,878.4,0.0,816.644582
2020-07-17 23:00:00,400.0,400.0,23.437807,25.9087,1470.796628,0.0,0.0,849.52,0.0,747.093506
2020-07-18 00:00:00,400.0,400.0,22.96816,22.576747,1723.577701,0.0,0.0,777.448,0.0,691.630545
2020-07-18 01:00:00,400.0,400.0,21.474047,21.288154,2059.504373,0.0,0.0,885.168,0.0,657.399544
2020-07-18 02:00:00,400.0,400.0,20.400003,19.68943,2323.001535,0.0,0.0,962.832,0.0,629.52457
2020-07-18 03:00:00,400.0,400.0,19.68943,19.983547,2404.990224,0.0,0.0,907.338,0.0,608.902166
2020-07-18 04:00:00,400.0,400.0,19.983547,19.68943,2376.854501,0.0,0.0,788.168,0.0,595.247025
2020-07-18 05:00:00,400.0,338.671047,20.419098,14.981951,2278.156713,0.0,0.0,597.768,0.0,581.491693
2020-07-18 06:00:00,400.0,104.399917,18.861019,14.981951,2591.617927,0.0,0.0,1043.848,0.0,601.384511
2020-07-18 07:00:00,400.0,358.111765,19.034775,14.981951,2533.407835,0.0,0.0,1482.23,0.0,675.873325
2020-07-18 08:00:00,400.0,400.0,19.685338,19.685338,2487.571755,0.0,0.0,1994.3,0.0,759.559237
2020-07-18 09:00:00,400.0,400.0,20.419098,21.287879,2279.976875,0.0,0.0,2352.872,0.0,844.484269
2020-07-18 10:00:00,400.0,400.0,21.288154,22.576747,2099.808939,0.0,0.0,2635.512,0.0,913.905459
2020-07-18 11:00:00,400.0,400.0,22.576747,23.437807,1844.999593,0.0,0.0,2808.96,0.0,978.144061
2020-07-18 12:00:00,400.0,400.0,21.843654,25.124862,1953.128063,0.0,0.0,2903.118,0.0,1027.048491
2020-07-18 13:00:00,400.0,400.0,22.732362,31.875103,2058.730423,0.0,0.0,2891.666,0.0,1068.290337
2020-07-18 14:00:00,400.0,400.0,23.069973,43.503984,1961.334,0.0,0.0,2877.56,0.0,1089.0339
2020-07-18 15:00:00,400.0,400.0,23.206766,24.62179,1889.475956,0.0,0.0,2743.034,0.0,1084.583707
2020-07-18 16:00:00,400.0,400.0,24.617414,25.9087,1661.465421,0.0,0.0,2411.004,0.0,1068.980787
2020-07-18 17:00:00,400.0,400.0,25.9087,76.755559,1533.177923,0.0,0.0,1937.65,0.0,1034.320812
2020-07-18 18:00:00,400.0,400.0,26.429316,76.755559,1456.195334,0.0,0.0,1402.822,0.0,991.294
2020-07-18 19:00:00,400.0,400.0,26.429316,53.609873,1365.119939,0.0,0.0,1241.216,0.0,962.714409
2020-07-18 20:00:00,400.0,400.0,26.404825,29.503369,1384.259914,0.0,0.0,1276.272,0.0,932.101813
2020-07-18 21:00:00,400.0,400.0,26.324557,27.241342,1155.676491,0.0,0.0,1318.752,0.0,872.996326
2020-07-18 22:00:00,400.0,400.0,76.755559,26.870997,861.483666,0.0,165.226284,952.87,0.0,802.25795
2020-07-18 23:00:00,400.0,400.0,76.790897,23.588055,678.922067,0.0,262.106323,699.318,0.0,738.35939
2020-07-19 00:00:00,400.0,400.0,26.324557,22.576747,883.254691,0.0,0.0,536.568,0.0,683.296996
2020-07-19 01:00:00,400.0,400.0,23.444698,20.419098,1082.723044,0.0,0.0,516.684,0.0,642.144143
2020-07-19 02:00:00,400.0,400.0,23.128644,19.983547,1265.358897,0.0,0.0,494.268,0.0,611.386365
2020-07-19 03:00:00,400.0,400.0,22.732362,19.983547,1421.784971,0.0,0.0,510.462,0.0,590.351554
2020-07-19 04:00:00,400.0,400.0,22.516066,19.68943,1525.07429,0.0,0.0,500.648,0.0,573.386056
2020-07-19 05:00:00,400.0,225.519862,21.288154,14.981951,1722.431897,0.0,0.0,587.43,0.0,556.799715
2020-07-19 06:00:00,400.0,62.4,19.685338,0.0,2098.466443,0.0,0.0,1068.04,0.0,572.486034
2020-07-19 07:00:00,400.0,301.776369,19.685338,14.982507,2100.765052,0.0,0.0,1508.35,0.0,638.187742
2020-07-19 08:00:00,400.0,400.0,18.573789,18.861019,2300.255166,0.0,0.0,2183.138,0.0,709.482425
2020-07-19 09:00:00,400.0,400.0,19.430296,20.419098,2130.480898,0.0,0.0,2504.696,0.0,783.182265
2020-07-19 10:00:00,400.0,400.0,21.474047,21.843654,1705.619575,0.0,0.0,2537.98,0.0,851.904064
2020-07-19 11:00:00,400.0,400.0,21.843654,23.775079,1599.067147,0.0,0.0,2673.53,0.0,913.719428
2020-07-19 12:00:00,400.0,400.0,22.732362,27.828485,1583.268175,0.0,0.0,2590.114,0.0,956.826874
2020-07-19 13:00:00,400.0,400.0,22.732362,26.471968,1782.383347,0.0,0.0,2698.064,0.0,996.402098
2020-07-19 14:00:00,400.0,400.0,23.069973,35.640313,1902.00557,0.0,0.0,2687.43,0.0,1033.413665
2020-07-19 15:00:00,400.0,400.0,23.206766,28.150763,1807.971655,0.0,0.0,2453.098,0.0,1045.068952
2020-07-19 16:00:00,400.0,400.0,23.657594,35.72366,1696.696977,0.0,0.0,2181.252,0.0,1037.483253
2020-07-19 17:00:00,400.0,400.0,25.758899,61.398471,1668.028613,0.0,0.0,1686.368,0.0,1012.100908
2020-07-19 18:00:00,400.0,400.0,26.429316,77.274563,1618.617352,0.0,0.0,1126.132,0.0,972.377197
2020-07-19 19:00:00,400.0,400.0,26.790897,74.228233,1469.034904,0.0,0.0,816.602,0.0,956.185064
2020-07-19 20:00:00,400.0,400.0,26.790897,36.657439,1342.095871,0.0,0.0,715.082,0.0,928.497919
2020-07-19 21:00:00,400.0,400.0,26.845129,32.758133,1158.586942,0.0,0.0,586.7,0.0,879.016959
2020-07-19 22:00:00,400.0,400.0,26.324557,32.645906,1368.549527,0.0,0.0,464.812,0.0,804.489371
2020-07-19 23:00:00,400.0,400.0,26.755559,24.749386,963.310046,0.0,0.0,324.082,0.0,744.400793
2020-07-20 00:00:00,400.0,400.0,25.758899,21.843654,1245.28112,0.0,0.0,333.53,0.0,696.787332
2020-07-20 01:00:00,400.0,400.0,23.128644,21.647258,1636.223645,0.0,0.0,473.2,0.0,659.096453
2020-07-20 02:00:00,400.0,400.0,22.576747,21.647258,1848.983584,0.0,0.0,510.802,0.0,632.822762
2020-07-20 03:00:00,400.0,400.0,22.516066,19.685338,1886.233109,0.0,0.0,484.65,0.0,623.312534
2020-07-20 04:00:00,400.0,400.0,22.576747,19.983547,1875.059435,0.0,0.0,509.36,0.0,628.695085
2020-07-20 05:00:00,400.0,400.0,22.732362,16.962852,1772.453266,0.0,0.0,506.518,0.0,643.65971
2020-07-20 06:00:00,400.0,365.666215,22.185841,14.9805,1942.804257,0.0,0.0,916.048,0.0,679.536561
2020-07-20 07:00:00,400.0,400.0,22.732362,15.71578,1754.208054,0.0,0.0,1173.022,0.0,746.372092
2020-07-20 08:00:00,400.0,400.0,22.516066,19.983547,1879.022594,0.0,0.0,1752.95,0.0,814.639111
2020-07-20 09:00:00,400.0,400.0,21.647258,21.647258,1996.595012,0.0,0.0,2280.89,0.0,876.194248
2020-07-20 10:00:00,400.0,400.0,22.96816,22.96816,1727.14909,0.0,0.0,2437.972,0.0,940.173436
2020-07-20 11:00:00,400.0,400.0,23.206766,23.437807,1569.642924,0.0,0.0,2666.298,0.0,998.048261
2020-07-20 12:00:00,400.0,400.0,23.206766,24.679953,1560.837382,0.0,0.0,2794.716,0.0,1044.131793
2020-07-20 13:00:00,400.0,400.0,23.128644,31.620691,1832.373281,0.0,0.0,2929.15,0.0,1080.116508
2020-07-20 14:00:00,400.0,400.0,23.437807,44.890225,1786.71505,0.0,0.0,2671.388,0.0,1104.100942
2020-07-20 15:00:00,400.0,400.0,26.429316,26.267006,1524.759405,0.0,0.0,2218.832,0.0,1110.160889
2020-07-20 16:00:00,400.0,400.0,26.324557,72.732717,1598.812764,0.0,0.0,2188.6,0.0,1095.718085
2020-07-20 17:00:00,400.0,400.0,26.267006,26.267006,1656.692366,0.0,0.0,1957.204,0.0,1051.126745
2020-07-20 18:00:00,400.0,400.0,26.500239,70.187921,1399.305863,0.0,0.0,1446.1,0.0,1014.269121
2020-07-20 19:00:00,400.0,400.0,26.755559,76.557923,1370.361667,0.0,0.0,1309.986,0.0,1004.79365
2020-07-20 20:00:00,400.0,400.0,25.9087,33.622976,1440.583129,0.0,0.0,1614.032,0.0,966.067331
2020-07-20 21:00:00,400.0,400.0,25.9087,23.437807,1387.087449,0.0,0.0,1260.698,0.0,874.576583
2020-07-20 22:00:00,400.0,400.0,76.429316,25.751209,769.409741,0.0,244.031498,1147.098,0.0,783.703239
2020-07-20 23:00:00,400.0,400.0,73.657594,25.168071,926.010867,0.0,13.326803,1252.562,0.0,722.78267
2020-07-21 00:00:00,400.0,400.0,22.576747,21.474047,1367.83716,0.0,0.0,1401.082,0.0,678.786726
2020-07-21 01:00:00,400.0,400.0,21.288154,19.983547,1600.062677,0.0,0.0,1411.702,0.0,645.545898
2020-07-21 02:00:00,400.0,400.0,20.419098,19.685338,1764.835841,0.0,0.0,1400.032,0.0,619.079424
2020-07-21 03:00:00,400.0,400.0,20.400003,19.430296,1837.982025,0.0,0.0,1410.662,0.0,609.701996
2020-07-21 04:00:00,400.0,400.0,20.846138,19.685338,1730.86054,0.0,0.0,1337.288,0.0,614.764119
2020-07-21 05:00:00,400.0,400.0,22.516066,18.861019,1404.417002,0.0,0.0,1106.416,0.0,629.09985
2020-07-21 06:00:00,400.0,400.0,22.516066,18.571461,1404.207166,0.0,0.0,1335.232,0.0,663.453725
2020-07-21 07:00:00,400.0,400.0,22.732362,20.419098,1280.794442,0.0,0.0,1547.364,0.0,713.785434
2020-07-21 08:00:00,400.0,400.0,22.732362,21.843654,1265.672337,0.0,0.0,2011.21,0.0,785.630649
2020-07-21 09:00:00,400.0,400.0,73.206766,23.069973,1074.383384,0.0,23.563608,2315.43,0.0,859.956992
2020-07-21 10:00:00,400.0,400.0,21.843654,27.590652,1459.554796,0.0,0.0,2599.604,0.0,921.307381
2020-07-21 11:00:00,400.0,400.0,22.576747,25.18515,1819.413364,0.0,0.0,2803.696,0.0,981.192395
2020-07-21 12:00:00,400.0,400.0,23.069973,28.902896,1712.476794,0.0,0.0,2865.432,0.0,1031.993281
2020-07-21 13:00:00,400.0,400.0,23.069973,31.620691,1872.500391,0.0,0.0,2855.566,0.0,1066.359841
2020-07-21 14:00:00,400.0,400.0,23.206766,34.153182,1872.299886,0.0,0.0,2743.812,0.0,1097.176817
2020-07-21 15:00:00,400.0,400.0,23.437807,36.406819,1861.417142,0.0,0.0,2624.502,0.0,1115.562729
2020-07-21 16:00:00,400.0,400.0,24.62179,62.766848,1838.565052,0.0,0.0,2248.162,0.0,1108.739542
2020-07-21 17:00:00,400.0,400.0,25.9087,77.274616,1963.870808,0.0,0.0,1876.346,0.0,1073.321279
2020-07-21 18:00:00,400.0,400.0,26.500239,72.836574,1700.266242,0.0,0.0,1279.37,0.0,1020.915564
2020-07-21 19:00:00,400.0,400.0,26.790897,36.630587,1538.287819,0.0,0.0,1082.73,0.0,995.466327
2020-07-21 20:00:00,400.0,400.0,26.790897,36.523235,1309.178267,0.0,0.0,931.336,0.0,957.62366
2020-07-21 21:00:00,400.0,400.0,26.324557,38.129093,1581.466318,0.0,0.0,941.0,0.0,893.480052
2020-07-21 22:00:00,400.0,400.0,26.324557,26.349733,1297.472021,0.0,0.0,790.236,0.0,817.449597
2020-07-21 23:00:00,400.0,400.0,24.62179,30.352423,1249.379969,0.0,0.0,703.584,0.0,751.680605
2020-07-22 00:00:00,400.0,400.0,24.617414,22.732362,1334.460471,0.0,0.0,452.9,0.0,701.315929
2020-07-22 01:00:00,400.0,400.0,23.206766,22.732362,1583.35912,0.0,0.0,459.618,0.0,664.988832
2020-07-22 02:00:00,400.0,400.0,22.732362,22.732362,1809.37049,0.0,0.0,524.662,0.0,640.843727
2020-07-22 03:00:00,400.0,400.0,22.576747,23.069973,1867.242123,0.0,0.0,517.482,0.0,631.085982
2020-07-22 04:00:00,400.0,400.0,22.576747,22.732362,1816.886688,0.0,0.0,483.168,0.0,633.492197
2020-07-22 05:00:00,400.0,400.0,22.576747,21.287879,1860.858629,0.0,0.0,604.398,0.0,645.080906
2020-07-22 06:00:00,400.0,400.0,21.116714,20.419098,2176.78854,0.0,0.0,1107.132,0.0,673.101519
2020-07-22 07:00:00,400.0,400.0,21.116411,20.419098,2189.438109,0.0,0.0,1574.82,0.0,741.357284
2020-07-22 08:00:00,400.0,400.0,21.116411,20.400003,2177.747624,0.0,0.0,1946.86,0.0,798.916856
2020-07-22 09:00:00,400.0,400.0,20.419098,21.287879,2265.159709,0.0,0.0,2430.864,0.0,858.405644
2020-07-22 10:00:00,400.0,400.0,21.474047,22.576747,2082.87827,0.0,0.0,2668.696,0.0,921.42266
2020-07-22 11:00:00,400.0,400.0,22.732362,23.437807,1805.777811,0.0,0.0,2774.678,0.0,978.885028
2020-07-22 12:00:00,400.0,400.0,22.96816,26.758017,1739.106222,0.0,0.0,2780.102,0.0,1015.199367
2020-07-22 13:00:00,400.0,400.0,22.576747,26.996731,2024.242746,0.0,0.0,2796.68,0.0,1028.165588
2020-07-22 14:00:00,400.0,400.0,23.069973,28.973303,1936.02441,0.0,0.0,2642.988,0.0,1046.094538
2020-07-22 15:00:00,400.0,400.0,23.206766,31.93306,1783.678208,0.0,0.0,2473.848,0.0,1046.875469
2020-07-22 16:00:00,400.0,400.0,24.617414,33.866373,1655.231582,0.0,0.0,2102.186,0.0,1025.243163
2020-07-22 17:00:00,400.0,400.0,25.9087,59.549453,1590.154273,0.0,0.0,1554.462,0.0,980.896159
2020-07-22 18:00:00,400.0,400.0,26.324557,77.128505,1567.129614,0.0,0.0,1042.384,0.0,938.138158
2020-07-22 19:00:00,400.0,400.0,26.500239,74.140598,1456.578692,0.0,0.0,768.018,0.0,917.765896
2020-07-22 20:00:00,400.0,400.0,26.790897,35.890753,1222.196605,0.0,0.0,701.498,0.0,894.945209
2020-07-22 21:00:00,400.0,400.0,26.429316,26.324557,1315.869158,0.0,0.0,642.518,0.0,839.047326
2020-07-22 22:00:00,400.0,400.0,23.444698,29.13636,1702.172271,0.0,0.0,569.814,0.0,770.196259
2020-07-22 23:00:00,400.0,400.0,26.429316,24.617414,983.313253,0.0,0.0,442.552,0.0,705.920812
2020-07-23 00:00:00,400.0,400.0,24.617414,22.732362,1147.248967,0.0,0.0,373.548,0.0,664.244855
2020-07-23 01:00:00,400.0,400.0,23.206766,21.647258,1376.942865,0.0,0.0,371.918,0.0,629.54627
2020-07-23 02:00:00,400.0,400.0,22.732362,21.647258,1575.216745,0.0,0.0,425.35,0.0,607.819988
2020-07-23 03:00:00,400.0,400.0,22.492854,21.474047,1727.290437,0.0,0.0,510.828,0.0,597.830634
2020-07-23 04:00:00,400.0,400.0,21.647258,22.185841,1867.028229,0.0,0.0,696.23,0.0,604.680266
2020-07-23 05:00:00,400.0,400.0,21.843654,20.419098,1767.884383,0.0,0.0,700.968,0.0,620.262543
2020-07-23 06:00:00,400.0,400.0,19.983547,18.861019,2157.555154,0.0,0.0,1252.436,0.0,644.532127
2020-07-23 07:00:00,400.0,400.0,19.430296,19.430296,2315.748323,0.0,0.0,1828.71,0.0,707.244252
2020-07-23 08:00:00,400.0,400.0,19.68943,19.983547,2236.290612,0.0,0.0,2158.568,0.0,768.641608
2020-07-23 09:00:00,400.0,400.0,19.983547,21.116411,2188.223787,0.0,0.0,2540.85,0.0,833.193932
2020-07-23 10:00:00,400.0,400.0,20.846138,22.492854,2035.857752,0.0,0.0,2732.37,0.0,884.776837
2020-07-23 11:00:00,400.0,400.0,22.185841,23.800725,1757.716969,0.0,0.0,2828.132,0.0,944.162255
2020-07-23 12:00:00,400.0,400.0,22.732362,29.490652,1637.449274,0.0,0.0,2695.034,0.0,998.187709
2020-07-23 13:00:00,400.0,400.0,23.87513,31.804956,1616.289054,0.0,0.0,2516.462,0.0,1043.275942
2020-07-23 14:00:00,400.0,400.0,23.444698,35.734507,1773.461654,0.0,0.0,2481.75,0.0,1076.293252
2020-07-23 15:00:00,400.0,400.0,26.324557,76.525384,1652.922178,0.0,0.0,1996.07,0.0,1085.422173
2020-07-23 16:00:00,400.0,400.0,26.429316,58.868051,1646.295276,0.0,0.0,1744.322,0.0,1053.754009
2020-07-23 17:00:00,400.0,400.0,25.9087,77.050889,1798.480311,0.0,0.0,1505.85,0.0,1003.555453
2020-07-23 18:00:00,400.0,400.0,26.429316,36.584017,1603.381627,0.0,0.0,1052.604,0.0,956.433356
2020-07-23 19:00:00,400.0,400.0,26.500239,36.428199,1466.699513,0.0,0.0,868.486,0.0,932.817973
2020-07-23 20:00:00,400.0,400.0,26.429316,36.657439,1538.19234,0.0,0.0,796.818,0.0,911.343849
2020-07-23 21:00:00,400.0,400.0,26.429316,32.319298,1317.852661,0.0,0.0,611.352,0.0,850.574901
2020-07-23 22:00:00,400.0,400.0,26.429316,29.705161,1283.145071,0.0,0.0,503.828,0.0,776.637439
2020-07-23 23:00:00,400.0,400.0,25.9087,26.429316,1205.389864,0.0,0.0,405.002,0.0,713.49182
2020-07-24 00:00:00,400.0,400.0,23.206766,23.206766,1568.138092,0.0,0.0,446.566,0.0,665.314186
2020-07-24 01:00:00,400.0,400.0,22.576747,22.732362,1870.218943,0.0,0.0,512.602,0.0,629.907459
2020-07-24 02:00:00,400.0,400.0,21.474047,21.647258,2078.842346,0.0,0.0,571.936,0.0,607.514048
2020-07-24 03:00:00,400.0,400.0,21.116714,21.288154,2176.290694,0.0,0.0,611.022,0.0,598.759696
2020-07-24 04:00:00,400.0,400.0,21.287879,21.647258,2139.361948,0.0,0.0,590.198,0.0,601.175408
2020-07-24 05:00:00,400.0,400.0,21.288154,21.116714,2102.453763,0.0,0.0,616.172,0.0,610.607736
2020-07-24 06:00:00,400.0,400.0,21.287879,21.287879,2140.519627,0.0,0.0,988.454,0.0,660.740156
2020-07-24 07:00:00,400.0,400.0,21.843654,21.287879,1970.614542,0.0,0.0,1362.37,0.0,742.313319
2020-07-24 08:00:00,400.0,400.0,22.492854,22.492854,1919.324421,0.0,0.0,1817.034,0.0,818.206437
2020-07-24 09:00:00,400.0,400.0,22.576747,22.732362,1875.282262,0.0,0.0,2253.122,0.0,890.225961
2020-07-24 10:00:00,400.0,400.0,22.732362,23.437807,1781.170471,0.0,0.0,2637.102,0.0,961.939729
2020-07-24 11:00:00,400.0,400.0,22.576747,30.845919,1842.081199,0.0,0.0,2768.77,0.0,1026.85332
2020-07-24 12:00:00,400.0,400.0,23.128644,33.982636,1905.496751,0.0,0.0,2745.532,0.0,1080.905287
2020-07-24 13:00:00,400.0,400.0,23.87513,36.192845,1746.297784,0.0,0.0,2689.37,0.0,1126.060832
2020-07-24 14:00:00,400.0,400.0,24.617414,55.77746,1874.734038,0.0,0.0,2645.768,0.0,1158.755094
2020-07-24 15:00:00,400.0,400.0,25.758899,26.755559,2023.572532,0.0,0.0,2563.52,0.0,1161.29212
2020-07-24 16:00:00,400.0,400.0,25.9087,26.818284,1984.515176,0.0,0.0,2281.132,0.0,1124.792524
2020-07-24 17:00:00,400.0,400.0,25.9087,72.924209,2004.325059,0.0,0.0,1905.16,0.0,1081.325241
2020-07-24 18:00:00,400.0,400.0,26.790897,76.816925,1740.752471,0.0,0.0,1215.91,0.0,1042.523629
2020-07-24 19:00:00,400.0,400.0,26.818284,68.438878,1613.596833,0.0,0.0,972.0,0.0,1013.010475
2020-07-24 20:00:00,400.0,400.0,26.429316,36.68094,1686.328254,0.0,0.0,1080.15,0.0,984.423262
2020-07-24 21:00:00,400.0,400.0,26.755559,36.657439,1394.674004,0.0,0.0,807.42,0.0,926.211899
2020-07-24 22:00:00,400.0,400.0,26.429316,34.06286,1371.898112,0.0,0.0,631.388,0.0,853.723483
2020-07-24 23:00:00,400.0,400.0,26.429316,27.162121,1181.833543,0.0,0.0,453.666,0.0,785.509869
2020-07-25 00:00:00,400.0,400.0,26.324557,26.324557,1348.734225,0.0,0.0,354.172,0.0,737.615666
2020-07-25 01:00:00,400.0,400.0,23.657594,24.617414,1620.120593,0.0,0.0,411.23,0.0,705.466411
2020-07-25 02:00:00,400.0,400.0,22.732362,23.069973,1998.337573,0.0,0.0,569.498,0.0,672.474064
2020-07-25 03:00:00,400.0,400.0,22.492854,22.576747,2108.709731,0.0,0.0,553.372,0.0,653.49934
2020-07-25 04:00:00,400.0,400.0,21.843654,22.492854,2154.002277,0.0,0.0,543.868,0.0,645.279858
2020-07-25 05:00:00,400.0,400.0,21.647258,19.983547,2235.767732,0.0,0.0,551.978,0.0,634.23154
2020-07-25 06:00:00,400.0,400.0,19.68943,19.685338,2604.462857,0.0,0.0,1077.214,0.0,657.712671
2020-07-25 07:00:00,400.0,400.0,20.400003,19.983547,2505.068984,0.0,0.0,1483.054,0.0,733.497752
2020-07-25 08:00:00,400.0,400.0,20.419098,21.116411,2480.551094,0.0,0.0,2011.612,0.0,816.459136
2020-07-25 09:00:00,400.0,400.0,20.419098,21.647258,2478.493894,0.0,0.0,2419.098,0.0,877.890616
2020-07-25 10:00:00,400.0,400.0,21.647258,22.576747,2212.916558,0.0,0.0,2498.754,0.0,929.675616
2020-07-25 11:00:00,400.0,400.0,22.732362,23.128644,1959.024109,0.0,0.0,2541.052,0.0,974.104184
2020-07-25 12:00:00,400.0,400.0,23.437807,24.62179,1688.262665,0.0,0.0,2503.612,0.0,1009.1024
2020-07-25 13:00:00,400.0,400.0,23.437807,33.982636,1708.165117,0.0,0.0,2497.052,0.0,1033.933032
2020-07-25 14:00:00,400.0,400.0,23.87513,44.825932,1676.891073,0.0,0.0,2236.988,0.0,1052.114539
2020-07-25 15:00:00,400.0,400.0,25.9087,26.324557,1632.275683,0.0,0.0,2032.81,0.0,1061.180148
2020-07-25 16:00:00,400.0,400.0,26.755559,36.420399,1364.249725,0.0,0.0,1635.012,0.0,1069.764341
2020-07-25 17:00:00,400.0,400.0,26.818284,62.603924,1483.965048,0.0,0.0,1267.018,0.0,1044.457943
2020-07-25 18:00:00,400.0,400.0,26.845129,74.229575,1519.480167,0.0,0.0,908.752,0.0,1012.390775
2020-07-25 19:00:00,400.0,400.0,26.845129,77.755129,1554.203176,0.0,0.0,824.596,0.0,1001.608924
2020-07-25 20:00:00,400.0,400.0,26.892495,43.699119,1375.966434,0.0,0.0,707.07,0.0,967.965535
2020-07-25 21:00:00,400.0,400.0,26.755559,27.013867,1369.681944,0.0,0.0,699.572,0.0,913.783508
2020-07-25 22:00:00,400.0,400.0,26.429316,37.559492,1408.740027,0.0,0.0,624.732,0.0,855.448796
2020-07-25 23:00:00,400.0,400.0,26.790897,28.171622,1080.616284,0.0,0.0,432.78,0.0,804.609557
2020-07-26 00:00:00,400.0,400.0,26.324557,24.074771,1345.589847,0.0,0.0,395.6,0.0,752.551523
2020-07-26 01:00:00,400.0,400.0,23.657594,23.006797,1630.670062,0.0,0.0,411.898,0.0,712.234191
2020-07-26 02:00:00,400.0,400.0,23.128644,21.647258,1813.274311,0.0,0.0,380.46,0.0,680.127853
2020-07-26 03:00:00,400.0,400.0,22.96816,21.287879,1955.767366,0.0,0.0,386.1,0.0,659.599895
2020-07-26 04:00:00,400.0,400.0,22.516066,21.116714,2121.719985,0.0,0.0,466.71,0.0,646.798502
2020-07-26 05:00:00,400.0,400.0,21.474047,19.034775,2278.917893,0.0,0.0,496.052,0.0,627.620116
2020-07-26 06:00:00,400.0,400.0,19.430296,14.982507,2725.694317,0.0,0.0,964.918,0.0,630.933552
2020-07-26 07:00:00,400.0,400.0,18.463561,14.9805,2896.640498,0.0,0.0,1539.002,0.0,691.404225
2020-07-26 08:00:00,400.0,400.0,18.573789,19.983547,2885.124349,0.0,0.0,2064.2,0.0,771.911348
2020-07-26 09:00:00,400.0,400.0,20.419098,21.647258,2470.812734,0.0,0.0,2131.154,0.0,844.10119
2020-07-26 10:00:00,400.0,400.0,22.516066,22.732362,2111.439522,0.0,0.0,2201.362,0.0,908.538372
2020-07-26 11:00:00,400.0,400.0,23.206766,23.87513,1802.906618,0.0,0.0,2198.21,0.0,954.345507
2020-07-26 12:00:00,400.0,400.0,23.657594,24.62179,1657.626866,0.0,0.0,2324.87,0.0,995.13647
2020-07-26 13:00:00,400.0,400.0,23.437807,33.803518,1707.910856,0.0,0.0,2399.35,0.0,1034.165872
2020-07-26 14:00:00,400.0,400.0,23.437807,36.36724,1825.882163,0.0,0.0,2297.77,0.0,1063.633176
2020-07-26 15:00:00,400.0,400.0,24.62179,36.898199,1839.59497,0.0,0.0,2087.252,0.0,1089.398554
2020-07-26 16:00:00,400.0,400.0,26.267006,72.924209,1993.782325,0.0,0.0,1894.38,0.0,1098.689651
2020-07-26 17:00:00,400.0,400.0,26.429316,77.276799,1979.865028,0.0,0.0,1515.848,0.0,1077.597446
2020-07-26 18:00:00,400.0,400.0,26.845129,70.653857,1668.347261,0.0,0.0,1036.73,0.0,1041.057411
2020-07-26 19:00:00,400.0,400.0,27.128505,43.649375,1545.555733,0.0,0.0,851.834,0.0,1025.74174
2020-07-26 20:00:00,400.0,400.0,27.128505,36.719564,1385.618216,0.0,0.0,770.568,0.0,996.292468
2020-07-26 21:00:00,400.0,400.0,26.845129,44.217502,1270.791468,0.0,0.0,682.67,0.0,934.33178
2020-07-26 22:00:00,400.0,400.0,26.755559,26.204319,1276.777209,0.0,0.0,461.55,0.0,850.765919
2020-07-26 23:00:00,400.0,400.0,77.274563,28.760914,757.472424,0.0,233.573512,366.932,0.0,781.703936
2020-07-27 00:00:00,400.0,400.0,26.429316,23.592361,1089.701642,0.0,0.0,426.416,0.0,734.057154
2020-07-27 01:00:00,400.0,400.0,24.617414,22.185841,1351.942571,0.0,0.0,461.048,0.0,699.915814
2020-07-27 02:00:00,400.0,400.0,23.206766,21.116714,1546.099373,0.0,0.0,506.08,0.0,677.547094
2020-07-27 03:00:00,400.0,400.0,23.128644,20.419098,1624.708314,0.0,0.0,516.33,0.0,667.293253
2020-07-27 04:00:00,400.0,400.0,23.206766,20.846138,1566.581113,0.0,0.0,481.07,0.0,670.723333
2020-07-27 05:00:00,400.0,400.0,23.128644,20.400003,1643.483452,0.0,0.0,560.34,0.0,671.078482
2020-07-27 06:00:00,400.0,400.0,22.576747,20.419098,1828.667034,0.0,0.0,962.66,0.0,703.648945
2020-07-27 07:00:00,400.0,400.0,22.185841,21.474047,1943.82845,0.0,0.0,1602.84,0.0,782.401732
2020-07-27 08:00:00,400.0,400.0,22.732362,23.437807,1775.508435,0.0,0.0,1954.246,0.0,860.360635
2020-07-27 09:00:00,400.0,400.0,22.732362,24.129669,1803.904608,0.0,0.0,2321.8,0.0,936.734309
2020-07-27 10:00:00,400.0,400.0,23.128644,30.853443,1794.41782,0.0,0.0,2565.07,0.0,1005.697827
2020-07-27 11:00:00,400.0,400.0,23.206766,33.982126,1749.618198,0.0,0.0,2676.164,0.0,1066.13187
2020-07-27 12:00:00,400.0,400.0,24.617414,35.611077,1711.071645,0.0,0.0,2646.94,0.0,1115.080253
2020-07-27 13:00:00,400.0,400.0,26.404825,36.211073,1502.496061,0.0,0.0,2497.764,0.0,1155.340191
2020-07-27 14:00:00,400.0,400.0,26.267006,56.965647,1757.330064,0.0,0.0,2512.8,0.0,1173.82049
2020-07-27 15:00:00,400.0,400.0,26.429316,26.755559,1881.349216,0.0,0.0,2310.454,0.0,1169.415718
2020-07-27 16:00:00,400.0,400.0,26.324557,26.818284,2021.84938,0.0,0.0,2321.53,0.0,1150.002093
2020-07-27 17:00:00,400.0,400.0,26.267006,67.598044,2049.419991,0.0,0.0,2095.55,0.0,1115.269501
2020-07-27 18:00:00,400.0,400.0,26.371819,72.924209,1989.777804,0.0,0.0,1652.9,0.0,1065.168329
2020-07-27 19:00:00,400.0,400.0,26.333777,77.89257,2062.549078,0.0,0.0,1544.913567,170.468433,1051.254673
2020-07-27 20:00:00,400.0,400.0,27.651507,44.626838,1583.364107,0.0,0.0,1358.098025,266.033975,1030.010088
2020-07-27 21:00:00,400.0,400.0,27.804249,26.409475,1245.130327,0.0,0.0,1167.023662,263.242338,961.334
2020-07-27 22:00:00,400.0,400.0,78.322967,29.803363,943.538293,0.0,187.166914,1129.446338,128.303662,876.421207
2020-07-27 23:00:00,400.0,400.0,77.51719,28.365807,949.223211,0.0,99.741621,1092.028756,175.811244,809.970832
2020-07-28 00:00:00,400.0,400.0,24.08455,24.209571,1433.908851,0.0,0.0,1150.123124,145.344876,745.982141
2020-07-28 01:00:00,400.0,400.0,22.632352,22.656017,1820.263853,0.0,0.0,1411.444057,166.457943,718.977031
2020-07-28 02:00:00,400.0,400.0,19.983547,21.122752,2189.028817,0.0,0.0,1556.23,0.0,685.380177
2020-07-28 03:00:00,400.0,400.0,19.983547,20.42044,2201.881372,0.0,0.0,1523.948,0.0,678.609994
2020-07-28 04:00:00,400.0,395.401238,20.400003,14.980931,2124.637603,0.0,0.0,1466.42,0.0,681.56736
2020-07-28 05:00:00,400.0,86.4,19.68943,0.0,2253.387573,0.0,0.0,1642.418,0.0,688.654564
2020-07-28 06:00:00,400.0,86.4,18.072542,0.0,2512.679248,0.0,0.0,2118.816,0.0,721.220513
2020-07-28 07:00:00,400.0,0.0,18.861019,14.603668,2435.261072,0.0,0.0,2482.498,0.0,787.385539
2020-07-28 08:00:00,400.0,400.0,19.034775,19.034775,2362.21622,0.0,0.0,2860.702,0.0,855.072867
2020-07-28 09:00:00,400.0,400.0,20.846138,20.846138,2042.756752,0.0,0.0,3019.138,0.0,926.757187
2020-07-28 10:00:00,400.0,400.0,21.287879,22.492854,1941.686551,0.0,0.0,3035.682,0.0,969.899317
2020-07-28 11:00:00,400.0,400.0,22.576747,28.640026,1849.503205,0.0,0.0,3080.732,0.0,1043.734319
2020-07-28 12:00:00,400.0,400.0,22.96816,31.620691,1918.629605,0.0,0.0,3072.888,0.0,1092.038759
2020-07-28 13:00:00,400.0,400.0,23.069973,36.150291,2033.737282,0.0,0.0,2961.112,0.0,1119.956208
2020-07-28 14:00:00,400.0,400.0,23.333922,57.079993,2067.02989,0.0,0.0,2772.668,0.0,1136.645716
2020-07-28 15:00:00,400.0,400.0,25.758899,25.9087,1927.133799,0.0,0.0,2351.316,0.0,1119.17733
2020-07-28 16:00:00,400.0,400.0,25.9087,26.755559,1887.581935,0.0,0.0,2128.018,0.0,1091.61541
2020-07-28 17:00:00,400.0,400.0,26.790897,72.694968,1489.058852,0.0,0.0,1404.432,0.0,1049.755972
2020-07-28 18:00:00,400.0,400.0,27.128505,77.274616,1375.42675,0.0,0.0,887.63,0.0,1004.430488
2020-07-28 19:00:00,400.0,400.0,26.845129,69.73145,1444.091382,0.0,0.0,896.568,0.0,981.671493
2020-07-28 20:00:00,400.0,400.0,26.409475,26.994195,1472.943589,0.0,0.0,1204.991525,27.728475,941.10719
2020-07-28 21:00:00,400.0,400.0,76.896582,33.244644,920.823838,0.0,203.777286,1089.498,0.0,873.836124
2020-07-28 22:00:00,400.0,400.0,77.598384,24.880469,918.680497,0.0,110.483328,1028.686,0.0,796.800825
2020-07-28 23:00:00,400.0,400.0,23.444698,24.074771,1264.642221,0.0,0.0,916.682,0.0,728.105967
2020-07-29 00:00:00,400.0,400.0,23.128644,22.576747,1460.037398,0.0,0.0,811.032,0.0,682.94919
2020-07-29 01:00:00,400.0,400.0,21.843654,21.843654,1778.185707,0.0,0.0,936.932,0.0,654.111944
2020-07-29 02:00:00,400.0,400.0,20.846138,21.287879,2035.432546,0.0,0.0,1052.59,0.0,632.873618
2020-07-29 03:00:00,400.0,400.0,20.419098,21.116714,2091.18786,0.0,0.0,1093.818,0.0,630.694521
2020-07-29 04:00:00,400.0,400.0,20.419098,20.419098,2069.903787,0.0,0.0,1134.762,0.0,640.028732
2020-07-29 05:00:00,400.0,400.0,20.419098,18.072542,2085.61884,0.0,0.0,1221.512,0.0,650.683974
2020-07-29 06:00:00,400.0,323.346285,21.287879,14.9805,1960.14501,0.0,0.0,1291.318,0.0,679.975949
2020-07-29 07:00:00,400.0,400.0,21.843654,18.072542,1785.671001,0.0,0.0,1513.478,0.0,739.47105
2020-07-29 08:00:00,400.0,400.0,22.516066,19.685338,1691.809209,0.0,0.0,1805.734,0.0,797.388719
2020-07-29 09:00:00,400.0,400.0,21.647258,20.846138,1834.362364,0.0,0.0,2342.082,0.0,856.457945
2020-07-29 10:00:00,400.0,400.0,22.576747,22.516066,1675.562263,0.0,0.0,2591.46,0.0,920.984661
2020-07-29 11:00:00,400.0,400.0,23.069973,23.206766,1522.775097,0.0,0.0,2776.202,0.0,979.864035
2020-07-29 12:00:00,400.0,400.0,23.206766,29.44761,1441.027554,0.0,0.0,2838.152,0.0,1035.168667
2020-07-29 13:00:00,400.0,400.0,23.069973,27.633607,1740.73009,0.0,0.0,2869.92,0.0,1070.428486
2020-07-29 14:00:00,400.0,400.0,23.069973,33.803518,1974.230021,0.0,0.0,2882.104,0.0,1099.331097
2020-07-29 15:00:00,400.0,400.0,23.437807,36.420399,1895.772826,0.0,0.0,2559.852,0.0,1095.761876
2020-07-29 16:00:00,400.0,400.0,24.62179,37.915338,1849.943655,0.0,0.0,2032.26,0.0,1089.047452
2020-07-29 17:00:00,400.0,400.0,25.9087,77.755129,2124.246271,0.0,0.0,1522.304,0.0,1028.558659
2020-07-29 18:00:00,400.0,400.0,26.755559,73.212549,1771.897127,0.0,0.0,800.88,0.0,974.697431
2020-07-29 19:00:00,400.0,400.0,26.845129,67.883338,1593.265713,0.0,0.0,583.298,0.0,964.804843
2020-07-29 20:00:00,400.0,400.0,27.128505,36.719564,1306.671189,0.0,0.0,449.918,0.0,945.937022
2020-07-29 21:00:00,400.0,400.0,26.790897,39.437452,1334.264184,0.0,0.0,572.468,0.0,891.780572
2020-07-29 22:00:00,400.0,400.0,26.324557,26.429316,1501.978527,0.0,0.0,574.798,0.0,825.722921
2020-07-29 23:00:00,400.0,400.0,25.758899,30.424679,1451.662704,0.0,0.0,513.034,0.0,760.990694
2020-07-30 00:00:00,400.0,400.0,23.87513,23.206766,1618.556408,0.0,0.0,397.3,0.0,711.861539
2020-07-30 01:00:00,400.0,400.0,23.128644,22.732362,1817.030529,0.0,0.0,366.348,0.0,677.447621
2020-07-30 02:00:00,400.0,400.0,23.069973,22.732362,1930.182757,0.0,0.0,336.92,0.0,656.060586
2020-07-30 03:00:00,400.0,400.0,22.576747,22.732362,2032.665645,0.0,0.0,361.048,0.0,644.307353
2020-07-30 04:00:00,400.0,400.0,22.576747,22.732362,2054.446244,0.0,0.0,415.07,0.0,649.143563
2020-07-30 05:00:00,400.0,400.0,22.732362,21.287879,2021.586185,0.0,0.0,471.364,0.0,662.516672
2020-07-30 06:00:00,400.0,400.0,21.647258,19.68943,2235.679327,0.0,0.0,862.35,0.0,689.050601
2020-07-30 07:00:00,400.0,400.0,21.474047,19.68943,2301.272471,0.0,0.0,1327.748,0.0,749.021329
2020-07-30 08:00:00,400.0,400.0,21.116411,19.034775,2415.013918,0.0,0.0,1802.9,0.0,803.232912
2020-07-30 09:00:00,400.0,400.0,19.983547,19.983547,2615.270838,0.0,0.0,2336.63,0.0,853.253874
2020-07-30 10:00:00,400.0,400.0,21.116714,21.288154,2390.039835,0.0,0.0,2472.332,0.0,907.393825
2020-07-30 11:00:00,400.0,400.0,21.288154,22.96816,2304.612676,0.0,0.0,2690.852,0.0,952.985899
2020-07-30 12:00:00,400.0,400.0,21.843654,23.437807,2173.197915,0.0,0.0,2840.862,0.0,995.199613
2020-07-30 13:00:00,400.0,400.0,21.647258,25.9087,2212.917767,0.0,0.0,2953.684,0.0,1031.664935
2020-07-30 14:00:00,400.0,400.0,22.185841,42.651467,2225.000338,0.0,0.0,2869.964,0.0,1058.244549
2020-07-30 15:00:00,400.0,400.0,23.206766,24.617414,1981.02579,0.0,0.0,2531.002,0.0,1063.796431
2020-07-30 16:00:00,400.0,400.0,24.62179,35.538761,1687.873317,0.0,0.0,2163.254,0.0,1055.907102
2020-07-30 17:00:00,400.0,400.0,26.404825,61.273055,1503.627821,0.0,0.0,1657.95,0.0,1025.898327
2020-07-30 18:00:00,400.0,400.0,26.324557,77.050889,1656.729942,0.0,0.0,1264.266,0.0,972.080409
2020-07-30 19:00:00,400.0,400.0,26.790897,73.998992,1431.152095,0.0,0.0,868.396,0.0,956.136586
2020-07-30 20:00:00,400.0,400.0,26.845129,41.325775,1244.335221,0.0,0.0,730.018,0.0,937.152417
2020-07-30 21:00:00,400.0,400.0,26.755559,26.324557,1212.98258,0.0,0.0,713.988,0.0,873.450813
2020-07-30 22:00:00,400.0,400.0,77.274616,28.300252,726.662519,0.0,288.755903,460.432,0.0,800.350422
2020-07-30 23:00:00,400.0,400.0,77.050889,27.241342,713.185381,0.0,222.017312,378.53,0.0,736.836693
2020-07-31 00:00:00,400.0,400.0,26.324557,22.576747,1038.613987,0.0,0.0,441.368,0.0,690.713102
2020-07-31 01:00:00,400.0,400.0,22.732362,21.116411,1592.864464,0.0,0.0,793.722,0.0,660.42863
2020-07-31 02:00:00,400.0,400.0,20.846138,19.685338,2024.580604,0.0,0.0,1076.51,0.0,638.089409
2020-07-31 03:00:00,400.0,310.331776,20.400003,16.961401,2121.403967,0.0,0.0,1113.902,0.0,629.174705
2020-07-31 04:00:00,400.0,296.933377,19.430296,14.991768,2333.11013,0.0,0.0,1352.754,0.0,633.24658
2020-07-31 05:00:00,400.0,86.4,19.430296,14.9805,2323.33419,0.0,0.0,1408.004,0.0,643.000472
2020-07-31 06:00:00,282.328792,86.4,14.9805,-0.0,2708.071208,0.0,0.0,2013.068,0.0,676.049519
2020-07-31 07:00:00,204.019546,30.256151,14.989549,14.989846,2737.413493,0.0,0.0,2466.24,0.0,739.623976
2020-07-31 08:00:00,195.979188,66.925638,14.996722,14.991053,2738.205492,0.0,0.0,2854.316,0.0,797.716576
2020-07-31 09:00:00,119.385621,346.985029,15.0,17.84504,2656.827451,0.0,0.0,3187.598,0.0,859.915582
2020-07-31 10:00:00,349.964487,400.0,15.0,21.116714,2355.268985,0.0,0.0,3244.038,0.0,913.615352
2020-07-31 11:00:00,400.0,400.0,18.011041,21.900316,2146.207879,0.0,0.0,3311.13,0.0,955.038318
2020-07-31 12:00:00,400.0,400.0,17.814779,22.732362,2006.579317,0.0,0.0,3413.21,0.0,991.294602
2020-07-31 13:00:00,400.0,400.0,17.022085,25.614945,2020.304709,0.0,0.0,3644.172,0.0,1023.880094
2020-07-31 14:00:00,400.0,400.0,21.116714,22.931044,1975.548306,0.0,0.0,3552.088,0.0,1042.280954
2020-07-31 15:00:00,400.0,400.0,21.116411,29.091932,2188.755404,0.0,0.0,3247.568,0.0,1043.371889
2020-07-31 16:00:00,400.0,400.0,22.492854,27.391149,2163.015834,0.0,0.0,2736.02,0.0,1026.000625
2020-07-31 17:00:00,400.0,400.0,23.069973,52.819495,1919.700404,0.0,0.0,2208.046,0.0,986.601839
2020-07-31 18:00:00,400.0,400.0,24.617414,76.790897,1634.503356,0.0,0.0,1537.554,0.0,944.257597
2020-07-31 19:00:00,400.0,400.0,26.429316,77.128505,1450.30626,0.0,0.0,1136.42,0.0,934.667061
2020-07-31 20:00:00,400.0,400.0,25.9087,32.371543,1486.672784,0.0,0.0,1229.95,0.0,909.791582
2020-07-31 21:00:00,400.0,400.0,23.206766,26.879117,1636.023406,0.0,0.0,1375.75,0.0,847.758989
2020-07-31 22:00:00,400.0,400.0,23.02472,26.281703,1621.503609,0.0,0.0,1312.714,0.0,787.231559
2020-07-31 23:00:00,400.0,400.0,23.128644,26.517685,1225.327494,0.0,0.0,1128.978,0.0,719.332576
2020-08-01 00:00:00,400.0,400.0,23.069973,23.437807,1305.249078,0.0,0.0,1118.54,0.0,699.043638
2020-08-01 01:00:00,400.0,400.0,22.96816,22.576747,1371.979292,0.0,0.0,1068.948,0.0,681.595306
2020-08-01 02:00:00,400.0,400.0,22.516066,21.647258,1523.836037,0.0,0.0,1020.17,0.0,651.500094
2020-08-01 03:00:00,400.0,400.0,21.647258,21.287879,1619.577037,0.0,0.0,1025.63,0.0,637.957944
2020-08-01 04:00:00,400.0,400.0,22.185841,21.116714,1572.318124,0.0,0.0,951.032,0.0,633.857081
2020-08-01 05:00:00,400.0,400.0,22.516066,19.430296,1525.748933,0.0,0.0,853.9,0.0,626.27266
2020-08-01 06:00:00,400.0,400.0,21.474047,19.430296,1711.315466,0.0,0.0,1105.77,0.0,636.21818
2020-08-01 07:00:00,400.0,400.0,21.647258,19.983547,1671.464717,0.0,0.0,1335.118,0.0,676.597992
2020-08-01 08:00:00,400.0,400.0,21.116714,21.287879,1794.764029,0.0,0.0,1832.66,0.0,732.734396
2020-08-01 09:00:00,400.0,400.0,21.116714,22.492854,1787.524489,0.0,0.0,2187.248,0.0,787.008527
2020-08-01 10:00:00,400.0,400.0,21.474047,22.732362,1706.840962,0.0,0.0,2392.248,0.0,829.861056
2020-08-01 11:00:00,400.0,400.0,21.843654,25.740703,1593.930965,0.0,0.0,2554.59,0.0,874.448855
2020-08-01 12:00:00,400.0,400.0,22.576747,25.610386,1506.885974,0.0,0.0,2601.28,0.0,902.759104
2020-08-01 13:00:00,400.0,400.0,22.576747,25.937045,1539.406854,0.0,0.0,2686.37,0.0,941.094472
2020-08-01 14:00:00,400.0,400.0,22.732362,26.359817,1646.281779,0.0,0.0,2655.35,0.0,973.660233
2020-08-01 15:00:00,400.0,400.0,23.069973,27.39731,1735.225208,0.0,0.0,2482.716,0.0,987.673619
2020-08-01 16:00:00,400.0,400.0,23.069973,27.010502,1819.840668,0.0,0.0,2190.0,0.0,984.3239
2020-08-01 17:00:00,400.0,400.0,23.206766,31.867812,1867.843095,0.0,0.0,1875.02,0.0,957.626536
2020-08-01 18:00:00,400.0,400.0,24.62179,60.363851,1605.921506,0.0,0.0,1357.0,0.0,919.211774
2020-08-01 19:00:00,400.0,400.0,24.62179,76.845129,1594.649946,0.0,0.0,1277.25,0.0,917.340008
2020-08-01 20:00:00,400.0,400.0,24.749386,70.394855,1759.094266,0.0,0.0,1373.710546,90.125454,898.742442
2020-08-01 21:00:00,400.0,400.0,24.209571,26.429316,1748.235724,0.0,0.0,1162.500031,222.103969,852.189646
2020-08-01 22:00:00,400.0,400.0,22.656017,28.738161,2105.969975,0.0,0.0,1505.446015,264.835985,796.721406
2020-08-01 23:00:00,400.0,400.0,18.244966,26.038058,2127.95181,0.0,0.0,1863.199136,306.052864,740.587099
2020-08-02 00:00:00,378.300653,400.0,15.0,22.185841,2379.960659,0.0,0.0,2136.659915,292.240085,690.554888
2020-08-02 01:00:00,312.758711,400.0,14.975624,19.68943,2335.641291,0.0,0.0,2240.812874,296.407126,659.575737
2020-08-02 02:00:00,139.915496,400.0,14.975624,19.034775,2510.484504,0.0,0.0,2278.265473,306.084527,638.967145
2020-08-02 03:00:00,142.484652,400.0,14.975624,19.034775,2506.915348,0.0,0.0,2162.40219,282.42581,622.123026
2020-08-02 04:00:00,0.0,400.0,0.0,18.861019,2665.0,0.0,0.0,2272.914485,393.633515,614.987173
2020-08-02 05:00:00,0.0,97.4,0.0,0.0,2665.0,0.0,0.0,2188.463748,563.018252,602.319562
2020-08-02 06:00:00,0.0,117.4,-0.0,0.0,2635.0,0.0,0.0,2195.894631,950.203369,607.934195
2020-08-02 07:00:00,0.0,140.4,-0.0,0.0,2629.0,0.0,0.0,2424.501699,963.478301,643.125255
2020-08-02 08:00:00,0.0,131.4,-0.0,11.313563,2624.0,0.0,0.0,2734.935456,1279.982544,690.440318
2020-08-02 09:00:00,0.0,400.0,-0.0,18.860141,2620.0,0.0,0.0,3058.896968,1167.749032,739.634545
2020-08-02 10:00:00,0.0,400.0,0.0,21.647258,2618.0,0.0,0.0,3359.943694,1040.666306,785.091554
2020-08-02 11:00:00,0.0,400.0,-0.0,25.586068,2626.0,0.0,0.0,3664.272864,681.517136,829.54093
2020-08-02 12:00:00,0.0,400.0,10.385069,25.869575,2540.528489,0.0,0.0,3623.930211,667.579789,861.810258
2020-08-02 13:00:00,0.0,400.0,8.071816,25.586068,2608.182134,0.0,0.0,3695.766591,496.935409,890.187669
2020-08-02 14:00:00,0.0,400.0,3.673957,25.161258,2463.526084,0.0,0.0,3729.408553,326.913447,916.93237
2020-08-02 15:00:00,0.0,400.0,13.624314,23.249419,2310.600687,0.0,0.0,3688.174781,46.115219,933.686114
2020-08-02 16:00:00,0.0,400.0,13.430867,23.069973,2381.725892,0.0,0.0,3260.962482,99.419518,935.435488
2020-08-02 17:00:00,328.327036,400.0,15.0,30.002609,2707.949013,0.0,0.0,2880.846,0.0,912.734548
2020-08-02 18:00:00,400.0,400.0,21.116714,59.816169,2343.253834,0.0,0.0,2183.398,0.0,879.321625
2020-08-02 19:00:00,400.0,400.0,22.576747,76.557923,2199.495757,0.0,0.0,1837.704,0.0,879.781236
2020-08-02 20:00:00,400.0,400.0,22.96816,74.363653,2146.195773,0.0,0.0,1642.362,0.0,864.474934
2020-08-02 21:00:00,400.0,400.0,22.96816,26.324557,1919.851376,0.0,0.0,1457.32,0.0,817.420294
2020-08-02 22:00:00,400.0,400.0,22.185841,26.318045,1949.98667,0.0,0.0,1430.688,0.0,755.6552
2020-08-02 23:00:00,400.0,400.0,21.647258,23.444698,2049.290163,0.0,0.0,1153.522,0.0,699.184776
2020-08-03 00:00:00,400.0,400.0,19.68943,22.576747,2456.316763,0.0,0.0,1306.332,0.0,661.052286
2020-08-03 01:00:00,400.0,400.0,18.072542,22.576747,2694.105917,0.0,0.0,1376.378,0.0,635.890812
2020-08-03 02:00:00,315.823478,400.0,14.981951,22.492854,2872.576522,0.0,0.0,1458.652,0.0,621.461322
2020-08-03 03:00:00,202.342561,400.0,14.981951,22.516066,2987.057439,0.0,0.0,1530.53,0.0,615.070884
2020-08-03 04:00:00,398.0,400.0,14.981951,22.732362,2803.0,0.0,0.0,1404.186181,23.799819,623.727927
2020-08-03 05:00:00,400.0,400.0,18.463561,21.647258,2677.690155,0.0,0.0,1365.614,0.0,636.738577
2020-08-03 06:00:00,400.0,400.0,18.861019,21.474047,2619.716114,0.0,0.0,1471.8,0.0,661.362583
2020-08-03 07:00:00,400.0,400.0,20.400003,21.474047,2325.452995,0.0,0.0,1542.9,0.0,716.167051
2020-08-03 08:00:00,400.0,400.0,20.419098,22.185841,2287.350004,0.0,0.0,1835.462,0.0,765.766799
2020-08-03 09:00:00,400.0,400.0,21.116714,22.576747,2160.50355,0.0,0.0,2022.668,0.0,812.874667
2020-08-03 10:00:00,400.0,400.0,21.647258,23.069973,2034.845984,0.0,0.0,2222.312,0.0,861.669902
2020-08-03 11:00:00,400.0,400.0,21.647258,23.206766,2028.634523,0.0,0.0,2501.69,0.0,904.508322
2020-08-03 12:00:00,400.0,400.0,21.843654,26.67113,1953.243468,0.0,0.0,2531.51,0.0,945.78998
2020-08-03 13:00:00,400.0,400.0,22.732362,28.212064,1959.292097,0.0,0.0,2557.252,0.0,977.693985
2020-08-03 14:00:00,400.0,400.0,23.069973,28.013273,1877.216102,0.0,0.0,2527.582,0.0,1009.854885
2020-08-03 15:00:00,400.0,400.0,23.128644,25.9087,1890.911044,0.0,0.0,2455.672,0.0,1024.764143
2020-08-03 16:00:00,400.0,400.0,23.444698,31.860744,1690.519864,0.0,0.0,2130.538,0.0,1013.40272
2020-08-03 17:00:00,400.0,400.0,24.617414,72.949666,1665.85016,0.0,0.0,1679.12,0.0,971.440476
2020-08-03 18:00:00,400.0,400.0,26.324557,62.331616,1526.879626,0.0,0.0,1104.448,0.0,919.735256
2020-08-03 19:00:00,400.0,400.0,26.429316,75.423924,1406.05174,0.0,0.0,887.698,0.0,910.146939
2020-08-03 20:00:00,400.0,400.0,26.790897,28.256995,1164.536718,0.0,0.0,774.662,0.0,889.818792
2020-08-03 21:00:00,400.0,400.0,24.62179,29.048315,1543.789782,0.0,0.0,709.97,0.0,823.227033
2020-08-03 22:00:00,400.0,400.0,25.9087,26.635854,1241.518102,0.0,0.0,601.122,0.0,752.475585
2020-08-03 23:00:00,400.0,400.0,26.324557,25.758899,1011.61341,0.0,0.0,429.48,0.0,692.979989
2020-08-04 00:00:00,400.0,400.0,23.657594,23.444698,1249.00461,0.0,0.0,401.81,0.0,653.220809
2020-08-04 01:00:00,400.0,400.0,23.128644,23.206766,1407.037815,0.0,0.0,395.484,0.0,628.566928
2020-08-04 02:00:00,400.0,400.0,22.96816,22.732362,1550.675573,0.0,0.0,417.62,0.0,610.341664
2020-08-04 03:00:00,400.0,400.0,22.492854,22.576747,1733.476733,0.0,0.0,549.652,0.0,602.72629
2020-08-04 04:00:00,400.0,400.0,21.843654,22.96816,1794.21324,0.0,0.0,656.13,0.0,609.587514
2020-08-04 05:00:00,400.0,400.0,22.492854,21.647258,1744.122044,0.0,0.0,676.232,0.0,620.116493
2020-08-04 06:00:00,400.0,400.0,21.288154,21.116411,1914.139988,0.0,0.0,1046.798,0.0,650.198702
2020-08-04 07:00:00,400.0,400.0,21.287879,19.983547,1935.821501,0.0,0.0,1422.63,0.0,703.321275
2020-08-04 08:00:00,400.0,400.0,21.287879,19.983547,1948.330172,0.0,0.0,1769.502,0.0,753.475774
2020-08-04 09:00:00,400.0,400.0,21.288154,19.034775,1918.294752,0.0,0.0,2061.902,0.0,801.841087
2020-08-04 10:00:00,400.0,400.0,20.419098,19.68943,2060.535326,0.0,0.0,2512.37,0.0,848.075201
2020-08-04 11:00:00,400.0,400.0,20.846138,20.846138,2024.558727,0.0,0.0,2747.79,0.0,888.784691
2020-08-04 12:00:00,400.0,400.0,22.185841,21.843654,1755.889942,0.0,0.0,2719.386,0.0,924.824409
2020-08-04 13:00:00,400.0,400.0,22.576747,23.128644,1654.782155,0.0,0.0,2885.63,0.0,964.927177
2020-08-04 14:00:00,400.0,400.0,22.576747,23.437807,1648.735546,0.0,0.0,2888.23,0.0,991.724168
2020-08-04 15:00:00,400.0,400.0,22.576747,27.331236,1820.78747,0.0,0.0,2790.052,0.0,1004.439679
2020-08-04 16:00:00,400.0,400.0,22.576747,73.721085,2031.930587,0.0,0.0,2698.312,0.0,996.057212
2020-08-04 17:00:00,400.0,400.0,21.647258,76.429316,2304.797452,0.0,0.0,2563.386,0.0,950.038282
2020-08-04 18:00:00,400.0,400.0,23.206766,48.662839,1756.598336,0.0,0.0,1759.53,0.0,895.48975
2020-08-04 19:00:00,400.0,400.0,23.128644,31.93306,1855.678858,0.0,0.0,1777.402,0.0,883.308471
2020-08-04 20:00:00,400.0,400.0,22.709794,31.365464,2132.50637,0.0,0.0,1947.360534,148.439466,859.028125
2020-08-04 21:00:00,400.0,400.0,22.335927,24.074771,2291.182079,0.0,0.0,1642.269493,230.710507,789.463112
2020-08-04 22:00:00,400.0,400.0,21.647258,25.576462,1639.746226,0.0,0.0,1593.398,0.0,720.097766
2020-08-04 23:00:00,400.0,400.0,21.843654,26.14156,1406.211366,0.0,0.0,1330.664,0.0,662.467895
2020-08-05 00:00:00,400.0,400.0,21.116714,22.732362,1598.507035,0.0,0.0,1266.77,0.0,624.039445
2020-08-05 01:00:00,400.0,400.0,21.116714,22.576747,1592.566667,0.0,0.0,1108.73,0.0,601.2245
2020-08-05 02:00:00,400.0,400.0,20.419098,22.576747,1711.921935,0.0,0.0,1109.362,0.0,583.41601
2020-08-05 03:00:00,400.0,400.0,19.68943,22.576747,1860.65074,0.0,0.0,1218.332,0.0,577.452189
2020-08-05 04:00:00,400.0,400.0,19.983547,21.843654,1783.196189,0.0,0.0,1200.17,0.0,586.346072
2020-08-05 05:00:00,400.0,400.0,19.983547,20.419098,1832.050824,0.0,0.0,1338.23,0.0,599.726876
2020-08-05 06:00:00,400.0,400.0,20.419098,18.861019,1707.607746,0.0,0.0,1420.786,0.0,630.776738
2020-08-05 07:00:00,400.0,400.0,21.116411,19.430296,1628.499721,0.0,0.0,1684.754,0.0,682.238142
2020-08-05 08:00:00,400.0,400.0,21.116411,19.68943,1639.303653,0.0,0.0,2081.47,0.0,740.124952
2020-08-05 09:00:00,400.0,400.0,20.846138,20.846138,1671.94694,0.0,0.0,2462.052,0.0,792.315759
2020-08-05 10:00:00,400.0,400.0,21.647258,22.492854,1438.487359,0.0,0.0,2613.928,0.0,850.116096
2020-08-05 11:00:00,400.0,400.0,21.474047,24.054007,1526.390383,0.0,0.0,2775.55,0.0,912.173943
2020-08-05 12:00:00,400.0,400.0,22.576747,27.225317,1665.822384,0.0,0.0,2879.32,0.0,962.324642
2020-08-05 13:00:00,400.0,400.0,22.576747,26.362847,1646.375107,0.0,0.0,2828.432,0.0,1008.608534
2020-08-05 14:00:00,400.0,400.0,23.069973,29.531532,1855.174334,0.0,0.0,2755.982,0.0,1047.42115
2020-08-05 15:00:00,400.0,400.0,23.437807,34.031055,1769.196754,0.0,0.0,2516.552,0.0,1068.653287
2020-08-05 16:00:00,400.0,400.0,24.617414,36.428022,1737.931231,0.0,0.0,2099.69,0.0,1055.363815
2020-08-05 17:00:00,400.0,400.0,25.9087,77.128505,1791.638183,0.0,0.0,1563.004,0.0,1008.204873
2020-08-05 18:00:00,400.0,400.0,26.500239,72.924241,1572.590473,0.0,0.0,894.402,0.0,949.321729
2020-08-05 19:00:00,400.0,400.0,26.790897,63.082985,1440.948416,0.0,0.0,649.56,0.0,923.341738
2020-08-05 20:00:00,400.0,400.0,26.845129,35.949165,1196.564898,0.0,0.0,580.97,0.0,897.210765
2020-08-05 21:00:00,400.0,400.0,26.429316,29.307624,1267.526787,0.0,0.0,480.066,0.0,821.930882
2020-08-05 22:00:00,400.0,400.0,24.62179,27.735138,1313.828213,0.0,0.0,380.77,0.0,746.841268
2020-08-05 23:00:00,400.0,400.0,24.617414,28.132803,1365.140977,0.0,0.0,340.43,0.0,686.578353
2020-08-06 00:00:00,400.0,400.0,23.128644,23.069973,1603.612646,0.0,0.0,351.132,0.0,645.677903
2020-08-06 01:00:00,400.0,400.0,22.96816,22.732362,1741.227508,0.0,0.0,321.302,0.0,620.561174
2020-08-06 02:00:00,400.0,400.0,22.576747,22.732362,1836.397123,0.0,0.0,303.366,0.0,603.595332
2020-08-06 03:00:00,400.0,400.0,22.492854,23.069973,1907.537294,0.0,0.0,335.4,0.0,597.729406
2020-08-06 04:00:00,400.0,400.0,22.576747,22.96816,1851.832633,0.0,0.0,326.002,0.0,604.675405
2020-08-06 05:00:00,400.0,400.0,22.516066,21.288154,1876.724858,0.0,0.0,403.852,0.0,612.619071
2020-08-06 06:00:00,400.0,400.0,21.474047,19.68943,2075.196976,0.0,0.0,823.2,0.0,645.750454
2020-08-06 07:00:00,400.0,400.0,21.116411,19.034775,2180.222404,0.0,0.0,1331.086,0.0,706.179539
2020-08-06 08:00:00,400.0,400.0,20.846138,18.861019,2234.227131,0.0,0.0,1783.268,0.0,765.90613
2020-08-06 09:00:00,400.0,400.0,21.287879,19.430296,2120.508723,0.0,0.0,2020.77,0.0,818.589192
2020-08-06 10:00:00,400.0,400.0,21.843654,19.983547,1970.384833,0.0,0.0,2171.602,0.0,863.732575
2020-08-06 11:00:00,400.0,400.0,23.069973,21.287879,1706.51868,0.0,0.0,2172.322,0.0,903.420498
2020-08-06 12:00:00,400.0,400.0,23.206766,22.492854,1575.978763,0.0,0.0,2218.302,0.0,929.898486
2020-08-06 13:00:00,400.0,400.0,23.87513,23.128644,1403.639845,0.0,0.0,2229.218,0.0,957.386723
2020-08-06 14:00:00,400.0,400.0,23.87513,26.110545,1404.821337,0.0,0.0,2281.834,0.0,990.601899
2020-08-06 15:00:00,400.0,400.0,23.657594,27.121504,1625.694406,0.0,0.0,2253.38,0.0,1006.452839
2020-08-06 16:00:00,400.0,400.0,24.617414,31.860744,1590.727493,0.0,0.0,1950.65,0.0,994.038376
2020-08-06 17:00:00,400.0,400.0,23.657594,72.949666,1675.278762,0.0,0.0,1617.298,0.0,942.452886
2020-08-06 18:00:00,400.0,400.0,25.9087,26.845129,1552.687555,0.0,0.0,1048.02,0.0,889.099867
2020-08-06 19:00:00,400.0,400.0,26.404825,77.050889,1434.414667,0.0,0.0,795.212,0.0,877.3196
2020-08-06 20:00:00,400.0,400.0,26.755559,58.438314,1282.046706,0.0,0.0,592.614,0.0,861.385094
2020-08-06 21:00:00,400.0,400.0,26.324557,26.755559,1391.594121,0.0,0.0,435.58,0.0,796.647882
2020-08-06 22:00:00,400.0,400.0,25.9087,28.506253,1124.941304,0.0,0.0,449.652,0.0,732.256604
2020-08-06 23:00:00,400.0,400.0,24.617414,25.259136,977.507922,0.0,0.0,594.018,0.0,676.261512
2020-08-07 00:00:00,400.0,400.0,23.87513,23.069973,1019.759707,0.0,0.0,428.982,0.0,638.433344
2020-08-07 01:00:00,400.0,400.0,23.128644,23.128644,1259.283238,0.0,0.0,492.95,0.0,612.100014
2020-08-07 02:00:00,400.0,400.0,23.128644,23.128644,1225.501931,0.0,0.0,359.132,0.0,597.09451
2020-08-07 03:00:00,400.0,400.0,23.069973,23.128644,1301.351347,0.0,0.0,401.252,0.0,592.035098
2020-08-07 04:00:00,400.0,400.0,23.069973,23.128644,1315.577926,0.0,0.0,469.988,0.0,600.211511
2020-08-07 05:00:00,400.0,400.0,23.069973,21.647258,1342.834522,0.0,0.0,615.13,0.0,617.894322
2020-08-07 06:00:00,400.0,400.0,21.288154,20.846138,1724.294085,0.0,0.0,1154.846,0.0,641.632787
2020-08-07 07:00:00,400.0,400.0,20.419098,20.400003,1917.997328,0.0,0.0,1608.948,0.0,680.692601
2020-08-07 08:00:00,400.0,400.0,20.400003,21.116411,1959.205903,0.0,0.0,1933.868,0.0,723.249315
2020-08-07 09:00:00,400.0,400.0,19.034775,20.400003,2165.082151,0.0,0.0,2330.632,0.0,751.882477
2020-08-07 10:00:00,400.0,400.0,19.685338,20.419098,2098.889879,0.0,0.0,2448.198,0.0,779.446218
2020-08-07 11:00:00,400.0,400.0,19.685338,20.400003,2105.095665,0.0,0.0,2623.972,0.0,804.88145
2020-08-07 12:00:00,400.0,400.0,19.430296,21.116411,2136.127544,0.0,0.0,2848.888,0.0,833.964068
2020-08-07 13:00:00,400.0,400.0,19.983547,22.382792,1966.704537,0.0,0.0,2909.784,0.0,868.511919
2020-08-07 14:00:00,400.0,400.0,21.116411,23.069973,1828.735042,0.0,0.0,2809.068,0.0,899.599944
2020-08-07 15:00:00,400.0,400.0,21.647258,23.657594,1800.679372,0.0,0.0,2554.87,0.0,918.928594
2020-08-07 16:00:00,400.0,400.0,22.576747,28.051363,1844.994409,0.0,0.0,2213.65,0.0,914.348339
2020-08-07 17:00:00,400.0,400.0,23.437807,50.211174,1695.075019,0.0,0.0,1641.452,0.0,882.056547
2020-08-07 18:00:00,400.0,400.0,26.429316,76.525384,1303.965278,0.0,0.0,865.662,0.0,835.304508
2020-08-07 19:00:00,400.0,400.0,26.845129,72.666548,1099.571379,0.0,0.0,513.632,0.0,819.159093
2020-08-07 20:00:00,400.0,400.0,26.845129,29.283892,1041.914696,0.0,0.0,490.346,0.0,804.064696
2020-08-07 21:00:00,400.0,400.0,26.755559,25.067686,1097.134515,0.0,0.0,507.648,0.0,751.862023
2020-08-07 22:00:00,400.0,400.0,76.429316,25.531972,801.892674,0.0,93.010725,598.802,0.0,696.586399
2020-08-07 23:00:00,400.0,400.0,76.429316,26.724965,686.180424,0.0,146.975012,522.83,0.0,649.297436
2020-08-08 00:00:00,400.0,400.0,26.324557,22.96816,847.135525,0.0,0.0,438.934,0.0,612.569771
2020-08-08 01:00:00,400.0,400.0,23.437807,23.069973,1054.592643,0.0,0.0,480.514,0.0,587.688204
2020-08-08 02:00:00,400.0,400.0,23.437807,23.069973,1082.189025,0.0,0.0,394.398,0.0,570.631346
2020-08-08 03:00:00,400.0,400.0,23.128644,23.069973,1126.814766,0.0,0.0,355.238,0.0,558.063485
2020-08-08 04:00:00,400.0,400.0,23.437807,23.069973,1092.937301,0.0,0.0,316.152,0.0,557.282205
2020-08-08 05:00:00,400.0,400.0,23.069973,21.287879,1161.883416,0.0,0.0,308.16,0.0,545.741488
2020-08-08 06:00:00,400.0,400.0,21.647258,19.68943,1468.222615,0.0,0.0,715.866,0.0,560.946508
2020-08-08 07:00:00,400.0,400.0,19.983547,18.573789,1814.504817,0.0,0.0,1354.78,0.0,604.841277
2020-08-08 08:00:00,400.0,400.0,18.861019,19.034775,2078.786577,0.0,0.0,2015.25,0.0,664.269513
2020-08-08 09:00:00,400.0,400.0,18.861019,19.685338,2072.553209,0.0,0.0,2358.432,0.0,716.681819
2020-08-08 10:00:00,400.0,400.0,19.68943,20.419098,1908.618395,0.0,0.0,2525.838,0.0,766.382941
2020-08-08 11:00:00,400.0,400.0,20.400003,21.116714,1756.78751,0.0,0.0,2648.468,0.0,807.552074
2020-08-08 12:00:00,400.0,400.0,21.116714,22.576747,1614.131542,0.0,0.0,2792.948,0.0,850.622469
2020-08-08 13:00:00,400.0,400.0,21.287879,24.411884,1568.012498,0.0,0.0,2759.082,0.0,877.960425
2020-08-08 14:00:00,400.0,400.0,21.647258,26.297954,1626.823282,0.0,0.0,2615.97,0.0,900.922008
2020-08-08 15:00:00,400.0,400.0,21.647258,26.172726,1826.668322,0.0,0.0,2390.082,0.0,915.812052
2020-08-08 16:00:00,400.0,400.0,23.206766,28.864581,1763.240228,0.0,0.0,1965.398,0.0,917.123666
2020-08-08 17:00:00,400.0,400.0,23.87513,77.050889,1591.448917,0.0,0.0,1481.254,0.0,891.870762
2020-08-08 18:00:00,400.0,400.0,26.429316,72.694968,1358.666863,0.0,0.0,801.18,0.0,848.176971
2020-08-08 19:00:00,400.0,400.0,26.500239,61.087721,1255.692195,0.0,0.0,664.784,0.0,831.163771
2020-08-08 20:00:00,400.0,400.0,26.429316,28.581658,1204.256037,0.0,0.0,623.696,0.0,807.965994
2020-08-08 21:00:00,400.0,400.0,25.758899,26.650903,1420.535119,0.0,0.0,524.72,0.0,752.427732
2020-08-08 22:00:00,400.0,400.0,23.87513,27.201702,1408.509191,0.0,0.0,502.452,0.0,697.641421
2020-08-08 23:00:00,400.0,400.0,24.617414,27.596178,962.696425,0.0,0.0,424.66,0.0,646.344536
2020-08-09 00:00:00,400.0,400.0,23.437807,23.437807,1100.093346,0.0,0.0,303.268,0.0,607.526198
2020-08-09 01:00:00,400.0,400.0,23.069973,23.128644,1319.927436,0.0,0.0,354.814,0.0,582.282985
2020-08-09 02:00:00,400.0,400.0,22.732362,22.96816,1428.84877,0.0,0.0,331.486,0.0,562.445584
2020-08-09 03:00:00,400.0,400.0,22.576747,22.732362,1504.67647,0.0,0.0,334.02,0.0,551.451529
2020-08-09 04:00:00,400.0,400.0,22.516066,22.576747,1535.446963,0.0,0.0,330.268,0.0,546.273156
2020-08-09 05:00:00,400.0,400.0,21.647258,19.983547,1647.484491,0.0,0.0,348.93,0.0,532.266826
2020-08-09 06:00:00,400.0,400.0,19.68943,16.970947,2052.705212,0.0,0.0,817.36,0.0,541.748218
2020-08-09 07:00:00,400.0,256.437957,15.731586,14.982507,2442.056122,0.0,0.0,1441.13,0.0,576.911082
2020-08-09 08:00:00,315.340523,229.068529,14.982507,14.982507,2528.059477,0.0,0.0,1879.934,0.0,629.831178
2020-08-09 09:00:00,398.0,400.0,14.982507,15.717788,2455.0,0.0,0.0,2162.721024,12.674976,683.208154
2020-08-09 10:00:00,400.0,400.0,18.861019,19.034775,2244.487611,0.0,0.0,2332.62,0.0,740.269858
2020-08-09 11:00:00,400.0,400.0,19.68943,20.419098,2062.766251,0.0,0.0,2506.682,0.0,793.637362
2020-08-09 12:00:00,400.0,400.0,20.419098,21.843654,1891.189652,0.0,0.0,2651.962,0.0,841.165852
2020-08-09 13:00:00,400.0,400.0,21.647258,23.069973,1632.074574,0.0,0.0,2664.934,0.0,881.978914
2020-08-09 14:00:00,400.0,400.0,19.04585,26.832911,1829.305249,0.0,0.0,2615.25,0.0,921.441713
2020-08-09 15:00:00,400.0,400.0,22.516066,26.93016,1964.159447,0.0,0.0,2365.92,0.0,947.064083
2020-08-09 16:00:00,400.0,400.0,23.069973,28.160024,1733.538628,0.0,0.0,2019.682,0.0,955.221506
2020-08-09 17:00:00,400.0,400.0,23.437807,75.377354,1724.920487,0.0,0.0,1537.77,0.0,932.077427
2020-08-09 18:00:00,400.0,400.0,26.324557,70.423275,1520.636502,0.0,0.0,880.068,0.0,888.214725
2020-08-09 19:00:00,400.0,400.0,26.429316,65.079518,1414.690051,0.0,0.0,676.488,0.0,870.569692
2020-08-09 20:00:00,400.0,400.0,26.755559,28.247522,1221.05995,0.0,0.0,611.284,0.0,848.583608
2020-08-09 21:00:00,400.0,400.0,24.62179,27.014522,1545.185942,0.0,0.0,507.19,0.0,784.350609
2020-08-09 22:00:00,400.0,400.0,26.324557,27.33192,1160.641831,0.0,0.0,346.7,0.0,718.193725
2020-08-09 23:00:00,400.0,400.0,23.437807,28.420568,1484.904583,0.0,0.0,354.0,0.0,663.914313
2020-08-10 00:00:00,400.0,400.0,23.069973,23.128644,1672.437718,0.0,0.0,281.85,0.0,624.961842
2020-08-10 01:00:00,400.0,400.0,22.576747,22.732362,1859.994399,0.0,0.0,296.418,0.0,599.01354
2020-08-10 02:00:00,400.0,400.0,21.647258,22.576747,2019.839069,0.0,0.0,353.668,0.0,583.62434
2020-08-10 03:00:00,400.0,400.0,21.288154,22.576747,2100.293633,0.0,0.0,398.45,0.0,578.273455
2020-08-10 04:00:00,400.0,400.0,21.116714,22.576747,2171.746237,0.0,0.0,542.688,0.0,589.191264
2020-08-10 05:00:00,400.0,400.0,22.492854,20.846138,1936.730406,0.0,0.0,386.2,0.0,600.970439
2020-08-10 06:00:00,400.0,400.0,20.846138,20.400003,2221.395563,0.0,0.0,899.08,0.0,635.202666
2020-08-10 07:00:00,400.0,400.0,21.116411,20.419098,2187.219897,0.0,0.0,1279.384,0.0,697.374615
2020-08-10 08:00:00,400.0,400.0,21.647258,19.983547,2023.814177,0.0,0.0,1522.552,0.0,758.360673
2020-08-10 09:00:00,400.0,400.0,21.843654,21.116411,1973.69781,0.0,0.0,1863.366,0.0,817.000229
2020-08-10 10:00:00,400.0,400.0,21.843654,21.647258,1959.948592,0.0,0.0,2230.002,0.0,874.058011
2020-08-10 11:00:00,400.0,400.0,23.128644,22.516066,1618.596455,0.0,0.0,2249.968,0.0,928.255732
2020-08-10 12:00:00,400.0,400.0,23.069973,23.437807,1712.126044,0.0,0.0,2643.432,0.0,973.245893
2020-08-10 13:00:00,400.0,400.0,21.843654,26.919393,1969.109379,0.0,0.0,2842.24,0.0,1015.519593
2020-08-10 14:00:00,400.0,400.0,22.96816,25.9087,1984.35232,0.0,0.0,2728.146,0.0,1051.619052
2020-08-10 15:00:00,396.0,400.0,15.0,31.555442,2470.127188,0.0,0.0,3311.586511,36.493489,1069.568898
2020-08-10 16:00:00,400.0,400.0,23.128644,35.666985,1915.099812,0.0,0.0,2567.284,0.0,1069.227628
2020-08-10 17:00:00,400.0,400.0,25.9087,77.128505,1710.839122,0.0,0.0,1661.06,0.0,1022.583132
2020-08-10 18:00:00,400.0,400.0,26.429316,77.276799,1735.999507,0.0,0.0,1112.052,0.0,969.457874
2020-08-10 19:00:00,238.805533,400.0,15.0,64.61007,3156.634205,0.0,0.0,2527.685855,64.144145,944.707747
2020-08-10 20:00:00,400.0,400.0,23.437807,24.718171,1810.935931,0.0,0.0,1455.496,0.0,911.48401
2020-08-10 21:00:00,400.0,400.0,22.576747,27.983808,1840.260884,0.0,0.0,1776.534,0.0,830.725967
2020-08-10 22:00:00,400.0,400.0,24.617414,23.241519,1004.993676,0.0,0.0,1169.37,0.0,751.706449
2020-08-10 23:00:00,400.0,400.0,24.617414,27.183169,990.053707,0.0,0.0,740.85,0.0,689.669444
2020-08-11 00:00:00,400.0,400.0,22.732362,24.074771,1255.744925,0.0,0.0,1074.312,0.0,646.585061
2020-08-11 01:00:00,400.0,400.0,23.069973,22.516066,1110.715269,0.0,0.0,755.25,0.0,620.48021
2020-08-11 02:00:00,400.0,400.0,21.288154,20.400003,1557.670865,0.0,0.0,1067.69,0.0,600.30287
2020-08-11 03:00:00,400.0,400.0,22.576747,19.489899,1284.931652,0.0,0.0,719.28,0.0,588.952252
2020-08-11 04:00:00,400.0,226.268778,20.419098,14.975624,1685.2702,0.0,0.0,1158.432,0.0,594.77427
2020-08-11 05:00:00,400.0,309.301753,21.116714,14.9805,1616.01223,0.0,0.0,1140.532,0.0,602.477965
2020-08-11 06:00:00,400.0,86.4,20.419098,0.0,1705.007498,0.0,0.0,1419.518,0.0,630.976575
2020-08-11 07:00:00,400.0,86.4,19.68943,0.0,1908.415908,0.0,0.0,2000.482,0.0,687.609914
2020-08-11 08:00:00,400.0,0.0,19.685338,14.603668,1939.321929,0.0,0.0,2432.03,0.0,747.706211
2020-08-11 09:00:00,400.0,151.620597,20.419098,14.992743,1736.474533,0.0,0.0,2670.94,0.0,813.96982
2020-08-11 10:00:00,400.0,400.0,21.647258,15.0,1471.874664,0.0,0.0,2855.264,0.0,881.3084
2020-08-11 11:00:00,400.0,400.0,22.732362,23.036124,1197.737094,0.0,0.0,2845.88,0.0,946.521436
2020-08-11 12:00:00,400.0,400.0,73.437807,27.553459,1130.164514,0.0,122.519809,2891.4,0.0,1016.735323
2020-08-11 13:00:00,400.0,400.0,23.206766,25.528843,1343.946027,0.0,0.0,2934.886,0.0,1069.940996
2020-08-11 14:00:00,400.0,400.0,23.437807,26.617847,1563.753507,0.0,0.0,2898.89,0.0,1112.570474
2020-08-11 15:00:00,400.0,400.0,23.87513,30.850817,1645.795747,0.0,0.0,2942.38,0.0,1137.837638
2020-08-11 16:00:00,400.0,400.0,23.444698,72.354205,1716.110453,0.0,0.0,2780.148,0.0,1121.105632
2020-08-11 17:00:00,400.0,400.0,23.333922,76.790897,1937.203003,0.0,0.0,2414.968,0.0,1069.46475
2020-08-11 18:00:00,400.0,400.0,25.067686,26.404825,1691.148434,0.0,0.0,1923.125348,32.324652,1016.096537
2020-08-11 19:00:00,400.0,400.0,25.067686,64.693625,1734.083163,0.0,0.0,1847.185601,59.982399,990.015366
2020-08-11 20:00:00,400.0,400.0,24.79347,30.095373,1663.783061,0.0,0.0,1772.308604,249.389396,956.328831
2020-08-11 21:00:00,400.0,400.0,26.204319,23.998854,1180.641096,0.0,0.0,1409.204953,243.613047,867.834579
2020-08-11 22:00:00,400.0,400.0,23.457906,25.886597,1269.169261,0.0,0.0,1982.064,0.0,787.469211
2020-08-11 23:00:00,400.0,400.0,21.905537,25.186681,1444.387271,0.0,0.0,2103.444237,17.557763,719.408545
2020-08-12 00:00:00,400.0,400.0,19.983547,21.474047,1638.987984,0.0,0.0,1993.332,0.0,673.701602
2020-08-12 01:00:00,400.0,400.0,19.983547,20.419098,1613.372843,0.0,0.0,1759.2,0.0,642.424074
2020-08-12 02:00:00,400.0,400.0,19.430296,19.983547,1759.696339,0.0,0.0,1771.64,0.0,622.341549
2020-08-12 03:00:00,400.0,400.0,15.731586,20.419098,2023.537333,0.0,0.0,1980.828,0.0,614.1436
2020-08-12 04:00:00,400.0,400.0,18.463561,21.116411,1944.206667,0.0,0.0,1947.632,0.0,621.0638
2020-08-12 05:00:00,400.0,400.0,18.861019,19.983547,1903.415641,0.0,0.0,1951.202,0.0,627.717954
2020-08-12 06:00:00,400.0,400.0,15.731586,19.685338,2021.731608,0.0,0.0,2276.25,0.0,658.727759
2020-08-12 07:00:00,314.570392,400.0,14.983637,20.419098,2127.829608,0.0,0.0,2717.302,0.0,708.970859
2020-08-12 08:00:00,282.327522,400.0,15.0,22.492854,1948.212209,0.0,0.0,2901.146,0.0,763.490069
2020-08-12 09:00:00,0.0,400.0,14.846707,23.710851,2230.613807,0.0,0.0,3119.293416,105.286584,830.351941
2020-08-12 10:00:00,400.0,400.0,19.430296,27.617442,2334.013983,0.0,0.0,3156.838,0.0,903.723603
2020-08-12 11:00:00,396.0,400.0,15.0,23.79495,2378.835375,0.0,0.0,3151.568776,100.585224,950.51001
2020-08-12 12:00:00,400.0,400.0,17.952139,32.316307,2677.329909,0.0,0.0,3348.6,0.0,1021.240514
2020-08-12 13:00:00,400.0,400.0,18.698405,35.538761,2703.797332,0.0,0.0,3516.416,0.0,1086.6928
2020-08-12 14:00:00,400.0,400.0,20.944367,46.111945,2744.064153,0.0,0.0,3535.66,0.0,1144.589377
2020-08-12 15:00:00,400.0,400.0,21.671251,26.790897,2848.614459,0.0,0.0,3329.416,0.0,1152.420231
2020-08-12 16:00:00,400.0,400.0,22.492854,75.716057,2744.55351,0.0,0.0,2936.418,0.0,1123.779673
2020-08-12 17:00:00,400.0,400.0,23.206766,27.274563,2452.77458,0.0,0.0,2076.086,0.0,1048.546713
2020-08-12 18:00:00,400.0,400.0,26.429316,72.925551,1926.082858,0.0,0.0,1173.638,0.0,995.783271
2020-08-12 19:00:00,400.0,400.0,26.818284,75.799899,1692.756237,0.0,0.0,841.232,0.0,986.321364
2020-08-12 20:00:00,400.0,400.0,26.790897,43.801327,1483.621521,0.0,0.0,846.922,0.0,951.795072
2020-08-12 21:00:00,400.0,400.0,25.9087,26.830556,1580.540687,0.0,0.0,904.502,0.0,871.644197
2020-08-12 22:00:00,400.0,400.0,23.657594,29.989126,1607.820234,0.0,0.0,913.032,0.0,789.316765
2020-08-12 23:00:00,400.0,400.0,23.128644,26.324557,1593.688779,0.0,0.0,845.698,0.0,721.351383
2020-08-13 00:00:00,400.0,400.0,21.843654,23.206766,1963.418389,0.0,0.0,915.568,0.0,676.372442
2020-08-13 01:00:00,400.0,400.0,21.116411,23.069973,2202.85307,0.0,0.0,960.2,0.0,647.152039
2020-08-13 02:00:00,400.0,400.0,19.983547,21.647258,2338.118369,0.0,0.0,973.168,0.0,628.807445
2020-08-13 03:00:00,400.0,400.0,19.983547,21.647258,2345.394004,0.0,0.0,935.362,0.0,622.045199
2020-08-13 04:00:00,400.0,400.0,21.116714,22.576747,2171.698726,0.0,0.0,822.282,0.0,631.137491
2020-08-13 05:00:00,400.0,400.0,21.474047,21.647258,2058.351655,0.0,0.0,771.432,0.0,640.512052
2020-08-13 06:00:00,400.0,400.0,21.116714,20.846138,2156.157459,0.0,0.0,1084.732,0.0,672.836181
2020-08-13 07:00:00,400.0,400.0,21.116411,21.287879,2199.467834,0.0,0.0,1564.72,0.0,738.337825
2020-08-13 08:00:00,400.0,400.0,21.288154,21.843654,2106.825366,0.0,0.0,1938.912,0.0,808.362995
2020-08-13 09:00:00,400.0,400.0,21.288154,23.069973,2084.648102,0.0,0.0,2352.75,0.0,873.765285
2020-08-13 10:00:00,400.0,400.0,21.647258,23.87513,2033.855853,0.0,0.0,2741.98,0.0,939.768622
2020-08-13 11:00:00,400.0,400.0,21.287879,30.848545,2128.72634,0.0,0.0,3061.648,0.0,1008.888249
2020-08-13 12:00:00,400.0,400.0,21.288154,35.538761,2379.866114,0.0,0.0,3226.79,0.0,1073.988583
2020-08-13 13:00:00,400.0,400.0,21.288154,36.435922,2613.370706,0.0,0.0,3286.102,0.0,1123.459694
2020-08-13 14:00:00,400.0,400.0,21.474047,72.790004,2909.482334,0.0,0.0,3308.152,0.0,1158.55045
2020-08-13 15:00:00,400.0,400.0,21.647258,73.57798,3096.404936,0.0,0.0,3296.216,0.0,1169.97166
2020-08-13 16:00:00,400.0,400.0,22.23556,77.274616,3181.630944,0.0,0.0,3214.903035,55.884965,1151.590814
2020-08-13 17:00:00,400.0,400.0,21.843654,27.804249,2789.738262,0.0,0.0,2752.616,0.0,1074.731661
2020-08-13 18:00:00,400.0,400.0,23.069973,46.551608,2495.769564,0.0,0.0,2046.32,0.0,1012.882565
2020-08-13 19:00:00,400.0,400.0,25.067686,36.481358,1985.602893,0.0,0.0,1576.089169,101.748831,985.872941
2020-08-13 20:00:00,400.0,400.0,24.209571,37.360635,2013.5034,0.0,0.0,1731.532678,162.167322,955.504392
2020-08-13 21:00:00,400.0,400.0,22.709794,29.034386,2112.683089,0.0,0.0,1918.022274,151.207726,872.585878
2020-08-13 22:00:00,400.0,400.0,23.20063,26.768496,1449.369308,0.0,0.0,1904.215058,71.294942,795.276862
2020-08-13 23:00:00,400.0,400.0,73.87513,23.948237,733.041974,0.0,218.86063,1473.286,0.0,731.586604
2020-08-14 00:00:00,400.0,400.0,23.128644,23.069973,925.881452,0.0,0.0,1357.064,0.0,685.227382
2020-08-14 01:00:00,400.0,400.0,21.647258,21.647258,1295.719175,0.0,0.0,1536.17,0.0,656.617624
2020-08-14 02:00:00,400.0,400.0,20.419098,19.983547,1506.981305,0.0,0.0,1592.198,0.0,633.332504
2020-08-14 03:00:00,400.0,400.0,19.430296,20.419098,1782.109092,0.0,0.0,1807.754,0.0,624.396736
2020-08-14 04:00:00,400.0,400.0,19.034775,20.400003,1796.823864,0.0,0.0,1876.046,0.0,632.43332
2020-08-14 05:00:00,400.0,400.0,19.983547,19.430296,1653.342043,0.0,0.0,1789.98,0.0,641.045694
2020-08-14 06:00:00,400.0,400.0,19.68943,18.861019,1669.982853,0.0,0.0,2008.94,0.0,671.393572
2020-08-14 07:00:00,400.0,400.0,19.034775,17.537118,1820.830729,0.0,0.0,2550.38,0.0,729.982391
2020-08-14 08:00:00,400.0,400.0,19.68943,17.877399,1676.127716,0.0,0.0,2842.068,0.0,795.441043
2020-08-14 09:00:00,400.0,400.0,21.116411,21.287879,1458.358077,0.0,0.0,3045.65,0.0,858.643788
2020-08-14 10:00:00,400.0,400.0,21.287879,28.746152,1381.151256,0.0,0.0,2981.02,0.0,937.030312
2020-08-14 11:00:00,400.0,400.0,22.576747,24.037586,1635.8248,0.0,0.0,3016.364,0.0,987.38088
2020-08-14 12:00:00,400.0,400.0,22.492854,29.689311,1729.947795,0.0,0.0,2974.454,0.0,1027.875931
2020-08-14 13:00:00,400.0,400.0,23.069973,33.817653,1999.27927,0.0,0.0,2912.81,0.0,1074.079609
2020-08-14 14:00:00,400.0,400.0,23.069973,36.406819,2054.071158,0.0,0.0,2836.9,0.0,1108.624326
2020-08-14 15:00:00,400.0,400.0,23.437807,36.446398,2100.10024,0.0,0.0,2660.852,0.0,1121.512764
2020-08-14 16:00:00,400.0,400.0,23.87513,36.549081,2051.927299,0.0,0.0,2290.5,0.0,1099.585905
2020-08-14 17:00:00,400.0,400.0,23.444698,77.755129,2273.49188,0.0,0.0,1848.12,0.0,1042.444218
2020-08-14 18:00:00,400.0,400.0,25.9087,77.755129,2147.737639,0.0,0.0,1229.23,0.0,977.023854
2020-08-14 19:00:00,400.0,400.0,24.62179,62.096605,2149.184933,0.0,0.0,1135.398,0.0,944.73196
2020-08-14 20:00:00,400.0,400.0,24.880469,39.847028,1983.643549,0.0,0.0,1215.971167,49.926833,915.649143
2020-08-14 21:00:00,400.0,400.0,24.209571,26.403746,1810.143068,0.0,0.0,1226.182605,219.519395,838.940931
2020-08-14 22:00:00,400.0,400.0,24.074771,31.246291,1666.544643,0.0,0.0,1205.521077,200.612923,772.646465
2020-08-14 23:00:00,400.0,400.0,22.709794,24.749386,1522.591131,0.0,0.0,1352.064596,201.705404,701.47102
2020-08-15 00:00:00,400.0,400.0,23.388687,24.08455,1419.177193,0.0,0.0,975.258598,231.741402,660.462211
2020-08-15 01:00:00,400.0,400.0,23.20063,22.709794,1454.654753,0.0,0.0,820.667439,216.802561,631.951903
2020-08-15 02:00:00,400.0,400.0,21.368347,22.517588,1920.860519,0.0,0.0,1114.460877,120.571123,606.090054
2020-08-15 03:00:00,400.0,400.0,21.122752,21.288154,1948.786973,0.0,0.0,1076.039437,15.460563,596.13787
2020-08-15 04:00:00,400.0,400.0,21.116714,21.647258,1789.891698,0.0,0.0,920.498,0.0,596.640945
2020-08-15 05:00:00,400.0,400.0,21.287879,20.419098,1768.997646,0.0,0.0,815.218,0.0,583.983053
2020-08-15 06:00:00,400.0,400.0,19.68943,18.861019,2046.617518,0.0,0.0,1227.72,0.0,604.215372
2020-08-15 07:00:00,400.0,239.505341,18.072542,14.981951,2341.157919,0.0,0.0,1614.95,0.0,618.118812
2020-08-15 08:00:00,400.0,400.0,19.685338,19.034775,2094.573513,0.0,0.0,1882.46,0.0,695.232973
2020-08-15 09:00:00,400.0,400.0,19.430296,19.68943,2127.499001,0.0,0.0,2373.238,0.0,763.91085
2020-08-15 10:00:00,400.0,400.0,19.68943,21.116411,2071.912285,0.0,0.0,2625.33,0.0,810.062657
2020-08-15 11:00:00,400.0,400.0,20.419098,21.843654,1872.538204,0.0,0.0,2730.168,0.0,855.694469
2020-08-15 12:00:00,400.0,400.0,21.647258,23.128644,1676.075102,0.0,0.0,2746.332,0.0,887.588535
2020-08-15 13:00:00,400.0,400.0,20.846138,25.244951,1866.946391,0.0,0.0,2663.862,0.0,923.087341
2020-08-15 14:00:00,400.0,400.0,21.116714,27.934124,2293.054014,0.0,0.0,2556.562,0.0,951.826198
2020-08-15 15:00:00,400.0,400.0,22.492854,26.256647,2171.004244,0.0,0.0,2325.468,0.0,963.219563
2020-08-15 16:00:00,400.0,400.0,23.128644,28.278513,1866.519194,0.0,0.0,1983.052,0.0,960.829921
2020-08-15 17:00:00,400.0,400.0,23.206766,64.909492,1826.283876,0.0,0.0,1507.402,0.0,913.667719
2020-08-15 18:00:00,400.0,400.0,25.9087,75.282318,1570.922571,0.0,0.0,790.228,0.0,866.595814
2020-08-15 19:00:00,400.0,400.0,26.404825,70.56488,1483.287203,0.0,0.0,598.802,0.0,848.62722
2020-08-15 20:00:00,400.0,400.0,26.429316,28.918667,1321.491635,0.0,0.0,569.6,0.0,827.266255
2020-08-15 21:00:00,400.0,400.0,24.617414,26.755559,1578.431233,0.0,0.0,443.602,0.0,769.825615
2020-08-15 22:00:00,400.0,400.0,23.437807,28.132803,1533.74724,0.0,0.0,409.268,0.0,718.128114
2020-08-15 23:00:00,400.0,400.0,25.9087,23.657594,861.122808,0.0,0.0,424.818,0.0,668.339279
2020-08-16 00:00:00,400.0,400.0,23.444698,23.128644,1086.184012,0.0,0.0,449.48,0.0,631.544398
2020-08-16 01:00:00,400.0,400.0,23.069973,23.069973,1304.001724,0.0,0.0,501.034,0.0,606.604841
2020-08-16 02:00:00,400.0,400.0,22.576747,22.732362,1456.586475,0.0,0.0,521.4,0.0,586.772029
2020-08-16 03:00:00,400.0,400.0,22.492854,22.732362,1560.772486,0.0,0.0,555.4,0.0,576.244127
2020-08-16 04:00:00,400.0,400.0,21.843654,22.576747,1598.747193,0.0,0.0,571.932,0.0,573.027721
2020-08-16 05:00:00,400.0,400.0,21.288154,21.116714,1723.410578,0.0,0.0,598.87,0.0,558.368913
2020-08-16 06:00:00,400.0,400.0,19.68943,19.034775,2056.220681,0.0,0.0,982.53,0.0,565.996398
2020-08-16 07:00:00,400.0,400.0,19.034775,15.717788,2199.42583,0.0,0.0,1344.43,0.0,598.800625
2020-08-16 08:00:00,400.0,400.0,19.034775,18.072542,2187.529883,0.0,0.0,1661.2,0.0,648.100518
2020-08-16 09:00:00,400.0,400.0,19.685338,19.034775,2110.546381,0.0,0.0,1971.93,0.0,706.257543
2020-08-16 10:00:00,400.0,400.0,19.430296,20.400003,2135.518857,0.0,0.0,2386.814,0.0,764.744271
2020-08-16 11:00:00,400.0,400.0,20.400003,21.647258,1960.336258,0.0,0.0,2580.61,0.0,820.091061
2020-08-16 12:00:00,400.0,400.0,21.474047,22.96816,1710.301164,0.0,0.0,2629.49,0.0,864.928325
2020-08-16 13:00:00,400.0,400.0,21.843654,25.184268,1598.468938,0.0,0.0,2604.138,0.0,903.400359
2020-08-16 14:00:00,400.0,400.0,22.516066,26.437988,1711.845818,0.0,0.0,2526.78,0.0,928.040127
2020-08-16 15:00:00,400.0,400.0,22.732362,27.827333,1773.351628,0.0,0.0,2365.348,0.0,947.849456
2020-08-16 16:00:00,400.0,400.0,23.206766,26.429316,1742.910296,0.0,0.0,1983.496,0.0,948.387856
2020-08-16 17:00:00,400.0,400.0,23.437807,56.986874,1745.672227,0.0,0.0,1529.832,0.0,922.073966
2020-08-16 18:00:00,400.0,400.0,26.404825,73.998992,1472.711302,0.0,0.0,844.116,0.0,888.660705
2020-08-16 19:00:00,400.0,400.0,26.429316,77.274563,1431.09888,0.0,0.0,616.97,0.0,879.580668
2020-08-16 20:00:00,400.0,400.0,26.845129,35.399225,1190.623582,0.0,0.0,442.252,0.0,860.794263
2020-08-16 21:00:00,400.0,400.0,26.429316,26.755559,1332.014232,0.0,0.0,283.984,0.0,791.095465
2020-08-16 22:00:00,400.0,400.0,26.429316,28.217209,1024.441555,0.0,0.0,247.032,0.0,725.188567
2020-08-16 23:00:00,400.0,400.0,23.437807,26.639649,1375.933447,0.0,0.0,253.066,0.0,673.369883
2020-08-17 00:00:00,400.0,400.0,23.657594,23.206766,1238.542281,0.0,0.0,250.934,0.0,638.893758
2020-08-17 01:00:00,400.0,400.0,23.206766,23.069973,1370.694166,0.0,0.0,276.2,0.0,616.125875
2020-08-17 02:00:00,400.0,400.0,23.069973,22.732362,1467.583843,0.0,0.0,280.5,0.0,602.237424
2020-08-17 03:00:00,400.0,400.0,23.069973,23.069973,1497.586086,0.0,0.0,265.932,0.0,595.551887
2020-08-17 04:00:00,400.0,400.0,23.069973,23.437807,1467.129117,0.0,0.0,290.35,0.0,603.783132
2020-08-17 05:00:00,400.0,400.0,23.206766,22.96816,1361.936035,0.0,0.0,274.616,0.0,617.201995
2020-08-17 06:00:00,400.0,400.0,22.732362,21.474047,1570.56182,0.0,0.0,683.938,0.0,647.306427
2020-08-17 07:00:00,400.0,400.0,21.843654,21.288154,1772.615309,0.0,0.0,1287.446,0.0,707.524604
2020-08-17 08:00:00,400.0,400.0,21.474047,20.419098,1888.591826,0.0,0.0,1625.468,0.0,740.831426
2020-08-17 09:00:00,400.0,400.0,21.843654,21.647258,1769.328577,0.0,0.0,1955.252,0.0,808.188513
2020-08-17 10:00:00,400.0,400.0,22.185841,22.732362,1757.646145,0.0,0.0,2446.962,0.0,883.697378
2020-08-17 11:00:00,400.0,400.0,22.732362,23.437807,1567.466349,0.0,0.0,2601.632,0.0,935.424848
2020-08-17 12:00:00,400.0,400.0,22.732362,27.664038,1628.163689,0.0,0.0,2618.866,0.0,979.905347
2020-08-17 13:00:00,400.0,400.0,22.576747,26.962072,2002.506887,0.0,0.0,2691.888,0.0,1015.707167
2020-08-17 14:00:00,400.0,400.0,23.069973,31.937959,1963.599206,0.0,0.0,2659.364,0.0,1047.714719
2020-08-17 15:00:00,400.0,400.0,23.444698,31.870205,1734.992901,0.0,0.0,2446.4,0.0,1058.311065
2020-08-17 16:00:00,400.0,400.0,24.617414,31.746021,1639.101182,0.0,0.0,2130.31,0.0,1033.531323
2020-08-17 17:00:00,400.0,400.0,24.617414,77.128505,1713.945037,0.0,0.0,1579.262,0.0,967.697544
2020-08-17 18:00:00,400.0,400.0,26.429316,77.050889,1496.729486,0.0,0.0,869.598,0.0,919.480277
2020-08-17 19:00:00,400.0,400.0,26.755559,56.764111,1332.17454,0.0,0.0,712.988,0.0,896.672019
2020-08-17 20:00:00,400.0,400.0,26.845129,31.005626,1118.970294,0.0,0.0,618.98,0.0,873.301456
2020-08-17 21:00:00,400.0,400.0,26.429316,26.324557,1341.58577,0.0,0.0,378.488,0.0,795.585335
2020-08-17 22:00:00,400.0,400.0,76.790897,27.241342,769.368049,0.0,155.063744,385.98,0.0,729.526793
2020-08-17 23:00:00,400.0,400.0,25.9087,23.87513,1086.500602,0.0,0.0,374.902,0.0,673.56021
2020-08-18 00:00:00,400.0,400.0,23.128644,23.128644,1429.503686,0.0,0.0,467.3,0.0,635.969447
2020-08-18 01:00:00,400.0,400.0,22.516066,21.647258,1702.526217,0.0,0.0,577.252,0.0,611.508867
2020-08-18 02:00:00,400.0,400.0,21.287879,19.983547,1960.720326,0.0,0.0,705.748,0.0,592.054151
2020-08-18 03:00:00,400.0,400.0,15.731586,19.685338,2603.785296,0.0,0.0,1315.948,0.0,587.124406
2020-08-18 04:00:00,398.0,400.0,14.981951,19.034775,2619.0,0.0,0.0,1391.994707,9.623293,596.249206
2020-08-18 05:00:00,323.042813,306.966648,14.981951,14.979622,2682.357187,0.0,0.0,1534.498,0.0,608.121122
2020-08-18 06:00:00,173.431098,84.4,14.9805,-0.0,2824.968902,0.0,0.0,1883.516,0.0,639.082065
2020-08-18 07:00:00,169.734855,0.0,14.9805,13.484079,2820.665145,0.0,0.0,2166.182,0.0,682.127528
2020-08-18 08:00:00,273.217772,277.500596,14.9805,15.916593,2712.182228,0.0,0.0,2360.4,0.0,727.532666
2020-08-18 09:00:00,315.051827,290.807316,14.9805,17.407074,2671.348173,0.0,0.0,2604.572,0.0,770.283574
2020-08-18 10:00:00,400.0,400.0,18.861019,20.400003,2407.278919,0.0,0.0,2658.836,0.0,818.033562
2020-08-18 11:00:00,400.0,400.0,19.430296,21.647258,2329.045351,0.0,0.0,2858.32,0.0,859.691197
2020-08-18 12:00:00,400.0,400.0,20.400003,22.732362,2131.895,0.0,0.0,2940.34,0.0,901.56675
2020-08-18 13:00:00,400.0,400.0,18.698405,23.64357,2136.246009,0.0,0.0,3047.534,0.0,942.493199
2020-08-18 14:00:00,400.0,400.0,21.418272,26.494359,2067.361934,0.0,0.0,3002.384,0.0,973.80331
2020-08-18 15:00:00,400.0,400.0,22.185841,25.42804,1948.296222,0.0,0.0,2852.63,0.0,994.700067
2020-08-18 16:00:00,400.0,400.0,22.492854,30.588172,1994.677552,0.0,0.0,2523.55,0.0,991.630867
2020-08-18 17:00:00,400.0,400.0,22.96816,76.727948,1995.476058,0.0,0.0,1908.866,0.0,946.258491
2020-08-18 18:00:00,400.0,400.0,24.62179,72.666548,1652.758798,0.0,0.0,1173.688,0.0,907.18938
2020-08-18 19:00:00,400.0,400.0,24.617414,63.149154,1717.759961,0.0,0.0,1163.682,0.0,889.938306
2020-08-18 20:00:00,400.0,400.0,23.809474,26.324557,2011.510347,0.0,0.0,1544.73,0.0,870.032948
2020-08-18 21:00:00,400.0,400.0,23.462192,26.248164,1630.134182,0.0,0.0,1353.102432,159.481568,791.995237
2020-08-18 22:00:00,400.0,400.0,23.20063,26.081646,1381.176976,0.0,0.0,1361.160088,181.619912,724.047467
2020-08-18 23:00:00,400.0,400.0,23.20063,26.336245,1316.396297,0.0,0.0,1235.081971,183.750029,668.337851
2020-08-19 00:00:00,400.0,400.0,22.709794,22.905772,1447.879916,0.0,0.0,1158.306647,180.573353,630.36401
2020-08-19 01:00:00,400.0,400.0,22.517588,21.288154,1496.460489,0.0,0.0,1043.006359,112.363641,605.78188
2020-08-19 02:00:00,400.0,400.0,22.656017,21.474047,1486.092765,0.0,0.0,918.536854,18.793146,588.666613
2020-08-19 03:00:00,400.0,400.0,21.843654,21.288154,1423.023193,0.0,0.0,829.47,0.0,584.767021
2020-08-19 04:00:00,400.0,400.0,22.516066,21.647258,1344.47279,0.0,0.0,791.678,0.0,590.880781
2020-08-19 05:00:00,400.0,400.0,23.128644,21.116411,1186.937653,0.0,0.0,726.388,0.0,604.717552
2020-08-19 06:00:00,400.0,400.0,22.96816,19.685338,1300.833449,0.0,0.0,1057.4,0.0,637.284983
2020-08-19 07:00:00,400.0,400.0,21.474047,18.861019,1527.734223,0.0,0.0,1587.138,0.0,682.710567
2020-08-19 08:00:00,400.0,400.0,21.287879,19.68943,1564.733872,0.0,0.0,1977.648,0.0,735.737119
2020-08-19 09:00:00,400.0,400.0,21.843654,19.983547,1425.859743,0.0,0.0,2183.268,0.0,787.411239
2020-08-19 10:00:00,400.0,400.0,21.647258,21.647258,1473.351276,0.0,0.0,2586.83,0.0,840.821809
2020-08-19 11:00:00,400.0,400.0,21.647258,17.05425,1439.562806,0.0,0.0,2834.834,0.0,883.090679
2020-08-19 12:00:00,400.0,400.0,21.287879,27.241493,1579.907963,0.0,0.0,2928.532,0.0,927.093606
2020-08-19 13:00:00,400.0,400.0,22.576747,22.96816,1684.557044,0.0,0.0,2918.602,0.0,965.406743
2020-08-19 14:00:00,400.0,400.0,22.185841,28.097159,1760.397399,0.0,0.0,2851.312,0.0,994.93719
2020-08-19 15:00:00,400.0,400.0,22.96816,26.026556,1915.604358,0.0,0.0,2556.612,0.0,1008.451146
2020-08-19 16:00:00,400.0,400.0,23.206766,31.988081,1817.353391,0.0,0.0,2186.596,0.0,1002.036391
2020-08-19 17:00:00,400.0,400.0,23.444698,74.094029,1770.43649,0.0,0.0,1604.27,0.0,950.825027
2020-08-19 18:00:00,400.0,400.0,26.429316,77.050889,1435.030588,0.0,0.0,760.23,0.0,904.529912
2020-08-19 19:00:00,400.0,400.0,26.790897,59.798587,1257.375861,0.0,0.0,545.43,0.0,882.758121
2020-08-19 20:00:00,400.0,400.0,26.845129,27.684074,1104.259587,0.0,0.0,566.262,0.0,859.350362
2020-08-19 21:00:00,400.0,400.0,26.429316,27.428322,1164.649325,0.0,0.0,505.41,0.0,787.914101
2020-08-19 22:00:00,400.0,400.0,76.429316,27.286933,837.882019,0.0,76.516078,438.096,0.0,720.332097
2020-08-19 23:00:00,400.0,400.0,76.429316,24.49605,762.713265,0.0,83.917445,307.638,0.0,665.52371
2020-08-20 00:00:00,400.0,400.0,23.657594,22.972766,1133.05057,0.0,0.0,467.568,0.0,627.227614
2020-08-20 01:00:00,400.0,400.0,23.069973,20.547985,1389.82198,0.0,0.0,548.0,0.0,600.776703
2020-08-20 02:00:00,400.0,400.0,22.732362,19.983547,1482.81243,0.0,0.0,535.762,0.0,584.992436
2020-08-20 03:00:00,400.0,400.0,22.492854,21.122752,1624.164221,0.0,0.0,626.366,0.0,577.380267
2020-08-20 04:00:00,400.0,400.0,21.647258,21.708134,1700.509214,0.0,0.0,743.204,0.0,583.454218
2020-08-20 05:00:00,400.0,400.0,22.576747,19.68943,1559.039564,0.0,0.0,683.262,0.0,595.683365
2020-08-20 06:00:00,400.0,86.4,21.843654,-0.0,1671.883377,0.0,0.0,999.852,0.0,626.245293
2020-08-20 07:00:00,400.0,84.4,21.116411,-0.0,1894.74274,0.0,0.0,1547.454,0.0,674.956689
2020-08-20 08:00:00,400.0,19.026598,20.400003,14.99671,2002.526432,0.0,0.0,2005.322,0.0,727.469335
2020-08-20 09:00:00,400.0,80.391378,19.68943,15.0,2140.051476,0.0,0.0,2468.132,0.0,776.262079
2020-08-20 10:00:00,400.0,400.0,20.400003,19.430296,2009.676503,0.0,0.0,2697.918,0.0,830.286225
2020-08-20 11:00:00,400.0,400.0,21.287879,21.474047,1813.228886,0.0,0.0,2810.718,0.0,876.673367
2020-08-20 12:00:00,400.0,400.0,22.492854,23.632274,1613.83574,0.0,0.0,2884.45,0.0,917.642139
2020-08-20 13:00:00,400.0,400.0,21.647258,26.797891,1742.029868,0.0,0.0,2915.632,0.0,954.09032
2020-08-20 14:00:00,400.0,400.0,21.474047,26.947251,2054.240164,0.0,0.0,2891.332,0.0,984.613775
2020-08-20 15:00:00,400.0,400.0,22.492854,25.9087,2104.067461,0.0,0.0,2690.054,0.0,1000.197981
2020-08-20 16:00:00,400.0,400.0,23.128644,29.106478,1872.263002,0.0,0.0,2215.198,0.0,991.49025
2020-08-20 17:00:00,400.0,400.0,23.206766,77.128505,1775.642138,0.0,0.0,1651.35,0.0,939.706179
2020-08-20 18:00:00,400.0,400.0,26.429316,73.998992,1443.690378,0.0,0.0,889.14,0.0,893.617443
2020-08-20 19:00:00,400.0,400.0,26.404825,59.799219,1441.559684,0.0,0.0,793.416,0.0,867.578447
2020-08-20 20:00:00,400.0,400.0,25.9087,27.686433,1456.9427,0.0,0.0,780.864,0.0,838.638195
2020-08-20 21:00:00,400.0,400.0,24.62179,27.140858,1126.682852,0.0,0.0,637.902,0.0,760.232872
2020-08-20 22:00:00,400.0,400.0,23.069973,28.132803,1550.666412,0.0,0.0,618.948,0.0,693.792238
2020-08-20 23:00:00,400.0,400.0,23.437807,23.87513,1132.173184,0.0,0.0,493.15,0.0,637.931522
2020-08-21 00:00:00,400.0,400.0,23.069973,23.206766,1304.002926,0.0,0.0,443.384,0.0,597.957161
2020-08-21 01:00:00,400.0,400.0,22.732362,23.069973,1419.768928,0.0,0.0,404.3,0.0,574.729661
2020-08-21 02:00:00,400.0,400.0,22.516066,22.732362,1512.888874,0.0,0.0,401.2,0.0,560.296669
2020-08-21 03:00:00,400.0,400.0,21.647258,23.069973,1647.317726,0.0,0.0,505.532,0.0,555.782141
2020-08-21 04:00:00,400.0,400.0,21.647258,23.128644,1665.695129,0.0,0.0,567.898,0.0,562.380431
2020-08-21 05:00:00,400.0,400.0,22.492854,22.96816,1555.775274,0.0,0.0,529.918,0.0,573.171409
2020-08-21 06:00:00,400.0,400.0,21.843654,21.288154,1586.51065,0.0,0.0,759.882,0.0,603.055703
2020-08-21 07:00:00,400.0,400.0,20.846138,19.983547,1852.567061,0.0,0.0,1285.918,0.0,642.052641
2020-08-21 08:00:00,400.0,400.0,19.983547,19.68943,1967.627179,0.0,0.0,1760.728,0.0,696.015123
2020-08-21 09:00:00,400.0,400.0,19.68943,19.68943,2087.453919,0.0,0.0,2204.12,0.0,744.549912
2020-08-21 10:00:00,400.0,400.0,19.68943,20.419098,2082.857163,0.0,0.0,2542.248,0.0,795.958626
2020-08-21 11:00:00,400.0,400.0,19.983547,21.843654,1962.601145,0.0,0.0,2751.034,0.0,845.314928
2020-08-21 12:00:00,400.0,400.0,21.287879,23.128644,1763.643033,0.0,0.0,2782.168,0.0,905.328745
2020-08-21 13:00:00,400.0,400.0,19.983547,27.563196,2151.344312,0.0,0.0,2778.604,0.0,950.888953
2020-08-21 14:00:00,400.0,400.0,21.647258,25.5508,2308.272046,0.0,0.0,2673.436,0.0,994.824593
2020-08-21 15:00:00,400.0,400.0,22.732362,28.915502,2005.436589,0.0,0.0,2498.318,0.0,1013.982212
2020-08-21 16:00:00,400.0,400.0,23.437807,33.958122,1742.65554,0.0,0.0,2107.852,0.0,1008.029469
2020-08-21 17:00:00,400.0,400.0,23.87513,77.050889,1763.324059,0.0,0.0,1558.198,0.0,956.681091
2020-08-21 18:00:00,400.0,400.0,26.755559,76.892495,1365.678836,0.0,0.0,821.92,0.0,912.486175
2020-08-21 19:00:00,400.0,400.0,26.429316,53.940536,1360.496911,0.0,0.0,697.814,0.0,873.647563
2020-08-21 20:00:00,400.0,400.0,26.429316,26.926621,1243.568285,0.0,0.0,623.622,0.0,847.058057
2020-08-21 21:00:00,400.0,400.0,23.657594,27.619819,1671.635796,0.0,0.0,578.8,0.0,776.124631
2020-08-21 22:00:00,400.0,400.0,22.96816,27.517766,1974.507302,0.0,0.0,458.75,0.0,712.686405
2020-08-21 23:00:00,400.0,400.0,22.732362,28.051306,1850.180476,0.0,0.0,330.53,0.0,658.852429
2020-08-22 00:00:00,400.0,400.0,21.647258,22.576747,2154.415322,0.0,0.0,373.882,0.0,619.720002
2020-08-22 01:00:00,400.0,400.0,22.185841,22.516066,1943.997074,0.0,0.0,333.068,0.0,591.910639
2020-08-22 02:00:00,400.0,400.0,21.647258,22.492854,2029.306843,0.0,0.0,302.666,0.0,574.553874
2020-08-22 03:00:00,400.0,400.0,21.288154,22.185841,2110.9857,0.0,0.0,308.298,0.0,563.146845
2020-08-22 04:00:00,400.0,400.0,21.287879,22.185841,2118.959612,0.0,0.0,304.59,0.0,561.394558
2020-08-22 05:00:00,400.0,400.0,21.116714,20.400003,2165.769415,0.0,0.0,296.732,0.0,553.194388
2020-08-22 06:00:00,400.0,400.0,19.68943,14.982507,2422.741594,0.0,0.0,651.346,0.0,567.840661
2020-08-22 07:00:00,400.0,139.463208,15.731586,14.982507,2811.354287,0.0,0.0,1292.98,0.0,605.793857
2020-08-22 08:00:00,289.643837,198.5493,14.982507,14.982507,2920.756163,0.0,0.0,1823.132,0.0,668.906376
2020-08-22 09:00:00,398.0,400.0,14.982507,14.982507,2822.0,0.0,0.0,2147.222866,11.345134,732.33343
2020-08-22 10:00:00,400.0,400.0,16.970947,18.861019,2762.658596,0.0,0.0,2477.188,0.0,790.729411
2020-08-22 11:00:00,400.0,400.0,18.861019,20.419098,2620.016285,0.0,0.0,2702.23,0.0,845.882057
2020-08-22 12:00:00,400.0,400.0,19.983547,21.647258,2378.503542,0.0,0.0,2755.27,0.0,890.064969
2020-08-22 13:00:00,400.0,400.0,21.474047,23.069973,2074.008071,0.0,0.0,2710.63,0.0,929.043289
2020-08-22 14:00:00,400.0,400.0,22.96816,23.87513,1740.063744,0.0,0.0,2598.822,0.0,962.363738
2020-08-22 15:00:00,400.0,400.0,22.96816,28.255789,1730.002264,0.0,0.0,2369.128,0.0,980.41886
2020-08-22 16:00:00,400.0,400.0,23.206766,31.594066,1777.858071,0.0,0.0,2036.02,0.0,978.774289
2020-08-22 17:00:00,400.0,400.0,23.657594,77.050889,1686.149851,0.0,0.0,1568.148,0.0,941.849722
2020-08-22 18:00:00,400.0,400.0,26.429316,73.970573,1363.488122,0.0,0.0,852.098,0.0,900.091482
2020-08-22 19:00:00,400.0,400.0,26.429316,57.272087,1347.472324,0.0,0.0,725.068,0.0,871.439351
2020-08-22 20:00:00,400.0,400.0,26.429316,26.790897,1320.815295,0.0,0.0,680.28,0.0,843.969706
2020-08-22 21:00:00,400.0,400.0,24.617414,27.619819,1423.761476,0.0,0.0,673.09,0.0,774.199279
2020-08-22 22:00:00,400.0,400.0,23.206766,26.429316,1596.159679,0.0,0.0,478.068,0.0,719.086248
2020-08-22 23:00:00,400.0,400.0,24.617414,29.573699,1133.881873,0.0,0.0,366.46,0.0,671.921719
2020-08-23 00:00:00,400.0,400.0,23.437807,23.87513,1296.403099,0.0,0.0,325.818,0.0,634.712235
2020-08-23 01:00:00,400.0,400.0,23.069973,23.206766,1497.877377,0.0,0.0,333.48,0.0,605.640393
2020-08-23 02:00:00,400.0,400.0,22.732362,23.069973,1610.828,0.0,0.0,320.138,0.0,586.6965
2020-08-23 03:00:00,400.0,400.0,22.492854,22.732362,1727.619632,0.0,0.0,337.098,0.0,571.721755
2020-08-23 04:00:00,400.0,400.0,22.185841,22.732362,1755.17396,0.0,0.0,335.132,0.0,567.293706
2020-08-23 05:00:00,400.0,400.0,21.647258,20.846138,1850.135552,0.0,0.0,321.938,0.0,551.070367
2020-08-23 06:00:00,400.0,400.0,19.983547,18.463561,2185.12726,0.0,0.0,723.432,0.0,561.045711
2020-08-23 07:00:00,400.0,319.766721,15.731586,14.982507,2579.12274,0.0,0.0,1319.198,0.0,591.311289
2020-08-23 08:00:00,400.0,242.826911,15.731586,14.982507,2607.415475,0.0,0.0,1697.112,0.0,643.754479
2020-08-23 09:00:00,400.0,298.228166,15.731586,14.982507,2611.143905,0.0,0.0,2068.32,0.0,698.876414
2020-08-23 10:00:00,314.159394,378.260771,14.982507,15.0,2705.240606,0.0,0.0,2576.752,0.0,761.026709
2020-08-23 11:00:00,396.0,400.0,15.0,18.312372,2537.200108,0.0,0.0,2789.228461,55.767539,818.104253
2020-08-23 12:00:00,376.155275,400.0,15.0,21.507541,2307.197734,0.0,0.0,2903.368,0.0,869.72554
2020-08-23 13:00:00,400.0,400.0,20.152155,23.128644,1949.903678,0.0,0.0,2856.666,0.0,916.314348
2020-08-23 14:00:00,400.0,400.0,19.207903,26.174771,1922.403273,0.0,0.0,2746.002,0.0,954.839809
2020-08-23 15:00:00,400.0,400.0,22.492854,28.079287,2105.609242,0.0,0.0,2520.718,0.0,974.566314
2020-08-23 16:00:00,400.0,400.0,23.069973,31.746021,1967.056115,0.0,0.0,2172.18,0.0,977.418583
2020-08-23 17:00:00,400.0,400.0,23.437807,77.128505,1834.53448,0.0,0.0,1610.0,0.0,943.569828
2020-08-23 18:00:00,400.0,400.0,26.429316,77.128505,1485.219476,0.0,0.0,829.362,0.0,911.121379
2020-08-23 19:00:00,400.0,400.0,26.500239,56.764111,1337.322959,0.0,0.0,703.784,0.0,886.269156
2020-08-23 20:00:00,400.0,400.0,26.429316,28.757874,1279.058759,0.0,0.0,693.388,0.0,860.449386
2020-08-23 21:00:00,400.0,400.0,23.87513,26.419805,1627.751227,0.0,0.0,640.68,0.0,791.989316
2020-08-23 22:00:00,400.0,400.0,23.444698,28.228021,1327.247476,0.0,0.0,592.246,0.0,723.299779
2020-08-23 23:00:00,400.0,400.0,23.437807,26.148087,1300.552573,0.0,0.0,522.0,0.0,670.252114
2020-08-24 00:00:00,400.0,400.0,22.96816,22.576747,1547.948574,0.0,0.0,552.562,0.0,630.992014
2020-08-24 01:00:00,400.0,400.0,22.516066,22.492854,1720.397885,0.0,0.0,575.702,0.0,608.595617
2020-08-24 02:00:00,400.0,400.0,21.647258,21.843654,1856.76891,0.0,0.0,589.362,0.0,590.188963
2020-08-24 03:00:00,400.0,400.0,21.287879,21.647258,1961.123211,0.0,0.0,630.938,0.0,580.772218
2020-08-24 04:00:00,400.0,400.0,21.288154,21.474047,1912.85579,0.0,0.0,659.498,0.0,592.296332
2020-08-24 05:00:00,400.0,400.0,22.492854,21.288154,1727.808832,0.0,0.0,538.738,0.0,601.939375
2020-08-24 06:00:00,400.0,400.0,22.516066,20.419098,1691.437013,0.0,0.0,731.346,0.0,636.286348
2020-08-24 07:00:00,400.0,400.0,21.288154,19.983547,1926.766743,0.0,0.0,1324.996,0.0,690.034389
2020-08-24 08:00:00,400.0,400.0,19.983547,19.983547,2151.570277,0.0,0.0,1958.85,0.0,751.391958
2020-08-24 09:00:00,400.0,400.0,20.400003,21.116714,2132.090772,0.0,0.0,2395.032,0.0,819.741184
2020-08-24 10:00:00,400.0,400.0,21.116714,22.576747,1985.494102,0.0,0.0,2709.284,0.0,888.868485
2020-08-24 11:00:00,400.0,400.0,21.647258,23.437807,1821.979836,0.0,0.0,2835.912,0.0,957.889825
2020-08-24 12:00:00,400.0,400.0,22.732362,28.485848,1774.792675,0.0,0.0,2878.29,0.0,1024.574599
2020-08-24 13:00:00,400.0,400.0,23.069973,27.403981,1875.506475,0.0,0.0,2922.746,0.0,1075.985929
2020-08-24 14:00:00,400.0,400.0,23.128644,33.803518,1936.02389,0.0,0.0,2944.79,0.0,1114.464916
2020-08-24 15:00:00,400.0,400.0,23.437807,58.73874,1884.182512,0.0,0.0,2717.048,0.0,1127.679823
2020-08-24 16:00:00,400.0,400.0,24.617414,76.845129,2007.946033,0.0,0.0,2362.852,0.0,1113.435895
2020-08-24 17:00:00,400.0,400.0,24.617414,77.050889,2101.475518,0.0,0.0,1889.15,0.0,1047.701172
2020-08-24 18:00:00,400.0,400.0,26.790897,36.523235,1422.546784,0.0,0.0,1115.2,0.0,984.697982
2020-08-24 19:00:00,400.0,400.0,26.429316,33.509041,1438.123602,0.0,0.0,1194.602,0.0,938.92176
2020-08-24 20:00:00,400.0,400.0,76.755559,23.206766,896.289916,0.0,265.791697,1356.414,0.0,902.568613
2020-08-24 21:00:00,400.0,400.0,74.617414,26.154148,963.155026,0.0,98.04522,1539.03,0.0,820.166246
2020-08-24 22:00:00,400.0,400.0,23.206766,25.423459,1005.912446,0.0,0.0,1475.472,0.0,744.233933
2020-08-24 23:00:00,400.0,400.0,24.08455,25.406462,1016.403631,0.0,0.0,1445.668817,72.803183,684.939778
2020-08-25 00:00:00,400.0,400.0,22.576747,22.516066,1187.700116,0.0,0.0,1358.118,0.0,646.112683
2020-08-25 01:00:00,400.0,400.0,75.758899,22.516066,617.216794,0.0,180.212087,615.936,0.0,620.357881
2020-08-25 02:00:00,400.0,400.0,76.324557,19.983547,496.946563,0.0,271.062753,387.782,0.0,604.175316
2020-08-25 03:00:00,400.0,400.0,76.324557,19.685338,503.722464,0.0,252.295666,339.05,0.0,595.84913
2020-08-25 04:00:00,400.0,400.0,75.9087,18.461554,560.783397,0.0,216.288293,479.748,0.0,608.39469
2020-08-25 05:00:00,400.0,78.568673,74.617414,14.975624,680.198239,0.0,121.699425,692.636,0.0,622.415664
2020-08-25 06:00:00,400.0,85.4,23.128644,0.0,921.851996,0.0,0.0,1166.2,0.0,657.202201
2020-08-25 07:00:00,400.0,86.4,20.846138,0.0,1538.737352,0.0,0.0,2049.134,0.0,697.109497
2020-08-25 08:00:00,400.0,99.925747,18.861019,14.979622,1915.318847,0.0,0.0,2783.972,0.0,750.847973
2020-08-25 09:00:00,400.0,270.883595,19.034775,14.992378,1853.376226,0.0,0.0,3146.752,0.0,814.556366
2020-08-25 10:00:00,400.0,400.0,15.822554,20.400003,1976.675321,0.0,0.0,3576.718,0.0,860.556402
2020-08-25 11:00:00,0.0,400.0,12.586608,22.259342,2148.213257,0.0,0.0,4087.207602,118.330398,936.899152
2020-08-25 12:00:00,0.0,400.0,13.303028,27.999952,2226.109635,0.0,0.0,4341.792624,304.523376,1016.652448
2020-08-25 13:00:00,0.0,400.0,13.624314,25.544758,2325.284517,0.0,0.0,4312.860311,180.889689,1076.186369
2020-08-25 14:00:00,277.958618,400.0,15.0,25.521294,2339.155872,0.0,0.0,4069.27,0.0,1118.567119
2020-08-25 15:00:00,400.0,400.0,21.172515,25.300507,2153.434081,0.0,0.0,3848.448,0.0,1141.052088
2020-08-25 16:00:00,400.0,400.0,23.128644,24.749386,1818.809227,0.0,0.0,3381.82,0.0,1121.251616
2020-08-25 17:00:00,400.0,400.0,23.855474,72.612806,1834.539135,0.0,0.0,2706.45,0.0,1054.18663
2020-08-25 18:00:00,400.0,400.0,25.067686,76.504181,1813.439339,0.0,0.0,2057.107238,84.332762,1013.050185
2020-08-25 19:00:00,400.0,400.0,24.08455,64.948295,2150.175039,0.0,0.0,2246.543026,81.818974,983.755198
2020-08-25 20:00:00,400.0,400.0,22.709794,25.9087,2083.682529,0.0,0.0,2475.950849,33.647151,945.640248
2020-08-25 21:00:00,400.0,400.0,20.419098,28.391775,2262.750112,0.0,0.0,2455.25,0.0,862.424983
2020-08-25 22:00:00,400.0,400.0,22.732362,22.96816,1216.977609,0.0,0.0,1966.13,0.0,786.172859
2020-08-25 23:00:00,400.0,400.0,21.647258,26.067592,1453.618379,0.0,0.0,1763.866,0.0,720.337143
2020-08-26 00:00:00,400.0,400.0,21.647258,23.069973,1486.37982,0.0,0.0,1496.964,0.0,675.387627
2020-08-26 01:00:00,400.0,400.0,21.116411,23.437807,1632.039074,0.0,0.0,1443.832,0.0,645.568939
2020-08-26 02:00:00,400.0,400.0,20.400003,23.128644,1762.77992,0.0,0.0,1463.302,0.0,628.878312
2020-08-26 03:00:00,400.0,400.0,21.287879,23.069973,1568.988041,0.0,0.0,1210.798,0.0,620.071494
2020-08-26 04:00:00,400.0,400.0,21.843654,23.069973,1402.948172,0.0,0.0,1097.6,0.0,627.997774
2020-08-26 05:00:00,400.0,400.0,22.516066,21.647258,1325.935284,0.0,0.0,1099.75,0.0,639.872207
2020-08-26 06:00:00,400.0,400.0,21.116714,19.685338,1601.942719,0.0,0.0,1620.388,0.0,676.566792
2020-08-26 07:00:00,400.0,400.0,19.983547,19.034775,1816.283881,0.0,0.0,2193.954,0.0,730.450518
2020-08-26 08:00:00,400.0,400.0,19.430296,22.492854,1964.403821,0.0,0.0,2792.938,0.0,798.080127
2020-08-26 09:00:00,400.0,400.0,19.684565,23.362778,1926.624513,0.0,0.0,3066.716,0.0,870.313723
2020-08-26 10:00:00,400.0,400.0,19.983547,27.602142,2001.030312,0.0,0.0,3149.61,0.0,950.336953
2020-08-26 11:00:00,400.0,400.0,19.983547,31.620691,2390.497678,0.0,0.0,3382.296,0.0,1027.619748
2020-08-26 12:00:00,400.0,400.0,21.116714,36.150291,2546.034039,0.0,0.0,3398.778,0.0,1102.911594
2020-08-26 13:00:00,400.0,400.0,21.843654,36.265495,2534.180269,0.0,0.0,3315.75,0.0,1152.98546
2020-08-26 14:00:00,400.0,400.0,23.069973,75.200156,2425.588431,0.0,0.0,3208.432,0.0,1188.576535
2020-08-26 15:00:00,400.0,400.0,23.437807,26.429316,2329.484673,0.0,0.0,3007.79,0.0,1190.295799
2020-08-26 16:00:00,400.0,400.0,24.617414,36.25523,2184.003567,0.0,0.0,2702.92,0.0,1166.387465
2020-08-26 17:00:00,400.0,400.0,24.617414,70.394855,2196.746369,0.0,0.0,2235.436,0.0,1094.353445
2020-08-26 18:00:00,400.0,400.0,26.267006,77.128505,1966.167467,0.0,0.0,1642.4,0.0,1047.18488
2020-08-26 19:00:00,400.0,400.0,26.115945,44.163966,2000.786154,0.0,0.0,1541.098,0.0,1011.346777
2020-08-26 20:00:00,400.0,400.0,26.333777,27.930237,1634.293885,0.0,0.0,1500.784016,74.851984,969.52352
2020-08-26 21:00:00,400.0,400.0,34.994973,28.887946,1130.039066,0.0,0.0,1361.679508,136.508492,875.031066
2020-08-26 22:00:00,400.0,400.0,24.749386,23.080108,1069.556188,0.0,0.0,1529.1739,107.4961,795.992657
2020-08-26 23:00:00,400.0,400.0,76.546344,25.51993,790.44657,0.0,157.960644,1511.268,0.0,728.673214
2020-08-27 00:00:00,400.0,400.0,22.972766,21.708134,1141.22685,0.0,0.0,1557.000536,13.329464,682.916053
2020-08-27 01:00:00,400.0,400.0,21.708134,21.122752,1529.446567,0.0,0.0,1738.588656,14.781344,651.921313
2020-08-27 02:00:00,400.0,400.0,20.42044,20.42044,1733.993656,0.0,0.0,1805.416424,27.235576,631.263415
2020-08-27 03:00:00,400.0,400.0,19.533879,20.42044,1925.499989,0.0,0.0,1923.936546,39.743454,620.315484
2020-08-27 04:00:00,400.0,400.0,16.970947,19.68943,1999.149342,0.0,0.0,2062.098,0.0,629.992299
2020-08-27 05:00:00,400.0,400.0,19.68943,18.861019,1708.405538,0.0,0.0,1836.722,0.0,639.797469
2020-08-27 06:00:00,400.0,346.029835,20.400003,14.99671,1585.363384,0.0,0.0,1963.318,0.0,677.243192
2020-08-27 07:00:00,400.0,400.0,19.983547,17.243694,1619.354471,0.0,0.0,2321.0,0.0,725.796829
2020-08-27 08:00:00,400.0,400.0,19.68943,19.983547,1722.200372,0.0,0.0,2787.65,0.0,780.367444
2020-08-27 09:00:00,400.0,400.0,21.116411,21.288154,1458.063349,0.0,0.0,2853.022,0.0,829.793798
2020-08-27 10:00:00,400.0,400.0,21.647258,24.738422,1299.785572,0.0,0.0,2811.148,0.0,872.754364
2020-08-27 11:00:00,400.0,400.0,21.287879,26.218849,1575.850976,0.0,0.0,2890.5,0.0,921.997354
2020-08-27 12:00:00,400.0,400.0,21.647258,26.587785,1800.459486,0.0,0.0,2908.55,0.0,972.013577
2020-08-27 13:00:00,400.0,400.0,22.732362,27.107721,1802.269896,0.0,0.0,2834.83,0.0,1013.934016
2020-08-27 14:00:00,400.0,400.0,23.128644,29.19063,1802.4019,0.0,0.0,2692.448,0.0,1045.806915
2020-08-27 15:00:00,400.0,400.0,23.87513,33.84468,1657.176885,0.0,0.0,2355.382,0.0,1057.980767
2020-08-27 16:00:00,400.0,400.0,24.62179,61.274548,1630.865782,0.0,0.0,1946.15,0.0,1040.142633
2020-08-27 17:00:00,400.0,400.0,26.267006,77.128505,1708.46447,0.0,0.0,1337.38,0.0,975.28733
2020-08-27 18:00:00,400.0,400.0,26.790897,74.140598,1396.058416,0.0,0.0,678.998,0.0,928.190938
2020-08-27 19:00:00,400.0,400.0,26.755559,36.657439,1399.187943,0.0,0.0,550.452,0.0,895.239609
2020-08-27 20:00:00,400.0,400.0,26.790897,35.949176,1192.555709,0.0,0.0,512.71,0.0,871.073144
2020-08-27 21:00:00,400.0,400.0,26.429316,27.293588,1343.475391,0.0,0.0,390.45,0.0,797.096191
2020-08-27 22:00:00,400.0,400.0,26.429316,28.560338,1084.531641,0.0,0.0,346.1,0.0,729.520254
2020-08-27 23:00:00,400.0,400.0,76.790897,23.942604,640.783364,0.0,213.890731,286.404,0.0,673.893095
2020-08-28 00:00:00,400.0,400.0,25.758899,23.128644,933.272219,0.0,0.0,319.902,0.0,635.044467
2020-08-28 01:00:00,400.0,400.0,23.437807,23.069973,1131.999125,0.0,0.0,372.362,0.0,613.104431
2020-08-28 02:00:00,400.0,400.0,23.069973,23.069973,1336.692034,0.0,0.0,482.27,0.0,598.886695
2020-08-28 03:00:00,400.0,400.0,22.516066,22.96816,1515.040159,0.0,0.0,616.322,0.0,592.242276
2020-08-28 04:00:00,400.0,400.0,22.576747,23.206766,1461.963568,0.0,0.0,617.828,0.0,600.429665
2020-08-28 05:00:00,400.0,400.0,23.069973,22.576747,1346.814615,0.0,0.0,570.752,0.0,610.640608
2020-08-28 06:00:00,400.0,400.0,21.647258,20.419098,1626.50575,0.0,0.0,1075.88,0.0,644.456138
2020-08-28 07:00:00,400.0,400.0,20.400003,19.034775,1960.652524,0.0,0.0,1694.552,0.0,687.134921
2020-08-28 08:00:00,400.0,400.0,19.430296,19.034775,2125.519058,0.0,0.0,2198.32,0.0,737.970141
2020-08-28 09:00:00,400.0,400.0,19.034775,19.685338,2186.771603,0.0,0.0,2568.88,0.0,784.36626
2020-08-28 10:00:00,400.0,400.0,19.983547,20.846138,2004.375639,0.0,0.0,2722.312,0.0,834.740454
2020-08-28 11:00:00,400.0,400.0,19.685338,21.647258,2109.784054,0.0,0.0,3084.32,0.0,873.230392
2020-08-28 12:00:00,400.0,400.0,20.846138,22.732362,1844.265201,0.0,0.0,3126.912,0.0,919.44702
2020-08-28 13:00:00,400.0,400.0,19.68943,24.024676,2033.879546,0.0,0.0,3103.628,0.0,964.012268
2020-08-28 14:00:00,400.0,400.0,20.944367,27.827601,2365.408319,0.0,0.0,2907.08,0.0,993.550752
2020-08-28 15:00:00,400.0,400.0,22.516066,27.137436,2142.365442,0.0,0.0,2586.118,0.0,1006.612884
2020-08-28 16:00:00,400.0,400.0,23.069973,32.05649,1943.483725,0.0,0.0,2224.22,0.0,992.060441
2020-08-28 17:00:00,400.0,400.0,23.206766,76.525384,1921.204908,0.0,0.0,1638.116,0.0,930.436664
2020-08-28 18:00:00,400.0,400.0,26.429316,73.970573,1439.277911,0.0,0.0,808.74,0.0,890.469313
2020-08-28 19:00:00,400.0,400.0,26.324557,56.171955,1505.592886,0.0,0.0,723.738,0.0,855.771767
2020-08-28 20:00:00,400.0,400.0,26.324557,28.396107,1381.028551,0.0,0.0,657.638,0.0,831.541417
2020-08-28 21:00:00,400.0,400.0,24.62179,26.429316,1340.92102,0.0,0.0,556.698,0.0,769.166547
2020-08-28 22:00:00,400.0,400.0,23.069973,28.557477,1722.423089,0.0,0.0,551.722,0.0,711.194837
2020-08-28 23:00:00,400.0,400.0,23.437807,25.9087,1273.027867,0.0,0.0,432.518,0.0,660.95852
2020-08-29 00:00:00,400.0,400.0,23.069973,23.128644,1527.249993,0.0,0.0,493.034,0.0,625.167601
2020-08-29 01:00:00,400.0,400.0,22.576747,22.576747,1667.731977,0.0,0.0,461.066,0.0,599.300103
2020-08-29 02:00:00,400.0,400.0,21.647258,22.185841,1799.141688,0.0,0.0,463.032,0.0,579.883547
2020-08-29 03:00:00,400.0,400.0,21.287879,21.647258,1931.43245,0.0,0.0,525.438,0.0,569.400833
2020-08-29 04:00:00,400.0,400.0,21.287879,21.647258,1945.045655,0.0,0.0,537.062,0.0,569.102452
2020-08-29 05:00:00,400.0,400.0,20.846138,20.400003,2033.051875,0.0,0.0,542.632,0.0,556.737019
2020-08-29 06:00:00,400.0,400.0,19.68943,14.982507,2261.019838,0.0,0.0,889.13,0.0,574.516524
2020-08-29 07:00:00,251.239551,400.0,14.982507,14.981951,2767.160449,0.0,0.0,1618.532,0.0,608.005733
2020-08-29 08:00:00,138.413964,400.0,14.982507,14.982507,2883.986036,0.0,0.0,2090.582,0.0,661.289395
2020-08-29 09:00:00,291.577381,400.0,14.982507,18.072542,2730.822619,0.0,0.0,2342.268,0.0,722.016807
2020-08-29 10:00:00,400.0,400.0,15.731586,18.861019,2617.407208,0.0,0.0,2533.802,0.0,767.759219
2020-08-29 11:00:00,400.0,400.0,18.072542,19.68943,2518.871562,0.0,0.0,2724.738,0.0,811.179966
2020-08-29 12:00:00,400.0,400.0,19.430296,21.116714,2334.668552,0.0,0.0,2813.278,0.0,852.091417
2020-08-29 13:00:00,400.0,400.0,20.419098,22.576747,2066.692465,0.0,0.0,2803.17,0.0,890.77163
2020-08-29 14:00:00,400.0,400.0,21.647258,23.206766,1854.100622,0.0,0.0,2802.648,0.0,922.582107
2020-08-29 15:00:00,400.0,400.0,21.116714,24.617414,1986.643061,0.0,0.0,2682.788,0.0,935.721741
2020-08-29 16:00:00,400.0,400.0,22.732362,32.859793,1975.315384,0.0,0.0,2274.68,0.0,935.004692
2020-08-29 17:00:00,400.0,400.0,23.206766,77.128505,1765.501284,0.0,0.0,1603.422,0.0,890.538107
2020-08-29 18:00:00,400.0,400.0,26.755559,77.050889,1318.810321,0.0,0.0,790.782,0.0,859.345752
2020-08-29 19:00:00,400.0,400.0,26.755559,45.519798,1217.633071,0.0,0.0,670.42,0.0,829.468039
2020-08-29 20:00:00,400.0,400.0,26.429316,29.428922,1206.924568,0.0,0.0,639.568,0.0,801.696515
2020-08-29 21:00:00,400.0,400.0,24.62179,26.755559,1465.357179,0.0,0.0,499.15,0.0,741.868923
2020-08-29 22:00:00,400.0,400.0,23.87513,28.573164,1381.298369,0.0,0.0,420.416,0.0,689.417645
2020-08-29 23:00:00,400.0,400.0,23.206766,26.324557,1559.243773,0.0,0.0,272.2,0.0,640.493434
2020-08-30 00:00:00,400.0,400.0,23.128644,23.128644,1456.873298,0.0,0.0,270.632,0.0,602.363805
2020-08-30 01:00:00,400.0,400.0,22.732362,23.069973,1599.251732,0.0,0.0,253.4,0.0,578.42224
2020-08-30 02:00:00,400.0,400.0,22.516066,22.732362,1695.073187,0.0,0.0,235.698,0.0,561.393722
2020-08-30 03:00:00,400.0,400.0,21.843654,22.516066,1785.840418,0.0,0.0,231.938,0.0,547.214637
2020-08-30 04:00:00,400.0,400.0,21.647258,22.516066,1829.332289,0.0,0.0,263.868,0.0,545.480357
2020-08-30 05:00:00,400.0,400.0,21.474047,20.419098,1895.555722,0.0,0.0,239.068,0.0,531.826842
2020-08-30 06:00:00,400.0,325.83542,19.68943,14.982507,2221.384127,0.0,0.0,631.622,0.0,541.835681
2020-08-30 07:00:00,155.810293,39.083931,14.982507,14.982507,2874.589707,0.0,0.0,1459.568,0.0,568.046744
2020-08-30 08:00:00,0.0,28.962018,0.0,6.577405,3040.0,0.0,0.0,1977.827933,53.250067,620.97419
2020-08-30 09:00:00,20.344179,191.849896,14.982507,14.982507,3005.055821,0.0,0.0,2321.828,0.0,677.815827
2020-08-30 10:00:00,197.742616,381.716449,14.982507,14.982507,2824.657384,0.0,0.0,2522.252,0.0,734.939192
2020-08-30 11:00:00,400.0,400.0,15.731586,19.034775,2597.162094,0.0,0.0,2705.688,0.0,796.578886
2020-08-30 12:00:00,400.0,400.0,19.034775,21.116411,2361.472919,0.0,0.0,2837.802,0.0,851.749362
2020-08-30 13:00:00,400.0,400.0,21.116411,22.576747,1993.927908,0.0,0.0,2808.7,0.0,902.515814
2020-08-30 14:00:00,400.0,400.0,21.647258,23.444698,1799.37491,0.0,0.0,2699.28,0.0,940.785764
2020-08-30 15:00:00,400.0,400.0,22.185841,27.769005,1937.370735,0.0,0.0,2483.568,0.0,966.47959
2020-08-30 16:00:00,400.0,400.0,23.128644,31.746021,1865.624437,0.0,0.0,2070.57,0.0,970.791834
2020-08-30 17:00:00,400.0,400.0,23.444698,77.128505,1696.199969,0.0,0.0,1506.332,0.0,931.069805
2020-08-30 18:00:00,400.0,400.0,26.755559,73.998992,1287.281885,0.0,0.0,766.718,0.0,895.715417
2020-08-30 19:00:00,400.0,400.0,26.429316,57.048108,1390.372275,0.0,0.0,707.936,0.0,862.434559
2020-08-30 20:00:00,400.0,400.0,26.324557,29.263682,1367.505926,0.0,0.0,614.316,0.0,827.071511
2020-08-30 21:00:00,400.0,400.0,26.324557,25.9087,1029.758826,0.0,0.0,493.922,0.0,753.174476
2020-08-30 22:00:00,400.0,400.0,23.444698,25.469148,1143.325617,0.0,0.0,509.282,0.0,685.193457
2020-08-30 23:00:00,400.0,400.0,76.324557,26.510251,659.655956,0.0,143.961751,342.854,0.0,633.014707
2020-08-31 00:00:00,400.0,400.0,23.657594,23.206766,859.551907,0.0,0.0,341.19,0.0,596.045714
2020-08-31 01:00:00,400.0,400.0,23.206766,23.069973,1016.86421,0.0,0.0,362.38,0.0,575.627369
2020-08-31 02:00:00,400.0,400.0,23.128644,22.732362,1076.629096,0.0,0.0,331.352,0.0,562.008436
2020-08-31 03:00:00,400.0,400.0,23.069973,23.128644,1107.956324,0.0,0.0,313.832,0.0,554.681351
2020-08-31 04:00:00,400.0,400.0,23.206766,23.437807,1010.564018,0.0,0.0,286.332,0.0,565.165197
2020-08-31 05:00:00,400.0,400.0,23.437807,23.069973,947.93987,0.0,0.0,299.202,0.0,576.489319
2020-08-31 06:00:00,400.0,400.0,23.069973,21.116714,1142.517233,0.0,0.0,700.246,0.0,607.459315
2020-08-31 07:00:00,400.0,400.0,21.287879,19.983547,1583.915296,0.0,0.0,1443.468,0.0,652.732906
2020-08-31 08:00:00,400.0,400.0,20.419098,19.68943,1708.76656,0.0,0.0,1974.854,0.0,713.713116
2020-08-31 09:00:00,400.0,400.0,21.116714,21.647258,1617.506109,0.0,0.0,2298.052,0.0,775.881884
2020-08-31 10:00:00,400.0,400.0,21.288154,23.330805,1544.053322,0.0,0.0,2549.59,0.0,850.130502
2020-08-31 11:00:00,400.0,400.0,21.116714,27.752619,1777.697214,0.0,0.0,2739.966,0.0,922.390318
2020-08-31 12:00:00,400.0,400.0,22.516066,26.471968,1878.025868,0.0,0.0,2773.516,0.0,993.37352
2020-08-31 13:00:00,400.0,400.0,23.069973,31.870205,1874.998475,0.0,0.0,2776.228,0.0,1057.384429
2020-08-31 14:00:00,400.0,400.0,23.444698,36.150291,1797.175378,0.0,0.0,2652.486,0.0,1112.896593
2020-08-31 15:00:00,400.0,400.0,24.62179,58.354743,1809.969924,0.0,0.0,2478.95,0.0,1134.447011
2020-08-31 16:00:00,400.0,400.0,26.324557,77.274563,1806.945441,0.0,0.0,2083.34,0.0,1122.959184
2020-08-31 17:00:00,400.0,400.0,26.429316,77.274616,1805.064329,0.0,0.0,1499.232,0.0,1053.175151
2020-08-31 18:00:00,400.0,400.0,77.274563,36.630587,1257.377472,0.0,8.037807,817.686,0.0,997.846279
2020-08-31 19:00:00,400.0,400.0,26.429316,36.569805,1490.306741,0.0,0.0,1042.216,0.0,947.086389
2020-08-31 20:00:00,400.0,400.0,24.617414,32.191579,1615.189695,0.0,0.0,1311.902,0.0,894.556846
2020-08-31 21:00:00,400.0,400.0,24.617414,23.128644,1131.86483,0.0,0.0,1242.898,0.0,803.689976
2020-08-31 22:00:00,400.0,400.0,23.128644,28.622566,1244.544784,0.0,0.0,1194.48,0.0,719.540282
2020-08-31 23:00:00,400.0,400.0,73.87513,21.988016,588.058931,0.0,270.437729,1192.15,0.0,657.91366
2020-09-01 00:00:00,400.0,400.0,22.656017,19.68943,1153.285752,0.0,0.0,1450.27298,68.75902,611.848084
2020-09-01 01:00:00,400.0,400.0,20.42044,19.68943,1610.781969,0.0,0.0,1699.920633,286.511367,580.6708
2020-09-01 02:00:00,177.68347,89.639067,14.975624,14.975624,2101.716531,0.0,0.0,2025.220132,342.931868,555.82554
2020-09-01 03:00:00,64.900005,97.829172,14.975624,14.975624,2215.499996,0.0,0.0,2064.840028,341.991972,544.701005
2020-09-01 04:00:00,106.79239,279.319853,14.975624,14.9805,2174.607611,0.0,0.0,2120.160326,322.503674,559.132907
2020-09-01 05:00:00,145.285646,288.929823,14.978232,14.9805,2138.114354,0.0,0.0,2237.865516,338.720484,582.262674
2020-09-01 06:00:00,12.186617,85.4,14.975624,12.670468,2262.213383,0.0,0.0,2605.071433,327.696567,618.728708
2020-09-01 07:00:00,0.0,88.4,0.0,0.0,2280.0,0.0,0.0,3011.223844,548.272156,676.983577
2020-09-01 08:00:00,0.0,88.4,0.0,0.0,2273.0,0.0,0.0,3400.780891,476.957109,736.467134
2020-09-01 09:00:00,0.0,0.0,-0.0,15.0,2266.0,0.0,0.0,3790.821232,157.782768,796.023185
2020-09-01 10:00:00,0.0,242.132827,14.846707,14.992743,2088.322741,0.0,0.0,4040.061124,92.376876,860.060757
2020-09-01 11:00:00,396.0,400.0,14.992743,18.56678,1725.353231,0.0,0.0,4072.25591,124.09409,919.335402
2020-09-01 12:00:00,400.0,400.0,16.264968,21.465801,1526.151641,0.0,0.0,4067.916397,14.815603,974.064713
2020-09-01 13:00:00,400.0,400.0,20.419098,24.531224,1567.250843,0.0,0.0,4041.036,0.0,1017.117774
2020-09-01 14:00:00,400.0,396.0,21.287879,24.184284,1650.284221,0.0,0.0,4015.27,0.0,1054.047867
2020-09-01 15:00:00,400.0,400.0,22.96816,25.283884,1437.962842,0.0,0.0,3459.868,0.0,1055.835774
2020-09-01 16:00:00,400.0,400.0,23.069973,24.579007,1490.696962,0.0,0.0,3131.702,0.0,1055.250756
2020-09-01 17:00:00,400.0,400.0,23.657594,26.178405,1461.346761,0.0,0.0,2535.068,0.0,1002.858186
2020-09-01 18:00:00,400.0,400.0,76.755559,68.718326,996.785234,0.0,241.193581,1902.004,0.0,979.982815
2020-09-01 19:00:00,400.0,400.0,24.479566,74.941555,1426.533753,0.0,0.0,2079.364,0.0,948.124537
2020-09-01 20:00:00,400.0,400.0,24.074771,23.128644,1711.233615,0.0,0.0,2212.537789,207.392211,908.745626
2020-09-01 21:00:00,400.0,400.0,22.632352,26.85913,1819.099918,0.0,0.0,2200.175471,225.344529,837.461333
2020-09-01 22:00:00,400.0,400.0,21.647258,23.022658,1437.373477,0.0,0.0,2009.832,0.0,759.668778
2020-09-01 23:00:00,400.0,400.0,20.846138,27.171368,1543.854775,0.0,0.0,2026.366,0.0,692.926684
2020-09-02 00:00:00,400.0,400.0,18.573789,21.116714,1966.590285,0.0,0.0,2131.932,0.0,645.351257
2020-09-02 01:00:00,308.826166,400.0,14.9805,19.68943,2144.573836,0.0,0.0,2086.802,0.0,611.884225
2020-09-02 02:00:00,251.118963,400.0,14.9805,19.685338,2202.281038,0.0,0.0,1995.93,0.0,589.597344
2020-09-02 03:00:00,205.114693,400.0,14.9805,19.983547,2248.285308,0.0,0.0,1997.92,0.0,582.995204
2020-09-02 04:00:00,398.0,400.0,14.9805,21.116411,2067.0,0.0,0.0,1918.26573,7.48427,598.239859
2020-09-02 05:00:00,400.0,400.0,18.861019,19.430296,1965.336265,0.0,0.0,1993.852,0.0,624.82736
2020-09-02 06:00:00,256.513487,137.57522,14.979622,14.979622,2188.886513,0.0,0.0,2508.67,0.0,668.517523
2020-09-02 07:00:00,0.0,85.4,14.191367,0.0,2445.816901,0.0,0.0,3113.068,0.0,720.637665
2020-09-02 08:00:00,94.078528,400.0,14.979622,19.034775,2346.321472,0.0,0.0,3427.996,0.0,782.801179
2020-09-02 09:00:00,112.559399,400.0,14.994208,21.474047,2323.382124,0.0,0.0,3804.704455,8.073545,842.74835
2020-09-02 10:00:00,0.0,400.0,14.603668,23.18907,2287.860775,0.0,0.0,3968.308348,4.401652,898.117136
2020-09-02 11:00:00,246.614193,400.0,15.0,26.999215,2164.896433,0.0,0.0,3799.918,0.0,947.853235
2020-09-02 12:00:00,322.68514,400.0,15.0,25.539868,2074.18584,0.0,0.0,3554.368,0.0,989.427324
2020-09-02 13:00:00,400.0,400.0,20.846138,27.435308,2145.394244,0.0,0.0,3450.718,0.0,1026.348563
2020-09-02 14:00:00,400.0,400.0,18.301327,26.21359,2322.546851,0.0,0.0,3442.352,0.0,1051.770772
2020-09-02 15:00:00,400.0,400.0,21.116714,26.611404,2353.78797,0.0,0.0,3236.648,0.0,1061.229004
2020-09-02 16:00:00,400.0,400.0,22.576747,73.001583,2131.048203,0.0,0.0,2691.598,0.0,1057.43247
2020-09-02 17:00:00,400.0,400.0,23.128644,25.9087,2071.12061,0.0,0.0,2116.868,0.0,996.412108
2020-09-02 18:00:00,400.0,400.0,24.62179,76.504181,1711.120495,0.0,0.0,1582.978,0.0,976.328626
2020-09-02 19:00:00,400.0,400.0,23.128644,70.394855,2103.401659,0.0,0.0,1796.272,0.0,949.480551
2020-09-02 20:00:00,400.0,400.0,21.671251,31.257099,2277.53604,0.0,0.0,2022.202,0.0,909.999894
2020-09-02 21:00:00,400.0,400.0,21.647258,23.437807,2004.851239,0.0,0.0,1993.1,0.0,836.371908
2020-09-02 22:00:00,400.0,400.0,23.069973,27.096929,1317.68058,0.0,0.0,1543.97,0.0,760.993413
2020-09-02 23:00:00,400.0,400.0,22.96816,23.069973,1044.256737,0.0,0.0,1527.33,0.0,693.010989
2020-09-03 00:00:00,400.0,400.0,21.116714,22.576747,1474.570146,0.0,0.0,1640.098,0.0,645.379178
2020-09-03 01:00:00,400.0,400.0,20.419098,21.843654,1561.943065,0.0,0.0,1500.734,0.0,611.36864
2020-09-03 02:00:00,400.0,400.0,20.419098,22.576747,1603.251524,0.0,0.0,1392.868,0.0,588.992471
2020-09-03 03:00:00,400.0,400.0,21.287879,22.96816,1440.407316,0.0,0.0,1184.364,0.0,582.143503
2020-09-03 04:00:00,400.0,400.0,22.185841,33.714764,1274.140674,0.0,0.0,1082.58,0.0,595.115899
2020-09-03 05:00:00,400.0,400.0,22.576747,23.128644,1186.480998,0.0,0.0,1115.438,0.0,618.14355
2020-09-03 06:00:00,400.0,400.0,22.96816,22.516066,1100.588169,0.0,0.0,1304.88,0.0,659.443775
2020-09-03 07:00:00,400.0,400.0,22.576747,22.576747,1222.759551,0.0,0.0,1790.95,0.0,714.028567
2020-09-03 08:00:00,400.0,400.0,22.185841,26.080241,1298.361655,0.0,0.0,2128.22,0.0,778.778752
2020-09-03 09:00:00,400.0,400.0,22.516066,24.795924,1366.929715,0.0,0.0,2418.996,0.0,839.859943
2020-09-03 10:00:00,400.0,400.0,21.116714,26.40031,1641.93245,0.0,0.0,2735.498,0.0,897.084833
2020-09-03 11:00:00,400.0,400.0,21.647258,26.630827,1840.501662,0.0,0.0,2840.82,0.0,941.897751
2020-09-03 12:00:00,400.0,400.0,21.647258,27.885344,1928.257625,0.0,0.0,2876.086,0.0,989.974256
2020-09-03 13:00:00,400.0,400.0,22.96816,29.369575,1983.909999,0.0,0.0,2777.496,0.0,1025.6379
2020-09-03 14:00:00,400.0,400.0,23.128644,33.880508,1884.398865,0.0,0.0,2621.046,0.0,1054.14707
2020-09-03 15:00:00,400.0,400.0,23.657594,35.72366,1841.651254,0.0,0.0,2341.898,0.0,1066.237012
2020-09-03 16:00:00,400.0,400.0,25.758899,61.462823,1729.366592,0.0,0.0,1937.71,0.0,1053.801511
2020-09-03 17:00:00,400.0,400.0,26.267006,77.274616,1803.842959,0.0,0.0,1432.36,0.0,1002.377556
2020-09-03 18:00:00,400.0,400.0,27.128505,74.140598,1327.308265,0.0,0.0,777.38,0.0,976.81076
2020-09-03 19:00:00,400.0,400.0,26.845129,36.718254,1382.502957,0.0,0.0,722.566,0.0,943.059456
2020-09-03 20:00:00,400.0,400.0,76.892495,35.86153,1118.399488,0.0,24.915089,644.27,0.0,901.930577
2020-09-03 21:00:00,400.0,400.0,26.429316,27.92442,1351.088264,0.0,0.0,605.088,0.0,828.14996
2020-09-03 22:00:00,400.0,400.0,26.429316,29.010566,1064.697321,0.0,0.0,492.5,0.0,754.455402
2020-09-03 23:00:00,400.0,400.0,25.9087,24.617414,1055.053408,0.0,0.0,415.168,0.0,684.317189
2020-09-04 00:00:00,400.0,400.0,23.128644,22.732362,1445.50012,0.0,0.0,478.74,0.0,635.285982
2020-09-04 01:00:00,400.0,400.0,22.576747,21.116714,1662.629298,0.0,0.0,480.298,0.0,602.950305
2020-09-04 02:00:00,400.0,400.0,21.474047,19.983547,1875.799078,0.0,0.0,543.42,0.0,580.443138
2020-09-04 03:00:00,400.0,400.0,20.419098,19.034775,2064.020784,0.0,0.0,660.598,0.0,569.786582
2020-09-04 04:00:00,400.0,400.0,19.983547,20.419098,2163.326439,0.0,0.0,868.186,0.0,586.028934
2020-09-04 05:00:00,400.0,400.0,20.419098,20.400003,2114.094185,0.0,0.0,970.488,0.0,608.759072
2020-09-04 06:00:00,400.0,400.0,19.685338,16.962852,2289.127604,0.0,0.0,1447.85,0.0,654.108359
2020-09-04 07:00:00,336.846641,400.0,14.9805,15.71578,2660.553359,0.0,0.0,2180.866,0.0,708.346896
2020-09-04 08:00:00,247.831532,400.0,14.9805,19.685338,2747.568468,0.0,0.0,2717.148,0.0,775.73693
2020-09-04 09:00:00,0.0,400.0,10.742238,21.288154,2864.094008,0.0,0.0,3244.775344,70.772656,837.4022
2020-09-04 10:00:00,0.0,400.0,11.140333,22.516066,2783.171621,0.0,0.0,3564.314561,11.333439,897.471441
2020-09-04 11:00:00,138.730373,400.0,15.0,23.206766,2586.651376,0.0,0.0,3701.714,0.0,947.559394
2020-09-04 12:00:00,396.0,400.0,15.0,29.047487,2385.77427,0.0,0.0,3622.237031,51.278969,991.269414
2020-09-04 13:00:00,400.0,400.0,20.419098,27.509577,2292.664001,0.0,0.0,3396.022,0.0,1024.5537
2020-09-04 14:00:00,400.0,400.0,22.576747,26.644915,2015.438235,0.0,0.0,3143.218,0.0,1055.966965
2020-09-04 15:00:00,400.0,400.0,22.732362,25.758899,1963.136986,0.0,0.0,2896.44,0.0,1052.295452
2020-09-04 16:00:00,400.0,400.0,23.069973,56.413252,1927.10654,0.0,0.0,2451.57,0.0,1045.119519
2020-09-04 17:00:00,400.0,400.0,22.732362,77.276799,2311.999175,0.0,0.0,2098.232,0.0,998.284924
2020-09-04 18:00:00,400.0,400.0,23.439019,77.276799,2788.960824,0.0,0.0,2201.31704,1.26296,972.653432
2020-09-04 19:00:00,400.0,400.0,25.758899,35.691068,1723.838164,0.0,0.0,1275.414,0.0,938.786375
2020-09-04 20:00:00,400.0,400.0,24.62179,29.78169,1571.448803,0.0,0.0,1184.002,0.0,898.43298
2020-09-04 21:00:00,400.0,400.0,23.437807,27.455947,1575.233787,0.0,0.0,1225.846,0.0,834.391832
2020-09-04 22:00:00,400.0,400.0,21.843654,27.458056,1849.48415,0.0,0.0,1411.002,0.0,767.777677
2020-09-04 23:00:00,400.0,400.0,21.116411,23.657594,2018.975956,0.0,0.0,1451.57,0.0,701.924107
2020-09-05 00:00:00,400.0,400.0,20.400003,22.516066,2127.091907,0.0,0.0,1279.252,0.0,653.124014
2020-09-05 01:00:00,400.0,400.0,18.861019,22.516066,2471.109468,0.0,0.0,1399.284,0.0,619.52618
2020-09-05 02:00:00,398.0,400.0,14.981951,21.843654,2619.0,0.0,0.0,1380.574719,25.573281,594.536208
2020-09-05 03:00:00,398.0,400.0,14.981951,21.287879,2622.0,0.0,0.0,1251.314047,18.453953,574.697107
2020-09-05 04:00:00,400.0,400.0,18.861019,21.288154,2429.566936,0.0,0.0,1052.034,0.0,573.67006
2020-09-05 05:00:00,400.0,400.0,19.685338,19.983547,2294.002228,0.0,0.0,826.96,0.0,560.243666
2020-09-05 06:00:00,400.0,400.0,19.430296,16.970947,2324.364707,0.0,0.0,979.134,0.0,578.515394
2020-09-05 07:00:00,400.0,353.671744,18.072542,14.981951,2547.628727,0.0,0.0,1539.638,0.0,629.101391
2020-09-05 08:00:00,400.0,400.0,18.861019,15.717231,2421.539992,0.0,0.0,1944.16,0.0,708.693001
2020-09-05 09:00:00,400.0,400.0,19.68943,20.419098,2265.814738,0.0,0.0,2267.564,0.0,780.562389
2020-09-05 10:00:00,400.0,400.0,21.116714,21.647258,1978.963334,0.0,0.0,2401.0,0.0,843.6055
2020-09-05 11:00:00,400.0,400.0,22.492854,23.069973,1723.623033,0.0,0.0,2519.5,0.0,899.681545
2020-09-05 12:00:00,400.0,400.0,23.069973,23.507865,1535.794922,0.0,0.0,2568.95,0.0,938.573262
2020-09-05 13:00:00,400.0,400.0,23.128644,27.653114,1476.454254,0.0,0.0,2504.668,0.0,971.582062
2020-09-05 14:00:00,400.0,400.0,24.617414,27.516202,1414.502418,0.0,0.0,2193.21,0.0,992.356137
2020-09-05 15:00:00,400.0,400.0,26.324557,26.429316,1378.26202,0.0,0.0,1864.102,0.0,1001.675997
2020-09-05 16:00:00,400.0,400.0,26.429316,52.589277,1374.902902,0.0,0.0,1505.95,0.0,986.107065
2020-09-05 17:00:00,400.0,400.0,26.429316,77.276799,1454.175433,0.0,0.0,1014.738,0.0,935.184385
2020-09-05 18:00:00,400.0,400.0,26.790897,77.274616,1360.498716,0.0,0.0,630.536,0.0,903.305593
2020-09-05 19:00:00,400.0,400.0,26.500239,35.019908,1318.797318,0.0,0.0,623.252,0.0,868.718202
2020-09-05 20:00:00,400.0,400.0,26.324557,26.755559,1401.532538,0.0,0.0,709.018,0.0,836.172819
2020-09-05 21:00:00,400.0,400.0,23.87513,28.217209,1447.816499,0.0,0.0,706.5,0.0,775.602525
2020-09-05 22:00:00,400.0,400.0,23.657594,26.772246,1293.369061,0.0,0.0,513.704,0.0,716.600241
2020-09-05 23:00:00,400.0,400.0,25.9087,24.617414,909.17479,0.0,0.0,484.02,0.0,658.611782
2020-09-06 00:00:00,400.0,400.0,23.206766,23.206766,1143.769349,0.0,0.0,490.198,0.0,617.614298
2020-09-06 01:00:00,400.0,400.0,23.069973,23.069973,1302.987574,0.0,0.0,459.498,0.0,589.126564
2020-09-06 02:00:00,400.0,400.0,22.576747,22.732362,1422.701364,0.0,0.0,436.17,0.0,567.670295
2020-09-06 03:00:00,400.0,400.0,21.647258,22.516066,1617.747243,0.0,0.0,522.898,0.0,551.422614
2020-09-06 04:00:00,400.0,400.0,21.116411,22.576747,1766.346035,0.0,0.0,656.672,0.0,549.198895
2020-09-06 05:00:00,400.0,400.0,21.116411,20.846138,1772.627574,0.0,0.0,550.96,0.0,532.399864
2020-09-06 06:00:00,400.0,400.0,19.983547,16.970947,1971.735166,0.0,0.0,819.08,0.0,542.751725
2020-09-06 07:00:00,0.0,275.945844,0.0,14.982507,2786.0,0.0,0.0,1914.913641,35.006359,584.987046
2020-09-06 08:00:00,65.640564,287.013635,14.981951,14.982507,2718.759436,0.0,0.0,2317.202,0.0,659.916385
2020-09-06 09:00:00,223.614435,400.0,14.981951,18.861019,2606.785565,0.0,0.0,2615.784,0.0,728.399765
2020-09-06 10:00:00,400.0,400.0,18.072542,19.68943,2344.388752,0.0,0.0,2775.29,0.0,791.685187
2020-09-06 11:00:00,400.0,400.0,18.861019,21.116714,2269.600769,0.0,0.0,3046.652,0.0,843.607685
2020-09-06 12:00:00,400.0,400.0,20.419098,22.576747,1903.271432,0.0,0.0,2940.836,0.0,882.684685
2020-09-06 13:00:00,400.0,400.0,21.116714,23.206766,1785.975438,0.0,0.0,2877.052,0.0,916.211484
2020-09-06 14:00:00,400.0,400.0,21.116411,27.70573,1996.499827,0.0,0.0,2552.05,0.0,940.132526
2020-09-06 15:00:00,400.0,400.0,22.732362,25.9087,2056.509007,0.0,0.0,2083.42,0.0,944.086649
2020-09-06 16:00:00,400.0,400.0,23.206766,28.954124,1775.308567,0.0,0.0,1715.9,0.0,931.138715
2020-09-06 17:00:00,400.0,400.0,24.617414,77.128505,1578.460201,0.0,0.0,1153.848,0.0,896.75817
2020-09-06 18:00:00,400.0,400.0,26.429316,72.694968,1428.894036,0.0,0.0,782.682,0.0,888.118195
2020-09-06 19:00:00,400.0,400.0,26.324557,61.103244,1479.460266,0.0,0.0,752.702,0.0,864.03626
2020-09-06 20:00:00,400.0,400.0,26.429316,28.439917,1330.853604,0.0,0.0,649.718,0.0,837.879659
2020-09-06 21:00:00,400.0,400.0,24.617414,26.731548,1383.818548,0.0,0.0,642.6,0.0,775.617218
2020-09-06 22:00:00,400.0,400.0,23.206766,27.76464,1455.903384,0.0,0.0,662.568,0.0,714.549692
2020-09-06 23:00:00,400.0,400.0,23.657594,24.389028,1069.965989,0.0,0.0,554.1,0.0,656.405102
2020-09-07 00:00:00,400.0,400.0,23.437807,22.96816,1126.16993,0.0,0.0,352.298,0.0,610.96921
2020-09-07 01:00:00,400.0,400.0,23.128644,22.516066,1248.975306,0.0,0.0,270.472,0.0,580.274504
2020-09-07 02:00:00,400.0,400.0,22.732362,21.116714,1402.356028,0.0,0.0,285.832,0.0,559.571396
2020-09-07 03:00:00,400.0,400.0,20.419098,21.287879,1929.780794,0.0,0.0,718.228,0.0,545.317081
2020-09-07 04:00:00,0.0,400.0,0.0,20.846138,2834.0,0.0,0.0,1639.566037,17.955963,547.884906
2020-09-07 05:00:00,94.2258,400.0,14.981951,18.861019,2728.1742,0.0,0.0,1474.25,0.0,538.96137
2020-09-07 06:00:00,400.0,116.998559,16.970947,14.981951,2366.983424,0.0,0.0,1232.198,0.0,556.832186
2020-09-07 07:00:00,400.0,301.42773,18.072542,14.981951,2350.078993,0.0,0.0,1512.08,0.0,601.350151
2020-09-07 08:00:00,400.0,400.0,18.861019,15.717231,2251.549862,0.0,0.0,1917.76,0.0,676.981521
2020-09-07 09:00:00,400.0,400.0,19.034775,19.430296,2181.496038,0.0,0.0,2329.534,0.0,749.255694
2020-09-07 10:00:00,400.0,400.0,19.68943,21.287879,2039.108579,0.0,0.0,2654.818,0.0,819.406413
2020-09-07 11:00:00,400.0,400.0,21.287879,23.128644,1751.978875,0.0,0.0,2755.57,0.0,877.588669
2020-09-07 12:00:00,400.0,400.0,19.983547,28.549686,2006.284724,0.0,0.0,2943.516,0.0,921.934691
2020-09-07 13:00:00,400.0,400.0,22.492854,26.040218,1966.450931,0.0,0.0,2675.232,0.0,951.41716
2020-09-07 14:00:00,400.0,400.0,21.647258,28.894987,2051.210433,0.0,0.0,2527.88,0.0,972.550435
2020-09-07 15:00:00,400.0,400.0,22.732362,32.128806,2126.053536,0.0,0.0,2275.94,0.0,982.33297
2020-09-07 16:00:00,400.0,400.0,23.657594,52.43252,1778.868738,0.0,0.0,1825.532,0.0,978.399489
2020-09-07 17:00:00,400.0,400.0,24.617414,77.274616,1751.390274,0.0,0.0,1358.382,0.0,943.348759
2020-09-07 18:00:00,400.0,400.0,26.790897,77.128505,1328.490654,0.0,0.0,798.01,0.0,930.227902
2020-09-07 19:00:00,400.0,400.0,26.500239,33.980818,1312.273785,0.0,0.0,843.614,0.0,902.751032
2020-09-07 20:00:00,400.0,400.0,26.429316,30.081933,1366.052387,0.0,0.0,812.768,0.0,873.557342
2020-09-07 21:00:00,400.0,400.0,26.429316,26.824103,1157.218861,0.0,0.0,623.116,0.0,806.684571
2020-09-07 22:00:00,400.0,400.0,23.128644,28.405461,1601.284537,0.0,0.0,905.498,0.0,735.917019
2020-09-07 23:00:00,400.0,400.0,76.324557,24.142609,674.123707,0.0,196.542937,685.828,0.0,675.555644
2020-09-08 00:00:00,400.0,400.0,23.657594,22.576747,860.000089,0.0,0.0,572.788,0.0,630.718187
2020-09-08 01:00:00,400.0,400.0,22.96816,21.288154,1174.522395,0.0,0.0,668.43,0.0,597.886141
2020-09-08 02:00:00,400.0,400.0,21.647258,21.116714,1444.23261,0.0,0.0,812.15,0.0,578.987608
2020-09-08 03:00:00,400.0,400.0,22.492854,21.116411,1373.202992,0.0,0.0,686.188,0.0,570.747751
2020-09-08 04:00:00,400.0,400.0,22.732362,22.576747,1240.835554,0.0,0.0,666.298,0.0,587.619367
2020-09-08 05:00:00,400.0,400.0,23.206766,23.128644,1003.714719,0.0,0.0,636.45,0.0,618.710292
2020-09-08 06:00:00,400.0,400.0,23.128644,21.647258,1077.69265,0.0,0.0,1009.5,0.0,663.571102
2020-09-08 07:00:00,400.0,400.0,22.185841,21.116714,1397.124761,0.0,0.0,1696.3,0.0,718.676286
2020-09-08 08:00:00,400.0,400.0,21.647258,21.647258,1485.842691,0.0,0.0,2226.32,0.0,784.871596
2020-09-08 09:00:00,400.0,400.0,22.516066,22.732362,1346.859946,0.0,0.0,2504.6,0.0,847.461008
2020-09-08 10:00:00,400.0,400.0,20.846138,26.223698,1667.578618,0.0,0.0,2736.938,0.0,910.703907
2020-09-08 11:00:00,400.0,400.0,21.287879,26.589134,2116.117373,0.0,0.0,2790.816,0.0,960.254794
2020-09-08 12:00:00,400.0,400.0,22.492854,30.174663,2093.877119,0.0,0.0,2791.504,0.0,1001.344032
2020-09-08 13:00:00,400.0,400.0,22.576747,34.55397,2109.470634,0.0,0.0,2708.81,0.0,1036.850905
2020-09-08 14:00:00,400.0,400.0,23.069973,36.192845,2148.962709,0.0,0.0,2543.448,0.0,1061.922794
2020-09-08 15:00:00,400.0,400.0,23.444698,36.467601,2003.208514,0.0,0.0,2274.782,0.0,1073.186023
2020-09-08 16:00:00,400.0,400.0,24.62179,58.14786,1913.901756,0.0,0.0,1941.52,0.0,1064.642737
2020-09-08 17:00:00,400.0,400.0,26.267006,77.755129,1954.109641,0.0,0.0,1409.032,0.0,1016.238354
2020-09-08 18:00:00,400.0,400.0,26.892495,77.276799,1499.297021,0.0,0.0,836.4,0.0,1001.115447
2020-09-08 19:00:00,400.0,400.0,26.790897,36.718254,1506.418969,0.0,0.0,901.212,0.0,973.018955
2020-09-08 20:00:00,400.0,400.0,24.62179,41.185649,1831.477195,0.0,0.0,1248.55,0.0,935.110921
2020-09-08 21:00:00,400.0,400.0,22.96816,26.429316,2105.108573,0.0,0.0,1348.988,0.0,859.631914
2020-09-08 22:00:00,400.0,400.0,23.128644,28.023134,1643.678288,0.0,0.0,1230.028,0.0,778.237457
2020-09-08 23:00:00,400.0,400.0,22.185841,26.324557,1950.419543,0.0,0.0,1137.616,0.0,711.629469
2020-09-09 00:00:00,400.0,400.0,20.419098,23.437807,2300.042957,0.0,0.0,1154.714,0.0,661.750656
2020-09-09 01:00:00,400.0,400.0,19.983547,22.96816,2392.029914,0.0,0.0,1005.416,0.0,625.557913
2020-09-09 02:00:00,400.0,400.0,19.430296,22.576747,2506.575266,0.0,0.0,969.82,0.0,603.03671
2020-09-09 03:00:00,400.0,400.0,18.861019,22.576747,2608.048661,0.0,0.0,993.332,0.0,591.342501
2020-09-09 04:00:00,400.0,400.0,19.68943,23.069973,2449.568485,0.0,0.0,955.4,0.0,609.424727
2020-09-09 05:00:00,400.0,400.0,21.116411,23.069973,2191.943662,0.0,0.0,810.97,0.0,626.403951
2020-09-09 06:00:00,400.0,400.0,21.647258,21.288154,2000.266096,0.0,0.0,968.398,0.0,678.769786
2020-09-09 07:00:00,400.0,400.0,20.400003,19.983547,2309.063092,0.0,0.0,1664.772,0.0,736.906336
2020-09-09 08:00:00,400.0,400.0,18.861019,19.430296,2593.690771,0.0,0.0,2257.46,0.0,783.115384
2020-09-09 09:00:00,400.0,400.0,19.685338,20.419098,2481.32738,0.0,0.0,2472.768,0.0,832.266093
2020-09-09 10:00:00,400.0,400.0,20.419098,21.843654,2287.853142,0.0,0.0,2663.732,0.0,889.931829
2020-09-09 11:00:00,400.0,400.0,21.474047,23.069973,2073.719971,0.0,0.0,2768.92,0.0,937.830004
2020-09-09 12:00:00,400.0,400.0,22.576747,24.617414,1822.426203,0.0,0.0,2805.318,0.0,980.98377
2020-09-09 13:00:00,400.0,400.0,21.843654,27.303456,1960.94353,0.0,0.0,2802.35,0.0,1010.760971
2020-09-09 14:00:00,400.0,400.0,22.96816,31.93306,1971.275866,0.0,0.0,2583.534,0.0,1035.18872
2020-09-09 15:00:00,400.0,400.0,23.657594,33.84468,1720.656,0.0,0.0,2282.432,0.0,1045.7664
2020-09-09 16:00:00,400.0,400.0,26.324557,58.351247,1508.194194,0.0,0.0,1705.43,0.0,1033.985371
2020-09-09 17:00:00,400.0,400.0,26.404825,77.276799,1690.387533,0.0,0.0,1219.65,0.0,982.83937
2020-09-09 18:00:00,400.0,400.0,26.892495,77.274563,1381.111411,0.0,0.0,789.44,0.0,968.299288
2020-09-09 19:00:00,400.0,400.0,26.845129,41.685135,1281.5682,0.0,0.0,790.352,0.0,940.61757
2020-09-09 20:00:00,400.0,400.0,76.845129,25.067686,1100.643676,0.0,32.357073,739.762,0.0,894.167749
2020-09-09 21:00:00,400.0,400.0,76.790897,29.623434,942.394743,0.0,99.326046,794.5,0.0,818.100789
2020-09-09 22:00:00,400.0,400.0,25.9087,28.057131,1077.184617,0.0,0.0,803.654,0.0,739.270407
2020-09-09 23:00:00,400.0,400.0,76.324557,25.114572,858.658919,0.0,5.858351,803.312,0.0,667.93027
2020-09-10 00:00:00,400.0,400.0,23.437807,22.632352,1074.029631,0.0,0.0,723.02,0.0,621.148555
2020-09-10 01:00:00,400.0,400.0,22.96816,20.547985,1255.935011,0.0,0.0,676.17,0.0,586.835248
2020-09-10 02:00:00,400.0,400.0,22.516066,19.685338,1349.733776,0.0,0.0,608.736,0.0,562.650334
2020-09-10 03:00:00,400.0,400.0,22.492854,20.419098,1356.497861,0.0,0.0,570.6,0.0,555.915321
2020-09-10 04:00:00,400.0,400.0,23.128644,21.647258,1149.990487,0.0,0.0,448.1,0.0,568.516427
2020-09-10 05:00:00,400.0,400.0,24.617414,22.516066,886.240582,0.0,0.0,395.232,0.0,600.148713
2020-09-10 06:00:00,400.0,400.0,26.324557,19.68943,845.976349,0.0,0.0,624.054,0.0,640.511648
2020-09-10 07:00:00,400.0,400.0,22.516066,18.072542,1351.166,0.0,0.0,1347.948,0.0,673.3173
2020-09-10 08:00:00,400.0,400.0,20.419098,19.685338,1729.587845,0.0,0.0,2050.51,0.0,721.938323
2020-09-10 09:00:00,400.0,400.0,20.419098,19.983547,1700.91946,0.0,0.0,2351.236,0.0,771.347481
2020-09-10 10:00:00,400.0,400.0,20.400003,21.287879,1755.481292,0.0,0.0,2717.598,0.0,818.117506
2020-09-10 11:00:00,400.0,400.0,21.116714,22.185841,1614.965932,0.0,0.0,2809.748,0.0,853.01731
2020-09-10 12:00:00,400.0,400.0,21.287879,23.724962,1576.813599,0.0,0.0,2823.214,0.0,886.26006
2020-09-10 13:00:00,400.0,400.0,21.843654,26.570567,1596.047599,0.0,0.0,2759.56,0.0,901.57686
2020-09-10 14:00:00,400.0,400.0,21.116714,26.140559,1788.221908,0.0,0.0,2660.63,0.0,908.911214
2020-09-10 15:00:00,400.0,400.0,21.843654,25.758899,1963.922118,0.0,0.0,2460.272,0.0,908.002482
2020-09-10 16:00:00,400.0,400.0,22.492854,26.55379,1912.170477,0.0,0.0,2164.38,0.0,896.881428
2020-09-10 17:00:00,400.0,400.0,22.732362,76.681379,1994.877661,0.0,0.0,1657.75,0.0,852.130851
2020-09-10 18:00:00,400.0,400.0,24.617414,72.666548,1709.445515,0.0,0.0,1239.886,0.0,853.116073
2020-09-10 19:00:00,400.0,400.0,24.03953,57.72819,1852.266297,0.0,0.0,1289.93,0.0,830.199555
2020-09-10 20:00:00,400.0,400.0,24.135391,28.665968,1760.903309,0.0,0.0,1142.204752,67.163248,793.995216
2020-09-10 21:00:00,400.0,400.0,22.709794,26.513211,2084.822956,0.0,0.0,1010.867103,123.462897,725.706622
2020-09-10 22:00:00,400.0,400.0,22.576747,26.303585,1449.584165,0.0,0.0,967.872,0.0,654.793175
2020-09-10 23:00:00,400.0,400.0,22.516066,23.069973,1510.979362,0.0,0.0,643.598,0.0,596.942796
2020-09-11 00:00:00,400.0,400.0,21.647258,21.843654,1654.475228,0.0,0.0,539.4,0.0,559.788716
2020-09-11 01:00:00,400.0,400.0,21.116714,21.474047,1798.465872,0.0,0.0,522.248,0.0,535.617319
2020-09-11 02:00:00,400.0,400.0,21.287879,21.288154,1753.904835,0.0,0.0,371.072,0.0,519.625075
2020-09-11 03:00:00,400.0,400.0,21.116714,21.843654,1795.079832,0.0,0.0,403.496,0.0,518.312425
2020-09-11 04:00:00,400.0,400.0,21.647258,23.069973,1655.773873,0.0,0.0,386.572,0.0,536.669719
2020-09-11 05:00:00,400.0,400.0,22.732362,23.206766,1413.567416,0.0,0.0,367.668,0.0,570.165088
2020-09-11 06:00:00,400.0,400.0,22.576747,21.288154,1471.910293,0.0,0.0,700.586,0.0,611.351356
2020-09-11 07:00:00,400.0,400.0,21.287879,20.419098,1773.061325,0.0,0.0,1257.264,0.0,649.680401
2020-09-11 08:00:00,400.0,400.0,20.400003,19.685338,1949.804624,0.0,0.0,1751.47,0.0,697.299806
2020-09-11 09:00:00,400.0,400.0,19.430296,19.034775,2126.038144,0.0,0.0,2219.312,0.0,741.041078
2020-09-11 10:00:00,400.0,400.0,19.034775,19.034775,2165.329218,0.0,0.0,2536.698,0.0,782.755317
2020-09-11 11:00:00,400.0,400.0,19.034775,19.68943,2204.115122,0.0,0.0,2789.722,0.0,814.891032
2020-09-11 12:00:00,400.0,400.0,19.034775,20.419098,2175.67149,0.0,0.0,2957.78,0.0,844.366277
2020-09-11 13:00:00,400.0,400.0,20.400003,22.492854,1947.771098,0.0,0.0,2935.58,0.0,875.221335
2020-09-11 14:00:00,400.0,400.0,21.474047,23.128644,1708.108376,0.0,0.0,2850.002,0.0,898.334044
2020-09-11 15:00:00,400.0,400.0,20.419098,24.415,1890.505402,0.0,0.0,2549.034,0.0,902.32929
2020-09-11 16:00:00,400.0,400.0,21.843654,27.782455,2153.173226,0.0,0.0,2170.282,0.0,889.366316
2020-09-11 17:00:00,400.0,400.0,22.96816,76.790897,1908.714231,0.0,0.0,1588.538,0.0,841.173565
2020-09-11 18:00:00,400.0,400.0,20.419098,70.145367,2454.310596,0.0,0.0,2042.801486,46.546514,825.073634
2020-09-11 19:00:00,400.0,400.0,25.9087,25.9087,1417.875867,0.0,0.0,900.548,0.0,809.20082
2020-09-11 20:00:00,400.0,400.0,23.657594,28.157133,1600.183736,0.0,0.0,852.55,0.0,774.65494
2020-09-11 21:00:00,400.0,400.0,24.62179,26.381655,1029.869397,0.0,0.0,1010.796,0.0,724.18899
2020-09-11 22:00:00,400.0,400.0,23.128644,23.906196,1200.426298,0.0,0.0,1164.93,0.0,668.475555
2020-09-11 23:00:00,400.0,400.0,73.069973,23.562702,723.777256,0.0,86.515356,1415.068,0.0,617.743612
2020-09-12 00:00:00,400.0,400.0,21.843654,20.846138,928.60781,0.0,0.0,1361.6,0.0,578.998829
2020-09-12 01:00:00,400.0,400.0,21.474047,19.685338,1017.024848,0.0,0.0,1276.036,0.0,552.901673
2020-09-12 02:00:00,400.0,400.0,20.846138,19.68943,1189.47652,0.0,0.0,1310.5,0.0,532.203522
2020-09-12 03:00:00,400.0,400.0,20.400003,19.430296,1282.304222,0.0,0.0,1324.184,0.0,520.331967
2020-09-12 04:00:00,400.0,400.0,20.419098,19.68943,1207.321252,0.0,0.0,1247.998,0.0,520.151512
2020-09-12 05:00:00,400.0,400.0,21.116411,19.983547,1144.27821,0.0,0.0,1176.212,0.0,518.840068
2020-09-12 06:00:00,400.0,136.648203,20.846138,14.9805,1189.673869,0.0,0.0,1367.802,0.0,540.76922
2020-09-12 07:00:00,212.141279,86.4,14.979622,0.0,1856.258721,0.0,0.0,2291.548,0.0,579.343392
2020-09-12 08:00:00,398.0,72.406062,14.979622,4.635643,1673.338525,0.0,0.0,2478.802,0.0,634.869521
2020-09-12 09:00:00,119.882282,0.0,14.996722,14.603668,1902.684483,0.0,0.0,2981.69,0.0,675.900828
2020-09-12 10:00:00,0.0,93.234716,10.385069,14.984131,2017.384953,0.0,0.0,3334.619217,249.448783,711.63514
2020-09-12 11:00:00,0.0,400.0,10.742238,19.685338,1983.379219,0.0,0.0,3533.178047,253.501953,746.519824
2020-09-12 12:00:00,0.0,400.0,11.140333,24.092678,1885.547731,0.0,0.0,3547.861352,148.918648,763.397043
2020-09-12 13:00:00,0.0,400.0,10.29027,22.175266,2064.470693,0.0,0.0,3598.778342,175.933658,769.696147
2020-09-12 14:00:00,0.0,400.0,10.29027,21.850611,2230.906151,0.0,0.0,3662.802124,10.487876,782.084396
2020-09-12 15:00:00,221.574373,400.0,14.979622,21.288154,2030.825628,0.0,0.0,3524.816,0.0,791.398556
2020-09-12 16:00:00,398.0,400.0,14.979622,22.644572,1868.0,0.0,0.0,3132.012891,55.507109,789.001934
2020-09-12 17:00:00,400.0,400.0,19.68943,28.091729,1777.791588,0.0,0.0,2370.202,0.0,754.711562
2020-09-12 18:00:00,400.0,400.0,22.732362,73.153762,1348.835464,0.0,0.0,1716.036,0.0,757.23008
2020-09-12 19:00:00,400.0,400.0,23.069973,68.482334,1242.281298,0.0,0.0,1521.046,0.0,746.364705
2020-09-12 20:00:00,400.0,400.0,21.843654,25.371287,1476.506141,0.0,0.0,1635.484,0.0,714.146679
2020-09-12 21:00:00,400.0,400.0,22.576747,22.732362,981.283404,0.0,0.0,1564.978,0.0,671.354189
2020-09-12 22:00:00,400.0,400.0,22.516066,21.843654,1007.305444,0.0,0.0,1429.238,0.0,623.839883
2020-09-12 23:00:00,400.0,400.0,21.287879,21.288154,1009.732013,0.0,0.0,1447.28,0.0,572.932198
2020-09-13 00:00:00,400.0,400.0,21.116411,21.116411,1059.410371,0.0,0.0,1286.48,0.0,533.110444
2020-09-13 01:00:00,400.0,400.0,20.419098,21.647258,1118.02852,0.0,0.0,1179.334,0.0,508.245822
2020-09-13 02:00:00,400.0,400.0,21.116714,21.843654,1035.089941,0.0,0.0,954.53,0.0,486.966009
2020-09-13 03:00:00,400.0,400.0,21.288154,21.647258,960.04589,0.0,0.0,794.684,0.0,474.245716
2020-09-13 04:00:00,400.0,400.0,21.647258,50.983408,901.424392,0.0,0.0,730.63,0.0,473.430841
2020-09-13 05:00:00,400.0,400.0,21.647258,21.647258,888.893649,0.0,0.0,657.05,0.0,464.273453
2020-09-13 06:00:00,400.0,400.0,20.846138,15.717788,1098.966227,0.0,0.0,928.502,0.0,473.480366
2020-09-13 07:00:00,400.0,356.704345,19.034775,14.982507,1399.110616,0.0,0.0,1450.502,0.0,506.758708
2020-09-13 08:00:00,400.0,400.0,19.034775,16.970947,1376.759138,0.0,0.0,1830.33,0.0,567.085629
2020-09-13 09:00:00,400.0,400.0,19.430296,19.034775,1339.197937,0.0,0.0,2142.712,0.0,619.577109
2020-09-13 10:00:00,400.0,400.0,19.034775,19.983547,1376.97939,0.0,0.0,2535.464,0.0,672.822692
2020-09-13 11:00:00,400.0,400.0,19.430296,23.201236,1338.164581,0.0,0.0,2740.43,0.0,718.689813
2020-09-13 12:00:00,400.0,400.0,19.68943,22.091513,1374.648172,0.0,0.0,2755.818,0.0,754.975474
2020-09-13 13:00:00,400.0,400.0,19.983547,25.767809,1501.242725,0.0,0.0,2763.698,0.0,790.418291
2020-09-13 14:00:00,400.0,400.0,19.983547,23.072356,1682.652631,0.0,0.0,2690.752,0.0,808.814905
2020-09-13 15:00:00,400.0,400.0,21.116714,26.833885,1675.881392,0.0,0.0,2535.3,0.0,822.512791
2020-09-13 16:00:00,400.0,400.0,21.287879,23.922663,1667.611766,0.0,0.0,1984.562,0.0,822.592535
2020-09-13 17:00:00,400.0,400.0,23.069973,29.324727,1773.943534,0.0,0.0,1342.02,0.0,793.51147
2020-09-13 18:00:00,400.0,400.0,25.9087,76.790897,1283.863589,0.0,0.0,807.348,0.0,795.222662
2020-09-13 19:00:00,400.0,400.0,26.324557,70.015445,1239.523285,0.0,0.0,695.82,0.0,782.744507
2020-09-13 20:00:00,400.0,400.0,26.324557,26.640051,1188.715566,0.0,0.0,570.218,0.0,749.025365
2020-09-13 21:00:00,400.0,400.0,24.62179,26.611079,1193.465853,0.0,0.0,593.882,0.0,698.612422
2020-09-13 22:00:00,400.0,400.0,23.87513,26.442203,1109.126676,0.0,0.0,425.25,0.0,632.718499
2020-09-13 23:00:00,400.0,400.0,23.657594,25.746489,958.998539,0.0,0.0,278.716,0.0,580.007619
2020-09-14 00:00:00,400.0,400.0,23.069973,22.732362,1240.919446,0.0,0.0,291.34,0.0,539.613083
2020-09-14 01:00:00,400.0,400.0,22.732362,22.576747,1317.48977,0.0,0.0,268.318,0.0,516.424234
2020-09-14 02:00:00,400.0,400.0,22.492854,22.576747,1441.844263,0.0,0.0,271.902,0.0,498.308661
2020-09-14 03:00:00,400.0,400.0,22.185841,22.576747,1447.803608,0.0,0.0,260.73,0.0,495.738959
2020-09-14 04:00:00,400.0,400.0,22.576747,23.128644,1335.833648,0.0,0.0,281.268,0.0,515.615153
2020-09-14 05:00:00,400.0,400.0,23.069973,23.437807,1160.628329,0.0,0.0,330.334,0.0,549.255851
2020-09-14 06:00:00,400.0,400.0,23.069973,21.474047,1166.564914,0.0,0.0,606.302,0.0,589.760563
2020-09-14 07:00:00,400.0,400.0,21.116411,20.419098,1700.369636,0.0,0.0,1437.886,0.0,634.427455
2020-09-14 08:00:00,400.0,400.0,20.400003,20.419098,1808.011144,0.0,0.0,1934.986,0.0,692.846228
2020-09-14 09:00:00,400.0,400.0,20.846138,21.647258,1715.62647,0.0,0.0,2186.722,0.0,744.464329
2020-09-14 10:00:00,400.0,400.0,21.288154,21.288154,1614.644079,0.0,0.0,2405.548,0.0,792.435588
2020-09-14 11:00:00,400.0,400.0,21.287879,22.492854,1633.514622,0.0,0.0,2753.87,0.0,841.853307
2020-09-14 12:00:00,400.0,400.0,21.287879,23.196123,1643.722646,0.0,0.0,2872.452,0.0,883.609403
2020-09-14 13:00:00,400.0,400.0,20.419098,27.602142,1891.524009,0.0,0.0,2820.586,0.0,917.409299
2020-09-14 14:00:00,400.0,400.0,21.647258,25.16642,2025.97752,0.0,0.0,2615.73,0.0,947.512872
2020-09-14 15:00:00,400.0,400.0,21.647258,25.9087,2128.827679,0.0,0.0,2473.118,0.0,963.943548
2020-09-14 16:00:00,400.0,400.0,23.069973,32.390039,1921.702727,0.0,0.0,2018.134,0.0,957.814691
2020-09-14 17:00:00,400.0,400.0,24.617414,77.128505,1594.909906,0.0,0.0,1237.62,0.0,913.006514
2020-09-14 18:00:00,400.0,400.0,26.500239,77.050889,1400.709049,0.0,0.0,764.818,0.0,899.866343
2020-09-14 19:00:00,400.0,400.0,26.429316,54.090821,1341.933268,0.0,0.0,672.196,0.0,872.58941
2020-09-14 20:00:00,400.0,400.0,26.429316,28.869726,1282.578208,0.0,0.0,545.222,0.0,829.446569
2020-09-14 21:00:00,400.0,400.0,25.9087,26.429316,1324.130325,0.0,0.0,511.254,0.0,764.868551
2020-09-14 22:00:00,400.0,400.0,23.206766,26.226355,1447.795335,0.0,0.0,467.6,0.0,686.5207
2020-09-14 23:00:00,400.0,400.0,23.437807,26.573681,1024.288531,0.0,0.0,338.02,0.0,624.10972
2020-09-15 00:00:00,400.0,400.0,22.732362,23.437807,1301.076103,0.0,0.0,315.352,0.0,579.191385
2020-09-15 01:00:00,400.0,400.0,23.069973,23.069973,1142.724854,0.0,0.0,290.284,0.0,552.668872
2020-09-15 02:00:00,400.0,400.0,22.732362,22.96816,1250.435377,0.0,0.0,299.28,0.0,531.126693
2020-09-15 03:00:00,400.0,400.0,22.576747,22.732362,1285.583717,0.0,0.0,297.67,0.0,525.612942
2020-09-15 04:00:00,400.0,400.0,22.96816,23.206766,1182.621603,0.0,0.0,307.8,0.0,542.57676
2020-09-15 05:00:00,400.0,400.0,23.206766,46.646865,992.778065,0.0,0.0,305.232,0.0,577.56809
2020-09-15 06:00:00,400.0,400.0,23.437807,21.647258,965.569669,0.0,0.0,496.166,0.0,611.63945
2020-09-15 07:00:00,400.0,400.0,21.647258,20.419098,1480.787311,0.0,0.0,1277.02,0.0,651.484903
2020-09-15 08:00:00,400.0,400.0,21.116411,20.419098,1673.55066,0.0,0.0,1864.982,0.0,710.764701
2020-09-15 09:00:00,400.0,400.0,21.287879,20.944367,1599.437204,0.0,0.0,2155.7,0.0,765.489419
2020-09-15 10:00:00,400.0,400.0,21.474047,21.288154,1547.977857,0.0,0.0,2458.07,0.0,818.563821
2020-09-15 11:00:00,400.0,400.0,21.843654,22.732362,1448.87574,0.0,0.0,2669.888,0.0,865.201839
2020-09-15 12:00:00,400.0,400.0,21.474047,26.530038,1541.460679,0.0,0.0,2707.588,0.0,907.969098
2020-09-15 13:00:00,400.0,400.0,22.516066,26.232188,1745.662631,0.0,0.0,2786.13,0.0,944.620105
2020-09-15 14:00:00,400.0,400.0,22.492854,24.617414,1783.12219,0.0,0.0,2641.038,0.0,968.237372
2020-09-15 15:00:00,400.0,400.0,22.576747,31.867812,1932.142292,0.0,0.0,2297.282,0.0,978.620956
2020-09-15 16:00:00,400.0,400.0,24.617414,72.928463,1680.78122,0.0,0.0,1727.88,0.0,964.814817
2020-09-15 17:00:00,400.0,400.0,25.758899,60.846881,1553.847475,0.0,0.0,1264.538,0.0,913.153579
2020-09-15 18:00:00,400.0,400.0,26.790897,72.949666,1194.271039,0.0,0.0,819.738,0.0,900.370044
2020-09-15 19:00:00,400.0,400.0,26.790897,29.242094,1170.223801,0.0,0.0,720.112,0.0,872.53323
2020-09-15 20:00:00,400.0,400.0,76.755559,29.770346,1007.739279,0.0,42.397529,618.718,0.0,828.446808
2020-09-15 21:00:00,400.0,400.0,81.727779,24.074771,323.47611,0.0,637.702873,488.116,0.0,758.480983
2020-09-15 22:00:00,400.0,400.0,127.274616,23.513126,176.544597,0.0,689.704355,443.252,0.0,683.541952
2020-09-15 23:00:00,400.0,400.0,77.755129,24.905985,351.635427,0.0,438.582659,371.416,0.0,623.517086
2020-09-16 00:00:00,400.0,400.0,76.429316,19.685338,612.724224,0.0,124.321942,342.652,0.0,580.039166
2020-09-16 01:00:00,400.0,400.0,23.437807,19.430296,841.770169,0.0,0.0,376.068,0.0,550.694675
2020-09-16 02:00:00,400.0,400.0,23.069973,19.68943,1010.855785,0.0,0.0,424.662,0.0,532.620932
2020-09-16 03:00:00,400.0,400.0,21.843654,19.034775,1217.921032,0.0,0.0,597.936,0.0,527.552245
2020-09-16 04:00:00,400.0,400.0,21.843654,19.68943,1229.44811,0.0,0.0,720.48,0.0,544.204783
2020-09-16 05:00:00,400.0,400.0,21.843654,19.983547,1227.38264,0.0,0.0,953.87,0.0,579.523104
2020-09-16 06:00:00,400.0,198.086664,21.116714,14.9805,1422.107209,0.0,0.0,1405.548,0.0,618.066119
2020-09-16 07:00:00,400.0,84.4,15.731586,0.0,2011.602396,0.0,0.0,2251.982,0.0,656.606941
2020-09-16 08:00:00,398.0,111.846066,14.9805,14.984131,2051.47921,0.0,0.0,2653.21,0.0,710.809618
2020-09-16 09:00:00,324.948211,339.648639,14.9805,14.9805,2118.451789,0.0,0.0,3030.98,0.0,757.429232
2020-09-16 10:00:00,218.405118,400.0,14.9805,19.685338,2220.994882,0.0,0.0,3406.63,0.0,798.395268
2020-09-16 11:00:00,156.330999,400.0,14.989549,21.116411,2261.086966,0.0,0.0,3728.998,0.0,840.736655
2020-09-16 12:00:00,135.460645,400.0,14.9805,25.549736,2297.939356,0.0,0.0,3840.382,0.0,877.416397
2020-09-16 13:00:00,115.418259,400.0,14.995579,25.423382,2427.789937,0.0,0.0,3822.836,0.0,908.556909
2020-09-16 14:00:00,18.834863,400.0,15.0,28.613854,2642.023087,0.0,0.0,3870.457821,20.260179,936.81521
2020-09-16 15:00:00,155.620388,400.0,15.0,23.069973,2466.117721,0.0,0.0,3589.603851,55.378149,948.82292
2020-09-16 16:00:00,326.846768,400.0,15.0,27.087868,2149.997355,0.0,0.0,3137.30626,53.33174,931.696336
2020-09-16 17:00:00,400.0,400.0,21.474047,29.695437,1915.032138,0.0,0.0,2511.360343,43.871657,877.999231
2020-09-16 18:00:00,400.0,400.0,24.504995,24.749386,1474.671009,0.0,0.0,2000.897888,63.350112,870.784032
2020-09-16 19:00:00,400.0,400.0,22.96816,77.464999,1686.563566,0.0,0.0,1998.784091,69.013909,855.633079
2020-09-16 20:00:00,337.233143,400.0,15.0,68.630503,2210.839878,0.0,0.0,2327.664519,88.739481,814.323696
2020-09-16 21:00:00,219.377021,400.0,15.0,25.104954,2646.342219,0.0,0.0,2359.815959,118.138041,753.821061
2020-09-16 22:00:00,288.252356,400.0,14.978232,29.475143,2493.147644,0.0,0.0,2197.695585,40.106415,682.732191
2020-09-16 23:00:00,398.0,400.0,14.975624,21.328099,1890.0,0.0,0.0,2273.685191,37.950809,624.852779
2020-09-17 00:00:00,90.10635,400.0,14.975624,21.474047,2188.29365,0.0,0.0,2302.753131,70.584869,584.468922
2020-09-17 01:00:00,0.0,400.0,0.0,20.234035,2296.0,0.0,0.0,2238.313553,328.976447,558.647033
2020-09-17 02:00:00,0.0,278.32225,0.0,14.975624,2296.0,0.0,0.0,2105.745715,414.102285,538.761857
2020-09-17 03:00:00,0.0,164.531588,0.0,14.975624,2294.0,0.0,0.0,2077.923555,353.828445,534.888533
2020-09-17 04:00:00,0.0,131.615854,0.0,14.975624,2289.0,0.0,0.0,2167.83736,131.07264,549.125604
2020-09-17 05:00:00,78.366089,340.954992,14.9805,17.08391,2200.033911,0.0,0.0,2351.73,0.0,590.054413
2020-09-17 06:00:00,163.004931,133.4,14.9805,0.0,2112.395069,0.0,0.0,2550.89,0.0,633.07424
2020-09-17 07:00:00,0.0,134.4,0.0,0.0,2242.0,0.0,0.0,2877.311749,12.288251,662.596762
2020-09-17 08:00:00,114.084162,81.344323,14.977625,14.989846,2116.315839,0.0,0.0,3042.418,0.0,706.215324
2020-09-17 09:00:00,40.527785,400.0,14.988214,19.034775,2093.75385,0.0,0.0,3268.71,0.0,743.543423
2020-09-17 10:00:00,256.885351,400.0,14.977625,20.419098,1973.51465,0.0,0.0,3353.89,0.0,774.356303
2020-09-17 11:00:00,400.0,400.0,18.861019,20.846138,1715.590417,0.0,0.0,3230.95,0.0,794.603937
2020-09-17 12:00:00,400.0,400.0,19.68943,26.884529,1586.988403,0.0,0.0,3230.432,0.0,816.21654
2020-09-17 13:00:00,400.0,400.0,20.846138,21.116714,1368.38903,0.0,0.0,3142.79,0.0,833.460145
2020-09-17 14:00:00,400.0,400.0,21.116714,20.400003,1294.586025,0.0,0.0,3208.266,0.0,854.351996
2020-09-17 15:00:00,400.0,400.0,22.185841,21.474047,1087.052628,0.0,0.0,2814.788,0.0,851.960306
2020-09-17 16:00:00,400.0,400.0,21.116411,22.114358,1466.121898,0.0,0.0,2410.072,0.0,838.642515
2020-09-17 17:00:00,400.0,400.0,23.128644,33.105471,1437.768083,0.0,0.0,1443.778,0.0,806.701488
2020-09-17 18:00:00,400.0,400.0,24.617414,76.245579,1356.730951,0.0,0.0,1144.454,0.0,805.308457
2020-09-17 19:00:00,400.0,400.0,24.617414,72.354205,1361.679704,0.0,0.0,1192.446,0.0,808.164944
2020-09-17 20:00:00,400.0,400.0,22.576747,23.444698,1865.511077,0.0,0.0,1424.9,0.0,767.458338
2020-09-17 21:00:00,400.0,400.0,22.516066,23.437807,1522.372001,0.0,0.0,1455.402,0.0,717.0045
2020-09-17 22:00:00,400.0,400.0,21.116714,21.637116,1789.441578,0.0,0.0,1252.082,0.0,646.446063
2020-09-17 23:00:00,400.0,400.0,19.983547,21.647258,1879.705741,0.0,0.0,1334.618,0.0,592.036839
2020-09-18 00:00:00,400.0,400.0,19.034775,21.116411,2066.729642,0.0,0.0,1257.85,0.0,552.468054
2020-09-18 01:00:00,400.0,400.0,18.573789,20.846138,2156.46379,0.0,0.0,1174.25,0.0,526.467931
2020-09-18 02:00:00,400.0,400.0,19.983547,21.116714,1853.304803,0.0,0.0,745.75,0.0,507.66678
2020-09-18 03:00:00,400.0,400.0,19.983547,20.846138,1860.583093,0.0,0.0,730.878,0.0,504.344236
2020-09-18 04:00:00,400.0,400.0,19.983547,21.288154,1874.571245,0.0,0.0,828.004,0.0,516.814913
2020-09-18 05:00:00,400.0,400.0,21.287879,21.647258,1626.606223,0.0,0.0,836.936,0.0,555.349467
2020-09-18 06:00:00,400.0,400.0,21.116714,19.034775,1660.923358,0.0,0.0,1099.65,0.0,589.608996
2020-09-18 07:00:00,400.0,400.0,19.034775,19.034775,2081.626508,0.0,0.0,1737.016,0.0,622.108424
2020-09-18 08:00:00,400.0,400.0,19.034775,19.685338,2046.419778,0.0,0.0,1961.152,0.0,661.009833
2020-09-18 09:00:00,400.0,400.0,18.861019,20.419098,2135.976152,0.0,0.0,2257.396,0.0,692.012977
2020-09-18 10:00:00,254.176584,400.0,14.9805,19.685338,2385.223416,0.0,0.0,2651.298,0.0,713.711188
2020-09-18 11:00:00,65.659576,400.0,14.9805,19.685338,2571.740424,0.0,0.0,2980.436,0.0,735.104336
2020-09-18 12:00:00,0.0,400.0,0.0,18.861019,2640.0,0.0,0.0,3166.551422,174.914578,752.782713
2020-09-18 13:00:00,0.0,400.0,0.0,19.430296,2641.0,0.0,0.0,3224.871736,209.628264,761.38076
2020-09-18 14:00:00,0.949054,400.0,14.979622,20.419098,2629.450946,0.0,0.0,3302.768,0.0,774.797558
2020-09-18 15:00:00,0.0,400.0,0.0,21.288154,2637.0,0.0,0.0,3076.409104,183.740896,765.211366
2020-09-18 16:00:00,400.0,400.0,18.573789,23.069973,2346.410933,0.0,0.0,2557.55,0.0,758.72086
2020-09-18 17:00:00,400.0,400.0,21.287879,60.499783,1829.036594,0.0,0.0,1780.778,0.0,719.811211
2020-09-18 18:00:00,400.0,400.0,23.069973,76.429316,1376.883529,0.0,0.0,1205.99,0.0,715.815971
2020-09-18 19:00:00,400.0,400.0,23.206766,27.438989,1236.871533,0.0,0.0,1152.048,0.0,714.32647
2020-09-18 20:00:00,400.0,400.0,23.128644,25.953694,1153.821425,0.0,0.0,1208.97,0.0,682.072286
2020-09-18 21:00:00,400.0,400.0,22.185841,27.609808,1456.100798,0.0,0.0,1205.33,0.0,636.18438
2020-09-18 22:00:00,400.0,400.0,21.647258,23.031746,1178.984479,0.0,0.0,1307.762,0.0,586.616628
2020-09-18 23:00:00,400.0,400.0,20.846138,20.846138,1174.238922,0.0,0.0,1332.732,0.0,537.823962
2020-09-19 00:00:00,400.0,400.0,20.400003,22.81312,866.917947,0.0,0.0,1555.702,0.0,502.767608
2020-09-19 01:00:00,400.0,400.0,20.234035,19.034775,1037.53868,0.0,0.0,1671.395821,56.802179,476.228571
2020-09-19 02:00:00,294.199848,400.0,14.975624,27.069187,1317.200153,0.0,0.0,1810.104361,64.909639,456.285631
2020-09-19 03:00:00,137.999192,400.0,14.9805,19.430296,1474.400809,0.0,0.0,1952.668,0.0,452.890079
2020-09-19 04:00:00,14.872514,400.0,14.975624,18.861019,1601.527486,0.0,0.0,2075.887503,99.480497,452.304003
2020-09-19 05:00:00,42.699652,91.296047,14.9805,14.9805,1570.700348,0.0,0.0,2067.662,0.0,455.694248
2020-09-19 06:00:00,0.0,80.4,0.0,-0.0,1620.0,0.0,0.0,2164.669804,53.832196,462.850471
2020-09-19 07:00:00,0.0,85.4,0.0,-0.0,1615.0,0.0,0.0,2412.172113,593.825887,500.725817
2020-09-19 08:00:00,0.0,88.4,0.0,-0.0,1615.0,0.0,0.0,2704.431062,863.814938,544.564659
2020-09-19 09:00:00,0.0,88.4,0.0,-0.0,1614.0,0.0,0.0,2853.76426,1092.18374,567.114639
2020-09-19 10:00:00,0.0,88.4,0.0,-0.0,1611.0,0.0,0.0,3182.893221,797.436779,616.933983
2020-09-19 11:00:00,0.0,81.4,0.0,-0.0,1611.0,0.0,0.0,3313.580577,1010.937423,636.537087
2020-09-19 12:00:00,0.0,75.4,0.0,-0.0,1608.0,0.0,0.0,3427.184227,862.511773,654.027634
2020-09-19 13:00:00,0.0,265.297178,0.0,14.979622,1608.0,0.0,0.0,3488.195656,841.634344,663.179348
2020-09-19 14:00:00,0.0,400.0,0.0,19.430296,1608.0,0.0,0.0,3415.260137,732.637863,677.739021
2020-09-19 15:00:00,0.0,400.0,0.0,20.419098,1793.0,0.0,0.0,3126.843592,828.928408,685.476539
2020-09-19 16:00:00,0.0,400.0,0.0,22.576747,2164.0,0.0,0.0,2959.614083,573.797917,685.742112
2020-09-19 17:00:00,0.0,400.0,0.0,74.39818,2353.0,0.0,0.0,2598.611832,255.984168,661.291775
2020-09-19 18:00:00,178.696122,400.0,14.975972,73.657594,2398.303878,0.0,0.0,2473.282515,11.765485,670.046796
2020-09-19 19:00:00,400.0,400.0,18.072542,27.112702,2072.03472,0.0,0.0,2254.638,0.0,674.790492
2020-09-19 20:00:00,398.076481,400.0,15.0,22.576747,2134.323519,0.0,0.0,2103.638,0.0,642.797172
2020-09-19 21:00:00,211.029123,400.0,14.9805,21.843654,2320.370878,0.0,0.0,2061.754,0.0,608.607468
2020-09-19 22:00:00,206.833784,400.0,14.9805,19.430296,2140.566217,0.0,0.0,1915.038,0.0,560.320767
2020-09-19 23:00:00,292.174928,400.0,14.9805,20.419098,1687.225073,0.0,0.0,1872.988,0.0,515.514439
2020-09-20 00:00:00,400.0,400.0,18.861019,21.116411,1262.607458,0.0,0.0,1626.2,0.0,480.688881
2020-09-20 01:00:00,398.0,400.0,14.9805,24.833309,1376.0,0.0,0.0,1589.425556,14.954444,458.163833
2020-09-20 02:00:00,398.0,400.0,14.9805,21.116411,1377.0,0.0,0.0,1476.999958,6.884042,441.149994
2020-09-20 03:00:00,331.298654,400.0,14.9805,28.460993,1430.101346,0.0,0.0,1451.2,0.0,429.314798
2020-09-20 04:00:00,400.0,400.0,18.861019,21.116714,1266.458931,0.0,0.0,1323.4,0.0,434.69116
2020-09-20 05:00:00,327.177415,400.0,14.9805,18.861019,1435.222585,0.0,0.0,1428.932,0.0,425.206412
2020-09-20 06:00:00,100.483925,84.4,14.9805,0.0,1658.916075,0.0,0.0,1695.38,0.0,431.619589
2020-09-20 07:00:00,0.0,84.4,0.0,0.0,1767.0,0.0,0.0,1954.040674,626.941326,454.206101
2020-09-20 08:00:00,0.0,84.4,0.0,0.0,1765.0,0.0,0.0,2283.136476,670.111524,503.870471
2020-09-20 09:00:00,0.0,52.4,0.0,0.0,1769.0,0.0,0.0,2540.191284,454.708716,541.828693
2020-09-20 10:00:00,0.0,37.4,0.0,14.981951,1780.0,0.0,0.0,2789.954576,180.363424,577.643186
2020-09-20 11:00:00,0.0,186.342953,0.0,14.981951,1785.0,0.0,0.0,3026.556666,32.375334,612.3835
2020-09-20 12:00:00,112.90007,400.0,14.9805,19.034775,1659.49993,0.0,0.0,3088.552,0.0,640.50781
2020-09-20 13:00:00,400.0,400.0,16.970947,20.604215,1359.515159,0.0,0.0,2970.53,0.0,672.302226
2020-09-20 14:00:00,400.0,400.0,18.861019,24.076417,1325.936745,0.0,0.0,2850.848,0.0,701.086688
2020-09-20 15:00:00,400.0,400.0,18.573789,22.948221,1623.016837,0.0,0.0,2641.254,0.0,717.785574
2020-09-20 16:00:00,400.0,400.0,19.68943,25.188055,1730.654572,0.0,0.0,2072.202,0.0,722.782114
2020-09-20 17:00:00,400.0,400.0,22.516066,27.583798,1592.766148,0.0,0.0,1236.202,0.0,699.065378
2020-09-20 18:00:00,400.0,400.0,23.657594,76.755559,1235.253447,0.0,0.0,737.504,0.0,714.037583
2020-09-20 19:00:00,400.0,400.0,25.9087,70.145367,1054.024012,0.0,0.0,592.666,0.0,711.096298
2020-09-20 20:00:00,400.0,400.0,23.444698,26.324557,1270.762472,0.0,0.0,558.018,0.0,673.388329
2020-09-20 21:00:00,400.0,400.0,23.437807,23.87513,1124.529217,0.0,0.0,443.798,0.0,624.940317
2020-09-20 22:00:00,400.0,400.0,23.069973,24.617414,1106.962773,0.0,0.0,382.084,0.0,565.068184
2020-09-20 23:00:00,400.0,400.0,73.657594,23.744773,619.636771,0.0,35.187713,281.1,0.0,516.519484
2020-09-21 00:00:00,400.0,400.0,23.069973,23.069973,844.212919,0.0,0.0,281.648,0.0,482.915262
2020-09-21 01:00:00,400.0,400.0,22.732362,22.732362,930.123804,0.0,0.0,230.19,0.0,462.309929
2020-09-21 02:00:00,400.0,400.0,22.185841,22.185841,1018.008227,0.0,0.0,237.498,0.0,450.223466
2020-09-21 03:00:00,400.0,400.0,21.647258,22.185841,1090.318467,0.0,0.0,249.632,0.0,441.19703
2020-09-21 04:00:00,400.0,400.0,23.128644,23.128644,776.828391,0.0,0.0,284.886,0.0,493.508641
2020-09-21 05:00:00,400.0,400.0,23.128644,64.859843,731.05021,0.0,0.0,261.49,0.0,504.065968
2020-09-21 06:00:00,400.0,400.0,23.128644,19.983547,770.692507,0.0,0.0,540.268,0.0,532.736324
2020-09-21 07:00:00,400.0,400.0,20.400003,15.717788,1391.265943,0.0,0.0,1426.67,0.0,572.610609
2020-09-21 08:00:00,400.0,400.0,18.463561,14.982507,1782.251133,0.0,0.0,2100.772,0.0,615.07813
2020-09-21 09:00:00,191.709553,328.959434,14.981951,14.982507,2081.690447,0.0,0.0,2649.404,0.0,652.457033
2020-09-21 10:00:00,0.0,400.0,0.0,14.982507,2277.0,0.0,0.0,3079.376954,95.775046,687.656543
2020-09-21 11:00:00,163.754429,400.0,14.981951,18.861019,2107.645571,0.0,0.0,3182.372,0.0,728.508964
2020-09-21 12:00:00,400.0,400.0,16.970947,19.68943,1835.087404,0.0,0.0,3021.404,0.0,745.247489
2020-09-21 13:00:00,400.0,400.0,19.68943,20.846138,1517.776998,0.0,0.0,2921.478,0.0,777.85515
2020-09-21 14:00:00,400.0,400.0,20.400003,21.843654,1390.111181,0.0,0.0,2758.25,0.0,798.020823
2020-09-21 15:00:00,400.0,400.0,20.419098,24.103303,1552.121144,0.0,0.0,2518.154,0.0,816.454928
2020-09-21 16:00:00,400.0,400.0,21.647258,28.117244,1657.098271,0.0,0.0,2093.612,0.0,818.027059
2020-09-21 17:00:00,400.0,400.0,23.206766,76.245579,1396.15138,0.0,0.0,1333.32,0.0,777.775293
2020-09-21 18:00:00,400.0,400.0,26.324557,69.832998,1043.343504,0.0,0.0,959.86,0.0,776.027474
2020-09-21 19:00:00,400.0,400.0,26.324557,27.865567,1081.203628,0.0,0.0,916.25,0.0,763.806956
2020-09-21 20:00:00,400.0,400.0,23.437807,26.464092,1323.131888,0.0,0.0,819.288,0.0,712.973417
2020-09-21 21:00:00,400.0,400.0,26.324557,23.069973,858.762576,0.0,0.0,683.552,0.0,655.768414
2020-09-21 22:00:00,400.0,400.0,24.617414,22.96816,788.927751,0.0,0.0,503.632,0.0,586.005637
2020-09-21 23:00:00,400.0,400.0,23.87513,23.069973,687.899516,0.0,0.0,360.646,0.0,526.461973
2020-09-22 00:00:00,400.0,400.0,22.96816,21.905537,935.700955,0.0,0.0,428.368,0.0,491.200057
2020-09-22 01:00:00,400.0,400.0,74.617414,21.905537,367.26807,0.0,241.827119,456.916,0.0,474.247189
2020-09-22 02:00:00,400.0,400.0,23.069973,20.547985,601.656869,0.0,0.0,481.214,0.0,442.73357
2020-09-22 03:00:00,400.0,400.0,73.437807,20.42044,521.401325,0.0,60.064776,463.102,0.0,452.055101
2020-09-22 04:00:00,400.0,400.0,74.617414,20.526636,363.103821,0.0,237.727106,417.93,0.0,469.023927
2020-09-22 05:00:00,400.0,400.0,127.274616,21.122752,81.353254,0.0,565.048058,389.362,0.0,507.001312
2020-09-22 06:00:00,400.0,85.4,152.274563,0.0,55.877123,0.0,669.231109,562.252,0.0,536.756232
2020-09-22 07:00:00,400.0,85.4,72.492854,0.0,682.426837,0.0,67.285237,1397.714,0.0,568.093074
2020-09-22 08:00:00,400.0,88.4,20.419098,0.0,1061.564831,0.0,0.0,2089.462,0.0,614.984575
2020-09-22 09:00:00,400.0,84.4,19.685338,0.0,1240.524974,0.0,0.0,2469.538,0.0,645.151954
2020-09-22 10:00:00,400.0,84.4,19.685338,0.0,1236.449039,0.0,0.0,2760.612,0.0,689.424444
2020-09-22 11:00:00,400.0,191.101147,19.983547,14.979622,1124.272772,0.0,0.0,2902.7,0.0,727.564084
2020-09-22 12:00:00,400.0,400.0,71.116411,19.9856,960.24381,0.0,14.322118,2985.83,0.0,764.637928
2020-09-22 13:00:00,400.0,400.0,19.983547,25.332766,1155.171541,0.0,0.0,2909.882,0.0,800.506569
2020-09-22 14:00:00,400.0,400.0,20.419098,24.93731,1592.769117,0.0,0.0,2816.81,0.0,829.656132
2020-09-22 15:00:00,400.0,400.0,22.732362,23.069973,1329.708285,0.0,0.0,2457.064,0.0,842.903357
2020-09-22 16:00:00,400.0,400.0,22.185841,26.220224,1450.30722,0.0,0.0,2002.696,0.0,833.158317
2020-09-22 17:00:00,400.0,400.0,23.206766,70.082512,1581.230785,0.0,0.0,1294.048,0.0,790.472582
2020-09-22 18:00:00,400.0,400.0,23.444698,76.586005,1450.653724,0.0,0.0,1099.7,0.0,788.106941
2020-09-22 19:00:00,400.0,400.0,23.128644,27.214109,1632.48059,0.0,0.0,1281.196,0.0,780.857311
2020-09-22 20:00:00,400.0,400.0,22.656017,24.617414,1787.235765,0.0,0.0,1508.568396,95.781604,738.499895
2020-09-22 21:00:00,400.0,400.0,22.632352,25.656821,1658.5666,0.0,0.0,1343.828155,271.291845,679.839233
2020-09-22 22:00:00,400.0,400.0,22.709794,25.061654,1168.543971,0.0,0.0,1119.730259,243.933741,613.227943
2020-09-22 23:00:00,400.0,400.0,21.708134,22.500427,1275.494174,0.0,0.0,1272.268109,251.265891,555.41609
2020-09-23 00:00:00,400.0,400.0,21.368347,23.701939,1114.849653,0.0,0.0,1219.047127,166.380873,518.279621
2020-09-23 01:00:00,400.0,400.0,21.843654,23.516534,677.609791,0.0,0.0,989.216,0.0,496.140931
2020-09-23 02:00:00,400.0,400.0,20.234035,21.905537,1311.491151,0.0,0.0,1521.621857,25.610143,480.919606
2020-09-23 03:00:00,45.48065,400.0,14.975624,19.899927,1815.919351,0.0,0.0,2011.190244,220.143756,478.690634
2020-09-23 04:00:00,64.063805,400.0,14.975624,18.861019,1793.336195,0.0,0.0,2098.408826,51.189174,495.160895
2020-09-23 05:00:00,307.975448,400.0,14.975624,19.983547,1554.424553,0.0,0.0,2129.789214,205.762786,535.704699
2020-09-23 06:00:00,345.333911,191.323738,14.975624,14.979622,1514.06609,0.0,0.0,2312.035998,240.462002,569.095486
2020-09-23 07:00:00,0.0,86.4,0.0,-0.0,1865.0,0.0,0.0,2843.261182,548.054818,596.139177
2020-09-23 08:00:00,0.0,87.4,-0.0,-0.0,1858.0,0.0,0.0,3130.362845,721.221155,640.254427
2020-09-23 09:00:00,0.0,84.4,-0.0,-0.0,1855.0,0.0,0.0,3362.807149,743.490851,675.571072
2020-09-23 10:00:00,0.0,82.4,-0.0,14.979622,1853.0,0.0,0.0,3561.632109,582.481891,705.694816
2020-09-23 11:00:00,0.0,158.60798,-0.0,14.979622,1852.0,0.0,0.0,3712.143858,526.606142,728.421579
2020-09-23 12:00:00,0.0,269.872145,-0.0,14.979622,1851.0,0.0,0.0,3848.797534,492.772466,749.06963
2020-09-23 13:00:00,0.0,379.545379,0.0,18.067682,1849.0,0.0,0.0,3923.022303,385.445697,760.503345
2020-09-23 14:00:00,0.0,400.0,0.0,16.628861,1849.0,0.0,0.0,3958.155183,173.146817,765.773277
2020-09-23 15:00:00,0.0,392.650199,0.0,16.128785,1850.0,0.0,0.0,3647.489431,429.562569,770.023415
2020-09-23 16:00:00,130.916147,400.0,14.975095,20.246804,2089.083853,0.0,0.0,3252.844079,39.141921,755.964034
2020-09-23 17:00:00,400.0,400.0,18.072542,26.009166,1944.320656,0.0,0.0,2495.312,0.0,717.298702
2020-09-23 18:00:00,400.0,400.0,19.430296,68.164964,1899.190308,0.0,0.0,2311.44,0.0,724.237454
2020-09-23 19:00:00,400.0,400.0,19.034775,76.127113,1962.793119,0.0,0.0,2258.8,0.0,723.301032
2020-09-23 20:00:00,271.256522,400.0,14.981951,29.698837,2356.143478,0.0,0.0,2447.264,0.0,684.318078
2020-09-23 21:00:00,48.857205,400.0,14.980658,25.32007,2365.542795,0.0,0.0,2469.617703,327.542297,633.011236
2020-09-23 22:00:00,22.284532,251.593119,14.980658,16.197535,2044.115468,0.0,0.0,2308.394233,332.369767,569.891815
2020-09-23 23:00:00,134.564991,76.433807,14.980658,14.980658,1561.835009,0.0,0.0,2208.091475,290.838525,520.68847
2020-09-24 00:00:00,189.865678,205.829058,14.980658,14.978232,1318.534322,0.0,0.0,2075.333202,267.018798,484.019832
2020-09-24 01:00:00,400.0,400.0,18.52187,18.514631,926.570445,0.0,0.0,1876.114929,323.987071,459.681673
2020-09-24 02:00:00,276.892293,295.561489,14.978232,14.978232,1088.507707,0.0,0.0,1963.064318,322.697682,448.433492
2020-09-24 03:00:00,109.625775,189.509407,14.978232,14.978232,1258.774225,0.0,0.0,2101.261085,291.170915,443.623029
2020-09-24 04:00:00,235.2578,329.227948,14.978232,14.978232,1129.1422,0.0,0.0,2085.833591,195.836409,460.753709
2020-09-24 05:00:00,269.420384,400.0,14.978232,17.379959,1095.979616,0.0,0.0,2304.662886,57.369114,498.552491
2020-09-24 06:00:00,267.180694,64.4,14.978232,-0.0,1100.219306,0.0,0.0,2537.035526,160.782474,532.772433
2020-09-24 07:00:00,0.0,61.4,0.0,-0.0,1372.0,0.0,0.0,2978.846643,609.757357,558.276996
2020-09-24 08:00:00,0.0,66.4,0.0,-0.0,1363.0,0.0,0.0,3217.054599,650.365401,595.35819
2020-09-24 09:00:00,0.0,85.4,-0.0,-0.0,1369.0,0.0,0.0,3409.145381,1148.234619,623.271807
2020-09-24 10:00:00,0.0,88.4,-0.0,-0.0,1369.0,0.0,0.0,3621.737444,1361.914556,655.160617
2020-09-24 11:00:00,0.0,83.4,-0.0,-0.0,1360.0,0.0,0.0,3771.613163,1070.486837,678.991974
2020-09-24 12:00:00,0.0,83.4,0.0,-0.0,1353.0,0.0,0.0,3912.242899,761.993101,701.136435
2020-09-24 13:00:00,0.0,154.518975,0.0,14.979622,1351.0,0.0,0.0,4039.484677,584.153323,720.522702
2020-09-24 14:00:00,0.0,113.588544,0.0,16.827626,1350.0,0.0,0.0,4003.31123,277.83677,740.746685
2020-09-24 15:00:00,0.0,271.39092,0.0,16.333906,1535.0,0.0,0.0,3731.22886,350.75714,750.934329
2020-09-24 16:00:00,0.0,400.0,14.191367,30.142753,1900.511406,0.0,0.0,3325.28735,20.88065,741.716392
2020-09-24 17:00:00,297.191153,400.0,15.0,22.727939,1603.539366,0.0,0.0,2457.610051,72.121949,711.610603
2020-09-24 18:00:00,400.0,400.0,24.749386,75.975774,964.607043,0.0,0.0,1797.935902,261.854098,721.399329
2020-09-24 19:00:00,400.0,400.0,76.141538,70.143141,873.18816,0.0,63.82607,1628.263029,161.054971,720.01123
2020-09-24 20:00:00,400.0,400.0,24.749386,23.080108,938.231726,0.0,0.0,1446.696039,286.719961,683.019647
2020-09-24 21:00:00,400.0,400.0,22.972766,22.709794,1216.380304,0.0,0.0,1399.070984,260.839016,634.153602
2020-09-24 22:00:00,400.0,400.0,21.708134,20.547985,1496.396985,0.0,0.0,1265.750695,248.403305,572.153056
2020-09-24 23:00:00,400.0,400.0,22.709794,21.905537,876.453323,0.0,0.0,998.89074,157.03126,518.615613
2020-09-25 00:00:00,400.0,400.0,21.287879,21.122752,1004.056921,0.0,0.0,951.262,0.0,484.080762
2020-09-25 01:00:00,400.0,400.0,19.685338,19.958349,1239.681614,0.0,0.0,1062.8,0.0,465.467758
2020-09-25 02:00:00,400.0,315.701124,19.034775,17.170533,1351.706461,0.0,0.0,1094.87,0.0,453.474531
2020-09-25 03:00:00,400.0,400.0,19.68943,18.861019,1236.253081,0.0,0.0,981.33,0.0,453.761538
2020-09-25 04:00:00,400.0,400.0,20.419098,19.68943,1133.252816,0.0,0.0,989.432,0.0,470.426878
2020-09-25 05:00:00,400.0,400.0,22.656017,25.315507,898.279813,0.0,0.0,1026.00766,79.52434,511.159177
2020-09-25 06:00:00,400.0,171.868645,22.972766,14.975624,815.206415,0.0,0.0,1176.962262,106.017738,546.263377
2020-09-25 07:00:00,400.0,84.4,18.463561,0.0,1455.418164,0.0,0.0,1995.04,0.0,572.943275
2020-09-25 08:00:00,400.0,81.4,16.970947,14.9805,1510.117283,0.0,0.0,2296.67,0.0,609.982908
2020-09-25 09:00:00,400.0,201.557834,15.731586,14.981951,1525.219849,0.0,0.0,2484.788,0.0,635.935223
2020-09-25 10:00:00,400.0,185.185678,15.731586,14.981951,1556.590792,0.0,0.0,2647.382,0.0,655.618681
2020-09-25 11:00:00,400.0,274.170903,15.731586,14.981951,1525.774974,0.0,0.0,2744.55,0.0,674.816254
2020-09-25 12:00:00,400.0,281.649511,16.970947,15.717231,1512.110385,0.0,0.0,2824.77,0.0,688.898942
2020-09-25 13:00:00,400.0,400.0,15.731586,18.861019,1556.579109,0.0,0.0,2937.512,0.0,699.139934
2020-09-25 14:00:00,400.0,400.0,19.685338,21.671703,1255.239795,0.0,0.0,2681.412,0.0,705.925831
2020-09-25 15:00:00,400.0,400.0,19.034775,23.302357,1334.119224,0.0,0.0,2582.164,0.0,704.706716
2020-09-25 16:00:00,400.0,400.0,16.970947,26.7855,1697.184349,0.0,0.0,2116.048,0.0,689.079548
2020-09-25 17:00:00,400.0,400.0,22.516066,28.398277,1615.128797,0.0,0.0,1260.0,0.0,666.43068
2020-09-25 18:00:00,400.0,400.0,23.128644,77.050889,1372.731711,0.0,0.0,973.162,0.0,677.914543
2020-09-25 19:00:00,400.0,400.0,24.617414,67.779636,1220.726261,0.0,0.0,892.68,0.0,684.443061
2020-09-25 20:00:00,400.0,400.0,22.96816,26.324557,1439.839081,0.0,0.0,884.24,0.0,633.060138
2020-09-25 21:00:00,400.0,400.0,23.128644,26.429316,1201.590105,0.0,0.0,803.932,0.0,603.501284
2020-09-25 22:00:00,400.0,400.0,23.128644,24.174254,1221.741804,0.0,0.0,557.762,0.0,563.553029
2020-09-25 23:00:00,400.0,400.0,23.206766,23.657594,952.144152,0.0,0.0,335.73,0.0,517.437877
2020-09-26 00:00:00,400.0,400.0,23.206766,26.337594,775.360375,0.0,0.0,278.372,0.0,482.101744
2020-09-26 01:00:00,400.0,400.0,23.069973,23.657594,876.837809,0.0,0.0,223.73,0.0,458.683829
2020-09-26 02:00:00,400.0,400.0,22.732362,23.128644,1031.035056,0.0,0.0,269.884,0.0,442.477342
2020-09-26 03:00:00,400.0,400.0,22.576747,23.128644,1047.588832,0.0,0.0,243.248,0.0,435.998875
2020-09-26 04:00:00,400.0,400.0,22.732362,23.206766,1004.44611,0.0,0.0,229.252,0.0,440.370884
2020-09-26 05:00:00,400.0,400.0,22.732362,23.128644,996.527057,0.0,0.0,261.92,0.0,446.458941
2020-09-26 06:00:00,400.0,400.0,22.516066,19.034775,1108.834905,0.0,0.0,453.102,0.0,458.290064
2020-09-26 07:00:00,398.0,164.447239,14.981951,14.981951,1837.0,0.0,0.0,1357.748863,3.561137,484.762329
2020-09-26 08:00:00,104.877138,28.4,14.981951,14.981951,2117.522862,0.0,0.0,1986.402,0.0,536.981871
2020-09-26 09:00:00,0.0,26.4,0.0,14.981951,2232.0,0.0,0.0,2308.756293,81.893707,568.163444
2020-09-26 10:00:00,0.0,26.4,0.0,0.0,2230.0,0.0,0.0,2486.971098,115.378902,595.195665
2020-09-26 11:00:00,0.0,7.4,0.0,3.792271,2229.0,0.0,0.0,2603.862627,160.725373,612.879394
2020-09-26 12:00:00,0.0,35.418932,0.0,14.981951,2226.0,0.0,0.0,2694.26855,142.68545,626.890282
2020-09-26 13:00:00,23.855763,227.42371,14.981951,14.981951,2190.544237,0.0,0.0,2764.07,0.0,642.678864
2020-09-26 14:00:00,283.059381,400.0,14.981951,19.034775,1930.340619,0.0,0.0,2584.552,0.0,654.781707
2020-09-26 15:00:00,400.0,400.0,18.861019,21.474047,1661.27389,0.0,0.0,2362.722,0.0,661.867216
2020-09-26 16:00:00,400.0,400.0,19.68943,24.33176,1495.85431,0.0,0.0,1842.33,0.0,655.121354
2020-09-26 17:00:00,400.0,400.0,22.516066,27.366282,1353.391537,0.0,0.0,1016.364,0.0,637.345869
2020-09-26 18:00:00,400.0,400.0,23.206766,76.324557,1169.26092,0.0,0.0,707.212,0.0,648.742662
2020-09-26 19:00:00,400.0,400.0,24.617414,63.12977,976.206086,0.0,0.0,579.17,0.0,656.094587
2020-09-26 20:00:00,400.0,400.0,23.128644,26.431415,1219.02762,0.0,0.0,569.32,0.0,618.193857
2020-09-26 21:00:00,400.0,400.0,23.657594,26.786486,917.830521,0.0,0.0,421.998,0.0,588.025122
2020-09-26 22:00:00,400.0,400.0,23.128644,25.765437,1077.354415,0.0,0.0,301.19,0.0,545.975338
2020-09-26 23:00:00,400.0,340.997817,22.492854,23.128644,1330.19216,0.0,0.0,273.168,0.0,503.846376
2020-09-27 00:00:00,400.0,400.0,22.732362,24.195954,862.500629,0.0,0.0,293.23,0.0,470.509406
2020-09-27 01:00:00,400.0,400.0,23.128644,25.395526,619.330524,0.0,0.0,248.95,0.0,447.092921
2020-09-27 02:00:00,400.0,400.0,22.96816,23.069973,729.115424,0.0,0.0,263.852,0.0,432.860486
2020-09-27 03:00:00,400.0,400.0,22.492854,23.069973,834.418806,0.0,0.0,297.462,0.0,422.106479
2020-09-27 04:00:00,400.0,400.0,22.516066,23.069973,823.379891,0.0,0.0,309.386,0.0,425.550916
2020-09-27 05:00:00,400.0,400.0,22.492854,22.96816,844.787868,0.0,0.0,311.952,0.0,422.72462
2020-09-27 06:00:00,400.0,395.109003,21.288154,18.072542,1007.923915,0.0,0.0,485.77,0.0,424.326913
2020-09-27 07:00:00,217.133605,45.092678,14.981951,14.981951,1844.266395,0.0,0.0,1464.768,0.0,445.725241
2020-09-27 08:00:00,0.0,33.4,0.0,0.0,2073.0,0.0,0.0,2020.887709,21.924291,494.833156
2020-09-27 09:00:00,0.0,26.4,0.0,0.0,2073.0,0.0,0.0,2296.778491,35.421509,536.216774
2020-09-27 10:00:00,0.0,25.4,0.0,0.0,2071.0,0.0,0.0,2510.339448,105.760552,568.550917
2020-09-27 11:00:00,0.0,98.701222,0.0,14.981951,2068.0,0.0,0.0,2716.953401,122.928599,599.99301
2020-09-27 12:00:00,39.396016,303.126036,14.981951,14.981951,2015.003984,0.0,0.0,2836.69,0.0,625.902902
2020-09-27 13:00:00,309.184507,400.0,14.981951,19.685338,1744.215493,0.0,0.0,2748.5,0.0,653.292676
2020-09-27 14:00:00,400.0,400.0,19.034775,20.846138,1461.912015,0.0,0.0,2627.548,0.0,677.495398
2020-09-27 15:00:00,398.0,232.50056,14.9805,21.647258,1664.0,0.0,0.0,2425.104006,54.099994,693.315601
2020-09-27 16:00:00,400.0,400.0,20.400003,24.869395,1706.36935,0.0,0.0,1932.052,0.0,696.252397
2020-09-27 17:00:00,400.0,400.0,22.576747,28.037178,1265.974887,0.0,0.0,1053.0,0.0,681.453767
2020-09-27 18:00:00,400.0,400.0,23.437807,76.308435,1289.696882,0.0,0.0,781.616,0.0,695.087868
2020-09-27 19:00:00,400.0,400.0,24.617414,67.407135,1164.051446,0.0,0.0,701.84,0.0,699.568283
2020-09-27 20:00:00,400.0,400.0,24.617414,26.324557,1009.806976,0.0,0.0,615.98,0.0,656.575954
2020-09-27 21:00:00,400.0,400.0,23.206766,24.617414,1213.241258,0.0,0.0,530.386,0.0,613.221711
2020-09-27 22:00:00,400.0,368.804448,22.492854,22.96816,1507.648422,0.0,0.0,431.368,0.0,554.207937
2020-09-27 23:00:00,400.0,400.0,22.96816,23.205162,1095.267564,0.0,0.0,419.682,0.0,507.812165
2020-09-28 00:00:00,400.0,400.0,21.647258,21.843654,1231.573631,0.0,0.0,332.95,0.0,474.356455
2020-09-28 01:00:00,400.0,400.0,21.288154,21.647258,1306.445895,0.0,0.0,294.384,0.0,457.340716
2020-09-28 02:00:00,400.0,400.0,21.116411,21.288154,1400.41686,0.0,0.0,312.698,0.0,445.992171
2020-09-28 03:00:00,400.0,400.0,21.116714,21.647258,1377.167893,0.0,0.0,304.752,0.0,448.287616
2020-09-28 04:00:00,400.0,400.0,21.647258,23.069973,1254.417244,0.0,0.0,325.888,0.0,469.870613
2020-09-28 05:00:00,400.0,400.0,23.128644,61.62182,1002.758578,0.0,0.0,301.668,0.0,511.786413
2020-09-28 06:00:00,400.0,400.0,23.437807,19.983547,978.295607,0.0,0.0,434.852,0.0,547.283459
2020-09-28 07:00:00,400.0,400.0,19.685338,18.861019,1771.395967,0.0,0.0,1434.0,0.0,578.190605
2020-09-28 08:00:00,400.0,284.441166,18.861019,14.982507,1914.777683,0.0,0.0,1899.728,0.0,626.542548
2020-09-28 09:00:00,400.0,326.515635,15.731586,14.982507,2077.729553,0.0,0.0,2297.35,0.0,661.743067
2020-09-28 10:00:00,400.0,400.0,15.731586,18.463561,2086.653228,0.0,0.0,2577.172,0.0,702.377816
2020-09-28 11:00:00,400.0,400.0,18.072542,19.685338,2027.334599,0.0,0.0,2731.35,0.0,734.40231
2020-09-28 12:00:00,400.0,400.0,19.034775,20.419098,1830.368521,0.0,0.0,2737.746,0.0,764.906622
2020-09-28 13:00:00,400.0,400.0,20.419098,22.492854,1570.200678,0.0,0.0,2700.228,0.0,798.304098
2020-09-28 14:00:00,400.0,400.0,20.400003,25.294364,1605.772384,0.0,0.0,2575.502,0.0,825.259442
2020-09-28 15:00:00,400.0,400.0,21.287879,26.130995,1808.598573,0.0,0.0,2347.61,0.0,841.651714
2020-09-28 16:00:00,400.0,400.0,22.576747,26.715746,1704.813606,0.0,0.0,1835.738,0.0,833.688659
2020-09-28 17:00:00,400.0,400.0,24.617414,71.321765,1378.21354,0.0,0.0,1066.928,0.0,798.707169
2020-09-28 18:00:00,400.0,400.0,25.9087,75.221359,1257.697713,0.0,0.0,851.0,0.0,787.995343
2020-09-28 19:00:00,400.0,400.0,25.9087,26.755559,1224.756727,0.0,0.0,826.55,0.0,782.068991
2020-09-28 20:00:00,400.0,400.0,24.617414,28.153319,1178.105811,0.0,0.0,789.04,0.0,730.190128
2020-09-28 21:00:00,400.0,400.0,23.437807,26.637875,1337.000786,0.0,0.0,551.35,0.0,670.702382
2020-09-28 22:00:00,400.0,400.0,23.437807,25.868542,962.865261,0.0,0.0,440.684,0.0,603.722811
2020-09-28 23:00:00,400.0,400.0,23.333922,23.069973,878.090297,0.0,0.0,340.898,0.0,548.221155
2020-09-29 00:00:00,400.0,400.0,22.516066,22.96816,1199.048927,0.0,0.0,412.818,0.0,510.865361
2020-09-29 01:00:00,400.0,400.0,22.516066,21.647258,1165.274581,0.0,0.0,262.8,0.0,485.178813
2020-09-29 02:00:00,400.0,400.0,21.647258,21.647258,1267.300643,0.0,0.0,274.232,0.0,471.589704
2020-09-29 03:00:00,400.0,400.0,21.474047,22.185841,1332.491764,0.0,0.0,313.12,0.0,467.644235
2020-09-29 04:00:00,400.0,400.0,21.647258,23.069973,1269.279341,0.0,0.0,368.016,0.0,485.360499
2020-09-29 05:00:00,400.0,400.0,22.516066,55.080229,1153.364547,0.0,0.0,372.246,0.0,528.882218
2020-09-29 06:00:00,400.0,400.0,23.069973,21.287879,1170.980714,0.0,0.0,452.384,0.0,566.010493
2020-09-29 07:00:00,400.0,400.0,20.419098,19.685338,1737.098941,0.0,0.0,1215.298,0.0,595.529859
2020-09-29 08:00:00,400.0,400.0,19.034775,18.861019,1983.221688,0.0,0.0,1767.966,0.0,641.511647
2020-09-29 09:00:00,400.0,400.0,19.034775,18.861019,1977.475648,0.0,0.0,2035.4,0.0,682.488653
2020-09-29 10:00:00,400.0,400.0,19.034775,18.861019,1970.702498,0.0,0.0,2303.496,0.0,723.719025
2020-09-29 11:00:00,400.0,400.0,18.861019,19.68943,2084.946089,0.0,0.0,2676.836,0.0,762.583487
2020-09-29 12:00:00,400.0,400.0,19.430296,21.287879,1962.587749,0.0,0.0,2797.234,0.0,798.996938
2020-09-29 13:00:00,400.0,400.0,20.846138,22.732362,1672.71413,0.0,0.0,2735.718,0.0,833.25058
2020-09-29 14:00:00,400.0,400.0,21.116411,25.000305,1628.378318,0.0,0.0,2526.168,0.0,859.468452
2020-09-29 15:00:00,400.0,400.0,21.287879,23.87513,1951.836622,0.0,0.0,2242.38,0.0,874.881507
2020-09-29 16:00:00,400.0,400.0,22.96816,29.344854,1915.511244,0.0,0.0,1760.152,0.0,863.496113
2020-09-29 17:00:00,400.0,400.0,26.324557,76.159898,1307.379648,0.0,0.0,889.02,0.0,828.846053
2020-09-29 18:00:00,400.0,400.0,26.429316,72.634009,1246.869235,0.0,0.0,722.15,0.0,814.092115
2020-09-29 19:00:00,400.0,400.0,26.429316,26.883581,1253.510924,0.0,0.0,717.768,0.0,806.438561
2020-09-29 20:00:00,400.0,400.0,26.429316,26.73334,1163.749996,0.0,0.0,616.88,0.0,751.519501
2020-09-29 21:00:00,400.0,400.0,25.758899,24.769169,1115.152531,0.0,0.0,541.67,0.0,694.27762
2020-09-29 22:00:00,400.0,400.0,23.657594,25.402619,1132.60442,0.0,0.0,446.078,0.0,624.071037
2020-09-29 23:00:00,400.0,400.0,23.206766,23.437807,1075.759138,0.0,0.0,354.362,0.0,565.590429
2020-09-30 00:00:00,400.0,400.0,22.516066,22.732362,1388.656317,0.0,0.0,371.548,0.0,521.233752
2020-09-30 01:00:00,400.0,400.0,21.647258,22.516066,1520.532764,0.0,0.0,331.072,0.0,495.380885
2020-09-30 02:00:00,400.0,400.0,21.474047,21.843654,1584.209764,0.0,0.0,285.298,0.0,478.963235
2020-09-30 03:00:00,400.0,400.0,21.287879,21.843654,1642.061471,0.0,0.0,295.948,0.0,471.882979
2020-09-30 04:00:00,400.0,400.0,21.647258,22.96816,1530.667615,0.0,0.0,315.19,0.0,491.478358
2020-09-30 05:00:00,400.0,400.0,23.069973,23.437807,1224.100291,0.0,0.0,283.662,0.0,532.734256
2020-09-30 06:00:00,400.0,400.0,23.128644,20.846138,1111.246813,0.0,0.0,394.662,0.0,566.312278
2020-09-30 07:00:00,400.0,400.0,19.983547,19.034775,1838.579386,0.0,0.0,1329.238,0.0,597.398792
2020-09-30 08:00:00,400.0,400.0,19.034775,18.861019,2081.222025,0.0,0.0,1895.12,0.0,645.884696
2020-09-30 09:00:00,400.0,400.0,19.034775,18.861019,2088.984629,0.0,0.0,2179.122,0.0,687.320606
2020-09-30 10:00:00,400.0,400.0,19.034775,19.68943,2053.279283,0.0,0.0,2430.672,0.0,730.408908
2020-09-30 11:00:00,400.0,400.0,19.68943,20.419098,1966.663975,0.0,0.0,2613.828,0.0,770.874604
2020-09-30 12:00:00,400.0,400.0,20.419098,21.647258,1798.818611,0.0,0.0,2730.682,0.0,813.579508
2020-09-30 13:00:00,400.0,400.0,21.288154,22.732362,1601.557752,0.0,0.0,2777.234,0.0,850.151437
2020-09-30 14:00:00,400.0,400.0,21.843654,23.46585,1490.136091,0.0,0.0,2669.27,0.0,876.170086
2020-09-30 15:00:00,400.0,400.0,21.647258,23.657594,1738.500394,0.0,0.0,2468.448,0.0,887.542141
2020-09-30 16:00:00,400.0,400.0,22.732362,29.462633,1851.183627,0.0,0.0,1948.682,0.0,873.674756
2020-09-30 17:00:00,400.0,400.0,24.62179,71.420434,1439.644194,0.0,0.0,1094.302,0.0,837.398671
2020-09-30 18:00:00,400.0,400.0,26.324557,76.557923,1342.912855,0.0,0.0,826.44,0.0,817.729072
2020-09-30 19:00:00,400.0,400.0,26.429316,26.755559,1276.528319,0.0,0.0,717.232,0.0,802.905552
2020-09-30 20:00:00,400.0,400.0,25.9087,28.228889,1212.271188,0.0,0.0,635.0,0.0,746.959322
2020-09-30 21:00:00,400.0,400.0,24.617414,25.13282,1336.094986,0.0,0.0,365.912,0.0,688.022552
2020-09-30 22:00:00,400.0,400.0,23.069973,23.547969,1479.774561,0.0,0.0,378.496,0.0,615.108216
2020-09-30 23:00:00,400.0,400.0,23.069973,23.206766,1113.844494,0.0,0.0,295.166,0.0,550.998226
2020-10-01 00:00:00,400.0,400.0,22.516066,22.732362,1338.02286,0.0,0.0,310.67,0.0,519.697071
2020-10-01 01:00:00,400.0,400.0,21.843654,22.516066,1405.978104,0.0,0.0,262.162,0.0,502.227584
2020-10-01 02:00:00,400.0,400.0,21.474047,21.843654,1509.49711,0.0,0.0,231.232,0.0,482.060234
2020-10-01 03:00:00,400.0,400.0,21.288154,21.843654,1538.25854,0.0,0.0,241.332,0.0,479.261019
2020-10-01 04:00:00,400.0,400.0,21.647258,22.732362,1469.456654,0.0,0.0,269.0,0.0,493.731502
2020-10-01 05:00:00,400.0,400.0,22.732362,23.206766,1226.508206,0.0,0.0,263.33,0.0,529.323269
2020-10-01 06:00:00,400.0,400.0,22.96816,20.400003,1169.106743,0.0,0.0,389.88,0.0,556.915989
2020-10-01 07:00:00,400.0,400.0,19.983547,18.861019,1791.608512,0.0,0.0,1213.52,0.0,587.086723
2020-10-01 08:00:00,400.0,400.0,18.861019,18.861019,2077.557695,0.0,0.0,1835.148,0.0,637.438546
2020-10-01 09:00:00,400.0,400.0,19.034775,19.430296,2000.27892,0.0,0.0,2080.362,0.0,685.812462
2020-10-01 10:00:00,400.0,400.0,19.68943,19.68943,1854.238969,0.0,0.0,2286.15,0.0,738.586655
2020-10-01 11:00:00,400.0,400.0,19.983547,20.419098,1795.341581,0.0,0.0,2524.25,0.0,783.136263
2020-10-01 12:00:00,400.0,400.0,21.116714,21.647258,1609.317666,0.0,0.0,2598.18,0.0,822.12935
2020-10-01 13:00:00,400.0,400.0,21.843654,22.516066,1404.505979,0.0,0.0,2541.8,0.0,844.394103
2020-10-01 14:00:00,400.0,400.0,22.492854,23.365771,1366.37349,0.0,0.0,2429.76,0.0,858.807976
2020-10-01 15:00:00,400.0,400.0,21.843654,23.206766,1593.0935,0.0,0.0,2235.572,0.0,874.421775
2020-10-01 16:00:00,400.0,400.0,22.576747,30.466227,1870.96155,0.0,0.0,1883.78,0.0,860.972767
2020-10-01 17:00:00,400.0,400.0,23.444698,72.612806,1628.552162,0.0,0.0,1200.22,0.0,823.750176
2020-10-01 18:00:00,400.0,400.0,24.617414,75.648453,1518.474177,0.0,0.0,959.55,0.0,808.361373
2020-10-01 19:00:00,400.0,400.0,25.9087,26.73334,1399.004416,0.0,0.0,771.16,0.0,792.623338
2020-10-01 20:00:00,400.0,400.0,24.62179,26.647759,1323.312253,0.0,0.0,702.7,0.0,740.458162
2020-10-01 21:00:00,400.0,400.0,23.128644,25.758899,1652.474674,0.0,0.0,638.962,0.0,681.523099
2020-10-01 22:00:00,400.0,400.0,22.732362,23.437807,1647.495431,0.0,0.0,551.716,0.0,615.933085
2020-10-01 23:00:00,400.0,400.0,23.069973,23.206766,1227.405995,0.0,0.0,471.1,0.0,560.354101
2020-10-02 00:00:00,400.0,400.0,21.843654,21.647258,1419.843259,0.0,0.0,418.722,0.0,523.631811
2020-10-02 01:00:00,400.0,400.0,21.474047,21.288154,1507.957747,0.0,0.0,351.568,0.0,500.341538
2020-10-02 02:00:00,400.0,400.0,21.116411,21.474047,1625.800426,0.0,0.0,366.768,0.0,484.945136
2020-10-02 03:00:00,400.0,400.0,21.287879,21.647258,1589.817696,0.0,0.0,286.132,0.0,478.247146
2020-10-02 04:00:00,400.0,400.0,21.647258,22.492854,1488.41861,0.0,0.0,277.968,0.0,492.232408
2020-10-02 05:00:00,400.0,400.0,22.732362,23.128644,1293.345623,0.0,0.0,323.132,0.0,528.267957
2020-10-02 06:00:00,400.0,400.0,23.069973,19.68943,1184.579854,0.0,0.0,375.596,0.0,552.452422
2020-10-02 07:00:00,400.0,400.0,19.68943,18.463561,1856.009533,0.0,0.0,1240.304,0.0,581.44417
2020-10-02 08:00:00,400.0,400.0,18.573789,16.970947,2126.553037,0.0,0.0,1829.038,0.0,629.172744
2020-10-02 09:00:00,400.0,400.0,19.034775,18.861019,2017.10378,0.0,0.0,2029.868,0.0,675.714633
2020-10-02 10:00:00,400.0,400.0,19.685338,19.034775,1931.131777,0.0,0.0,2247.496,0.0,721.254633
2020-10-02 11:00:00,400.0,400.0,19.685338,19.983547,1921.006857,0.0,0.0,2491.734,0.0,759.409071
2020-10-02 12:00:00,400.0,400.0,20.400003,20.419098,1752.537611,0.0,0.0,2573.83,0.0,796.993858
2020-10-02 13:00:00,400.0,400.0,21.287879,21.647258,1575.735049,0.0,0.0,2606.35,0.0,828.392243
2020-10-02 14:00:00,400.0,400.0,21.287879,23.30729,1574.045942,0.0,0.0,2570.882,0.0,848.825409
2020-10-02 15:00:00,400.0,400.0,21.287879,23.206766,1748.207098,0.0,0.0,2205.652,0.0,846.666735
2020-10-02 16:00:00,400.0,400.0,22.96816,29.671769,1721.774485,0.0,0.0,1662.796,0.0,824.703227
2020-10-02 17:00:00,400.0,400.0,26.324557,70.145367,1139.725684,0.0,0.0,828.068,0.0,788.001347
2020-10-02 18:00:00,400.0,400.0,25.9087,76.504181,1208.99923,0.0,0.0,723.752,0.0,769.762916
2020-10-02 19:00:00,400.0,400.0,26.324557,28.021815,1136.736315,0.0,0.0,647.8,0.0,760.209553
2020-10-02 20:00:00,400.0,400.0,23.657594,26.834396,1415.343055,0.0,0.0,598.614,0.0,711.040642
2020-10-02 21:00:00,400.0,400.0,24.62179,26.243742,956.546165,0.0,0.0,540.634,0.0,664.663175
2020-10-02 22:00:00,400.0,400.0,23.128644,23.437807,1234.404125,0.0,0.0,479.47,0.0,613.809881
2020-10-02 23:00:00,400.0,400.0,23.444698,23.437807,831.623239,0.0,0.0,463.1,0.0,565.271514
2020-10-03 00:00:00,400.0,400.0,23.437807,27.719664,709.32309,0.0,0.0,439.034,0.0,526.756636
2020-10-03 01:00:00,400.0,400.0,23.069973,23.069973,826.50348,0.0,0.0,406.862,0.0,504.353778
2020-10-03 02:00:00,400.0,400.0,23.128644,22.185841,632.81442,0.0,0.0,450.04,0.0,486.633837
2020-10-03 03:00:00,400.0,400.0,23.069973,21.647258,719.319414,0.0,0.0,455.248,0.0,474.439288
2020-10-03 04:00:00,400.0,400.0,22.96816,21.647258,750.246649,0.0,0.0,480.416,0.0,473.575403
2020-10-03 05:00:00,400.0,400.0,23.069973,20.419098,675.65801,0.0,0.0,437.782,0.0,478.368598
2020-10-03 06:00:00,400.0,94.297874,22.732362,12.974817,779.151962,0.0,0.0,575.3,0.0,483.472206
2020-10-03 07:00:00,400.0,72.4,18.861019,0.0,1578.200773,0.0,0.0,1500.18,0.0,502.346884
2020-10-03 08:00:00,182.359484,67.4,14.9805,0.0,1907.040517,0.0,0.0,2225.6,0.0,561.833922
2020-10-03 09:00:00,41.869771,68.022272,14.9805,0.0,2043.530229,0.0,0.0,2647.948,0.0,604.712666
2020-10-03 10:00:00,400.0,360.353712,18.072542,14.9805,1661.056378,0.0,0.0,2546.548,0.0,646.873743
2020-10-03 11:00:00,400.0,400.0,18.861019,18.861019,1567.956453,0.0,0.0,2711.868,0.0,685.636732
2020-10-03 12:00:00,400.0,400.0,18.861019,19.68943,1562.338812,0.0,0.0,2888.102,0.0,712.914478
2020-10-03 13:00:00,400.0,400.0,20.419098,21.287879,1215.045932,0.0,0.0,2683.538,0.0,734.32381
2020-10-03 14:00:00,400.0,400.0,19.983547,21.843654,1338.882867,0.0,0.0,2559.382,0.0,748.12487
2020-10-03 15:00:00,400.0,400.0,21.116411,22.576747,1505.722759,0.0,0.0,2213.804,0.0,752.262186
2020-10-03 16:00:00,400.0,400.0,20.846138,28.630852,1666.931287,0.0,0.0,1918.27,0.0,737.000807
2020-10-03 17:00:00,400.0,400.0,22.516066,25.688697,1519.098993,0.0,0.0,1502.352,0.0,724.537951
2020-10-03 18:00:00,400.0,400.0,21.116714,76.755559,1792.631199,0.0,0.0,1615.116,0.0,720.22272
2020-10-03 19:00:00,400.0,400.0,21.647258,65.360633,1747.584809,0.0,0.0,1589.99,0.0,719.910779
2020-10-03 20:00:00,400.0,400.0,20.419098,24.044163,1775.312305,0.0,0.0,1705.752,0.0,679.865954
2020-10-03 21:00:00,400.0,400.0,19.68943,23.069973,1765.195801,0.0,0.0,1830.862,0.0,646.89993
2020-10-03 22:00:00,400.0,400.0,19.68943,21.664642,1372.291696,0.0,0.0,1866.09,0.0,604.619746
2020-10-03 23:00:00,400.0,400.0,19.685338,26.61162,1441.940612,0.0,0.0,1682.37,0.0,566.614408
2020-10-04 00:00:00,400.0,400.0,19.034775,21.116714,1448.119642,0.0,0.0,1598.98,0.0,536.679054
2020-10-04 01:00:00,400.0,400.0,18.573789,21.116714,1551.009646,0.0,0.0,1572.632,0.0,517.293353
2020-10-04 02:00:00,400.0,400.0,20.400003,19.983547,1214.414031,0.0,0.0,1140.82,0.0,503.010895
2020-10-04 03:00:00,400.0,400.0,21.116411,21.116411,1077.933591,0.0,0.0,910.18,0.0,488.886961
2020-10-04 04:00:00,400.0,400.0,19.983547,21.287879,1231.262722,0.0,0.0,1101.63,0.0,494.605092
2020-10-04 05:00:00,400.0,400.0,19.68943,19.034775,1328.723108,0.0,0.0,1035.28,0.0,470.033534
2020-10-04 06:00:00,398.0,368.826209,14.981951,14.979622,1683.382527,0.0,0.0,1448.73,0.0,478.852121
2020-10-04 07:00:00,0.0,282.710579,0.0,14.9805,2062.0,0.0,0.0,1758.068757,146.351243,468.460314
2020-10-04 08:00:00,31.949904,400.0,14.979622,19.034775,2020.450096,0.0,0.0,2114.582,0.0,528.169786
2020-10-04 09:00:00,400.0,400.0,18.861019,20.419098,1523.309357,0.0,0.0,1979.232,0.0,582.438396
2020-10-04 10:00:00,400.0,400.0,18.861019,20.846138,1529.747292,0.0,0.0,2223.652,0.0,618.135706
2020-10-04 11:00:00,400.0,400.0,19.034775,22.043205,1476.095125,0.0,0.0,2213.298,0.0,650.130431
2020-10-04 12:00:00,400.0,400.0,19.68943,25.80627,1490.958031,0.0,0.0,2033.668,0.0,674.206495
2020-10-04 13:00:00,400.0,400.0,20.400003,24.910397,1588.359479,0.0,0.0,2076.004,0.0,693.696678
2020-10-04 14:00:00,400.0,400.0,19.685338,25.303137,1735.95713,0.0,0.0,2112.43,0.0,702.520931
2020-10-04 15:00:00,400.0,400.0,19.983547,24.306108,1788.938344,0.0,0.0,2032.178,0.0,710.285948
2020-10-04 16:00:00,400.0,400.0,19.983547,26.181592,1829.02104,0.0,0.0,1685.096,0.0,703.211244
2020-10-04 17:00:00,400.0,400.0,21.288154,27.53225,1918.211074,0.0,0.0,1430.514,0.0,710.445439
2020-10-04 18:00:00,400.0,400.0,21.474047,76.790897,1924.65932,0.0,0.0,1360.614,0.0,713.543202
2020-10-04 19:00:00,400.0,400.0,22.576747,66.59219,1710.478353,0.0,0.0,1263.11,0.0,721.444747
2020-10-04 20:00:00,400.0,400.0,22.23556,26.953316,1984.8143,0.0,0.0,1303.415974,46.974026,686.340251
2020-10-04 21:00:00,400.0,400.0,22.23556,26.340931,1805.647201,0.0,0.0,1238.929843,209.956157,650.292396
2020-10-04 22:00:00,400.0,400.0,20.419098,26.526651,1919.827255,0.0,0.0,1043.27,0.0,603.816412
2020-10-04 23:00:00,400.0,400.0,20.400003,25.081946,1867.311782,0.0,0.0,1074.23,0.0,563.087733
2020-10-05 00:00:00,400.0,400.0,19.034775,23.069973,2050.674112,0.0,0.0,1126.232,0.0,535.133683
2020-10-05 01:00:00,400.0,400.0,18.072542,22.732362,2180.732159,0.0,0.0,1126.932,0.0,515.729976
2020-10-05 02:00:00,400.0,400.0,18.463561,22.732362,2178.861131,0.0,0.0,1037.568,0.0,502.60603
2020-10-05 03:00:00,400.0,400.0,19.430296,22.96816,2001.577015,0.0,0.0,844.532,0.0,500.243248
2020-10-05 04:00:00,400.0,400.0,20.400003,23.069973,1835.926241,0.0,0.0,791.704,0.0,517.166664
2020-10-05 05:00:00,400.0,400.0,20.846138,23.128644,1723.382176,0.0,0.0,939.768,0.0,556.257874
2020-10-05 06:00:00,400.0,400.0,21.288154,20.846138,1605.794807,0.0,0.0,1003.03,0.0,583.385279
2020-10-05 07:00:00,400.0,400.0,16.970947,19.68943,2212.241429,0.0,0.0,1805.38,0.0,612.770786
2020-10-05 08:00:00,400.0,400.0,18.861019,19.034775,2119.873608,0.0,0.0,2003.12,0.0,656.286959
2020-10-05 09:00:00,398.0,400.0,14.9805,19.68943,2265.0,0.0,0.0,2450.684321,21.969679,701.652648
2020-10-05 10:00:00,329.147359,400.0,14.9805,19.034775,2320.252641,0.0,0.0,2792.464,0.0,744.631704
2020-10-05 11:00:00,341.208308,400.0,14.9805,19.983547,2307.191692,0.0,0.0,2986.484,0.0,775.693846
2020-10-05 12:00:00,400.0,400.0,19.034775,21.474047,2087.579136,0.0,0.0,2938.022,0.0,801.36643
2020-10-05 13:00:00,400.0,400.0,20.846138,22.732362,1723.87648,0.0,0.0,2705.068,0.0,820.978728
2020-10-05 14:00:00,400.0,400.0,19.685338,22.732362,1987.235303,0.0,0.0,2513.41,0.0,829.226205
2020-10-05 15:00:00,400.0,400.0,20.400003,30.243026,2322.744279,0.0,0.0,2320.99,0.0,836.586858
2020-10-05 16:00:00,400.0,400.0,22.492854,27.790988,1949.584081,0.0,0.0,1689.512,0.0,806.089188
2020-10-05 17:00:00,400.0,400.0,24.62179,26.429316,1314.883365,0.0,0.0,834.702,0.0,778.022795
2020-10-05 18:00:00,400.0,400.0,25.9087,75.200156,1254.858762,0.0,0.0,730.182,0.0,773.748486
2020-10-05 19:00:00,400.0,400.0,26.429316,70.362316,1154.481962,0.0,0.0,648.09,0.0,777.091206
2020-10-05 20:00:00,400.0,400.0,25.9087,26.593741,1207.769392,0.0,0.0,490.298,0.0,734.179291
2020-10-05 21:00:00,400.0,400.0,24.62179,25.962361,1141.477944,0.0,0.0,402.704,0.0,681.033908
2020-10-05 22:00:00,400.0,400.0,75.9087,26.225755,730.918716,0.0,53.188177,306.738,0.0,618.422893
2020-10-05 23:00:00,400.0,400.0,23.206766,23.437807,1040.854562,0.0,0.0,280.05,0.0,567.929316
2020-10-06 00:00:00,400.0,400.0,22.96816,22.732362,1194.741993,0.0,0.0,279.75,0.0,536.551201
2020-10-06 01:00:00,400.0,400.0,22.492854,22.492854,1359.405186,0.0,0.0,279.402,0.0,511.799522
2020-10-06 02:00:00,400.0,400.0,21.647258,21.647258,1465.921616,0.0,0.0,280.898,0.0,496.046458
2020-10-06 03:00:00,400.0,400.0,21.288154,22.185841,1549.058334,0.0,0.0,333.13,0.0,491.41075
2020-10-06 04:00:00,400.0,400.0,21.843654,22.96816,1402.078985,0.0,0.0,275.102,0.0,504.753452
2020-10-06 05:00:00,400.0,400.0,22.96816,23.206766,1183.458177,0.0,0.0,293.868,0.0,540.361473
2020-10-06 06:00:00,400.0,400.0,23.069973,21.116411,1152.804038,0.0,0.0,404.568,0.0,561.564594
2020-10-06 07:00:00,400.0,400.0,19.983547,18.573789,1781.112213,0.0,0.0,1262.396,0.0,595.992568
2020-10-06 08:00:00,400.0,400.0,16.970947,18.072542,2203.979392,0.0,0.0,2022.54,0.0,646.584091
2020-10-06 09:00:00,400.0,400.0,16.970947,14.982507,2209.44886,0.0,0.0,2361.398,0.0,696.592371
2020-10-06 10:00:00,398.0,400.0,14.982507,18.463561,2267.0,0.0,0.0,2706.624792,26.275208,739.743719
2020-10-06 11:00:00,400.0,400.0,15.731586,19.034775,2211.522458,0.0,0.0,2842.354,0.0,768.424731
2020-10-06 12:00:00,400.0,400.0,19.034775,19.983547,1990.353292,0.0,0.0,2780.052,0.0,792.254806
2020-10-06 13:00:00,400.0,400.0,20.400003,21.116714,1762.578713,0.0,0.0,2656.02,0.0,807.816193
2020-10-06 14:00:00,400.0,400.0,20.400003,22.576747,1748.878,0.0,0.0,2537.868,0.0,817.6485
2020-10-06 15:00:00,400.0,400.0,20.419098,23.206766,1916.601963,0.0,0.0,2176.116,0.0,816.977106
2020-10-06 16:00:00,400.0,400.0,21.647258,77.050889,1993.921552,0.0,0.0,1638.912,0.0,794.698567
2020-10-06 17:00:00,400.0,400.0,26.429316,69.898726,1088.326685,0.0,0.0,702.87,0.0,775.731497
2020-10-06 18:00:00,400.0,400.0,24.617414,31.101749,1331.171575,0.0,0.0,876.516,0.0,765.351664
2020-10-06 19:00:00,400.0,400.0,26.429316,24.880469,1009.576596,0.0,0.0,926.196,0.0,767.792911
2020-10-06 20:00:00,400.0,400.0,76.755559,27.470185,777.953697,0.0,150.107348,775.734,0.0,726.717045
2020-10-06 21:00:00,400.0,400.0,76.429316,23.437807,679.350733,0.0,179.254457,662.932,0.0,671.33719
2020-10-06 22:00:00,400.0,400.0,76.324557,22.79264,696.690765,0.0,83.99292,624.582,0.0,609.733685
2020-10-06 23:00:00,400.0,400.0,74.617414,23.953401,634.289132,0.0,92.501198,606.698,0.0,563.16133
2020-10-07 00:00:00,400.0,400.0,23.069973,22.96816,904.771858,0.0,0.0,661.232,0.0,530.769021
2020-10-07 01:00:00,400.0,400.0,22.492854,21.905537,993.500443,0.0,0.0,598.902,0.0,508.110234
2020-10-07 02:00:00,400.0,400.0,21.647258,21.905537,1084.616982,0.0,0.0,592.65,0.0,493.504953
2020-10-07 03:00:00,400.0,400.0,21.288154,21.905537,1176.746647,0.0,0.0,640.5,0.0,486.863003
2020-10-07 04:00:00,400.0,400.0,21.647258,22.335927,1123.993162,0.0,0.0,667.52,0.0,498.829026
2020-10-07 05:00:00,400.0,400.0,23.069973,22.517588,888.881289,0.0,0.0,685.73,0.0,536.827307
2020-10-07 06:00:00,400.0,400.0,23.069973,19.899927,869.717509,0.0,0.0,830.4,0.0,561.402374
2020-10-07 07:00:00,400.0,85.4,21.116714,0.0,1246.059788,0.0,0.0,1382.318,0.0,587.738732
2020-10-07 08:00:00,400.0,88.4,19.983547,0.0,1422.35266,0.0,0.0,1816.78,0.0,626.464101
2020-10-07 09:00:00,400.0,86.4,15.731586,0.0,1837.811964,0.0,0.0,2503.148,0.0,667.100405
2020-10-07 10:00:00,398.0,77.4,14.982507,5.822613,1892.0,0.0,0.0,2829.346967,6.623033,707.902045
2020-10-07 11:00:00,400.0,400.0,18.573789,18.861019,1758.4336,0.0,0.0,2902.09,0.0,738.84846
2020-10-07 12:00:00,400.0,400.0,19.685338,21.116714,1545.404267,0.0,0.0,2866.57,0.0,765.47486
2020-10-07 13:00:00,400.0,400.0,19.68943,22.879947,1494.462675,0.0,0.0,2784.85,0.0,786.358099
2020-10-07 14:00:00,400.0,400.0,19.983547,23.082422,1650.537947,0.0,0.0,2642.514,0.0,794.846408
2020-10-07 15:00:00,400.0,400.0,19.034775,23.526499,1993.649093,0.0,0.0,2479.55,0.0,797.685136
2020-10-07 16:00:00,400.0,400.0,19.68943,29.199321,2256.645271,0.0,0.0,2070.952,0.0,777.946009
2020-10-07 17:00:00,400.0,400.0,22.576747,75.004411,1872.715985,0.0,0.0,1385.18,0.0,761.619602
2020-10-07 18:00:00,400.0,400.0,22.656017,71.492591,1972.669535,0.0,0.0,1471.298163,62.333837,758.344294
2020-10-07 19:00:00,400.0,400.0,21.905537,26.628162,2222.614964,0.0,0.0,1735.112205,149.419795,760.424586
2020-10-07 20:00:00,400.0,400.0,21.122752,26.658113,2130.136971,0.0,0.0,1748.656619,133.093381,723.077947
2020-10-07 21:00:00,400.0,400.0,20.234035,23.437807,2279.186808,0.0,0.0,1922.886381,268.283619,673.604936
2020-10-07 22:00:00,400.0,400.0,21.905537,23.206766,1702.850513,0.0,0.0,1318.122501,279.625499,616.090798
2020-10-07 23:00:00,400.0,400.0,21.647258,23.783078,1507.378389,0.0,0.0,811.05,0.0,569.350742
2020-10-08 00:00:00,400.0,400.0,21.647258,22.516066,1545.844478,0.0,0.0,629.968,0.0,536.418528
2020-10-08 01:00:00,400.0,400.0,21.474047,22.576747,1582.825961,0.0,0.0,512.848,0.0,513.303306
2020-10-08 02:00:00,400.0,400.0,20.846138,22.185841,1733.005097,0.0,0.0,574.92,0.0,500.087235
2020-10-08 03:00:00,400.0,400.0,19.983547,22.185841,1878.698777,0.0,0.0,689.632,0.0,495.439983
2020-10-08 04:00:00,398.0,400.0,14.9805,22.576747,2252.0,0.0,0.0,1137.085927,20.382073,506.562889
2020-10-08 05:00:00,399.065238,400.0,15.0,23.206766,2239.334762,0.0,0.0,1414.186,0.0,550.027686
2020-10-08 06:00:00,400.0,400.0,19.034775,20.400003,2033.728099,0.0,0.0,1390.832,0.0,577.365585
2020-10-08 07:00:00,0.0,311.209513,14.191367,14.9805,2620.173962,0.0,0.0,2118.67,0.0,598.574406
2020-10-08 08:00:00,0.0,140.272983,0.0,14.9805,2614.0,0.0,0.0,2337.947863,311.318137,632.392179
2020-10-08 09:00:00,0.0,44.4,0.0,0.0,2641.0,0.0,0.0,2595.545556,375.422444,666.981833
2020-10-08 10:00:00,0.0,83.510882,0.0,14.9805,2643.0,0.0,0.0,2784.401126,424.650874,695.010169
2020-10-08 11:00:00,0.0,172.231349,0.0,14.981951,2647.0,0.0,0.0,2904.559459,292.468541,712.433919
2020-10-08 12:00:00,0.0,270.117481,0.0,14.9805,2648.0,0.0,0.0,3004.391927,124.312073,727.258789
2020-10-08 13:00:00,12.446275,400.0,14.9805,18.463561,2625.953725,0.0,0.0,3036.59,0.0,735.395441
2020-10-08 14:00:00,46.273501,400.0,14.9805,19.68943,2591.126499,0.0,0.0,2929.57,0.0,724.566525
2020-10-08 15:00:00,400.0,400.0,16.970947,21.287879,2219.729495,0.0,0.0,2456.97,0.0,709.386076
2020-10-08 16:00:00,400.0,400.0,18.861019,23.437807,2114.873224,0.0,0.0,2034.878,0.0,687.300716
2020-10-08 17:00:00,400.0,400.0,22.576747,63.280231,1507.460337,0.0,0.0,1195.232,0.0,686.815749
2020-10-08 18:00:00,400.0,400.0,23.069973,76.755559,1478.016808,0.0,0.0,1069.118,0.0,695.415179
2020-10-08 19:00:00,400.0,400.0,23.388687,27.778896,1617.342528,0.0,0.0,1351.385811,32.830189,703.656492
2020-10-08 20:00:00,400.0,400.0,21.647258,26.608075,1764.543293,0.0,0.0,1333.512,0.0,670.645306
2020-10-08 21:00:00,400.0,400.0,21.288154,25.013229,1631.741416,0.0,0.0,1264.986,0.0,627.036688
2020-10-08 22:00:00,400.0,400.0,20.419098,24.896231,1600.787246,0.0,0.0,1235.878,0.0,574.063613
2020-10-08 23:00:00,400.0,400.0,19.983547,21.400087,1549.229817,0.0,0.0,1259.27,0.0,532.056027
2020-10-09 00:00:00,400.0,400.0,18.861019,20.419098,1757.163665,0.0,0.0,1329.43,0.0,503.13995
2020-10-09 01:00:00,400.0,400.0,18.463561,20.419098,1801.761509,0.0,0.0,1253.332,0.0,485.035574
2020-10-09 02:00:00,400.0,400.0,18.861019,19.983547,1726.770031,0.0,0.0,1101.704,0.0,473.540095
2020-10-09 03:00:00,400.0,400.0,19.034775,19.983547,1704.920371,0.0,0.0,1086.012,0.0,474.463744
2020-10-09 04:00:00,400.0,400.0,19.685338,20.846138,1617.665588,0.0,0.0,1092.15,0.0,488.472662
2020-10-09 05:00:00,400.0,400.0,21.287879,22.492854,1270.268911,0.0,0.0,1036.052,0.0,532.167463
2020-10-09 06:00:00,400.0,400.0,21.647258,19.034775,1128.24191,0.0,0.0,1056.43,0.0,556.528213
2020-10-09 07:00:00,302.854991,151.751121,14.979622,14.979622,1951.545009,0.0,0.0,2008.03,0.0,575.772749
2020-10-09 08:00:00,139.631471,101.4,14.979622,0.0,2110.768529,0.0,0.0,2372.418,0.0,606.547421
2020-10-09 09:00:00,114.538911,110.277614,14.9805,14.979622,2153.861089,0.0,0.0,2642.0,0.0,640.520837
2020-10-09 10:00:00,143.302385,69.4,14.9805,14.9805,2128.097615,0.0,0.0,2801.872,0.0,668.366158
2020-10-09 11:00:00,271.097888,80.323901,14.9805,14.9805,2004.302112,0.0,0.0,2779.502,0.0,683.579983
2020-10-09 12:00:00,303.242591,195.209174,14.9805,14.9805,1973.157409,0.0,0.0,2846.818,0.0,698.349089
2020-10-09 13:00:00,309.597427,400.0,14.9805,19.68943,1965.802573,0.0,0.0,2890.932,0.0,706.069414
2020-10-09 14:00:00,400.0,400.0,18.072542,21.474047,1844.510933,0.0,0.0,2753.36,0.0,703.62736
2020-10-09 15:00:00,400.0,400.0,19.034775,21.116411,1670.466702,0.0,0.0,2499.7,0.0,691.684995
2020-10-09 16:00:00,400.0,400.0,19.685338,23.128644,1629.712632,0.0,0.0,2068.884,0.0,658.675705
2020-10-09 17:00:00,400.0,400.0,22.516066,28.350934,1156.588965,0.0,0.0,1149.262,0.0,651.550955
2020-10-09 18:00:00,400.0,400.0,21.288154,76.429316,1620.360904,0.0,0.0,1289.048,0.0,653.803064
2020-10-09 19:00:00,400.0,400.0,21.116411,64.155115,1700.185661,0.0,0.0,1493.184,0.0,659.249751
2020-10-09 20:00:00,400.0,400.0,20.42044,24.08455,1902.466149,0.0,0.0,1663.237688,58.012312,626.515731
2020-10-09 21:00:00,400.0,400.0,20.234035,26.532817,1797.841793,0.0,0.0,1658.387444,259.698556,588.231848
2020-10-09 22:00:00,400.0,400.0,20.547985,22.709794,1226.813077,0.0,0.0,1483.60013,253.63387,541.168058
2020-10-09 23:00:00,400.0,400.0,18.926085,20.42044,1532.093121,0.0,0.0,1518.830803,257.497197,500.660652
2020-10-10 00:00:00,297.202566,372.115915,14.978232,20.234035,1702.197434,0.0,0.0,1510.500793,266.053207,473.895504
2020-10-10 01:00:00,129.423966,400.0,14.978232,20.42044,1686.976034,0.0,0.0,1697.39753,295.01847,450.963224
2020-10-10 02:00:00,164.750985,400.0,14.978232,20.234035,1651.649015,0.0,0.0,1586.871983,289.042017,439.683445
2020-10-10 03:00:00,134.373418,400.0,14.978232,20.42044,1682.026582,0.0,0.0,1569.154461,234.847539,432.469182
2020-10-10 04:00:00,103.8915,400.0,14.978232,21.368347,1711.5085,0.0,0.0,1624.409847,128.288153,436.335202
2020-10-10 05:00:00,144.622707,400.0,14.978232,21.122752,1670.777293,0.0,0.0,1629.659893,74.450107,443.23239
2020-10-10 06:00:00,0.0,84.4,13.352779,0.0,1844.455953,0.0,0.0,1800.171972,98.010028,442.757403
2020-10-10 07:00:00,0.0,83.4,0.0,0.0,1861.0,0.0,0.0,1951.703531,742.796469,463.00553
2020-10-10 08:00:00,0.0,85.4,0.0,0.0,1860.0,0.0,0.0,2239.3872,1080.2628,506.30808
2020-10-10 09:00:00,0.0,66.4,0.0,0.0,1861.0,0.0,0.0,2460.395869,1514.916131,539.30938
2020-10-10 10:00:00,0.0,49.4,0.0,0.0,1860.0,0.0,0.0,2629.931296,1593.698704,564.889694
2020-10-10 11:00:00,0.0,24.588403,0.0,14.981951,1858.0,0.0,0.0,2738.911225,1469.508775,581.536684
2020-10-10 12:00:00,0.0,144.513857,0.0,14.981951,1857.0,0.0,0.0,2811.749197,1192.612803,592.61238
2020-10-10 13:00:00,0.0,344.444448,0.0,18.072542,1854.0,0.0,0.0,2876.429851,1017.998149,602.764478
2020-10-10 14:00:00,0.0,400.0,0.0,19.68943,1853.0,0.0,0.0,2927.88909,689.00891,610.633363
2020-10-10 15:00:00,0.0,400.0,0.0,21.116714,1854.0,0.0,0.0,2794.035622,546.226378,615.905343
2020-10-10 16:00:00,0.0,400.0,0.0,26.517661,2039.0,0.0,0.0,2204.034246,415.497754,603.905137
2020-10-10 17:00:00,400.0,400.0,19.034775,25.474536,1926.980681,0.0,0.0,1593.42,0.0,612.365898
2020-10-10 18:00:00,400.0,400.0,19.034775,75.9087,1957.614812,0.0,0.0,1620.836,0.0,621.483178
2020-10-10 19:00:00,400.0,400.0,21.905537,67.181547,1605.887235,0.0,0.0,1372.31852,12.63148,627.364693
2020-10-10 20:00:00,400.0,400.0,21.122752,23.87513,1722.207881,0.0,0.0,1272.134657,110.535343,594.889016
2020-10-10 21:00:00,400.0,400.0,22.517588,23.128644,1328.707345,0.0,0.0,1046.564599,260.923401,566.828588
2020-10-10 22:00:00,400.0,400.0,21.122752,23.069973,1598.098361,0.0,0.0,1051.096198,286.191802,527.099676
2020-10-10 23:00:00,400.0,400.0,21.905537,23.437807,1297.611483,0.0,0.0,872.538613,193.527387,492.13907
2020-10-11 00:00:00,400.0,400.0,20.547985,27.214524,1457.453685,0.0,0.0,859.852561,140.795439,466.259831
2020-10-11 01:00:00,400.0,400.0,21.122752,23.069973,1236.305377,0.0,0.0,845.019476,133.248524,443.957115
2020-10-11 02:00:00,400.0,400.0,20.526636,23.069973,1337.589947,0.0,0.0,862.76233,119.92367,431.425858
2020-10-11 03:00:00,400.0,400.0,19.68943,23.069973,1329.896726,0.0,0.0,816.414,0.0,425.627591
2020-10-11 04:00:00,400.0,400.0,20.419098,32.161455,1175.556224,0.0,0.0,677.632,0.0,427.961366
2020-10-11 05:00:00,400.0,400.0,20.419098,23.069973,1153.54507,0.0,0.0,677.632,0.0,431.26304
2020-10-11 06:00:00,400.0,400.0,19.983547,18.861019,1266.692488,0.0,0.0,756.68,0.0,426.148127
2020-10-11 07:00:00,76.976332,44.4,14.9805,7.786388,1960.423668,0.0,0.0,1560.172,0.0,442.61225
2020-10-11 08:00:00,0.0,51.4,0.0,0.0,2059.0,0.0,0.0,1911.633669,143.936331,480.54505
2020-10-11 09:00:00,0.0,44.4,0.0,0.0,2066.0,0.0,0.0,2146.531525,171.486475,514.729729
2020-10-11 10:00:00,0.0,34.4,0.0,0.0,2063.0,0.0,0.0,2335.878659,402.593341,543.581799
2020-10-11 11:00:00,0.0,7.4,0.0,0.0,2063.0,0.0,0.0,2487.947687,462.950313,566.392153
2020-10-11 12:00:00,0.0,33.139657,0.0,14.981951,2063.0,0.0,0.0,2609.503198,344.116802,584.62548
2020-10-11 13:00:00,0.0,278.270558,0.0,14.981951,2062.0,0.0,0.0,2719.696569,187.135431,601.304485
2020-10-11 14:00:00,98.772655,400.0,14.9805,19.68943,1951.627345,0.0,0.0,2704.268,0.0,615.546098
2020-10-11 15:00:00,398.0,400.0,14.981951,20.846138,1666.0,0.0,0.0,2299.836209,21.125791,623.225431
2020-10-11 16:00:00,400.0,400.0,18.861019,23.200552,1682.831669,0.0,0.0,1728.048,0.0,613.68245
2020-10-11 17:00:00,400.0,400.0,22.576747,30.370455,1245.131302,0.0,0.0,958.278,0.0,629.272005
2020-10-11 18:00:00,400.0,400.0,22.576747,75.9087,1383.359453,0.0,0.0,1033.872,0.0,641.926882
2020-10-11 19:00:00,400.0,400.0,22.516066,66.908238,1402.794297,0.0,0.0,1154.596,0.0,649.920255
2020-10-11 20:00:00,400.0,400.0,22.576747,25.954122,1388.854497,0.0,0.0,925.85,0.0,617.699325
2020-10-11 21:00:00,400.0,400.0,23.069973,22.732362,1064.192103,0.0,0.0,843.184,0.0,577.498785
2020-10-11 22:00:00,400.0,400.0,22.709794,21.288154,1043.485824,0.0,0.0,881.75585,4.95615,533.140504
2020-10-11 23:00:00,400.0,400.0,23.080108,21.116714,894.574653,0.0,0.0,796.498275,77.933725,489.438543
2020-10-12 00:00:00,400.0,400.0,22.23556,21.905537,1084.80406,0.0,0.0,872.533376,102.398624,464.059397
2020-10-12 01:00:00,400.0,400.0,21.122752,22.23556,1254.166121,0.0,0.0,930.229959,118.502041,447.309576
2020-10-12 02:00:00,400.0,400.0,21.122752,22.23556,1252.313453,0.0,0.0,865.922275,277.545725,437.941323
2020-10-12 03:00:00,400.0,400.0,20.526636,22.335927,1308.054795,0.0,0.0,927.512139,291.551861,438.818602
2020-10-12 04:00:00,400.0,400.0,20.547985,22.972766,1298.844721,0.0,0.0,1024.058346,319.741654,454.682044
2020-10-12 05:00:00,400.0,400.0,21.122752,78.322967,1256.512081,0.0,0.0,1177.421848,368.978152,497.236465
2020-10-12 06:00:00,400.0,400.0,21.905537,20.42044,1119.038727,0.0,0.0,1359.300362,370.267638,523.689245
2020-10-12 07:00:00,400.0,316.722201,20.234035,14.975368,1036.775016,0.0,0.0,2170.988285,339.509715,551.28199
2020-10-12 08:00:00,334.746693,88.4,14.975368,0.0,1253.653307,0.0,0.0,2589.442215,331.087785,581.518336
2020-10-12 09:00:00,0.0,87.4,0.0,0.0,1586.0,0.0,0.0,3129.142194,345.977806,612.621329
2020-10-12 10:00:00,0.0,88.4,0.0,0.0,1590.0,0.0,0.0,3316.306365,576.193635,640.095955
2020-10-12 11:00:00,0.0,81.4,0.0,0.0,1594.0,0.0,0.0,3415.092906,1012.477094,654.313936
2020-10-12 12:00:00,0.0,80.4,-0.0,0.0,1608.0,0.0,0.0,3536.236043,1147.729957,670.385406
2020-10-12 13:00:00,0.0,161.884064,0.0,14.756929,1612.0,0.0,0.0,3609.787642,1102.666358,680.818146
2020-10-12 14:00:00,0.0,260.473876,0.0,14.975368,1611.0,0.0,0.0,3647.605058,1041.094942,686.640759
2020-10-12 15:00:00,0.0,385.739489,0.0,14.975368,1622.0,0.0,0.0,3681.085041,851.764959,690.012756
2020-10-12 16:00:00,0.0,394.913426,0.0,20.234035,1616.0,0.0,0.0,2865.399143,911.880857,670.559871
2020-10-12 17:00:00,195.557231,400.0,14.978232,74.528559,2111.842769,0.0,0.0,2439.330807,284.655193,671.173206
2020-10-12 18:00:00,400.0,400.0,19.958349,76.429316,1994.169738,0.0,0.0,2129.942558,282.941442,679.765923
2020-10-12 19:00:00,400.0,400.0,20.547985,24.209571,1683.686173,0.0,0.0,2069.047551,252.400449,685.554207
2020-10-12 20:00:00,400.0,400.0,20.42044,21.905537,1549.38583,0.0,0.0,1930.376805,227.453195,620.998646
2020-10-12 21:00:00,400.0,400.0,17.392886,21.122752,1757.276753,0.0,0.0,1883.099275,107.896725,582.723378
2020-10-12 22:00:00,400.0,365.253998,18.926085,19.958349,1691.653962,0.0,0.0,1571.293839,139.740161,545.795982
2020-10-12 23:00:00,291.525109,373.117589,14.978232,18.463561,1865.874891,0.0,0.0,1452.536497,210.713503,501.849241
2020-10-13 00:00:00,400.0,400.0,18.52187,15.717231,1536.008385,0.0,0.0,1293.415438,136.414562,474.211058
2020-10-13 01:00:00,400.0,400.0,19.533879,16.965256,1500.974339,0.0,0.0,1159.254364,177.583636,459.342004
2020-10-13 02:00:00,400.0,400.0,20.234035,18.926085,1417.839763,0.0,0.0,1020.741958,149.220042,451.035329
2020-10-13 03:00:00,400.0,400.0,20.234035,19.68943,1445.27976,0.0,0.0,1062.830447,200.639553,453.232603
2020-10-13 04:00:00,400.0,400.0,20.42044,21.905537,1359.801479,0.0,0.0,992.85608,164.07392,460.05819
2020-10-13 05:00:00,400.0,400.0,22.709794,24.749386,1107.41985,0.0,0.0,978.29488,107.40712,507.131255
2020-10-13 06:00:00,400.0,400.0,23.128644,20.42044,892.670409,0.0,0.0,873.518,0.0,530.527139
2020-10-13 07:00:00,400.0,298.376953,21.287879,14.981951,1141.99279,0.0,0.0,1256.11,0.0,550.517582
2020-10-13 08:00:00,400.0,143.115698,19.034775,14.981951,1479.388195,0.0,0.0,1779.096,0.0,578.356171
2020-10-13 09:00:00,398.0,57.51958,14.981951,4.686309,1714.0,0.0,0.0,2192.464575,2.849425,605.169686
2020-10-13 10:00:00,122.702742,53.448696,14.981951,14.981951,1986.697259,0.0,0.0,2646.47,0.0,632.365911
2020-10-13 11:00:00,0.0,119.325192,0.0,14.982507,2124.0,0.0,0.0,2919.16082,48.65718,652.674123
2020-10-13 12:00:00,0.0,277.06375,14.191367,14.982507,2123.565666,0.0,0.0,3039.79,0.0,670.83365
2020-10-13 13:00:00,136.595876,400.0,14.982507,18.861019,1976.804124,0.0,0.0,2997.402,0.0,686.489681
2020-10-13 14:00:00,400.0,400.0,15.731586,20.846138,1707.475724,0.0,0.0,2763.07,0.0,691.739141
2020-10-13 15:00:00,400.0,400.0,18.072542,23.069973,1619.443142,0.0,0.0,2420.53,0.0,688.363029
2020-10-13 16:00:00,400.0,400.0,18.861019,29.638679,1780.858062,0.0,0.0,1803.522,0.0,667.599591
2020-10-13 17:00:00,400.0,400.0,23.87513,26.865382,1219.510712,0.0,0.0,839.15,0.0,667.595893
2020-10-13 18:00:00,400.0,400.0,24.617414,76.504181,1192.145049,0.0,0.0,833.282,0.0,676.820543
2020-10-13 19:00:00,400.0,400.0,26.324557,69.584109,1082.062021,0.0,0.0,731.166,0.0,675.015597
2020-10-13 20:00:00,400.0,400.0,25.9087,26.354746,1096.438034,0.0,0.0,605.12,0.0,642.702295
2020-10-13 21:00:00,400.0,400.0,23.657594,24.617414,1046.689676,0.0,0.0,583.996,0.0,593.745949
2020-10-13 22:00:00,400.0,400.0,22.516066,23.128644,1415.175556,0.0,0.0,590.2,0.0,539.403667
2020-10-13 23:00:00,400.0,400.0,21.287879,22.96816,1568.698467,0.0,0.0,451.272,0.0,495.53603
2020-10-14 00:00:00,400.0,400.0,21.116714,22.732362,1606.304749,0.0,0.0,307.97,0.0,468.399788
2020-10-14 01:00:00,400.0,400.0,21.843654,22.576747,1367.663531,0.0,0.0,321.03,0.0,452.90497
2020-10-14 02:00:00,400.0,400.0,21.287879,21.474047,1454.739335,0.0,0.0,323.268,0.0,440.1793
2020-10-14 03:00:00,400.0,400.0,20.846138,22.516066,1552.936448,0.0,0.0,428.97,0.0,441.305033
2020-10-14 04:00:00,400.0,400.0,21.287879,22.96816,1465.357578,0.0,0.0,436.83,0.0,455.620863
2020-10-14 05:00:00,400.0,400.0,22.732362,25.9087,1195.936548,0.0,0.0,439.032,0.0,496.364318
2020-10-14 06:00:00,400.0,400.0,23.128644,21.116714,1052.23117,0.0,0.0,445.77,0.0,518.930824
2020-10-14 07:00:00,400.0,400.0,19.685338,18.573789,1727.196223,0.0,0.0,1257.57,0.0,539.456067
2020-10-14 08:00:00,236.765971,175.922995,14.981951,14.981951,2165.634029,0.0,0.0,1907.572,0.0,571.190696
2020-10-14 09:00:00,36.796566,25.4,14.981951,0.0,2363.603434,0.0,0.0,2313.72,0.0,602.417485
2020-10-14 10:00:00,0.0,25.4,0.0,0.0,2411.0,0.0,0.0,2530.375966,92.342034,627.806395
2020-10-14 11:00:00,0.0,6.4,0.0,14.981951,2410.0,0.0,0.0,2671.326539,109.503461,649.098981
2020-10-14 12:00:00,0.0,156.441601,0.0,14.981951,2407.0,0.0,0.0,2825.331292,56.998708,672.649694
2020-10-14 13:00:00,125.233423,400.0,14.9805,18.313628,2269.166577,0.0,0.0,2801.548,0.0,689.757213
2020-10-14 14:00:00,338.356319,400.0,14.9805,19.68943,2055.043681,0.0,0.0,2670.388,0.0,702.201648
2020-10-14 15:00:00,400.0,400.0,16.970947,22.732362,1976.188574,0.0,0.0,2425.434,0.0,702.786814
2020-10-14 16:00:00,400.0,400.0,19.68943,28.402626,1795.599581,0.0,0.0,1754.514,0.0,682.487163
2020-10-14 17:00:00,400.0,400.0,24.617414,27.512649,1124.704119,0.0,0.0,873.92,0.0,678.782382
2020-10-14 18:00:00,400.0,400.0,24.617414,75.004411,1115.959909,0.0,0.0,856.35,0.0,679.858514
2020-10-14 19:00:00,400.0,400.0,25.9087,63.189401,1063.92279,0.0,0.0,808.618,0.0,678.104281
2020-10-14 20:00:00,400.0,400.0,24.617414,28.312427,1169.520716,0.0,0.0,655.38,0.0,639.278893
2020-10-14 21:00:00,400.0,400.0,25.9087,26.348948,947.120552,0.0,0.0,474.646,0.0,592.278817
2020-10-14 22:00:00,400.0,400.0,23.069973,24.617414,1252.69259,0.0,0.0,383.832,0.0,532.820911
2020-10-14 23:00:00,400.0,400.0,23.128644,23.128644,1115.570735,0.0,0.0,313.172,0.0,489.54019
2020-10-15 00:00:00,400.0,400.0,22.492854,23.069973,1317.860913,0.0,0.0,359.618,0.0,466.163563
2020-10-15 01:00:00,400.0,400.0,21.288154,22.96816,1435.063837,0.0,0.0,365.938,0.0,449.531124
2020-10-15 02:00:00,400.0,400.0,21.116714,22.492854,1480.807089,0.0,0.0,348.162,0.0,440.003237
2020-10-15 03:00:00,400.0,400.0,20.846138,22.546647,1558.529379,0.0,0.0,421.838,0.0,439.396293
2020-10-15 04:00:00,400.0,400.0,21.287879,23.128644,1459.314109,0.0,0.0,417.0,0.0,453.552884
2020-10-15 05:00:00,400.0,400.0,22.96816,25.9087,1196.947666,0.0,0.0,430.232,0.0,494.89265
2020-10-15 06:00:00,400.0,400.0,23.128644,20.846138,1112.850068,0.0,0.0,487.848,0.0,516.14969
2020-10-15 07:00:00,400.0,400.0,19.430296,18.072542,1745.955598,0.0,0.0,1286.852,0.0,541.03446
2020-10-15 08:00:00,246.014903,40.162589,14.981951,14.981951,2159.385097,0.0,0.0,1902.102,0.0,571.307535
2020-10-15 09:00:00,19.949483,26.4,14.981951,0.0,2384.450517,0.0,0.0,2336.686,0.0,602.735322
2020-10-15 10:00:00,0.0,25.4,0.0,0.0,2413.0,0.0,0.0,2549.441686,210.208314,630.366253
2020-10-15 11:00:00,0.0,6.4,0.0,14.981951,2412.0,0.0,0.0,2671.926524,164.625476,648.888979
2020-10-15 12:00:00,0.0,143.305189,0.0,14.981951,2409.0,0.0,0.0,2809.66965,71.52635,670.000448
2020-10-15 13:00:00,138.791986,400.0,14.981951,18.861019,2258.608014,0.0,0.0,2808.904,0.0,692.444398
2020-10-15 14:00:00,398.0,400.0,14.981951,21.116411,2010.478197,0.0,0.0,2633.272,0.0,703.31907
2020-10-15 15:00:00,400.0,400.0,16.970947,22.732362,1981.981266,0.0,0.0,2307.55,0.0,705.23531
2020-10-15 16:00:00,400.0,400.0,19.685338,25.43361,2072.081776,0.0,0.0,1695.562,0.0,684.672034
2020-10-15 17:00:00,400.0,400.0,23.206766,27.512649,1322.616931,0.0,0.0,771.63,0.0,686.25196
2020-10-15 18:00:00,400.0,400.0,23.437807,75.004411,1262.457401,0.0,0.0,682.982,0.0,684.37869
2020-10-15 19:00:00,400.0,400.0,24.617414,64.727005,1177.477444,0.0,0.0,592.868,0.0,681.208583
2020-10-15 20:00:00,400.0,400.0,23.437807,25.928783,1286.27952,0.0,0.0,461.6,0.0,645.198072
2020-10-15 21:00:00,400.0,400.0,23.437807,27.374658,899.077335,0.0,0.0,446.382,0.0,597.7957
2020-10-15 22:00:00,400.0,400.0,23.128644,23.437807,861.974545,0.0,0.0,361.968,0.0,542.399018
2020-10-15 23:00:00,400.0,400.0,23.128644,23.069973,780.928527,0.0,0.0,345.762,0.0,498.875021
2020-10-16 00:00:00,400.0,400.0,22.732362,22.732362,858.317277,0.0,0.0,332.77,0.0,477.067909
2020-10-16 01:00:00,400.0,400.0,22.492854,22.516066,1030.778695,0.0,0.0,347.918,0.0,453.470896
2020-10-16 02:00:00,400.0,400.0,21.843654,22.492854,1073.676642,0.0,0.0,328.048,0.0,444.055704
2020-10-16 03:00:00,400.0,400.0,21.647258,22.576747,1074.237183,0.0,0.0,331.5,0.0,444.489423
2020-10-16 04:00:00,400.0,400.0,22.576747,23.069973,979.454573,0.0,0.0,326.08,0.0,457.893814
2020-10-16 05:00:00,400.0,400.0,22.96816,63.217325,830.762657,0.0,0.0,288.752,0.0,500.098401
2020-10-16 06:00:00,400.0,400.0,23.128644,21.287879,915.762908,0.0,0.0,338.898,0.0,522.620264
2020-10-16 07:00:00,400.0,400.0,21.474047,19.430296,1339.372337,0.0,0.0,912.532,0.0,545.123949
2020-10-16 08:00:00,400.0,400.0,19.034775,18.861019,1860.84571,0.0,0.0,1619.668,0.0,572.973343
2020-10-16 09:00:00,398.0,336.296465,14.9805,18.463561,2024.0,0.0,0.0,1975.732941,7.195059,601.909941
2020-10-16 10:00:00,157.920191,160.090078,14.9805,14.9805,2250.47981,0.0,0.0,2369.652,0.0,627.025829
2020-10-16 11:00:00,303.099695,215.840621,14.979622,14.981951,2088.300305,0.0,0.0,2316.234,0.0,643.340054
2020-10-16 12:00:00,400.0,400.0,19.034775,19.68943,1835.486319,0.0,0.0,2174.2,0.0,659.957052
2020-10-16 13:00:00,400.0,400.0,19.983547,21.287879,1631.19744,0.0,0.0,2038.754,0.0,670.283484
2020-10-16 14:00:00,400.0,400.0,21.116714,22.732362,1426.578391,0.0,0.0,1809.81,0.0,666.634741
2020-10-16 15:00:00,400.0,400.0,20.846138,25.375687,1506.65031,0.0,0.0,1672.918,0.0,659.590154
2020-10-16 16:00:00,400.0,400.0,21.116714,26.568418,1632.033484,0.0,0.0,1316.13,0.0,640.514477
2020-10-16 17:00:00,400.0,400.0,23.128644,62.677043,1297.242211,0.0,0.0,900.904,0.0,656.199268
2020-10-16 18:00:00,400.0,400.0,23.206766,76.127113,1194.756051,0.0,0.0,813.56,0.0,658.470592
2020-10-16 19:00:00,400.0,400.0,23.206766,26.825011,1195.294282,0.0,0.0,782.2,0.0,653.685858
2020-10-16 20:00:00,400.0,400.0,22.732362,26.075379,1429.918643,0.0,0.0,831.77,0.0,625.927704
2020-10-16 21:00:00,400.0,400.0,23.128644,25.484272,1066.495761,0.0,0.0,577.48,0.0,589.047636
2020-10-16 22:00:00,400.0,400.0,23.437807,24.633436,826.885596,0.0,0.0,416.514,0.0,547.594261
2020-10-16 23:00:00,400.0,400.0,23.206766,23.206766,927.202688,0.0,0.0,281.184,0.0,512.247197
2020-10-17 00:00:00,400.0,400.0,22.732362,22.96816,1136.646703,0.0,0.0,297.104,0.0,483.218595
2020-10-17 01:00:00,400.0,400.0,21.647258,21.843654,1297.034355,0.0,0.0,329.85,0.0,464.072347
2020-10-17 02:00:00,400.0,400.0,20.400003,21.843654,1589.786008,0.0,0.0,546.97,0.0,452.727599
2020-10-17 03:00:00,400.0,400.0,19.685338,21.843654,1766.786429,0.0,0.0,690.082,0.0,447.644336
2020-10-17 04:00:00,400.0,400.0,18.861019,22.516066,1893.46215,0.0,0.0,831.116,0.0,449.798078
2020-10-17 05:00:00,400.0,400.0,19.68943,22.732362,1713.892782,0.0,0.0,752.098,0.0,464.880783
2020-10-17 06:00:00,400.0,400.0,19.034775,20.419098,1833.965194,0.0,0.0,903.98,0.0,469.652221
2020-10-17 07:00:00,139.531096,400.0,14.979622,20.400003,2233.868904,0.0,0.0,1453.92,0.0,492.157664
2020-10-17 08:00:00,0.0,400.0,0.0,19.034775,2383.0,0.0,0.0,1830.970813,41.597187,526.345622
2020-10-17 09:00:00,0.0,400.0,0.0,18.573789,2385.0,0.0,0.0,1924.330969,259.691031,540.049645
2020-10-17 10:00:00,0.0,400.0,0.0,18.461554,2386.0,0.0,0.0,2009.002736,306.879264,552.60041
2020-10-17 11:00:00,0.0,304.716229,0.0,14.9805,2390.0,0.0,0.0,2034.756213,98.545787,555.863432
2020-10-17 12:00:00,53.981205,240.119404,14.979622,14.979622,2341.418795,0.0,0.0,1978.888,0.0,554.770381
2020-10-17 13:00:00,0.0,332.27985,0.0,14.9805,2408.0,0.0,0.0,2042.845626,21.852374,554.376844
2020-10-17 14:00:00,177.247219,400.0,14.979622,19.034775,2220.152781,0.0,0.0,1847.68,0.0,553.279083
2020-10-17 15:00:00,126.757763,400.0,14.979622,21.116411,2264.642237,0.0,0.0,1874.838,0.0,550.679364
2020-10-17 16:00:00,400.0,400.0,18.861019,22.732362,1867.14046,0.0,0.0,1381.518,0.0,536.306631
2020-10-17 17:00:00,400.0,400.0,22.492854,23.87513,1207.906011,0.0,0.0,922.768,0.0,569.679298
2020-10-17 18:00:00,400.0,400.0,21.288154,71.645576,1421.227634,0.0,0.0,1174.488,0.0,583.689055
2020-10-17 19:00:00,398.0,400.0,14.9805,56.237423,2086.0,0.0,0.0,1825.579208,27.892792,586.586881
2020-10-17 20:00:00,0.0,400.0,0.0,24.995935,2485.0,0.0,0.0,2082.701806,19.148194,565.305271
2020-10-17 21:00:00,150.824632,400.0,14.9805,27.098228,2138.575369,0.0,0.0,1917.368,0.0,539.218895
2020-10-17 22:00:00,255.568206,400.0,14.9805,24.006249,1848.831794,0.0,0.0,1748.514,0.0,504.102331
2020-10-17 23:00:00,400.0,400.0,18.861019,21.400069,1057.817033,0.0,0.0,1783.978,0.0,475.524145
2020-10-18 00:00:00,400.0,400.0,18.072542,26.28747,876.885931,0.0,0.0,1845.902,0.0,451.20241
2020-10-18 01:00:00,400.0,353.409691,18.463561,14.975624,659.601625,0.0,0.0,1832.4,0.0,435.269756
2020-10-18 02:00:00,0.0,89.983629,0.0,14.975368,1013.0,0.0,0.0,2349.845193,218.086807,425.226779
2020-10-18 03:00:00,0.0,43.7,0.0,14.250609,1009.0,0.0,0.0,2306.117958,150.550042,419.267694
2020-10-18 04:00:00,151.635964,67.7,14.9805,-0.0,841.064036,0.0,0.0,2149.402,0.0,420.950695
2020-10-18 05:00:00,194.09067,197.246257,14.9805,14.979622,797.60933,0.0,0.0,2154.23,0.0,428.1931
2020-10-18 06:00:00,0.0,54.7,0.0,-0.0,1010.0,0.0,0.0,2345.702003,455.427997,425.0553
2020-10-18 07:00:00,0.0,65.7,0.0,-0.0,997.0,0.0,0.0,2399.527578,1091.958422,435.079137
2020-10-18 08:00:00,0.0,79.7,0.0,-0.0,987.0,0.0,0.0,2614.410995,1110.541005,468.811649
2020-10-18 09:00:00,0.0,109.7,0.0,-0.0,982.0,0.0,0.0,2775.622584,1133.265416,493.743388
2020-10-18 10:00:00,0.0,67.7,0.0,-0.0,967.0,0.0,0.0,2895.167284,1244.946716,513.925093
2020-10-18 11:00:00,0.0,79.7,0.0,-0.0,962.0,0.0,0.0,2949.170111,1071.897889,522.775517
2020-10-18 12:00:00,0.0,88.7,0.0,-0.0,973.0,0.0,0.0,3022.215516,643.048484,532.082327
2020-10-18 13:00:00,0.0,88.7,0.0,-0.0,973.0,0.0,0.0,3049.372066,751.205934,536.15581
2020-10-18 14:00:00,0.0,86.7,0.0,-0.0,982.0,0.0,0.0,3102.497828,1115.520172,542.774674
2020-10-18 15:00:00,0.0,57.7,0.0,-0.0,982.0,0.0,0.0,2961.478471,1218.237529,547.121771
2020-10-18 16:00:00,0.0,260.623016,0.0,14.975624,1162.0,0.0,0.0,2611.559336,831.850664,546.3839
2020-10-18 17:00:00,0.0,400.0,0.0,39.156752,1554.0,0.0,0.0,2636.360511,74.337489,581.304077
2020-10-18 18:00:00,0.0,400.0,0.0,75.683756,1907.0,0.0,0.0,2697.512421,293.235579,601.276863
2020-10-18 19:00:00,179.406612,400.0,14.978232,74.060266,1681.293388,0.0,0.0,2568.174662,276.875338,603.732191
2020-10-18 20:00:00,36.692694,400.0,14.975624,21.905537,1667.007306,0.0,0.0,2638.13357,283.40243,577.06894
2020-10-18 21:00:00,136.562145,274.967558,14.986165,16.477525,1327.437855,0.0,0.0,2508.459685,325.660315,544.653274
2020-10-18 22:00:00,0.0,41.0,0.0,14.978232,1498.0,0.0,0.0,2401.232589,372.819411,502.984888
2020-10-18 23:00:00,0.0,41.0,0.0,-0.0,1315.0,0.0,0.0,2332.217124,409.252876,466.832569
2020-10-19 00:00:00,17.615121,41.0,14.97449,0.0,1080.384879,0.0,0.0,2368.703183,334.598817,445.997745
2020-10-19 01:00:00,0.0,41.0,0.0,0.0,1098.0,0.0,0.0,2292.193934,313.326066,431.87909
2020-10-19 02:00:00,0.0,41.0,0.0,0.0,1098.0,0.0,0.0,2244.192076,346.007924,424.678811
2020-10-19 03:00:00,116.236833,135.023567,14.97449,14.97449,972.763167,0.0,0.0,2128.952992,170.415008,426.178474
2020-10-19 04:00:00,400.0,325.749175,19.958349,14.97449,657.483178,0.0,0.0,1919.786775,73.709225,442.095539
2020-10-19 05:00:00,400.0,400.0,74.762577,72.110328,480.250149,0.0,100.580931,1948.444015,5.855985,488.87908
2020-10-19 06:00:00,400.0,80.7,72.96816,0.0,333.310727,0.0,349.196664,1828.68,0.0,511.255391
2020-10-19 07:00:00,400.0,99.7,18.573789,0.0,737.69172,0.0,0.0,2371.182,0.0,531.973542
2020-10-19 08:00:00,400.0,109.7,69.68943,0.0,677.585523,0.0,75.211849,2491.228,0.0,558.996372
2020-10-19 09:00:00,9.479881,108.7,14.977625,0.0,1176.220119,0.0,0.0,3159.712,0.0,584.473782
2020-10-19 10:00:00,400.0,107.7,68.072542,0.0,773.835204,0.0,25.360515,2895.26,0.0,605.163719
2020-10-19 11:00:00,400.0,228.364618,71.843654,14.979622,428.264583,0.0,383.28273,2623.86,0.0,616.289313
2020-10-19 12:00:00,400.0,355.618409,71.116714,18.832081,465.743818,0.0,329.554409,2661.072,0.0,625.249227
2020-10-19 13:00:00,400.0,400.0,70.846138,19.829944,545.92057,0.0,256.264845,2536.39,0.0,633.820414
2020-10-19 14:00:00,400.0,400.0,70.846138,22.168472,734.301028,0.0,38.359618,2321.532,0.0,635.884646
2020-10-19 15:00:00,400.0,400.0,20.846138,24.917274,990.350338,0.0,0.0,1963.132,0.0,636.417249
2020-10-19 16:00:00,400.0,400.0,18.463561,27.641306,1600.578708,0.0,0.0,1767.246,0.0,622.000094
2020-10-19 17:00:00,400.0,400.0,20.846138,72.612806,1672.811355,0.0,0.0,1611.028,0.0,648.932497
2020-10-19 18:00:00,400.0,400.0,20.547985,77.274563,1866.882882,0.0,0.0,1740.961065,139.508935,657.461727
2020-10-19 19:00:00,400.0,400.0,21.905537,26.429316,1695.261146,0.0,0.0,1632.41352,200.25448,651.322856
2020-10-19 20:00:00,400.0,400.0,22.632352,23.013605,1384.457259,0.0,0.0,1547.669016,269.962984,623.731764
2020-10-19 21:00:00,400.0,400.0,22.632352,22.492854,1174.969105,0.0,0.0,1386.357718,310.404282,577.708292
2020-10-19 22:00:00,400.0,400.0,17.392886,23.027478,1489.055872,0.0,0.0,1704.859476,337.758524,525.120541
2020-10-19 23:00:00,400.0,400.0,22.632352,22.732362,1016.598935,0.0,0.0,947.661235,342.660765,482.409345
2020-10-20 00:00:00,400.0,400.0,20.42044,21.843654,1343.38716,0.0,0.0,1096.587377,305.858623,455.730033
2020-10-20 01:00:00,398.0,400.0,14.978232,21.122752,1551.818635,0.0,0.0,1224.165183,300.586817,443.601982
2020-10-20 02:00:00,400.0,400.0,17.392886,21.368347,1499.306304,0.0,0.0,1121.008663,262.307337,436.005354
2020-10-20 03:00:00,400.0,400.0,19.899927,21.708134,1381.618348,0.0,0.0,992.869773,285.982227,434.437714
2020-10-20 04:00:00,400.0,400.0,21.122752,22.709794,1215.239663,0.0,0.0,929.098575,297.799425,449.828837
2020-10-20 05:00:00,400.0,400.0,22.972766,75.545362,866.993924,0.0,0.0,870.644654,273.033346,496.89761
2020-10-20 06:00:00,400.0,400.0,23.388687,21.122752,758.380286,0.0,0.0,936.022519,242.859481,519.396335
2020-10-20 07:00:00,400.0,101.699217,18.52187,14.978232,1439.349342,0.0,0.0,1761.718495,182.571505,541.105373
2020-10-20 08:00:00,0.0,82.4,0.0,0.0,1947.0,0.0,0.0,2446.548322,115.701678,567.682248
2020-10-20 09:00:00,0.0,79.4,0.0,0.0,1953.0,0.0,0.0,2609.989327,158.858673,591.298399
2020-10-20 10:00:00,55.820454,64.4,14.982507,0.0,1901.579546,0.0,0.0,2679.538,0.0,609.443768
2020-10-20 11:00:00,0.0,36.4,0.0,7.692381,1968.0,0.0,0.0,2805.110257,28.741743,618.316539
2020-10-20 12:00:00,48.17476,48.648997,14.982507,14.982507,1907.22524,0.0,0.0,2777.136,0.0,623.236614
2020-10-20 13:00:00,189.584262,248.122789,14.982507,14.982507,1762.815739,0.0,0.0,2697.836,0.0,633.003039
2020-10-20 14:00:00,300.558613,400.0,14.982507,19.034775,1652.841389,0.0,0.0,2568.382,0.0,630.081092
2020-10-20 15:00:00,312.360211,400.0,14.982507,21.843654,1645.039789,0.0,0.0,2309.412,0.0,622.405832
2020-10-20 16:00:00,400.0,400.0,18.573789,29.376948,1707.739246,0.0,0.0,1595.882,0.0,602.271413
2020-10-20 17:00:00,400.0,400.0,23.206766,26.604571,1141.363584,0.0,0.0,816.238,0.0,625.781162
2020-10-20 18:00:00,400.0,400.0,23.437807,65.927911,1046.344661,0.0,0.0,824.212,0.0,641.230101
2020-10-20 19:00:00,400.0,400.0,23.657594,72.732717,992.643348,0.0,0.0,742.418,0.0,637.016198
2020-10-20 20:00:00,400.0,400.0,23.444698,26.834396,1003.153825,0.0,0.0,549.4,0.0,606.486926
2020-10-20 21:00:00,400.0,400.0,23.87513,26.324557,844.878997,0.0,0.0,443.68,0.0,561.12015
2020-10-20 22:00:00,400.0,400.0,23.128644,23.437807,1065.004383,0.0,0.0,338.602,0.0,512.339642
2020-10-20 23:00:00,400.0,400.0,22.576747,22.516066,1210.374504,0.0,0.0,295.766,0.0,472.708724
2020-10-21 00:00:00,400.0,400.0,22.516066,22.732362,1048.244934,0.0,0.0,327.01,0.0,448.46476
2020-10-21 01:00:00,400.0,400.0,21.647258,22.732362,1194.354079,0.0,0.0,376.57,0.0,433.982388
2020-10-21 02:00:00,400.0,400.0,21.116714,21.843654,1314.126011,0.0,0.0,448.198,0.0,426.760798
2020-10-21 03:00:00,400.0,400.0,21.116411,22.185841,1332.686209,0.0,0.0,483.032,0.0,429.201869
2020-10-21 04:00:00,400.0,400.0,21.288154,23.128644,1254.069076,0.0,0.0,503.952,0.0,444.132439
2020-10-21 05:00:00,400.0,400.0,22.516066,41.900733,1053.945334,0.0,0.0,613.398,0.0,490.5679
2020-10-21 06:00:00,400.0,400.0,73.87513,19.685338,373.66649,0.0,293.469037,773.41,0.0,510.111527
2020-10-21 07:00:00,400.0,77.4,19.983547,14.979622,1123.143765,0.0,0.0,1673.232,0.0,532.663235
2020-10-21 08:00:00,144.629182,83.4,14.979622,0.0,1683.770818,0.0,0.0,2404.05,0.0,558.191877
2020-10-21 09:00:00,13.590323,82.4,14.979622,0.0,1820.809677,0.0,0.0,2684.202,0.0,579.658848
2020-10-21 10:00:00,0.0,60.4,0.0,0.0,1850.0,0.0,0.0,2837.157857,38.690143,598.223679
2020-10-21 11:00:00,0.0,55.4,0.0,0.0,1848.0,0.0,0.0,2915.74759,83.39041,610.312139
2020-10-21 12:00:00,0.0,56.4,14.191367,1.171561,1842.139744,0.0,0.0,2971.998,0.0,619.628738
2020-10-21 13:00:00,69.351244,182.925282,14.979622,14.979622,1761.048756,0.0,0.0,2950.77,0.0,628.608187
2020-10-21 14:00:00,113.80812,400.0,14.979622,19.034775,1711.59188,0.0,0.0,2909.47,0.0,629.831718
2020-10-21 15:00:00,0.0,400.0,0.0,20.400003,1835.0,0.0,0.0,2704.228047,27.209953,627.034207
2020-10-21 16:00:00,400.0,400.0,15.731586,73.128644,1807.209381,0.0,0.0,2116.298,0.0,610.363293
2020-10-21 17:00:00,400.0,400.0,23.069973,38.02593,849.769524,0.0,0.0,1319.652,0.0,634.632371
2020-10-21 18:00:00,400.0,400.0,22.185841,54.199846,1042.196817,0.0,0.0,1591.432,0.0,646.535277
2020-10-21 19:00:00,400.0,400.0,73.437807,25.091511,535.046343,0.0,307.208206,1495.35,0.0,643.545549
2020-10-21 20:00:00,400.0,400.0,73.437807,21.122752,434.958788,0.0,368.211894,1538.67,0.0,611.806682
2020-10-21 21:00:00,400.0,400.0,73.87513,24.318837,346.749321,0.0,397.731363,1413.886,0.0,564.566684
2020-10-21 22:00:00,400.0,400.0,73.069973,19.958349,372.054494,0.0,306.380332,1462.04,0.0,511.197826
2020-10-21 23:00:00,400.0,388.524926,124.617414,14.975624,143.515021,0.0,485.495226,1319.47,0.0,470.843247
2020-10-22 00:00:00,400.0,258.805065,73.069973,14.975624,230.264539,0.0,369.59348,1249.798,0.0,447.380019
2020-10-22 01:00:00,400.0,219.437293,70.419098,14.975624,526.653623,0.0,55.779333,1449.4,0.0,432.861957
2020-10-22 02:00:00,400.0,135.70122,19.430296,14.975624,676.140224,0.0,0.0,1558.08,0.0,426.740966
2020-10-22 03:00:00,400.0,220.153243,19.034775,14.975624,709.478028,0.0,0.0,1603.054,0.0,428.486396
2020-10-22 04:00:00,322.213251,363.521789,14.9805,14.975624,947.486749,0.0,0.0,1940.368,0.0,443.382188
2020-10-22 05:00:00,400.0,400.0,20.234035,73.873861,733.054311,0.0,0.0,2021.954602,28.677398,492.585044
2020-10-22 06:00:00,400.0,59.7,69.68943,0.0,516.308862,0.0,166.430609,2123.532,0.0,512.283471
2020-10-22 07:00:00,72.441517,48.7,14.979622,0.0,1096.258483,0.0,0.0,2831.78,0.0,531.528228
2020-10-22 08:00:00,0.0,51.7,0.0,0.0,1179.0,0.0,0.0,3083.674696,664.173304,556.901204
2020-10-22 09:00:00,0.0,49.7,-0.0,0.0,1186.0,0.0,0.0,3265.937014,1058.244986,583.190552
2020-10-22 10:00:00,0.0,50.7,0.0,0.0,1186.0,0.0,0.0,3402.625943,1224.936057,603.693891
2020-10-22 11:00:00,0.0,50.7,0.0,0.0,1185.0,0.0,0.0,3491.813181,1221.048819,617.221977
2020-10-22 12:00:00,0.0,57.7,0.0,0.0,1187.0,0.0,0.0,3596.075332,1312.624668,632.5613
2020-10-22 13:00:00,0.0,56.7,0.0,0.0,1184.0,0.0,0.0,3665.777034,1257.944966,643.466555
2020-10-22 14:00:00,0.0,57.7,0.0,0.0,1184.0,0.0,0.0,3683.366001,1041.463999,646.1049
2020-10-22 15:00:00,0.0,48.7,0.0,12.020583,1185.0,0.0,0.0,3326.550946,1070.617054,643.432642
2020-10-22 16:00:00,0.0,400.0,0.0,28.960863,1556.0,0.0,0.0,3120.415045,465.236955,624.962257
2020-10-22 17:00:00,400.0,400.0,20.42044,73.108099,1012.392242,0.0,0.0,2468.037861,249.660139,641.646843
2020-10-22 18:00:00,400.0,400.0,20.42044,74.060266,1160.515993,0.0,0.0,2620.736446,221.163554,654.483068
2020-10-22 19:00:00,400.0,400.0,20.547985,22.926593,1020.459043,0.0,0.0,2545.899579,162.668421,646.26608
2020-10-22 20:00:00,400.0,400.0,19.958349,22.812297,1112.541579,0.0,0.0,2548.914146,100.695854,616.405885
2020-10-22 21:00:00,400.0,233.808411,15.731586,14.996389,1188.79485,0.0,0.0,2382.604,0.0,568.621372
2020-10-22 22:00:00,187.511933,41.0,14.9805,14.978232,1414.488068,0.0,0.0,2263.0,0.0,516.82679
2020-10-22 23:00:00,348.003724,158.5725,14.975368,14.978232,883.996276,0.0,0.0,2164.878467,24.789533,475.182329
2020-10-23 00:00:00,270.608103,194.22885,14.975368,14.975624,961.391897,0.0,0.0,2081.540221,85.479779,451.072249
2020-10-23 01:00:00,301.200149,210.943147,14.975368,14.975368,929.799851,0.0,0.0,1948.685281,90.260719,435.882814
2020-10-23 02:00:00,400.0,259.392095,19.68943,14.975368,639.585462,0.0,0.0,1619.468,0.0,430.032381
2020-10-23 03:00:00,400.0,400.0,19.430296,21.021692,668.633505,0.0,0.0,1595.5,0.0,431.079974
2020-10-23 04:00:00,398.0,400.0,14.9805,19.68943,923.0,0.0,0.0,1529.433641,22.366359,447.815046
2020-10-23 05:00:00,400.0,400.0,21.287879,71.395115,810.645841,0.0,0.0,1299.668,0.0,495.003324
2020-10-23 06:00:00,400.0,400.0,74.617737,18.572338,563.782866,0.0,126.075704,1164.0,0.0,517.38257
2020-10-23 07:00:00,400.0,162.948535,20.400003,14.979622,987.116628,0.0,0.0,1711.12,0.0,535.950506
2020-10-23 08:00:00,208.445141,84.4,14.9805,-0.0,1522.95486,0.0,0.0,2436.248,0.0,564.343971
2020-10-23 09:00:00,399.334847,112.177039,15.0,14.979622,1343.065153,0.0,0.0,2442.738,0.0,592.300927
2020-10-23 10:00:00,400.0,371.997584,18.861019,14.9805,1215.021169,0.0,0.0,2475.602,0.0,616.437125
2020-10-23 11:00:00,400.0,400.0,18.072542,18.861019,1283.080126,0.0,0.0,2656.5,0.0,633.362981
2020-10-23 12:00:00,400.0,400.0,18.861019,19.430296,1205.723315,0.0,0.0,2700.602,0.0,651.581803
2020-10-23 13:00:00,400.0,400.0,19.430296,19.68943,1113.198926,0.0,0.0,2696.718,0.0,664.877861
2020-10-23 14:00:00,400.0,400.0,18.861019,26.44525,1246.449063,0.0,0.0,2538.252,0.0,672.120441
2020-10-23 15:00:00,400.0,400.0,18.072542,22.96816,1636.610368,0.0,0.0,2187.762,0.0,667.522745
2020-10-23 16:00:00,400.0,400.0,20.419098,29.698964,1619.454022,0.0,0.0,1474.922,0.0,644.170197
2020-10-23 17:00:00,400.0,400.0,26.324557,76.308435,1006.715386,0.0,0.0,729.53,0.0,654.422192
2020-10-23 18:00:00,400.0,400.0,26.324557,61.453798,997.415262,0.0,0.0,744.014,0.0,655.589811
2020-10-23 19:00:00,400.0,400.0,25.9087,27.241342,1062.46501,0.0,0.0,691.828,0.0,638.004449
2020-10-23 20:00:00,400.0,400.0,24.617414,25.9087,1146.621697,0.0,0.0,592.184,0.0,610.434345
2020-10-23 21:00:00,400.0,400.0,24.617414,24.617414,959.602095,0.0,0.0,519.786,0.0,574.377586
2020-10-23 22:00:00,400.0,400.0,23.128644,23.206766,1147.523371,0.0,0.0,404.248,0.0,528.858694
2020-10-23 23:00:00,400.0,400.0,22.576747,22.732362,1348.179879,0.0,0.0,341.932,0.0,489.412818
2020-10-24 00:00:00,400.0,400.0,22.96816,23.657594,856.191295,0.0,0.0,390.18,0.0,463.948306
2020-10-24 01:00:00,400.0,400.0,22.576747,23.069973,945.554062,0.0,0.0,352.266,0.0,444.856791
2020-10-24 02:00:00,400.0,400.0,22.576747,23.069973,973.672662,0.0,0.0,290.2,0.0,432.079101
2020-10-24 03:00:00,400.0,400.0,22.732362,23.128644,945.463421,0.0,0.0,235.1,0.0,429.095487
2020-10-24 04:00:00,400.0,400.0,22.732362,23.657594,905.304221,0.0,0.0,220.452,0.0,432.922167
2020-10-24 05:00:00,400.0,400.0,23.069973,31.971897,788.562835,0.0,0.0,197.796,0.0,447.034975
2020-10-24 06:00:00,400.0,400.0,74.617414,19.685338,477.512763,0.0,87.495923,234.664,0.0,444.172686
2020-10-24 07:00:00,400.0,347.04732,19.68943,14.981951,1207.053571,0.0,0.0,1104.538,0.0,465.222664
2020-10-24 08:00:00,325.073402,152.872461,14.981951,14.981951,1620.326598,0.0,0.0,1764.368,0.0,502.20621
2020-10-24 09:00:00,150.452185,32.4,14.981951,0.0,1794.947815,0.0,0.0,2132.1,0.0,531.172828
2020-10-24 10:00:00,25.993308,50.479531,14.981951,0.0,1918.406692,0.0,0.0,2394.716,0.0,552.046396
2020-10-24 11:00:00,0.0,103.456371,0.0,0.0,1953.0,0.0,0.0,2505.394619,8.175381,563.459193
2020-10-24 12:00:00,5.265019,220.669759,14.981951,14.981951,1933.134981,0.0,0.0,2563.6,0.0,575.169753
2020-10-24 13:00:00,125.296969,400.0,14.981951,14.981951,1811.103031,0.0,0.0,2498.46,0.0,583.703545
2020-10-24 14:00:00,264.018813,400.0,14.981951,19.034775,1670.381187,0.0,0.0,2396.462,0.0,589.512122
2020-10-24 15:00:00,139.241152,400.0,14.9805,21.116714,1791.158848,0.0,0.0,2195.428,0.0,592.240373
2020-10-24 16:00:00,400.0,400.0,18.072542,25.954122,1915.304895,0.0,0.0,1628.882,0.0,581.036566
2020-10-24 17:00:00,400.0,400.0,22.732362,71.645576,1239.538033,0.0,0.0,904.83,0.0,609.043795
2020-10-24 18:00:00,400.0,400.0,23.069973,70.044041,1221.740403,0.0,0.0,920.068,0.0,620.59914
2020-10-24 19:00:00,400.0,400.0,22.96816,25.816346,1247.03573,0.0,0.0,883.49,0.0,608.318141
2020-10-24 20:00:00,400.0,400.0,22.96816,26.094134,1102.657585,0.0,0.0,918.182,0.0,580.128662
2020-10-24 21:00:00,400.0,400.0,23.128644,24.267156,842.026913,0.0,0.0,831.568,0.0,551.181163
2020-10-24 22:00:00,400.0,400.0,22.492854,22.96816,1043.639166,0.0,0.0,784.63,0.0,513.898625
2020-10-24 23:00:00,400.0,400.0,22.516066,21.775827,827.178434,0.0,0.0,685.962,0.0,478.317535
2020-10-25 00:00:00,400.0,400.0,21.647258,21.843654,904.248804,0.0,0.0,659.732,0.0,454.572479
2020-10-25 01:00:00,400.0,400.0,21.647258,21.288154,914.392971,0.0,0.0,562.304,0.0,438.436654
2020-10-25 02:00:00,400.0,400.0,21.647258,21.474047,913.757638,0.0,0.0,488.828,0.0,427.510554
2020-10-25 03:00:00,400.0,400.0,21.647258,22.516066,913.653401,0.0,0.0,457.552,0.0,422.83479
2020-10-25 04:00:00,400.0,400.0,21.843654,23.069973,843.721687,0.0,0.0,398.85,0.0,424.519247
2020-10-25 05:00:00,400.0,400.0,23.069973,37.555855,747.554426,0.0,0.0,361.162,0.0,433.291136
2020-10-25 06:00:00,400.0,400.0,22.516066,19.034775,795.60387,0.0,0.0,342.89,0.0,423.34292
2020-10-25 07:00:00,400.0,130.76274,19.034775,14.981951,1409.213622,0.0,0.0,1057.146,0.0,438.439857
2020-10-25 08:00:00,134.124354,34.4,14.981951,0.0,1883.275646,0.0,0.0,1744.19,0.0,470.387153
2020-10-25 09:00:00,0.0,44.4,0.0,0.0,2028.0,0.0,0.0,2072.993463,111.374537,497.999019
2020-10-25 10:00:00,0.0,34.4,0.0,0.0,2028.0,0.0,0.0,2234.299721,108.652279,522.194958
2020-10-25 11:00:00,0.0,12.4,0.0,0.0,2027.0,0.0,0.0,2330.024954,90.113046,536.703743
2020-10-25 12:00:00,0.0,129.278699,14.191367,14.981951,2020.220005,0.0,0.0,2427.69,0.0,552.370499
2020-10-25 13:00:00,158.34381,400.0,14.981951,18.573789,1854.05619,0.0,0.0,2367.93,0.0,568.331072
2020-10-25 14:00:00,400.0,400.0,16.970947,19.983547,1606.117695,0.0,0.0,2202.688,0.0,580.735546
2020-10-25 15:00:00,398.0,400.0,14.981951,20.846138,1621.336437,0.0,0.0,1949.29,0.0,591.443034
2020-10-25 16:00:00,400.0,400.0,19.983547,23.437807,1628.876018,0.0,0.0,1366.24,0.0,583.854597
2020-10-25 17:00:00,400.0,400.0,23.437807,71.4959,970.587715,0.0,0.0,662.266,0.0,615.851743
2020-10-25 18:00:00,400.0,400.0,23.437807,76.026824,1036.626346,0.0,0.0,681.212,0.0,631.437848
2020-10-25 19:00:00,400.0,400.0,23.87513,22.223804,960.443374,0.0,0.0,598.238,0.0,621.419194
2020-10-25 20:00:00,400.0,400.0,22.768635,24.259244,811.478998,0.0,0.0,617.58,0.0,593.41515
2020-10-25 21:00:00,400.0,400.0,72.683931,23.069973,631.025251,0.0,76.586161,511.648,0.0,551.343412
2020-10-25 22:00:00,400.0,400.0,21.647258,21.647258,1199.436617,0.0,0.0,769.504,0.0,504.760107
2020-10-25 23:00:00,400.0,400.0,19.034775,20.865936,1308.548216,0.0,0.0,1337.582,0.0,467.105068
2020-10-26 00:00:00,400.0,400.0,18.861019,20.400003,1264.841509,0.0,0.0,1309.0,0.0,444.623774
2020-10-26 01:00:00,400.0,400.0,18.072542,19.68943,1358.521233,0.0,0.0,1321.068,0.0,432.382015
2020-10-26 02:00:00,306.999131,400.0,14.9805,19.983547,1501.400871,0.0,0.0,1418.4,0.0,425.549869
2020-10-26 03:00:00,400.0,400.0,18.573789,19.983547,1335.437872,0.0,0.0,1256.112,0.0,426.101119
2020-10-26 04:00:00,400.0,400.0,18.861019,21.288154,1308.832855,0.0,0.0,1203.688,0.0,447.728272
2020-10-26 05:00:00,400.0,400.0,19.68943,60.696007,1305.756412,0.0,0.0,1145.518,0.0,497.214238
2020-10-26 06:00:00,400.0,400.0,20.419098,19.68943,1349.181483,0.0,0.0,1074.5,0.0,514.697778
2020-10-26 07:00:00,400.0,176.826142,21.474047,14.9805,1156.195966,0.0,0.0,1065.45,0.0,542.288105
2020-10-26 08:00:00,0.0,114.673578,0.0,14.9805,2229.0,0.0,0.0,2353.00779,45.94221,574.501168
2020-10-26 09:00:00,0.0,344.760353,0.0,18.861019,2228.0,0.0,0.0,2575.461707,201.540293,608.019256
2020-10-26 10:00:00,222.790056,361.72712,14.9805,18.861019,2003.609944,0.0,0.0,2578.832,0.0,642.183308
2020-10-26 11:00:00,0.0,400.0,14.191367,19.68943,2228.985313,0.0,0.0,2917.482,0.0,659.174503
2020-10-26 12:00:00,400.0,400.0,18.072542,20.846138,1784.731197,0.0,0.0,2627.12,0.0,682.25832
2020-10-26 13:00:00,400.0,400.0,20.419098,22.238635,1387.911035,0.0,0.0,2375.488,0.0,704.036545
2020-10-26 14:00:00,400.0,400.0,21.116714,23.008678,1240.694602,0.0,0.0,2110.482,0.0,711.86811
2020-10-26 15:00:00,400.0,400.0,20.419098,23.154699,1558.123589,0.0,0.0,1863.388,0.0,705.939662
2020-10-26 16:00:00,400.0,400.0,21.647258,29.488388,1651.091975,0.0,0.0,1277.846,0.0,685.163104
2020-10-26 17:00:00,400.0,400.0,23.87513,70.145367,1183.032921,0.0,0.0,715.102,0.0,698.710362
2020-10-26 18:00:00,400.0,400.0,23.657594,73.280783,1211.702943,0.0,0.0,732.704,0.0,698.250159
2020-10-26 19:00:00,400.0,400.0,23.437807,26.961843,1301.223227,0.0,0.0,737.73,0.0,684.376016
2020-10-26 20:00:00,400.0,400.0,22.732362,25.983,1575.963659,0.0,0.0,761.686,0.0,646.758351
2020-10-26 21:00:00,400.0,400.0,22.96816,23.206766,1217.338203,0.0,0.0,761.3,0.0,593.99427
2020-10-26 22:00:00,400.0,400.0,21.474047,23.128644,1277.217191,0.0,0.0,795.14,0.0,536.838421
2020-10-26 23:00:00,400.0,400.0,20.400003,22.96816,1533.926749,0.0,0.0,761.88,0.0,493.342988
2020-10-27 00:00:00,400.0,400.0,20.419098,27.172017,1298.275149,0.0,0.0,710.002,0.0,467.659028
2020-10-27 01:00:00,400.0,400.0,20.400003,23.623562,1175.531306,0.0,0.0,823.968,0.0,453.215504
2020-10-27 02:00:00,400.0,400.0,21.116714,21.647258,925.014226,0.0,0.0,831.33,0.0,443.597366
2020-10-27 03:00:00,400.0,400.0,21.287879,21.288154,872.522533,0.0,0.0,773.38,0.0,442.77862
2020-10-27 04:00:00,400.0,400.0,21.287879,21.474047,894.330457,0.0,0.0,918.952,0.0,461.343231
2020-10-27 05:00:00,400.0,400.0,22.492854,35.160972,690.849202,0.0,0.0,1026.7,0.0,511.62762
2020-10-27 06:00:00,400.0,400.0,71.647258,19.68943,593.229837,0.0,124.563987,1518.302,0.0,543.160824
2020-10-27 07:00:00,342.60349,97.4,14.979622,-0.0,1231.79651,0.0,0.0,2459.65,0.0,565.328024
2020-10-27 08:00:00,0.0,103.4,0.0,-0.0,1604.0,0.0,0.0,2959.95407,19.44593,584.54311
2020-10-27 09:00:00,0.0,103.4,0.0,-0.0,1597.0,0.0,0.0,3152.759863,51.130137,614.513979
2020-10-27 10:00:00,0.0,98.4,0.0,-0.0,1610.0,0.0,0.0,3319.799154,105.246846,637.619873
2020-10-27 11:00:00,0.0,89.4,0.0,-0.0,1609.0,0.0,0.0,3401.165938,231.986062,649.974891
2020-10-27 12:00:00,0.0,83.4,0.0,-0.0,1608.0,0.0,0.0,3433.49543,206.73457,654.974314
2020-10-27 13:00:00,0.0,98.4,0.0,-0.0,1609.0,0.0,0.0,3487.587733,601.074267,662.93816
2020-10-27 14:00:00,0.0,73.4,-0.0,-0.0,1609.0,0.0,0.0,3501.890911,351.807089,665.083637
2020-10-27 15:00:00,14.685051,50.4,14.979622,-0.0,1583.714949,0.0,0.0,3431.948,0.0,658.384958
2020-10-27 16:00:00,170.594625,400.0,14.975368,20.234035,1428.805375,0.0,0.0,2751.266275,5.015725,637.119135
2020-10-27 17:00:00,400.0,400.0,22.23556,73.97979,1032.849748,0.0,0.0,2052.746599,231.507401,659.534528
2020-10-27 18:00:00,400.0,400.0,20.526636,74.060266,1321.12591,0.0,0.0,2434.765518,185.584482,678.395941
2020-10-27 19:00:00,400.0,400.0,73.873861,23.884669,848.827534,0.0,15.543461,2102.447503,166.782497,661.142995
2020-10-27 20:00:00,400.0,400.0,73.432808,23.823436,770.239211,0.0,55.481907,2274.68,0.0,629.766118
2020-10-27 21:00:00,400.0,400.0,20.42044,20.42044,974.194688,0.0,0.0,2286.232817,72.895183,578.105719
2020-10-27 22:00:00,398.0,188.31989,14.9805,14.978232,1167.0,0.0,0.0,2140.776005,19.983995,527.366401
2020-10-27 23:00:00,94.936501,36.258115,14.9805,14.978232,1472.0635,0.0,0.0,2166.018,0.0,485.393175
2020-10-28 00:00:00,253.258916,29.541712,14.9805,14.975624,1127.741084,0.0,0.0,2020.734,0.0,461.998937
2020-10-28 01:00:00,98.242287,66.0,14.9805,14.975368,1282.757714,0.0,0.0,2088.516,0.0,448.913743
2020-10-28 02:00:00,169.954323,66.0,14.9805,-0.0,1211.045678,0.0,0.0,1956.484,0.0,439.865748
2020-10-28 03:00:00,358.986089,67.0,14.9805,3.145997,1021.013911,0.0,0.0,1773.032,0.0,440.852713
2020-10-28 04:00:00,400.0,157.546805,18.573789,14.975368,920.076972,0.0,0.0,1769.63,0.0,459.982954
2020-10-28 05:00:00,400.0,400.0,20.419098,68.797741,658.259819,0.0,0.0,1720.68,0.0,507.813027
2020-10-28 06:00:00,400.0,73.4,70.846138,-0.0,623.986378,0.0,78.339665,1744.12,0.0,530.270043
2020-10-28 07:00:00,400.0,80.4,18.573789,-0.0,955.86454,0.0,0.0,2234.298,0.0,554.015019
2020-10-28 08:00:00,305.466749,88.4,14.9805,-0.0,1182.933251,0.0,0.0,2592.402,0.0,573.670312
2020-10-28 09:00:00,321.166151,89.4,14.9805,-0.0,1161.233849,0.0,0.0,2786.87,0.0,606.095423
2020-10-28 10:00:00,155.380833,86.4,14.981951,-0.0,1342.019167,0.0,0.0,3033.81,0.0,616.018625
2020-10-28 11:00:00,123.963443,80.4,14.981951,-0.0,1373.436557,0.0,0.0,3281.118,0.0,648.402216
2020-10-28 12:00:00,145.235977,143.402322,14.981951,14.979622,1352.164023,0.0,0.0,3282.75,0.0,651.837897
2020-10-28 13:00:00,296.297707,400.0,14.981951,19.661956,1200.102293,0.0,0.0,3162.55,0.0,656.617156
2020-10-28 14:00:00,250.93067,400.0,14.9805,20.108305,1244.46933,0.0,0.0,3012.132,0.0,652.8994
2020-10-28 15:00:00,0.0,400.0,0.0,21.2493,1691.0,0.0,0.0,2653.069025,34.208975,645.610354
2020-10-28 16:00:00,257.682796,400.0,14.9805,31.163688,2069.717205,0.0,0.0,2085.98,0.0,626.439419
2020-10-28 17:00:00,400.0,400.0,21.843654,72.861779,1469.026228,0.0,0.0,1459.42,0.0,652.709066
2020-10-28 18:00:00,400.0,400.0,21.843654,69.058226,1481.363914,0.0,0.0,1563.8,0.0,670.115413
2020-10-28 19:00:00,400.0,400.0,21.116411,26.121353,1600.842713,0.0,0.0,1609.512,0.0,653.050393
2020-10-28 20:00:00,400.0,400.0,21.116714,23.069973,1457.613995,0.0,0.0,1628.998,0.0,624.207601
2020-10-28 21:00:00,400.0,400.0,19.685338,20.846138,1696.6374,0.0,0.0,1573.68,0.0,580.05639
2020-10-28 22:00:00,400.0,400.0,18.072542,20.846138,1694.04842,0.0,0.0,1571.882,0.0,526.925037
2020-10-28 23:00:00,34.518638,400.0,14.9805,20.846138,2118.881362,0.0,0.0,1702.018,0.0,482.720496
2020-10-29 00:00:00,0.0,400.0,0.0,21.474047,2165.0,0.0,0.0,1580.115271,206.502729,457.517291
2020-10-29 01:00:00,0.0,400.0,0.0,20.419098,2166.0,0.0,0.0,1498.315496,278.888504,445.097324
2020-10-29 02:00:00,0.0,400.0,0.0,20.846138,2166.0,0.0,0.0,1440.160012,360.955988,436.374002
2020-10-29 03:00:00,0.0,400.0,0.0,21.287879,2165.0,0.0,0.0,1446.301172,131.430828,437.445176
2020-10-29 04:00:00,274.280645,400.0,14.9805,22.516066,1878.119355,0.0,0.0,1276.9,0.0,455.067097
2020-10-29 05:00:00,400.0,400.0,20.419098,41.71942,1378.459699,0.0,0.0,1107.868,0.0,504.661245
2020-10-29 06:00:00,400.0,400.0,20.846138,19.685338,1118.667303,0.0,0.0,1337.566,0.0,524.834805
2020-10-29 07:00:00,0.0,83.4,0.0,0.0,1972.0,0.0,0.0,2325.199351,11.900649,544.979903
2020-10-29 08:00:00,0.0,86.4,0.0,0.0,1971.0,0.0,0.0,2435.202962,509.857038,561.630444
2020-10-29 09:00:00,0.0,83.4,0.0,0.0,1971.0,0.0,0.0,2582.124623,917.685377,583.668693
2020-10-29 10:00:00,0.0,63.4,0.0,0.0,1971.0,0.0,0.0,2686.873209,1086.958791,599.380981
2020-10-29 11:00:00,0.0,112.056627,0.0,14.9805,1971.0,0.0,0.0,2813.518371,1244.929629,618.377756
2020-10-29 12:00:00,0.0,131.178076,0.0,14.9805,1968.0,0.0,0.0,2838.807359,1071.094641,622.621104
2020-10-29 13:00:00,0.0,171.153871,0.0,14.9805,1969.0,0.0,0.0,2833.27378,1000.78822,621.641067
2020-10-29 14:00:00,0.0,400.0,0.0,18.221466,1969.0,0.0,0.0,2853.071291,930.078709,624.610694
2020-10-29 15:00:00,0.0,400.0,0.0,20.846138,1968.0,0.0,0.0,2657.201726,479.164274,620.880259
2020-10-29 16:00:00,0.0,400.0,0.0,23.99618,2154.0,0.0,0.0,2031.466697,381.835303,603.370005
2020-10-29 17:00:00,126.187931,400.0,14.981951,76.525384,2578.21207,0.0,0.0,2062.052,0.0,629.975989
2020-10-29 18:00:00,211.12359,400.0,14.981951,71.157081,2492.276411,0.0,0.0,2113.086,0.0,648.121438
2020-10-29 19:00:00,124.871825,400.0,14.981951,26.743027,2579.528176,0.0,0.0,2110.57,0.0,634.656274
2020-10-29 20:00:00,229.553449,400.0,14.981951,26.53643,2290.846552,0.0,0.0,1989.218,0.0,606.505717
2020-10-29 21:00:00,145.328326,400.0,14.981951,23.128644,2192.071675,0.0,0.0,1961.466,0.0,563.909149
2020-10-29 22:00:00,0.0,400.0,0.0,21.116714,2349.0,0.0,0.0,1793.420006,149.379994,515.163001
2020-10-29 23:00:00,0.0,400.0,0.0,20.419098,2165.0,0.0,0.0,1702.242056,156.505944,475.836308
2020-10-30 00:00:00,97.798885,400.0,14.981951,21.116714,1871.601115,0.0,0.0,1620.116,0.0,454.277233
2020-10-30 01:00:00,351.993939,400.0,14.9805,20.419098,1431.406061,0.0,0.0,1441.11,0.0,440.205591
2020-10-30 02:00:00,277.521976,400.0,14.9805,20.400003,1506.878024,0.0,0.0,1472.238,0.0,433.553996
2020-10-30 03:00:00,192.683646,400.0,14.9805,18.461554,1591.716354,0.0,0.0,1564.352,0.0,434.645347
2020-10-30 04:00:00,400.0,400.0,18.072542,19.430296,1326.172689,0.0,0.0,1402.73,0.0,450.233597
2020-10-30 05:00:00,400.0,400.0,20.846138,41.753059,932.287148,0.0,0.0,1274.984,0.0,490.154528
2020-10-30 06:00:00,400.0,290.667014,21.287879,14.9805,859.385891,0.0,0.0,1313.33,0.0,506.841616
2020-10-30 07:00:00,337.328832,85.4,14.9805,0.0,1437.071168,0.0,0.0,2046.99,0.0,530.237825
2020-10-30 08:00:00,40.064523,87.4,14.9805,0.0,1735.335477,0.0,0.0,2493.048,0.0,552.406878
2020-10-30 09:00:00,0.0,85.4,0.0,0.0,1788.0,0.0,0.0,2715.040162,147.129838,577.806024
2020-10-30 10:00:00,56.439613,71.4,14.9805,11.893565,1724.960387,0.0,0.0,2790.986,0.0,598.653842
2020-10-30 11:00:00,38.333124,69.4,14.9805,0.0,1745.066876,0.0,0.0,2882.05,0.0,609.297469
2020-10-30 12:00:00,136.728944,71.4,14.9805,14.9805,1645.671056,0.0,0.0,2856.6,0.0,620.389342
2020-10-30 13:00:00,215.69095,282.589078,14.9805,14.9805,1565.70905,0.0,0.0,2837.79,0.0,629.562143
2020-10-30 14:00:00,275.32848,400.0,14.9805,19.68943,1506.07152,0.0,0.0,2651.446,0.0,636.056172
2020-10-30 15:00:00,400.0,400.0,18.463561,24.218142,1503.783307,0.0,0.0,2253.036,0.0,625.387904
2020-10-30 16:00:00,400.0,400.0,16.970947,26.377064,1771.742896,0.0,0.0,1892.964,0.0,613.683166
2020-10-30 17:00:00,400.0,400.0,18.463561,75.9087,2079.064069,0.0,0.0,1878.568,0.0,634.12559
2020-10-30 18:00:00,266.008321,400.0,14.973661,64.404732,2318.159719,0.0,0.0,2200.239249,48.612751,643.061929
2020-10-30 19:00:00,112.807793,400.0,14.971005,25.497207,2450.192207,0.0,0.0,2249.250743,60.645257,622.65878
2020-10-30 20:00:00,0.0,400.0,14.544199,23.200895,2560.171147,0.0,0.0,2182.059256,33.486744,596.083216
2020-10-30 21:00:00,0.0,400.0,0.0,22.19251,2382.0,0.0,0.0,2121.941174,35.326826,560.541176
2020-10-30 22:00:00,0.0,400.0,0.0,22.516066,2190.0,0.0,0.0,1994.394694,104.589306,515.159204
2020-10-30 23:00:00,0.0,400.0,0.0,22.732362,2191.0,0.0,0.0,1766.429987,248.298013,480.814498
2020-10-31 00:00:00,0.0,400.0,0.0,23.069973,2007.0,0.0,0.0,1728.495931,180.594069,449.47439
2020-10-31 01:00:00,0.0,400.0,0.0,29.139038,2007.0,0.0,0.0,1674.00726,202.49274,443.701089
2020-10-31 02:00:00,0.0,400.0,0.0,24.842432,2007.0,0.0,0.0,1628.503018,230.558982,434.475453
2020-10-31 03:00:00,0.0,400.0,0.0,24.541679,2007.0,0.0,0.0,1589.230598,249.255402,428.58459
2020-10-31 04:00:00,0.0,400.0,0.0,21.647258,1822.0,0.0,0.0,1809.653627,55.160373,436.148044
2020-10-31 05:00:00,98.849063,400.0,14.975624,21.116411,1711.550937,0.0,0.0,1786.236768,12.301232,449.202875
2020-10-31 06:00:00,154.681122,159.461748,14.9805,14.9805,1655.718878,0.0,0.0,1736.01,0.0,450.043668
2020-10-31 07:00:00,0.0,85.4,0.0,-0.0,1806.0,0.0,0.0,2011.070247,180.195753,468.760537
2020-10-31 08:00:00,0.0,89.4,0.0,-0.0,1812.0,0.0,0.0,2217.092461,485.757539,498.763869
2020-10-31 09:00:00,0.0,88.4,0.0,-0.0,1812.0,0.0,0.0,2400.748287,696.829713,526.312243
2020-10-31 10:00:00,0.0,80.4,0.0,-0.0,1814.0,0.0,0.0,2523.225246,427.024754,544.383787
2020-10-31 11:00:00,0.0,39.4,0.0,7.657039,1821.0,0.0,0.0,2600.559721,216.362279,554.933958
2020-10-31 12:00:00,0.0,66.330158,0.0,14.9805,1828.0,0.0,0.0,2653.518107,46.791893,561.827716
2020-10-31 13:00:00,144.526871,172.940705,14.9805,14.9805,1673.873129,0.0,0.0,2535.478,0.0,567.240731
2020-10-31 14:00:00,281.755772,400.0,14.9805,18.072542,1536.644228,0.0,0.0,2440.102,0.0,573.518666
2020-10-31 15:00:00,25.028722,400.0,14.9805,19.983547,1785.371278,0.0,0.0,2358.148,0.0,574.916508
2020-10-31 16:00:00,400.0,400.0,20.400003,31.337921,1367.02177,0.0,0.0,1469.88,0.0,569.828734
2020-10-31 17:00:00,400.0,400.0,75.9087,73.437807,560.065903,0.0,99.096012,716.172,0.0,603.465915
2020-10-31 18:00:00,400.0,400.0,76.324557,68.164964,460.556628,0.0,324.288078,770.248,0.0,615.703706
2020-10-31 19:00:00,400.0,400.0,77.050889,20.419098,327.2895,0.0,435.530875,838.952,0.0,594.849375
2020-10-31 20:00:00,400.0,400.0,127.038038,23.523272,145.948965,0.0,597.15739,835.978,0.0,575.089355
2020-10-31 21:00:00,400.0,400.0,73.657594,19.68943,434.850402,0.0,278.460738,1103.698,0.0,541.92714
2020-10-31 22:00:00,400.0,400.0,74.617414,19.68943,396.202008,0.0,265.480191,822.67,0.0,505.570199
2020-10-31 23:00:00,400.0,400.0,500.0,19.830275,0.0,98.263827,622.490574,814.9,0.0,472.074574
2020-11-01 00:00:00,400.0,400.0,73.437807,23.018147,219.075044,0.0,386.573499,1016.452,0.0,454.706543
2020-11-01 01:00:00,400.0,400.0,19.034775,20.583812,617.723972,0.0,0.0,1591.768,0.0,441.745347
2020-11-01 02:00:00,400.0,269.682119,18.52187,14.979622,669.373353,0.0,0.0,1831.03107,200.28493,422.198657
2020-11-01 03:00:00,138.394231,232.84837,14.975368,14.979622,958.305769,0.0,0.0,2050.598195,319.315805,411.793864
2020-11-01 04:00:00,17.485751,182.850776,14.975368,14.979622,1073.214249,0.0,0.0,2170.128656,36.641344,412.487161
2020-11-01 05:00:00,307.099375,293.632984,14.9805,18.10294,776.600626,0.0,0.0,1906.268,0.0,417.400106
2020-11-01 06:00:00,0.0,91.7,0.0,0.0,1101.0,0.0,0.0,2235.463168,166.184832,418.119475
2020-11-01 07:00:00,0.0,65.7,0.0,0.0,1085.0,0.0,0.0,2263.84526,525.41674,424.776789
2020-11-01 08:00:00,0.0,64.7,0.0,0.0,1084.0,0.0,0.0,2394.17848,1073.41152,444.476772
2020-11-01 09:00:00,0.0,59.7,-0.0,0.0,1101.0,0.0,0.0,2603.034753,1997.867247,473.255213
2020-11-01 10:00:00,0.0,48.7,-0.0,0.0,1100.0,0.0,0.0,2760.250918,2028.867082,496.987638
2020-11-01 11:00:00,0.0,42.7,-0.0,0.0,1099.0,0.0,0.0,2848.745894,2066.872106,510.411884
2020-11-01 12:00:00,0.0,54.7,-0.0,0.0,1097.0,0.0,0.0,2910.37218,2055.48182,519.955827
2020-11-01 13:00:00,0.0,39.7,0.0,0.0,1092.0,0.0,0.0,2944.146005,1642.385995,525.771901
2020-11-01 14:00:00,0.0,42.7,-0.0,0.0,1096.0,0.0,0.0,2975.656251,1725.041749,529.898438
2020-11-01 15:00:00,0.0,36.7,0.0,0.0,1097.0,0.0,0.0,3008.348946,1252.003054,534.652342
2020-11-01 16:00:00,0.0,400.0,0.0,22.806929,1093.0,0.0,0.0,2879.180955,653.999045,534.477143
2020-11-01 17:00:00,283.111275,400.0,14.971005,21.869147,996.888725,0.0,0.0,2648.958451,136.377549,567.760459
2020-11-01 18:00:00,398.0,400.0,14.973207,35.879802,1026.533874,0.0,0.0,2569.698193,90.533807,604.674648
2020-11-01 19:00:00,400.0,400.0,20.061984,20.943144,1129.308769,0.0,0.0,2467.040389,58.129611,601.609743
2020-11-01 20:00:00,400.0,400.0,77.0908,18.861019,681.337726,0.0,88.562943,1907.775521,66.524479,584.915669
2020-11-01 21:00:00,400.0,400.0,20.943144,71.287879,948.23664,0.0,0.0,1952.516652,58.831348,557.592002
2020-11-01 22:00:00,400.0,400.0,15.731586,19.68943,1213.336272,0.0,0.0,2042.154,0.0,525.272659
2020-11-01 23:00:00,175.698905,400.0,14.981951,62.765762,1462.001096,0.0,0.0,2027.502,0.0,486.975136
2020-11-02 00:00:00,306.366535,400.0,14.981951,19.034775,1298.333467,0.0,0.0,1713.918,0.0,455.03768
2020-11-02 01:00:00,400.0,212.997404,18.861019,14.981951,1052.527595,0.0,0.0,1352.55,0.0,437.703361
2020-11-02 02:00:00,400.0,304.692938,18.573789,14.981951,1110.271651,0.0,0.0,1381.368,0.0,433.364452
2020-11-02 03:00:00,400.0,400.0,19.68943,18.861019,943.498157,0.0,0.0,1192.4,0.0,430.035276
2020-11-02 04:00:00,400.0,400.0,18.861019,19.430296,1063.981815,0.0,0.0,1362.52,0.0,437.480728
2020-11-02 05:00:00,400.0,400.0,19.430296,20.840032,956.767575,0.0,0.0,1455.78,0.0,467.551864
2020-11-02 06:00:00,400.0,400.0,20.400003,66.328103,874.700967,0.0,0.0,1456.35,0.0,493.747355
2020-11-02 07:00:00,285.526136,400.0,14.9805,20.400003,1436.873864,0.0,0.0,2092.0,0.0,525.61892
2020-11-02 08:00:00,0.0,400.0,0.0,19.430296,1739.0,0.0,0.0,2563.931134,48.486866,551.08967
2020-11-02 09:00:00,0.0,400.0,0.0,18.072542,1740.0,0.0,0.0,2692.434484,52.745516,570.215173
2020-11-02 10:00:00,0.0,75.4,0.0,0.0,1725.0,0.0,0.0,2790.796277,102.965723,587.219442
2020-11-02 11:00:00,0.0,59.4,0.0,0.0,1727.0,0.0,0.0,2874.387429,9.394571,599.458114
2020-11-02 12:00:00,0.0,237.721164,0.0,14.981951,1740.0,0.0,0.0,2936.002956,58.765044,606.750443
2020-11-02 13:00:00,191.483394,400.0,14.981951,16.970947,1544.916607,0.0,0.0,2785.068,0.0,613.372709
2020-11-02 14:00:00,258.714456,400.0,14.981951,22.596405,1481.685545,0.0,0.0,2578.132,0.0,617.316968
2020-11-02 15:00:00,400.0,400.0,16.970947,22.492854,1491.560281,0.0,0.0,2048.682,0.0,615.168258
2020-11-02 16:00:00,400.0,400.0,20.400003,30.397618,1496.451575,0.0,0.0,1279.43,0.0,610.046764
2020-11-02 17:00:00,400.0,400.0,25.9087,75.004411,1060.925689,0.0,0.0,640.08,0.0,647.573147
2020-11-02 18:00:00,400.0,400.0,26.324557,68.721794,991.416407,0.0,0.0,607.838,0.0,658.863239
2020-11-02 19:00:00,400.0,400.0,24.617414,26.854912,1111.682374,0.0,0.0,603.854,0.0,640.225744
2020-11-02 20:00:00,400.0,400.0,26.324557,26.429316,886.820305,0.0,0.0,606.312,0.0,621.073754
2020-11-02 21:00:00,400.0,400.0,23.87513,24.617414,1076.865168,0.0,0.0,579.068,0.0,588.480425
2020-11-02 22:00:00,400.0,400.0,23.206766,23.87513,949.366333,0.0,0.0,494.55,0.0,541.67755
2020-11-02 23:00:00,400.0,400.0,23.657594,23.206766,718.763711,0.0,0.0,335.48,0.0,499.157443
2020-11-03 00:00:00,400.0,400.0,22.96816,22.732362,955.498889,0.0,0.0,355.428,0.0,466.639367
2020-11-03 01:00:00,400.0,400.0,22.576747,22.96816,1062.832334,0.0,0.0,357.018,0.0,450.77785
2020-11-03 02:00:00,400.0,400.0,22.732362,22.732362,1025.457023,0.0,0.0,257.262,0.0,441.420747
2020-11-03 03:00:00,400.0,400.0,22.576747,22.732362,1048.925556,0.0,0.0,253.77,0.0,437.376667
2020-11-03 04:00:00,400.0,400.0,22.732362,23.069973,1030.380894,0.0,0.0,273.2,0.0,443.072866
2020-11-03 05:00:00,400.0,400.0,23.069973,48.990371,879.684,0.0,0.0,295.598,0.0,470.2371
2020-11-03 06:00:00,400.0,400.0,24.617414,23.069973,637.247352,0.0,0.0,271.102,0.0,501.728197
2020-11-03 07:00:00,400.0,400.0,22.732362,20.400003,1027.65927,0.0,0.0,855.448,0.0,530.81831
2020-11-03 08:00:00,400.0,400.0,19.685338,18.861019,1559.489298,0.0,0.0,1534.902,0.0,552.961905
2020-11-03 09:00:00,400.0,189.153825,18.072542,14.981951,1778.305946,0.0,0.0,1889.32,0.0,573.302108
2020-11-03 10:00:00,398.0,80.669989,14.9805,14.981951,1815.0,0.0,0.0,2017.973925,7.394075,587.096089
2020-11-03 11:00:00,340.548587,71.618558,14.9805,14.981951,1858.851415,0.0,0.0,2120.89,0.0,595.955788
2020-11-03 12:00:00,398.0,122.966141,14.9805,14.981951,1816.0,0.0,0.0,2122.811385,14.790615,602.671708
2020-11-03 13:00:00,398.0,231.096043,14.9805,14.981951,1816.0,0.0,0.0,2158.75033,10.89967,608.062549
2020-11-03 14:00:00,330.22686,400.0,14.981951,18.072542,1884.17314,0.0,0.0,2253.11,0.0,611.990529
2020-11-03 15:00:00,316.315591,400.0,14.981951,21.288154,1897.084409,0.0,0.0,2112.854,0.0,610.015439
2020-11-03 16:00:00,400.0,400.0,20.419098,24.558743,1516.0605,0.0,0.0,1452.916,0.0,602.978325
2020-11-03 17:00:00,400.0,400.0,20.947192,72.408818,1008.520259,0.0,0.0,967.752,0.0,633.484761
2020-11-03 18:00:00,400.0,400.0,21.567372,55.090135,1106.295027,0.0,0.0,1059.69,0.0,630.059246
2020-11-03 19:00:00,400.0,400.0,21.353387,24.70677,1297.944887,0.0,0.0,1158.4,0.0,607.868267
2020-11-03 20:00:00,400.0,400.0,22.601932,25.473101,1084.234236,0.0,0.0,1235.504475,16.957525,598.240536
2020-11-03 21:00:00,400.0,400.0,21.843654,25.544048,1130.070132,0.0,0.0,1114.28,0.0,573.18148
2020-11-03 22:00:00,400.0,400.0,21.647258,25.258416,983.389257,0.0,0.0,1043.132,0.0,531.261411
2020-11-03 23:00:00,400.0,400.0,22.656017,21.647258,835.568977,0.0,0.0,1002.769464,69.048536,494.130073
2020-11-04 00:00:00,400.0,400.0,22.23556,21.905537,945.414314,0.0,0.0,920.822975,17.543025,465.361299
2020-11-04 01:00:00,400.0,400.0,21.288154,20.419098,888.724227,0.0,0.0,759.7,0.0,449.696366
2020-11-04 02:00:00,400.0,400.0,21.288154,21.647258,908.096486,0.0,0.0,728.102,0.0,442.050827
2020-11-04 03:00:00,400.0,400.0,21.474047,21.288154,875.212997,0.0,0.0,667.666,0.0,437.91795
2020-11-04 04:00:00,400.0,400.0,21.474047,21.843654,866.268839,0.0,0.0,722.468,0.0,447.479874
2020-11-04 05:00:00,400.0,400.0,22.516066,73.128644,702.913546,0.0,0.0,642.002,0.0,473.113268
2020-11-04 06:00:00,400.0,400.0,73.128644,20.419098,540.558033,0.0,115.894962,749.418,0.0,500.378995
2020-11-04 07:00:00,400.0,135.041659,21.287879,14.9805,940.738054,0.0,0.0,1329.96,0.0,527.433292
2020-11-04 08:00:00,341.104185,69.4,14.9805,0.0,1584.295815,0.0,0.0,2123.186,0.0,549.883528
2020-11-04 09:00:00,33.825755,68.4,14.9805,0.0,1902.574245,0.0,0.0,2553.368,0.0,566.669063
2020-11-04 10:00:00,66.231322,55.4,14.9805,0.0,1874.168678,0.0,0.0,2626.69,0.0,581.928198
2020-11-04 11:00:00,36.57206,56.847951,14.9805,14.9805,1905.82794,0.0,0.0,2733.802,0.0,593.246109
2020-11-04 12:00:00,93.255527,235.282841,14.9805,14.981951,1846.144473,0.0,0.0,2729.03,0.0,601.482829
2020-11-04 13:00:00,142.562067,400.0,14.9805,16.970947,1798.837933,0.0,0.0,2668.952,0.0,599.56711
2020-11-04 14:00:00,347.51869,400.0,14.9805,19.68943,1594.88131,0.0,0.0,2502.616,0.0,605.210203
2020-11-04 15:00:00,94.567149,400.0,14.9805,21.288154,1849.832851,0.0,0.0,2217.584,0.0,600.712672
2020-11-04 16:00:00,400.0,400.0,19.68943,28.381666,1783.676136,0.0,0.0,1415.216,0.0,599.03098
2020-11-04 17:00:00,400.0,400.0,23.206766,75.758899,1088.433335,0.0,0.0,766.27,0.0,640.9255
2020-11-04 18:00:00,400.0,400.0,23.657594,66.647068,958.14081,0.0,0.0,786.35,0.0,656.281378
2020-11-04 19:00:00,400.0,400.0,22.519876,23.84321,1007.796503,0.0,0.0,755.97,0.0,636.026025
2020-11-04 20:00:00,400.0,400.0,73.681702,22.138111,703.257457,0.0,85.535924,698.44,0.0,619.827381
2020-11-04 21:00:00,400.0,400.0,23.437807,20.784976,855.462379,0.0,0.0,616.61,0.0,584.722143
2020-11-04 22:00:00,400.0,400.0,23.069973,20.784976,1036.427091,0.0,0.0,534.668,0.0,545.286136
2020-11-04 23:00:00,400.0,400.0,127.274616,21.647258,76.197178,0.0,568.386546,385.222,0.0,507.153723
2020-11-05 00:00:00,400.0,400.0,75.758899,20.846138,257.646731,0.0,344.004059,344.812,0.0,473.87479
2020-11-05 01:00:00,400.0,400.0,73.657594,19.983547,363.203062,0.0,210.038679,303.668,0.0,451.869741
2020-11-05 02:00:00,400.0,400.0,73.437807,19.685338,473.701127,0.0,84.103204,328.39,0.0,439.003331
2020-11-05 03:00:00,400.0,400.0,22.96816,19.685338,577.786702,0.0,0.0,404.498,0.0,434.806695
2020-11-05 04:00:00,400.0,400.0,22.96816,19.983547,572.365261,0.0,0.0,425.368,0.0,438.750411
2020-11-05 05:00:00,400.0,400.0,73.87513,21.287879,362.198224,0.0,236.644043,433.78,0.0,471.537266
2020-11-05 06:00:00,400.0,400.0,127.274563,19.68943,124.542075,0.0,516.732214,415.184,0.0,504.396289
2020-11-05 07:00:00,400.0,82.4,73.87513,14.9805,350.735332,0.0,340.428968,824.104,0.0,531.8053
2020-11-05 08:00:00,400.0,84.4,21.474047,-0.0,842.748395,0.0,0.0,1431.09,0.0,549.051241
2020-11-05 09:00:00,400.0,81.4,19.034775,-0.0,1345.11138,0.0,0.0,2066.584,0.0,569.020893
2020-11-05 10:00:00,347.487765,78.4,14.981951,-0.0,1571.912235,0.0,0.0,2390.35,0.0,583.565665
2020-11-05 11:00:00,339.628992,50.39994,14.981951,14.9805,1579.771008,0.0,0.0,2475.42,0.0,595.147349
2020-11-05 12:00:00,308.552329,235.3309,14.981951,14.9805,1609.847671,0.0,0.0,2502.864,0.0,594.752449
2020-11-05 13:00:00,345.334597,358.518774,14.981951,18.06856,1573.065403,0.0,0.0,2487.15,0.0,597.91269
2020-11-05 14:00:00,400.0,400.0,18.861019,19.034775,1404.49463,0.0,0.0,2326.08,0.0,599.037805
2020-11-05 15:00:00,400.0,400.0,18.861019,19.034775,1363.84223,0.0,0.0,1981.236,0.0,604.409065
2020-11-05 16:00:00,400.0,400.0,22.492854,20.164032,1069.539189,0.0,0.0,1298.74,0.0,604.980122
2020-11-05 17:00:00,400.0,400.0,77.274563,72.076982,355.286405,0.0,296.498134,690.43,0.0,642.321539
2020-11-05 18:00:00,400.0,400.0,133.946708,70.247617,76.943406,0.0,761.128083,585.34,0.0,660.059489
2020-11-05 19:00:00,400.0,400.0,86.124055,24.426661,181.670519,0.0,630.898903,668.28,0.0,637.141422
2020-11-05 20:00:00,396.0,400.0,69.322719,24.51669,181.407072,0.0,618.806867,850.3,0.0,621.013939
2020-11-05 21:00:00,400.0,400.0,66.989428,21.116411,325.91353,0.0,442.735641,1076.748,0.0,588.87517
2020-11-05 22:00:00,400.0,400.0,80.277405,19.034775,231.874272,0.0,481.021788,1005.188,0.0,545.747059
2020-11-05 23:00:00,400.0,400.0,463.530297,19.034775,0.0,159.894742,661.246221,733.032,0.0,507.705221
2020-11-06 00:00:00,400.0,146.821461,500.0,14.975624,0.0,123.898809,611.294321,563.31,0.0,473.581321
2020-11-06 01:00:00,400.0,298.219805,500.0,14.975624,0.0,465.871323,585.768199,564.47,0.0,453.141199
2020-11-06 02:00:00,400.0,143.034741,500.0,14.975624,0.0,387.743236,582.308485,685.52,0.0,443.589485
2020-11-06 03:00:00,400.0,95.875553,500.0,14.9805,0.0,63.028442,582.575266,967.28,0.0,437.146266
2020-11-06 04:00:00,400.0,238.305787,500.0,14.9805,0.0,157.800415,585.148062,903.48,0.0,441.792062
2020-11-06 05:00:00,400.0,395.502229,500.0,16.961401,0.0,380.896254,623.925238,890.252,0.0,473.272238
2020-11-06 06:00:00,400.0,79.7,500.0,14.979622,0.0,374.903569,665.528435,1099.586,0.0,503.773435
2020-11-06 07:00:00,400.0,79.7,70.419098,0.0,509.366564,0.0,213.873651,2176.688,0.0,532.698215
2020-11-06 08:00:00,184.899192,103.7,14.979622,0.0,1025.800808,0.0,0.0,2831.962,0.0,553.524179
2020-11-06 09:00:00,0.0,105.7,0.0,0.0,1219.0,0.0,0.0,3143.007006,423.830994,571.201051
2020-11-06 10:00:00,0.0,108.7,0.0,0.0,1205.0,0.0,0.0,3250.105048,566.264952,589.365757
2020-11-06 11:00:00,0.0,88.7,0.0,0.0,1204.0,0.0,0.0,3316.307679,502.576321,599.446152
2020-11-06 12:00:00,0.0,88.7,0.0,0.0,1191.0,0.0,0.0,3333.058856,283.673144,603.908828
2020-11-06 13:00:00,400.0,88.7,69.430296,0.0,644.837288,0.0,178.368419,2806.422,0.0,606.837707
2020-11-06 14:00:00,400.0,87.7,68.861019,0.0,692.272118,0.0,135.414064,2873.2,0.0,609.739182
2020-11-06 15:00:00,0.0,256.172791,-0.0,16.960524,1200.0,0.0,0.0,2772.145045,256.938955,604.221757
2020-11-06 16:00:00,0.0,400.0,0.0,73.914542,1861.0,0.0,0.0,2607.702481,58.267519,603.105372
2020-11-06 17:00:00,400.0,400.0,21.70426,76.429316,1473.622747,0.0,0.0,2154.767005,269.120995,634.221639
2020-11-06 18:00:00,400.0,400.0,21.768501,22.515287,1324.759762,0.0,0.0,2233.485617,262.160383,643.758878
2020-11-06 19:00:00,400.0,400.0,20.234035,27.177674,1475.42254,0.0,0.0,2234.639656,313.332344,621.332567
2020-11-06 20:00:00,318.744241,400.0,14.978232,23.226869,1655.955759,0.0,0.0,2315.380566,279.447434,606.363721
2020-11-06 21:00:00,398.0,241.395879,14.975624,19.818224,1565.087923,0.0,0.0,2116.755293,325.614707,578.800105
2020-11-06 22:00:00,0.0,43.0,13.352779,14.978232,1945.246857,0.0,0.0,2260.459784,271.876216,543.331939
2020-11-06 23:00:00,145.742692,321.231791,14.975624,17.489033,1284.257308,0.0,0.0,2422.391728,345.390272,507.020163
2020-11-07 00:00:00,237.18872,295.497392,14.975368,18.483289,822.81128,0.0,0.0,2393.844521,347.417479,472.204986
2020-11-07 01:00:00,109.41096,259.198862,14.975368,14.975368,951.58904,0.0,0.0,2369.136458,352.281542,449.182113
2020-11-07 02:00:00,50.319453,96.757027,14.975368,14.975368,1011.680547,0.0,0.0,2320.674631,342.395369,432.899113
2020-11-07 03:00:00,0.0,41.0,0.0,0.0,1062.0,0.0,0.0,2327.02932,409.45868,426.304398
2020-11-07 04:00:00,0.0,41.0,0.0,0.0,1063.0,0.0,0.0,2295.253315,457.846685,421.387997
2020-11-07 05:00:00,0.0,41.0,0.0,14.975368,1062.0,0.0,0.0,2371.605137,388.040863,432.990771
2020-11-07 06:00:00,0.0,50.0,0.0,0.0,1062.0,0.0,0.0,2382.568923,427.483077,434.635338
2020-11-07 07:00:00,0.0,49.0,0.0,0.0,1044.0,0.0,0.0,2462.222557,952.179443,449.283384
2020-11-07 08:00:00,0.0,54.0,0.0,0.0,1053.0,0.0,0.0,2645.75706,1413.14094,475.463559
2020-11-07 09:00:00,0.0,61.0,0.0,0.0,1053.0,0.0,0.0,2867.169175,1604.180825,508.675376
2020-11-07 10:00:00,0.0,93.0,0.0,0.0,1052.0,0.0,0.0,3015.098282,1664.403718,531.014742
2020-11-07 11:00:00,0.0,94.0,-0.0,0.0,1051.0,0.0,0.0,3131.757806,1649.340194,548.663671
2020-11-07 12:00:00,0.0,94.0,-0.0,0.0,1048.0,0.0,0.0,3199.237162,1538.142838,559.235574
2020-11-07 13:00:00,0.0,93.0,0.0,0.0,1044.0,0.0,0.0,3044.091463,1494.322537,562.063719
2020-11-07 14:00:00,0.0,204.3526,0.0,15.292415,1226.0,0.0,0.0,2870.47548,1335.25452,561.971322
2020-11-07 15:00:00,0.0,400.0,0.0,21.287879,1410.0,0.0,0.0,2481.915424,1369.750576,561.437314
2020-11-07 16:00:00,0.0,400.0,0.0,75.935328,1848.0,0.0,0.0,2177.937026,1095.512974,562.940554
2020-11-07 17:00:00,0.0,400.0,0.0,90.369657,2264.0,0.0,0.0,2335.659184,551.460816,600.098878
2020-11-07 18:00:00,0.0,135.454352,13.352779,19.52949,2166.348531,0.0,0.0,2597.463504,315.088496,622.217246
2020-11-07 19:00:00,0.0,41.0,13.352779,14.989012,1834.391276,0.0,0.0,2644.822095,247.465905,595.564623
2020-11-07 20:00:00,22.761821,45.0,14.97449,14.97449,1794.238179,0.0,0.0,2512.004029,201.565971,581.664877
2020-11-07 21:00:00,186.856086,41.0,14.97449,14.975624,1446.143914,0.0,0.0,2357.989456,295.040544,557.526831
2020-11-07 22:00:00,350.584804,135.976407,14.97449,14.978791,1137.415196,0.0,0.0,2198.953066,326.696934,526.73068
2020-11-07 23:00:00,398.0,332.729305,14.986165,20.432357,715.739223,0.0,0.0,2287.751162,329.828838,496.801791
2020-11-08 00:00:00,138.683905,159.122384,14.97449,22.202816,986.316095,0.0,0.0,2340.299849,66.998151,464.097563
2020-11-08 01:00:00,198.658831,209.097195,14.97449,14.97449,747.341169,0.0,0.0,2306.881295,294.106705,441.681019
2020-11-08 02:00:00,90.956795,41.0,14.97449,7.0841,855.043205,0.0,0.0,2313.257145,334.304855,426.482091
2020-11-08 03:00:00,0.0,41.0,0.0,-0.0,947.0,0.0,0.0,2326.01567,427.38233,414.60235
2020-11-08 04:00:00,0.0,41.0,0.0,14.97449,947.0,0.0,0.0,2305.660387,414.951613,411.549058
2020-11-08 05:00:00,0.0,41.0,0.0,-0.0,947.0,0.0,0.0,2368.762292,354.855708,421.014344
2020-11-08 06:00:00,0.0,50.0,0.0,-0.0,947.0,0.0,0.0,2329.708244,490.341756,415.156237
2020-11-08 07:00:00,0.0,49.0,0.0,-0.0,932.0,0.0,0.0,2376.4976,1044.5724,424.42464
2020-11-08 08:00:00,0.0,54.0,0.0,-0.0,938.0,0.0,0.0,2525.245193,1627.624807,445.836779
2020-11-08 09:00:00,0.0,54.0,0.0,-0.0,939.0,0.0,0.0,2749.695338,1863.136662,479.354301
2020-11-08 10:00:00,0.0,56.0,0.0,-0.0,937.0,0.0,0.0,2932.934188,1828.933812,507.140128
2020-11-08 11:00:00,0.0,52.0,0.0,-0.0,937.0,0.0,0.0,3051.422947,1783.197053,524.913442
2020-11-08 12:00:00,0.0,57.0,0.0,-0.0,934.0,0.0,0.0,3099.945194,1788.390806,537.141779
2020-11-08 13:00:00,0.0,94.0,0.0,-0.0,980.0,0.0,0.0,3160.550444,1620.283556,546.232567
2020-11-08 14:00:00,0.0,91.0,-0.0,-0.0,979.0,0.0,0.0,3027.24638,1492.17162,551.886957
2020-11-08 15:00:00,0.0,91.0,-0.0,14.972727,1162.0,0.0,0.0,2392.350251,1574.847749,554.452538
2020-11-08 16:00:00,0.0,400.0,0.0,73.657594,1910.0,0.0,0.0,2328.530547,450.171453,555.529582
2020-11-08 17:00:00,299.971248,400.0,14.968839,73.437807,1699.028752,0.0,0.0,2296.141334,11.820666,601.666887
2020-11-08 18:00:00,400.0,400.0,20.42044,36.104138,1515.770444,0.0,0.0,2408.613514,24.404486,626.826461
2020-11-08 19:00:00,174.876975,400.0,14.969704,20.419098,1788.123025,0.0,0.0,2540.54394,230.93806,605.763137
2020-11-08 20:00:00,29.138576,400.0,14.97449,25.546624,1936.861424,0.0,0.0,2551.722384,311.415616,585.129144
2020-11-08 21:00:00,0.0,400.0,0.0,21.647258,1844.0,0.0,0.0,2446.763144,555.706856,551.814472
2020-11-08 22:00:00,0.0,59.0,0.0,-0.0,1567.0,0.0,0.0,2459.79183,476.12617,518.818774
2020-11-08 23:00:00,282.221258,299.522879,14.97283,16.349523,731.778742,0.0,0.0,2433.341465,347.756535,480.384408
2020-11-09 00:00:00,124.003583,184.997285,14.97283,14.97449,890.996417,0.0,0.0,2390.736193,344.013807,450.110966
2020-11-09 01:00:00,20.603885,41.0,14.97449,14.97449,995.396115,0.0,0.0,2371.847716,341.934284,431.61774
2020-11-09 02:00:00,0.0,41.0,0.0,0.0,1017.0,0.0,0.0,2325.83805,384.79995,421.475707
2020-11-09 03:00:00,0.0,41.0,0.0,0.0,1017.0,0.0,0.0,2308.727429,392.750571,418.909114
2020-11-09 04:00:00,4.291746,143.369918,14.97449,14.97449,1012.708254,0.0,0.0,2338.303379,388.268621,423.989269
2020-11-09 05:00:00,315.498224,358.6829,14.974831,68.858273,683.501776,0.0,0.0,2219.132,0.0,461.494534
2020-11-09 06:00:00,400.0,68.0,71.116714,0.0,409.327049,0.0,246.835394,2192.57,0.0,492.636443
2020-11-09 07:00:00,385.288248,61.0,64.969109,0.0,605.711752,0.0,119.365285,2594.032,0.0,523.398037
2020-11-09 08:00:00,0.0,63.0,0.0,0.0,988.0,0.0,0.0,3161.867402,210.850598,551.23011
2020-11-09 09:00:00,0.0,65.0,0.0,0.0,988.0,0.0,0.0,3347.695594,499.058406,579.104339
2020-11-09 10:00:00,0.0,69.0,0.0,0.0,988.0,0.0,0.0,3528.410797,547.417203,606.21162
2020-11-09 11:00:00,0.0,58.0,0.0,0.0,987.0,0.0,0.0,3642.633184,563.106816,623.494978
2020-11-09 12:00:00,0.0,62.0,0.0,0.0,985.0,0.0,0.0,3740.345754,468.604246,639.651863
2020-11-09 13:00:00,0.0,62.0,0.0,0.0,984.0,0.0,0.0,3750.716707,346.833293,649.457506
2020-11-09 14:00:00,0.0,60.0,0.0,10.749986,1077.0,0.0,0.0,3810.855291,151.178709,658.478294
2020-11-09 15:00:00,0.0,94.448567,0.0,14.986165,1078.0,0.0,0.0,3477.057075,199.074925,659.258561
2020-11-09 16:00:00,230.692847,400.0,14.977625,27.559084,1221.307153,0.0,0.0,2978.402,0.0,656.564227
2020-11-09 17:00:00,400.0,400.0,22.709794,72.898488,837.149439,0.0,0.0,2434.913624,43.840376,685.314628
2020-11-09 18:00:00,400.0,400.0,74.762577,71.851568,830.976073,0.0,67.720948,2520.522878,88.175122,693.082021
2020-11-09 19:00:00,400.0,400.0,22.23556,24.623621,925.154431,0.0,0.0,2469.157277,178.712723,663.000427
2020-11-09 20:00:00,400.0,400.0,22.335927,23.828583,836.164651,0.0,0.0,2546.403056,206.836944,640.857596
2020-11-09 21:00:00,398.0,400.0,14.985072,19.958349,1143.0,0.0,0.0,2625.850436,313.065564,601.327565
2020-11-09 22:00:00,141.651274,187.979345,14.975624,14.986379,1358.348726,0.0,0.0,2569.656242,302.463758,560.596127
2020-11-09 23:00:00,365.960803,346.580024,14.97449,18.603,807.039197,0.0,0.0,2431.544679,333.717321,516.075822
2020-11-10 00:00:00,190.726582,167.337806,14.97449,14.97449,951.273418,0.0,0.0,2400.200584,325.537416,481.489075
2020-11-10 01:00:00,43.433406,68.484401,14.97449,14.97449,1099.566594,0.0,0.0,2404.083373,330.148627,459.827517
2020-11-10 02:00:00,0.0,41.0,0.0,14.97449,1144.0,0.0,0.0,2368.191133,349.008867,447.77867
2020-11-10 03:00:00,0.0,41.0,0.0,0.0,1144.0,0.0,0.0,2315.021696,440.916304,439.803254
2020-11-10 04:00:00,0.0,41.0,0.0,14.97449,1144.0,0.0,0.0,2334.450209,495.051791,442.717531
2020-11-10 05:00:00,73.482639,240.674891,14.97449,40.141755,1068.517361,0.0,0.0,2465.342284,325.419716,473.673738
2020-11-10 06:00:00,398.803679,50.0,15.0,14.98557,744.196321,0.0,0.0,2353.417762,343.784238,505.533216
2020-11-10 07:00:00,9.699262,49.0,14.97449,0.0,1126.300738,0.0,0.0,2944.727167,334.870833,536.913964
2020-11-10 08:00:00,0.0,54.0,0.0,0.0,1130.0,0.0,0.0,3121.17055,800.19945,562.825583
2020-11-10 09:00:00,0.0,59.0,0.0,0.0,1122.0,0.0,0.0,3310.515544,839.338456,592.427332
2020-11-10 10:00:00,0.0,69.0,0.0,0.0,1116.0,0.0,0.0,3469.846703,734.233297,617.227005
2020-11-10 11:00:00,0.0,72.0,0.0,0.0,1114.0,0.0,0.0,3614.97572,527.63828,639.296358
2020-11-10 12:00:00,0.0,93.0,0.0,0.0,1111.0,0.0,0.0,3738.19464,313.07336,658.229196
2020-11-10 13:00:00,32.565068,89.0,14.969109,0.0,1077.434932,0.0,0.0,3776.848,0.0,669.06196
2020-11-10 14:00:00,0.0,72.0,0.0,13.365549,1111.0,0.0,0.0,3724.541167,60.408833,681.681175
2020-11-10 15:00:00,0.0,180.749782,0.0,14.98557,1297.0,0.0,0.0,3420.170883,223.161117,682.375632
2020-11-10 16:00:00,210.05547,400.0,14.975368,52.80162,1454.94453,0.0,0.0,3065.616303,219.469697,677.950766
2020-11-10 17:00:00,400.0,400.0,21.750606,71.927798,1116.562299,0.0,0.0,2621.641705,161.348295,696.311911
2020-11-10 18:00:00,400.0,400.0,21.905537,49.193555,1061.665568,0.0,0.0,2732.943671,176.354329,706.841715
2020-11-10 19:00:00,400.0,400.0,21.122752,24.742055,1106.301783,0.0,0.0,2721.008273,298.807727,673.605974
2020-11-10 20:00:00,400.0,400.0,21.122752,22.10194,919.661634,0.0,0.0,2722.991804,316.706196,648.649525
2020-11-10 21:00:00,398.0,372.558846,14.975368,14.975624,1154.215114,0.0,0.0,2696.356939,321.407061,609.471274
2020-11-10 22:00:00,275.693644,389.407693,14.971005,14.976516,1063.306356,0.0,0.0,2666.966785,140.071215,565.449064
2020-11-10 23:00:00,400.0,400.0,18.861019,14.975368,733.321674,0.0,0.0,2393.588,0.0,520.689949
2020-11-11 00:00:00,400.0,322.577031,19.430296,14.979622,660.980743,0.0,0.0,2078.25,0.0,484.240389
2020-11-11 01:00:00,400.0,269.681835,71.116714,14.97449,468.556204,0.0,146.424666,1718.562,0.0,459.150869
2020-11-11 02:00:00,400.0,228.032099,71.843654,14.97449,376.196361,0.0,218.138085,1517.046,0.0,442.777446
2020-11-11 03:00:00,400.0,298.004391,73.069973,14.979622,266.912248,0.0,318.472215,1363.622,0.0,436.156463
2020-11-11 04:00:00,400.0,400.0,70.419098,20.565857,531.84853,0.0,16.262691,1481.45,0.0,439.590221
2020-11-11 05:00:00,400.0,400.0,73.069973,28.897701,452.636732,0.0,120.357758,1358.8,0.0,474.32449
2020-11-11 06:00:00,400.0,400.0,73.069973,68.688786,430.420106,0.0,240.253378,1406.83,0.0,505.561484
2020-11-11 07:00:00,400.0,84.4,18.861019,0.0,989.465652,0.0,0.0,2147.616,0.0,532.822552
2020-11-11 08:00:00,0.0,87.4,0.0,0.0,1494.0,0.0,0.0,2809.461264,71.806736,556.41919
2020-11-11 09:00:00,0.0,82.4,0.0,0.0,1495.0,0.0,0.0,3018.08076,66.49124,587.562114
2020-11-11 10:00:00,0.0,336.527853,0.0,14.9805,1495.0,0.0,0.0,3184.147126,20.706874,612.472069
2020-11-11 11:00:00,126.886168,381.275364,14.979622,16.961401,1359.513832,0.0,0.0,3173.446,0.0,631.189825
2020-11-11 12:00:00,210.88466,400.0,14.979622,21.540086,1274.51534,0.0,0.0,3137.014,0.0,647.474799
2020-11-11 13:00:00,398.0,400.0,14.9805,25.131388,1197.0,0.0,0.0,2868.958717,39.111283,660.593808
2020-11-11 14:00:00,398.0,400.0,14.9805,21.287879,1379.0,0.0,0.0,2752.889948,39.020052,666.733492
2020-11-11 15:00:00,400.0,400.0,19.034775,25.325903,1359.063742,0.0,0.0,2235.25,0.0,670.827939
2020-11-11 16:00:00,400.0,400.0,22.492854,26.747177,1267.106774,0.0,0.0,1395.15,0.0,665.106484
2020-11-11 17:00:00,400.0,400.0,24.617414,76.504181,1161.78031,0.0,0.0,994.782,0.0,684.450253
2020-11-11 18:00:00,400.0,400.0,24.617414,26.429316,1210.235664,0.0,0.0,1114.8,0.0,695.33465
2020-11-11 19:00:00,400.0,400.0,22.732362,70.537406,1540.841346,0.0,0.0,1223.728,0.0,662.082998
2020-11-11 20:00:00,400.0,400.0,21.843654,27.42112,1672.254572,0.0,0.0,1271.852,0.0,641.339614
2020-11-11 21:00:00,400.0,400.0,18.072542,24.762307,2009.421099,0.0,0.0,1714.666,0.0,603.936735
2020-11-11 22:00:00,400.0,400.0,19.68943,23.128644,1596.841745,0.0,0.0,1364.632,0.0,560.068538
2020-11-11 23:00:00,400.0,400.0,22.492854,25.232468,1153.157952,0.0,0.0,993.832,0.0,517.751107
2020-11-12 00:00:00,400.0,400.0,22.492854,26.036786,1097.772566,0.0,0.0,758.27,0.0,482.474615
2020-11-12 01:00:00,400.0,400.0,21.287879,25.496605,1005.736137,0.0,0.0,860.098,0.0,458.30428
2020-11-12 02:00:00,400.0,400.0,20.400003,22.732362,1203.141449,0.0,0.0,967.886,0.0,444.861683
2020-11-12 03:00:00,400.0,400.0,19.68943,21.116714,1254.214475,0.0,0.0,963.314,0.0,436.514929
2020-11-12 04:00:00,400.0,400.0,19.430296,22.96816,1311.240112,0.0,0.0,1038.968,0.0,439.309183
2020-11-12 05:00:00,400.0,400.0,19.034775,34.133923,1337.067514,0.0,0.0,1267.086,0.0,469.652773
2020-11-12 06:00:00,400.0,400.0,20.419098,20.400003,961.348824,0.0,0.0,1457.19,0.0,501.276176
2020-11-12 07:00:00,400.0,83.4,18.861019,-0.0,1216.392343,0.0,0.0,1905.868,0.0,530.321349
2020-11-12 08:00:00,283.828827,87.4,14.9805,-0.0,1447.571173,0.0,0.0,2313.93,0.0,556.853824
2020-11-12 09:00:00,178.390275,88.4,14.9805,-0.0,1554.009725,0.0,0.0,2602.762,0.0,584.212841
2020-11-12 10:00:00,400.0,85.4,18.072542,-0.0,1306.446139,0.0,0.0,2489.812,0.0,604.404879
2020-11-12 11:00:00,400.0,76.4,18.861019,-0.0,1204.248703,0.0,0.0,2497.832,0.0,620.937495
2020-11-12 12:00:00,400.0,71.39998,18.463561,14.9805,1282.909387,0.0,0.0,2638.986,0.0,630.311492
2020-11-12 13:00:00,320.719109,277.1508,14.9805,14.9805,1416.680891,0.0,0.0,2795.554,0.0,633.730966
2020-11-12 14:00:00,400.0,400.0,19.034775,19.034775,1146.154478,0.0,0.0,2572.25,0.0,640.814328
2020-11-12 15:00:00,189.483006,400.0,14.9805,21.843654,1541.916994,0.0,0.0,2451.022,0.0,635.265751
2020-11-12 16:00:00,400.0,400.0,21.288154,68.67023,1322.568185,0.0,0.0,1543.23,0.0,627.999272
2020-11-12 17:00:00,400.0,400.0,74.617414,71.801018,820.999474,0.0,2.730105,1108.61,0.0,653.941579
2020-11-12 18:00:00,400.0,400.0,76.324557,22.96816,666.589864,0.0,206.788956,1141.582,0.0,673.64882
2020-11-12 19:00:00,400.0,400.0,23.206766,22.576747,941.129178,0.0,0.0,1184.966,0.0,638.975523
2020-11-12 20:00:00,400.0,400.0,22.732362,30.053077,1152.69128,0.0,0.0,1261.732,0.0,618.756108
2020-11-12 21:00:00,400.0,400.0,21.288154,22.436323,1012.765238,0.0,0.0,1606.966,0.0,585.030114
2020-11-12 22:00:00,400.0,400.0,19.430296,19.034775,1286.004992,0.0,0.0,1793.452,0.0,549.217051
2020-11-12 23:00:00,400.0,400.0,71.287879,21.028771,597.650342,0.0,72.376406,1514.902,0.0,504.187749
2020-11-13 00:00:00,400.0,400.0,19.68943,19.68943,864.481669,0.0,0.0,1565.67,0.0,471.77825
2020-11-13 01:00:00,400.0,400.0,19.68943,19.034775,904.310789,0.0,0.0,1455.932,0.0,449.343182
2020-11-13 02:00:00,400.0,400.0,18.072542,19.166438,1103.890944,0.0,0.0,1560.562,0.0,435.100658
2020-11-13 03:00:00,364.550642,400.0,14.975624,19.034775,1187.849358,0.0,0.0,1596.014407,13.647593,427.824757
2020-11-13 04:00:00,400.0,400.0,19.430296,18.861019,930.422781,0.0,0.0,1359.332,0.0,430.936383
2020-11-13 05:00:00,400.0,400.0,71.647258,70.419098,541.471034,0.0,30.568011,1112.578,0.0,455.866045
2020-11-13 06:00:00,400.0,400.0,73.437807,18.861019,247.639708,0.0,385.288436,1036.014,0.0,476.606144
2020-11-13 07:00:00,400.0,85.4,72.492854,-0.0,435.154252,0.0,258.90681,1402.048,0.0,503.384062
2020-11-13 08:00:00,267.319452,88.4,14.9805,-0.0,1246.080549,0.0,0.0,2381.03,0.0,528.592418
2020-11-13 09:00:00,0.0,89.4,0.0,-0.0,1521.0,0.0,0.0,2853.075428,219.470572,558.161314
2020-11-13 10:00:00,0.0,89.4,0.0,-0.0,1520.0,0.0,0.0,2987.358104,595.479896,578.453716
2020-11-13 11:00:00,0.0,83.4,0.0,-0.0,1520.0,0.0,0.0,3064.209206,788.706794,589.981381
2020-11-13 12:00:00,0.0,83.4,0.0,-0.0,1520.0,0.0,0.0,3116.56122,989.02278,597.834183
2020-11-13 13:00:00,0.0,83.4,0.0,-0.0,1526.0,0.0,0.0,3150.999545,1301.820455,602.099932
2020-11-13 14:00:00,0.0,70.4,0.0,-0.0,1528.0,0.0,0.0,3173.930346,1175.317654,605.239552
2020-11-13 15:00:00,0.0,51.4,0.0,-0.0,1532.0,0.0,0.0,3158.513666,957.286334,602.32705
2020-11-13 16:00:00,0.0,400.0,0.0,20.234035,1526.0,0.0,0.0,2812.127906,434.172094,602.269186
2020-11-13 17:00:00,400.0,400.0,20.234035,19.958349,1307.064031,0.0,0.0,2406.746494,297.773506,629.802369
2020-11-13 18:00:00,400.0,400.0,20.234035,20.526636,1285.892598,0.0,0.0,2451.980862,303.667138,639.76324
2020-11-13 19:00:00,398.0,400.0,14.980658,73.197804,1500.704245,0.0,0.0,2466.155148,227.378852,609.667635
2020-11-13 20:00:00,191.512518,400.0,14.980658,74.738884,1661.887482,0.0,0.0,2501.135777,76.916223,596.737244
2020-11-13 21:00:00,193.802193,400.0,14.981951,23.484711,1698.597808,0.0,0.0,2395.6,0.0,569.400329
2020-11-13 22:00:00,310.953149,400.0,14.981951,22.932039,1366.446852,0.0,0.0,2216.44,0.0,539.848972
2020-11-13 23:00:00,339.214888,185.742444,14.9805,14.979622,1211.785112,0.0,0.0,2060.266,0.0,505.422133
2020-11-14 00:00:00,400.0,386.240981,69.68943,14.979622,627.319079,0.0,6.714059,1983.18,0.0,475.029138
2020-11-14 01:00:00,400.0,332.166818,19.034775,14.979622,708.842323,0.0,0.0,1907.968,0.0,451.518852
2020-11-14 02:00:00,400.0,347.080983,70.419098,14.979622,535.94603,0.0,49.660265,1628.328,0.0,435.507295
2020-11-14 03:00:00,400.0,276.214716,19.034775,14.979622,687.972253,0.0,0.0,1731.004,0.0,428.104762
2020-11-14 04:00:00,400.0,380.56036,18.861019,14.979622,743.042064,0.0,0.0,1772.996,0.0,426.14309
2020-11-14 05:00:00,400.0,400.0,19.68943,55.433405,613.446709,0.0,0.0,1725.272,0.0,438.423794
2020-11-14 06:00:00,400.0,137.775632,71.287879,14.97449,420.895289,0.0,173.362817,1561.336,0.0,442.716107
2020-11-14 07:00:00,400.0,97.0,70.419098,-0.0,487.283408,0.0,126.372381,1735.462,0.0,458.876789
2020-11-14 08:00:00,75.364393,99.0,14.972727,-0.0,1066.635607,0.0,0.0,2466.652,0.0,481.652459
2020-11-14 09:00:00,0.0,99.0,0.0,-0.0,1146.0,0.0,0.0,2764.884507,159.711493,514.482676
2020-11-14 10:00:00,0.0,98.0,0.0,-0.0,1160.0,0.0,0.0,2890.279469,275.454531,531.19192
2020-11-14 11:00:00,0.0,94.0,0.0,-0.0,1146.0,0.0,0.0,2966.895071,332.350929,544.784261
2020-11-14 12:00:00,0.0,116.0,0.0,-0.0,1159.0,0.0,0.0,2973.657984,579.492016,543.848698
2020-11-14 13:00:00,0.0,98.0,0.0,-0.0,1156.0,0.0,0.0,2947.901439,812.146561,540.435216
2020-11-14 14:00:00,0.0,91.0,0.0,-0.0,1158.0,0.0,0.0,2903.396468,582.073532,533.45947
2020-11-14 15:00:00,138.197109,273.195298,14.97449,14.972183,1023.802891,0.0,0.0,2554.08403,189.78397,526.692171
2020-11-14 16:00:00,39.265299,400.0,14.979622,25.121025,1318.734701,0.0,0.0,2513.32,0.0,536.187795
2020-11-14 17:00:00,400.0,400.0,21.122752,77.609816,912.639913,0.0,0.0,1993.751503,196.168497,577.816739
2020-11-14 18:00:00,400.0,400.0,19.68307,74.630534,1145.824769,0.0,0.0,2410.980319,283.219681,606.923333
2020-11-14 19:00:00,400.0,400.0,16.000569,22.270222,1068.210222,0.0,0.0,2541.924065,298.313935,584.207076
2020-11-14 20:00:00,400.0,371.521205,16.000569,21.52672,952.280186,0.0,0.0,2534.69219,301.63781,569.011801
2020-11-14 21:00:00,212.748797,210.034484,14.996089,16.16084,1126.014337,0.0,0.0,2558.156094,302.945906,546.471263
2020-11-14 22:00:00,48.515352,161.951828,14.996722,14.996645,1271.531106,0.0,0.0,2551.130932,280.679068,523.589974
2020-11-14 23:00:00,269.14471,220.663556,14.975368,15.160369,928.85529,0.0,0.0,2362.850159,327.053841,493.49923
2020-11-15 00:00:00,255.970798,263.174617,14.975368,18.995172,759.029202,0.0,0.0,2359.689534,315.412466,465.24905
2020-11-15 01:00:00,193.344188,203.27515,14.97449,14.975368,726.655812,0.0,0.0,2321.357174,179.628826,441.105204
2020-11-15 02:00:00,102.789352,154.688426,14.975368,14.975368,820.210648,0.0,0.0,2318.066394,262.615606,426.578362
2020-11-15 03:00:00,53.946728,65.684436,14.975368,14.975368,870.053272,0.0,0.0,2310.114644,321.783356,417.909206
2020-11-15 04:00:00,0.0,98.866363,0.0,14.975368,924.0,0.0,0.0,2332.852123,335.785877,413.227818
2020-11-15 05:00:00,37.852325,96.064905,14.975368,14.975368,886.147675,0.0,0.0,2341.747489,327.780511,420.239972
2020-11-15 06:00:00,0.0,50.0,0.0,0.0,924.0,0.0,0.0,2356.707091,348.846909,416.806064
2020-11-15 07:00:00,0.0,49.0,0.0,0.0,909.0,0.0,0.0,2405.446346,787.091654,426.366952
2020-11-15 08:00:00,0.0,54.0,0.0,0.0,915.0,0.0,0.0,2545.862263,1446.285737,446.52934
2020-11-15 09:00:00,0.0,54.0,0.0,0.0,898.0,0.0,0.0,2707.048425,1648.371575,473.257264
2020-11-15 10:00:00,0.0,54.0,0.0,0.0,915.0,0.0,0.0,2848.231459,1878.290541,491.884719
2020-11-15 11:00:00,0.0,44.0,0.0,0.0,909.0,0.0,0.0,2911.903422,1718.098578,502.335513
2020-11-15 12:00:00,0.0,56.0,0.0,0.0,907.0,0.0,0.0,2944.947167,1659.702833,507.592075
2020-11-15 13:00:00,0.0,44.0,0.0,0.0,911.0,0.0,0.0,2973.024792,1645.157208,511.203719
2020-11-15 14:00:00,0.0,45.0,0.0,0.0,912.0,0.0,0.0,2972.702877,1578.235123,511.005432
2020-11-15 15:00:00,0.0,67.0,0.0,0.0,913.0,0.0,0.0,2793.432981,1399.117019,509.464947
2020-11-15 16:00:00,0.0,400.0,0.0,32.089981,1087.0,0.0,0.0,2561.420009,607.877991,520.413001
2020-11-15 17:00:00,201.3981,400.0,14.975624,71.843654,1226.6019,0.0,0.0,2549.271887,190.424113,574.300498
2020-11-15 18:00:00,398.0,400.0,14.975624,72.516066,1272.146264,0.0,0.0,2607.380941,198.923059,611.285202
2020-11-15 19:00:00,398.0,400.0,14.975624,22.493503,1146.446554,0.0,0.0,2564.768428,81.559572,590.898281
2020-11-15 20:00:00,398.0,400.0,14.975624,23.222174,1072.0,0.0,0.0,2550.396066,151.637934,576.65941
2020-11-15 21:00:00,176.501462,384.522973,14.975624,18.142048,1255.498538,0.0,0.0,2539.01517,159.21483,547.427495
2020-11-15 22:00:00,93.497079,400.0,14.975624,20.400003,1340.502921,0.0,0.0,2414.327349,311.268651,515.973664
2020-11-15 23:00:00,214.725387,350.28613,14.975368,14.977625,1077.274613,0.0,0.0,2273.838876,381.413124,481.134639
2020-11-16 00:00:00,0.0,58.0,0.0,0.0,1293.0,0.0,0.0,2292.776529,397.625471,451.616479
2020-11-16 01:00:00,50.721897,55.0,14.975368,0.0,1238.278103,0.0,0.0,2109.363232,340.404768,432.312769
2020-11-16 02:00:00,5.535237,41.0,14.975368,0.0,1285.464763,0.0,0.0,2097.26375,348.48225,423.419848
2020-11-16 03:00:00,0.0,41.0,0.0,0.0,1292.0,0.0,0.0,2080.251831,382.400169,419.887775
2020-11-16 04:00:00,0.0,92.54046,0.0,14.975368,1291.0,0.0,0.0,2076.480748,372.089252,428.772112
2020-11-16 05:00:00,276.09036,400.0,14.979622,60.46732,1090.90964,0.0,0.0,1857.33,0.0,460.863054
2020-11-16 06:00:00,400.0,400.0,19.034775,71.287879,1098.456219,0.0,0.0,1905.22,0.0,502.014567
2020-11-16 07:00:00,279.493781,189.860616,14.97449,14.979622,1298.506219,0.0,0.0,2350.037351,87.880649,535.12967
2020-11-16 08:00:00,0.0,98.0,0.0,0.0,1383.0,0.0,0.0,2886.09093,550.87107,549.613639
2020-11-16 09:00:00,0.0,60.0,-0.0,0.0,1394.0,0.0,0.0,3000.930684,1078.159316,565.189603
2020-11-16 10:00:00,0.0,54.0,-0.0,0.0,1391.0,0.0,0.0,3066.319867,1218.192133,575.44798
2020-11-16 11:00:00,0.0,58.0,-0.0,0.0,1400.0,0.0,0.0,3157.881874,1746.706126,587.832281
2020-11-16 12:00:00,0.0,44.0,-0.0,0.0,1397.0,0.0,0.0,3249.053778,1675.496222,601.958067
2020-11-16 13:00:00,0.0,41.0,0.0,0.0,1397.0,0.0,0.0,3265.431997,1491.450003,604.4148
2020-11-16 14:00:00,0.0,41.0,0.0,0.0,1384.0,0.0,0.0,3249.616174,1091.383826,603.992426
2020-11-16 15:00:00,0.0,41.0,0.0,0.0,1369.0,0.0,0.0,3120.253073,450.814927,586.837961
2020-11-16 16:00:00,0.0,400.0,0.0,20.489361,1391.0,0.0,0.0,2952.545652,297.492348,587.181848
2020-11-16 17:00:00,400.0,400.0,19.958349,73.873861,1140.907597,0.0,0.0,2693.32647,261.79553,631.412831
2020-11-16 18:00:00,400.0,400.0,21.122752,67.994439,885.845554,0.0,0.0,2589.836242,156.159758,652.498603
2020-11-16 19:00:00,400.0,400.0,21.750606,29.722213,818.308543,0.0,0.0,2407.242169,316.961831,632.240044
2020-11-16 20:00:00,400.0,400.0,60.533308,22.817873,795.211477,0.0,0.0,2319.834656,277.817344,614.343477
2020-11-16 21:00:00,400.0,400.0,20.42044,21.737448,997.286721,0.0,0.0,2343.027738,219.222262,580.461153
2020-11-16 22:00:00,398.0,380.058827,14.975624,14.975624,948.081864,0.0,0.0,2396.319446,153.132554,542.135637
2020-11-16 23:00:00,198.605258,217.868074,14.975624,14.97449,1140.394743,0.0,0.0,2322.712141,161.489859,502.24761
2020-11-17 00:00:00,252.667368,220.454811,14.97449,14.97449,942.332632,0.0,0.0,2254.200007,150.329993,468.430106
2020-11-17 01:00:00,216.989882,75.441297,14.97449,-0.0,976.010118,0.0,0.0,2155.970042,177.019958,448.643989
2020-11-17 02:00:00,136.064431,147.826933,14.97449,14.975624,1051.935569,0.0,0.0,2157.05726,60.85674,437.418254
2020-11-17 03:00:00,332.317111,148.812579,14.977625,14.975624,850.682889,0.0,0.0,1928.946,0.0,433.389467
2020-11-17 04:00:00,372.769149,382.604219,14.977625,14.97449,810.230851,0.0,0.0,1932.684,0.0,440.017972
2020-11-17 05:00:00,400.0,400.0,70.419098,52.004829,535.433874,0.0,13.340945,1828.286,0.0,473.977819
2020-11-17 06:00:00,400.0,320.419437,123.657594,14.97449,136.966094,0.0,539.347792,1722.172,0.0,509.430886
2020-11-17 07:00:00,400.0,96.0,71.647258,-0.0,381.711425,0.0,328.194561,2147.978,0.0,536.589986
2020-11-17 08:00:00,202.151806,99.0,14.974831,-0.0,962.848194,0.0,0.0,2815.664,0.0,549.572371
2020-11-17 09:00:00,89.437536,99.0,14.974831,-0.0,1069.562464,0.0,0.0,3042.0,0.0,567.51563
2020-11-17 10:00:00,292.99153,97.0,14.972727,-0.0,852.008471,0.0,0.0,2895.652,0.0,578.196529
2020-11-17 11:00:00,336.282349,86.0,14.972727,-0.0,807.717651,0.0,0.0,2909.05,0.0,586.849852
2020-11-17 12:00:00,278.822275,219.046226,14.974831,14.977625,881.177725,0.0,0.0,3015.07,0.0,591.733841
2020-11-17 13:00:00,0.0,200.822715,0.0,14.977625,1169.0,0.0,0.0,3143.988467,55.697533,593.39827
2020-11-17 14:00:00,61.475391,391.457266,14.974831,14.979622,1294.524609,0.0,0.0,2936.05,0.0,596.628809
2020-11-17 15:00:00,0.0,400.0,0.0,19.68943,1539.0,0.0,0.0,2283.037799,476.776201,591.75567
2020-11-17 16:00:00,398.0,400.0,14.977625,25.9087,1877.0,0.0,0.0,1717.629076,16.920924,597.244361
2020-11-17 17:00:00,400.0,400.0,23.437807,76.755559,1157.805336,0.0,0.0,984.734,0.0,634.6393
2020-11-17 18:00:00,400.0,400.0,26.324557,76.790897,1070.528799,0.0,0.0,952.31,0.0,653.66718
2020-11-17 19:00:00,400.0,400.0,23.437807,30.684078,1207.07943,0.0,0.0,1035.65,0.0,630.085585
2020-11-17 20:00:00,400.0,400.0,22.516066,26.324557,1494.333556,0.0,0.0,1215.036,0.0,613.905367
2020-11-17 21:00:00,400.0,400.0,15.731586,20.400003,1910.49629,0.0,0.0,1774.332,0.0,582.125356
2020-11-17 22:00:00,400.0,221.161683,15.731586,14.979622,1724.249085,0.0,0.0,1685.372,0.0,543.468437
2020-11-17 23:00:00,400.0,400.0,19.958349,19.68943,980.481145,0.0,0.0,2065.219013,9.926987,499.01068
2020-11-18 00:00:00,371.161802,400.0,14.97449,18.571461,861.838198,0.0,0.0,2176.240535,35.049465,480.210351
2020-11-18 01:00:00,371.202397,320.936567,14.979622,14.979622,857.797603,0.0,0.0,2090.952,0.0,468.02316
2020-11-18 02:00:00,398.0,135.395017,14.979622,14.975624,833.0,0.0,0.0,1978.047111,13.668889,454.807067
2020-11-18 03:00:00,394.90179,119.036371,14.979622,14.975624,834.098212,0.0,0.0,1954.652,0.0,451.133068
2020-11-18 04:00:00,153.789711,286.359332,14.979622,14.975624,1081.210289,0.0,0.0,2234.3,0.0,456.013457
2020-11-18 05:00:00,400.0,400.0,19.68943,52.562429,710.593529,0.0,0.0,2083.23,0.0,492.545471
2020-11-18 06:00:00,400.0,400.0,74.332639,22.367125,513.964756,0.0,183.65247,2107.059596,21.990404,528.014226
2020-11-18 07:00:00,400.0,63.0,73.018717,0.0,669.95924,0.0,93.585545,2485.991136,71.490864,555.454784
2020-11-18 08:00:00,0.0,67.0,0.0,0.0,1234.0,0.0,0.0,3133.197844,704.670156,567.929677
2020-11-18 09:00:00,0.0,54.0,0.0,0.0,1236.0,0.0,0.0,3251.590687,1169.471313,585.388603
2020-11-18 10:00:00,0.0,76.0,0.0,0.0,1233.0,0.0,0.0,3345.403728,1237.678272,599.910559
2020-11-18 11:00:00,0.0,44.0,0.0,0.0,1235.0,0.0,0.0,3415.098506,1388.947494,610.064776
2020-11-18 12:00:00,0.0,44.0,-0.0,0.0,1233.0,0.0,0.0,3462.288244,1482.695756,617.443237
2020-11-18 13:00:00,0.0,44.0,0.0,0.0,1232.0,0.0,0.0,3483.470085,1369.309915,620.770513
2020-11-18 14:00:00,0.0,41.0,0.0,0.0,1232.0,0.0,0.0,3515.371443,1086.850557,625.555716
2020-11-18 15:00:00,0.0,41.0,0.0,0.0,1233.0,0.0,0.0,3130.032208,1067.329792,618.604831
2020-11-18 16:00:00,14.797032,400.0,14.986165,36.374709,1546.202968,0.0,0.0,2925.527369,281.750631,621.94866
2020-11-18 17:00:00,400.0,400.0,22.656017,69.994965,898.707843,0.0,0.0,2316.704244,233.727756,656.69946
2020-11-18 18:00:00,400.0,400.0,74.9512,21.905537,670.632173,0.0,210.014486,2211.109896,155.310104,673.871658
2020-11-18 19:00:00,400.0,400.0,74.332639,22.23556,768.001755,0.0,88.484155,2179.794486,107.635514,654.56891
2020-11-18 20:00:00,400.0,400.0,22.709794,22.23556,841.013717,0.0,0.0,2133.234548,228.455452,636.633125
2020-11-18 21:00:00,400.0,400.0,20.397736,74.060266,1024.332232,0.0,0.0,2075.156346,293.591654,605.223617
2020-11-18 22:00:00,400.0,400.0,18.878559,15.264079,1012.445406,0.0,0.0,1849.782737,297.879263,568.4006
2020-11-18 23:00:00,400.0,329.245585,74.9512,14.979622,549.055576,0.0,151.921558,1840.263136,314.906864,529.981134
2020-11-19 00:00:00,400.0,41.0,20.526636,-0.0,835.51286,0.0,0.0,1858.9551,336.4449,481.566336
2020-11-19 01:00:00,220.884487,41.0,14.97449,-0.0,1168.115513,0.0,0.0,2007.070511,329.191489,453.89325
2020-11-19 02:00:00,0.0,293.903823,0.0,14.979622,1398.0,0.0,0.0,2164.813038,394.356962,443.071956
2020-11-19 03:00:00,0.0,400.0,0.0,19.983547,1384.0,0.0,0.0,2120.278475,49.289525,438.491771
2020-11-19 04:00:00,0.0,400.0,0.0,22.187689,1398.0,0.0,0.0,2033.589026,572.108974,444.388354
2020-11-19 05:00:00,0.0,400.0,0.0,21.43504,1597.0,0.0,0.0,2269.426335,28.643665,481.41395
2020-11-19 06:00:00,153.374385,400.0,14.979622,69.126586,1441.625615,0.0,0.0,2290.498,0.0,519.280858
2020-11-19 07:00:00,0.0,85.4,0.0,-0.0,1689.0,0.0,0.0,2641.056002,270.389998,546.1584
2020-11-19 08:00:00,0.0,88.4,0.0,-0.0,1690.0,0.0,0.0,2703.073157,1184.906843,555.310974
2020-11-19 09:00:00,0.0,88.4,0.0,-0.0,1682.0,0.0,0.0,2786.976126,1275.937874,569.096419
2020-11-19 10:00:00,0.0,76.4,0.0,-0.0,1674.0,0.0,0.0,2882.362526,1050.575474,584.604379
2020-11-19 11:00:00,0.0,276.9375,0.0,14.9805,1673.0,0.0,0.0,2945.153069,1032.514931,594.17296
2020-11-19 12:00:00,0.0,400.0,0.0,18.861019,1671.0,0.0,0.0,2971.474803,957.255197,598.42122
2020-11-19 13:00:00,0.0,400.0,0.0,19.983547,1669.0,0.0,0.0,2991.376118,555.425882,601.706418
2020-11-19 14:00:00,0.0,400.0,0.0,25.663909,1670.0,0.0,0.0,2680.83894,344.82906,605.975841
2020-11-19 15:00:00,0.0,400.0,0.0,21.843654,2043.0,0.0,0.0,2332.016945,138.383055,604.202542
2020-11-19 16:00:00,400.0,400.0,19.430296,30.732294,1714.719309,0.0,0.0,1459.22,0.0,603.525104
2020-11-19 17:00:00,400.0,400.0,23.128644,75.9087,1180.665468,0.0,0.0,936.568,0.0,636.58538
2020-11-19 18:00:00,400.0,400.0,23.069973,59.336639,1204.338762,0.0,0.0,1086.252,0.0,654.886986
2020-11-19 19:00:00,400.0,400.0,23.437807,23.128644,843.179467,0.0,0.0,932.368,0.0,629.72828
2020-11-19 20:00:00,400.0,400.0,22.96816,23.128644,1097.463544,0.0,0.0,1083.512,0.0,614.257268
2020-11-19 21:00:00,400.0,400.0,22.492854,29.745181,1281.524262,0.0,0.0,1056.148,0.0,582.543561
2020-11-19 22:00:00,400.0,400.0,21.116714,24.793983,1451.774663,0.0,0.0,993.64,0.0,547.629801
2020-11-19 23:00:00,400.0,400.0,19.983547,23.069973,1513.557882,0.0,0.0,1141.532,0.0,507.296118
2020-11-20 00:00:00,400.0,400.0,19.68943,21.843654,1578.31588,0.0,0.0,984.39,0.0,474.011118
2020-11-20 01:00:00,400.0,400.0,19.68943,21.647258,1532.291649,0.0,0.0,808.51,0.0,454.532753
2020-11-20 02:00:00,400.0,400.0,20.400003,21.647258,1425.185819,0.0,0.0,616.484,0.0,441.794727
2020-11-20 03:00:00,400.0,400.0,21.647258,21.843654,1261.552905,0.0,0.0,425.87,0.0,437.747564
2020-11-20 04:00:00,400.0,400.0,22.492854,22.732362,1144.531,0.0,0.0,327.202,0.0,445.00065
2020-11-20 05:00:00,400.0,400.0,23.069973,50.542515,910.764449,0.0,0.0,273.178,0.0,478.862033
2020-11-20 06:00:00,400.0,400.0,24.617414,70.799188,665.904472,0.0,0.0,279.234,0.0,517.699429
2020-11-20 07:00:00,400.0,400.0,22.732362,18.861019,1030.081402,0.0,0.0,819.218,0.0,542.87049
2020-11-20 08:00:00,400.0,60.130912,18.072542,14.981951,1840.682074,0.0,0.0,1712.87,0.0,555.328189
2020-11-20 09:00:00,146.114372,38.4,14.981951,0.0,2145.285629,0.0,0.0,2138.8,0.0,573.527156
2020-11-20 10:00:00,35.490904,31.4,14.981951,0.0,2255.909096,0.0,0.0,2301.662,0.0,581.362936
2020-11-20 11:00:00,24.29591,14.4,14.981951,0.0,2266.10409,0.0,0.0,2398.314,0.0,594.331487
2020-11-20 12:00:00,0.0,20.4,0.0,0.0,2299.0,0.0,0.0,2460.696356,71.915644,598.754453
2020-11-20 13:00:00,14.88195,128.076011,14.981951,14.981951,2273.51805,0.0,0.0,2451.454,0.0,601.190392
2020-11-20 14:00:00,217.065676,400.0,14.981951,18.573789,2070.334324,0.0,0.0,2262.816,0.0,603.372251
2020-11-20 15:00:00,398.0,400.0,14.981951,21.843654,1904.0,0.0,0.0,1880.644468,24.955532,596.49667
2020-11-20 16:00:00,400.0,400.0,21.843654,29.186253,1393.600005,0.0,0.0,1041.838,0.0,600.485699
2020-11-20 17:00:00,400.0,400.0,23.437807,76.429316,1017.238669,0.0,0.0,630.08,0.0,626.5262
2020-11-20 18:00:00,400.0,400.0,25.9087,62.626828,893.843687,0.0,0.0,633.282,0.0,641.915747
2020-11-20 19:00:00,400.0,400.0,23.206766,25.455334,1115.379316,0.0,0.0,661.23,0.0,612.877603
2020-11-20 20:00:00,400.0,400.0,23.069973,26.756968,1263.232447,0.0,0.0,714.23,0.0,598.649633
2020-11-20 21:00:00,400.0,400.0,23.128644,25.729693,1020.145645,0.0,0.0,678.45,0.0,576.495653
2020-11-20 22:00:00,400.0,400.0,22.732362,23.437807,1211.463502,0.0,0.0,670.484,0.0,546.603075
2020-11-20 23:00:00,400.0,400.0,23.069973,23.128644,956.865965,0.0,0.0,545.162,0.0,512.744405
2020-11-21 00:00:00,400.0,400.0,22.516066,23.206766,1088.230663,0.0,0.0,464.952,0.0,481.008201
2020-11-21 01:00:00,400.0,400.0,23.069973,23.128644,779.855161,0.0,0.0,363.168,0.0,458.746926
2020-11-21 02:00:00,400.0,400.0,22.732362,23.069973,891.23784,0.0,0.0,381.102,0.0,444.729624
2020-11-21 03:00:00,400.0,400.0,22.732362,23.128644,885.891484,0.0,0.0,338.566,0.0,439.151177
2020-11-21 04:00:00,400.0,400.0,23.069973,23.128644,834.931869,0.0,0.0,275.37,0.0,437.31572
2020-11-21 05:00:00,400.0,400.0,23.128644,23.128644,736.269302,0.0,0.0,266.65,0.0,450.807105
2020-11-21 06:00:00,400.0,400.0,23.128644,22.96816,755.31244,0.0,0.0,331.714,0.0,457.710234
2020-11-21 07:00:00,400.0,400.0,21.843654,16.963409,1024.618133,0.0,0.0,720.032,0.0,475.56208
2020-11-21 08:00:00,342.323576,96.64947,14.981951,14.981951,1766.076424,0.0,0.0,1593.77,0.0,495.404036
2020-11-21 09:00:00,25.76925,26.4,14.981951,0.0,2083.63075,0.0,0.0,2114.666,0.0,525.905288
2020-11-21 10:00:00,0.0,27.4,0.0,0.0,2119.0,0.0,0.0,2265.580256,30.529744,543.237038
2020-11-21 11:00:00,0.0,19.81675,0.0,13.118822,2119.0,0.0,0.0,2331.447814,38.522186,553.117172
2020-11-21 12:00:00,5.168269,93.588976,14.981951,14.981951,2100.231731,0.0,0.0,2364.348,0.0,560.86744
2020-11-21 13:00:00,70.717127,216.37608,14.981951,14.981951,2034.682873,0.0,0.0,2302.484,0.0,561.420169
2020-11-21 14:00:00,191.048664,400.0,14.981951,18.861019,1912.351336,0.0,0.0,2181.686,0.0,561.6502
2020-11-21 15:00:00,331.568246,400.0,14.981951,21.647258,1771.831754,0.0,0.0,1846.95,0.0,558.017737
2020-11-21 16:00:00,400.0,400.0,22.732362,72.047122,1091.398904,0.0,0.0,945.204,0.0,563.820764
2020-11-21 17:00:00,400.0,400.0,76.324557,68.350462,651.987766,0.0,101.609069,681.42,0.0,602.164835
2020-11-21 18:00:00,400.0,400.0,76.790897,20.904988,475.478141,0.0,316.470838,728.198,0.0,622.457979
2020-11-21 19:00:00,400.0,400.0,136.124055,21.647258,67.379091,0.0,693.882324,788.48,0.0,595.218415
2020-11-21 20:00:00,400.0,400.0,76.429316,27.637557,372.884845,0.0,381.638528,1067.454,0.0,580.435373
2020-11-21 21:00:00,400.0,400.0,73.437807,24.456516,581.515286,0.0,149.513321,1123.346,0.0,557.524607
2020-11-21 22:00:00,400.0,400.0,73.437807,21.288154,592.1121,0.0,107.258885,974.732,0.0,533.642985
2020-11-21 23:00:00,400.0,400.0,80.277405,24.877142,227.997312,0.0,428.038791,758.198,0.0,502.530103
2020-11-22 00:00:00,400.0,400.0,76.404825,24.956003,338.024764,0.0,280.166921,680.216,0.0,474.328685
2020-11-22 01:00:00,400.0,400.0,73.069973,23.07841,363.521367,0.0,237.426928,909.35,0.0,451.624295
2020-11-22 02:00:00,400.0,400.0,21.116411,20.592266,658.178489,0.0,0.0,1115.052,0.0,438.281027
2020-11-22 03:00:00,400.0,400.0,72.492854,19.034775,397.828221,0.0,176.252746,1133.268,0.0,427.565967
2020-11-22 04:00:00,400.0,400.0,71.287879,19.034775,464.792642,0.0,105.060361,1176.766,0.0,424.046004
2020-11-22 05:00:00,400.0,400.0,72.96816,27.973989,324.875022,0.0,258.765925,1113.428,0.0,435.532947
2020-11-22 06:00:00,400.0,390.982391,73.657594,14.9805,209.118965,0.0,374.73789,1080.438,0.0,436.547855
2020-11-22 07:00:00,400.0,85.4,18.861019,0.0,763.602465,0.0,0.0,1687.95,0.0,444.50213
2020-11-22 08:00:00,0.0,88.4,0.0,0.0,1313.0,0.0,0.0,2358.222748,572.343252,462.633412
2020-11-22 09:00:00,0.0,88.4,0.0,0.0,1314.0,0.0,0.0,2560.728328,1054.917672,492.859249
2020-11-22 10:00:00,0.0,88.4,0.0,0.0,1314.0,0.0,0.0,2712.5035,1193.9285,515.625525
2020-11-22 11:00:00,0.0,83.4,0.0,0.0,1313.0,0.0,0.0,2840.076167,1098.961833,534.911425
2020-11-22 12:00:00,0.0,83.4,0.0,0.0,1310.0,0.0,0.0,2921.334147,884.197853,547.550122
2020-11-22 13:00:00,0.0,83.4,0.0,0.0,1310.0,0.0,0.0,2973.758838,813.273162,555.413826
2020-11-22 14:00:00,0.0,82.4,0.0,0.0,1312.0,0.0,0.0,3013.976862,890.155138,561.146529
2020-11-22 15:00:00,0.0,266.67571,0.0,14.975624,1325.0,0.0,0.0,3035.213981,1086.370019,562.382097
2020-11-22 16:00:00,0.0,400.0,0.0,21.569791,1324.0,0.0,0.0,2926.345221,401.102779,571.701783
2020-11-22 17:00:00,398.0,400.0,14.980658,70.373568,1105.998091,0.0,0.0,2749.270721,321.167279,607.990895
2020-11-22 18:00:00,400.0,400.0,19.958349,69.945509,936.275381,0.0,0.0,2759.119498,319.530502,635.526618
2020-11-22 19:00:00,400.0,400.0,17.392886,23.797884,1054.4509,0.0,0.0,2739.61393,319.40207,611.874454
2020-11-22 20:00:00,398.0,400.0,14.980658,23.874684,1076.0,0.0,0.0,2728.536033,328.517967,595.580405
2020-11-22 21:00:00,398.0,381.12014,14.978232,20.045503,920.817839,0.0,0.0,2597.925726,313.006274,564.616183
2020-11-22 22:00:00,216.011873,246.462991,14.978232,18.426148,1078.988127,0.0,0.0,2540.443967,313.702033,532.268376
2020-11-22 23:00:00,246.602325,274.205472,14.978232,16.155656,839.397675,0.0,0.0,2415.34211,292.16789,496.941665
2020-11-23 00:00:00,94.339217,87.055551,14.978232,14.992154,960.660783,0.0,0.0,2388.162898,291.439102,466.425317
2020-11-23 01:00:00,82.762866,41.0,14.978232,0.0,970.237134,0.0,0.0,2266.471956,316.390044,446.735223
2020-11-23 02:00:00,256.342746,152.017441,14.978232,14.978232,789.657254,0.0,0.0,2008.085764,325.446236,435.064276
2020-11-23 03:00:00,213.559859,325.508878,14.975624,14.978232,825.440141,0.0,0.0,2019.769807,145.232193,431.44945
2020-11-23 04:00:00,400.0,272.346243,69.68943,14.975624,478.853569,0.0,8.201595,1536.168,0.0,438.197165
2020-11-23 05:00:00,400.0,400.0,71.116411,35.052474,523.960926,0.0,17.491036,1286.814,0.0,474.877961
2020-11-23 06:00:00,400.0,400.0,73.128644,71.116411,498.543669,0.0,144.916181,1172.316,0.0,513.71585
2020-11-23 07:00:00,400.0,85.4,73.128644,0.0,515.525849,0.0,225.862774,1385.13,0.0,539.490623
2020-11-23 08:00:00,400.0,88.4,15.731586,0.0,1249.207485,0.0,0.0,2238.84,0.0,557.494877
2020-11-23 09:00:00,199.409516,86.4,14.981951,0.0,1465.990485,0.0,0.0,2637.348,0.0,584.753627
2020-11-23 10:00:00,400.0,77.4,18.072542,14.432395,1183.972763,0.0,0.0,2469.016,0.0,601.806486
2020-11-23 11:00:00,400.0,400.0,19.034775,18.573789,1067.806207,0.0,0.0,2451.284,0.0,616.571669
2020-11-23 12:00:00,400.0,400.0,19.68943,21.43975,992.355131,0.0,0.0,2440.998,0.0,626.34643
2020-11-23 13:00:00,400.0,400.0,19.685338,25.944543,1019.667853,0.0,0.0,2347.018,0.0,633.652522
2020-11-23 14:00:00,400.0,400.0,19.68943,24.777904,1176.716063,0.0,0.0,2181.452,0.0,638.510391
2020-11-23 15:00:00,400.0,400.0,16.970947,25.736838,1583.040806,0.0,0.0,1850.752,0.0,632.206679
2020-11-23 16:00:00,400.0,400.0,22.96816,27.882659,1394.316452,0.0,0.0,973.404,0.0,637.663132
2020-11-23 17:00:00,400.0,400.0,26.429316,72.02211,1103.988154,0.0,0.0,668.5,0.0,666.826777
2020-11-23 18:00:00,400.0,400.0,26.324557,75.511591,1163.861072,0.0,0.0,715.634,0.0,672.715939
2020-11-23 19:00:00,400.0,400.0,24.62179,27.128505,1261.700025,0.0,0.0,715.07,0.0,646.555496
2020-11-23 20:00:00,400.0,400.0,23.128644,27.336721,1501.084257,0.0,0.0,825.37,0.0,627.192861
2020-11-23 21:00:00,400.0,400.0,23.128644,26.790897,1313.025401,0.0,0.0,772.598,0.0,594.23589
2020-11-23 22:00:00,400.0,400.0,22.96816,26.755559,1145.882406,0.0,0.0,690.738,0.0,553.778339
2020-11-23 23:00:00,400.0,400.0,23.128644,23.206766,945.169913,0.0,0.0,553.85,0.0,510.102013
2020-11-24 00:00:00,400.0,400.0,22.96816,26.791749,781.968686,0.0,0.0,533.416,0.0,478.267097
2020-11-24 01:00:00,400.0,400.0,76.324557,24.013032,337.815692,0.0,201.100154,616.788,0.0,456.595846
2020-11-24 02:00:00,400.0,400.0,76.892495,23.637376,198.868239,0.0,381.282971,707.032,0.0,442.62721
2020-11-24 03:00:00,400.0,400.0,160.392811,17.38235,46.271373,0.0,534.143322,848.336,0.0,437.844694
2020-11-24 04:00:00,400.0,308.402774,128.361506,14.978232,140.798851,0.0,451.698522,1032.668,0.0,444.580372
2020-11-24 05:00:00,400.0,400.0,78.322967,19.899927,173.111295,0.0,459.549732,1260.344803,167.175197,473.885026
2020-11-24 06:00:00,400.0,400.0,78.322967,25.037522,172.938424,0.0,507.45512,1519.802051,171.699949,512.829544
2020-11-24 07:00:00,400.0,67.4,74.264154,-0.0,333.1455,0.0,415.334251,1880.483841,15.336159,542.900751
2020-11-24 08:00:00,400.0,75.4,70.419098,-0.0,598.399924,0.0,154.364587,2241.75,0.0,557.302511
2020-11-24 09:00:00,400.0,88.4,70.400004,-0.0,653.871381,0.0,106.998212,2447.802,0.0,579.889593
2020-11-24 10:00:00,239.84764,88.4,14.979622,-0.0,1081.552361,0.0,0.0,2962.27,0.0,592.907646
2020-11-24 11:00:00,231.755067,72.4,14.975521,-0.0,1087.644933,0.0,0.0,3063.556581,147.725419,607.186747
2020-11-24 12:00:00,238.317871,65.4,14.975521,-0.0,1078.082129,0.0,0.0,3098.242347,213.087653,613.824033
2020-11-24 13:00:00,137.614414,81.4,14.975521,-0.0,1179.785586,0.0,0.0,3232.611135,225.856865,618.723832
2020-11-24 14:00:00,82.617656,199.242847,14.975521,14.976348,1236.782344,0.0,0.0,3321.319662,186.078338,623.480598
2020-11-24 15:00:00,0.0,188.876823,14.544199,14.975624,1308.107365,0.0,0.0,2992.353469,230.724531,617.736916
2020-11-24 16:00:00,29.29556,400.0,14.975521,27.042241,1697.10444,0.0,0.0,2537.329773,231.584227,623.5838
2020-11-24 17:00:00,77.294774,400.0,14.975232,76.030879,2212.705226,0.0,0.0,2580.895801,181.202199,654.178586
2020-11-24 18:00:00,253.260532,400.0,14.978933,72.723715,1935.815046,0.0,0.0,2677.653586,238.768414,667.925781
2020-11-24 19:00:00,231.433072,400.0,14.975232,24.640555,1855.566928,0.0,0.0,2556.560451,244.123549,638.549028
2020-11-24 20:00:00,174.750553,400.0,14.985902,22.23556,1831.745814,0.0,0.0,2589.894929,246.477071,624.322367
2020-11-24 21:00:00,79.747414,289.931736,14.989865,17.38235,1856.858069,0.0,0.0,2551.794499,286.135501,592.040465
2020-11-24 22:00:00,0.0,372.286351,0.0,20.42044,1950.0,0.0,0.0,2379.319489,453.684511,552.197923
2020-11-24 23:00:00,51.691978,253.415386,14.989865,14.975624,1499.517509,0.0,0.0,2372.689074,56.312926,512.275735
2020-11-25 00:00:00,97.925827,299.306375,14.979622,14.979622,1468.074173,0.0,0.0,2113.71,0.0,478.145374
2020-11-25 01:00:00,210.848735,400.0,14.979622,37.225463,1354.151265,0.0,0.0,1869.5,0.0,458.60231
2020-11-25 02:00:00,0.0,400.0,0.0,19.430296,1395.0,0.0,0.0,2172.203771,232.044229,444.630566
2020-11-25 03:00:00,54.948395,156.261873,14.97449,14.97449,1328.051605,0.0,0.0,2077.699415,0.252585,440.497171
2020-11-25 04:00:00,202.648412,374.907675,14.979622,18.918875,1178.351588,0.0,0.0,1981.168,0.0,448.472462
2020-11-25 05:00:00,85.315194,400.0,14.975624,31.057155,1309.684807,0.0,0.0,2294.412038,161.019962,475.759085
2020-11-25 06:00:00,272.721413,367.573287,14.975624,21.733275,1124.278588,0.0,0.0,2332.922607,321.261393,509.346603
2020-11-25 07:00:00,135.93247,69.0,14.975624,-0.0,1259.067531,0.0,0.0,2646.762309,329.867691,536.204217
2020-11-25 08:00:00,0.0,74.0,0.0,-0.0,1363.0,0.0,0.0,2848.144848,839.275152,550.821727
2020-11-25 09:00:00,0.0,79.0,0.0,-0.0,1356.0,0.0,0.0,2986.969887,1047.120113,572.695483
2020-11-25 10:00:00,0.0,98.0,-0.0,-0.0,1371.0,0.0,0.0,3111.280785,1178.419215,589.092118
2020-11-25 11:00:00,0.0,93.0,-0.0,-0.0,1370.0,0.0,0.0,3161.18724,1241.51276,596.728086
2020-11-25 12:00:00,0.0,94.0,-0.0,-0.0,1373.0,0.0,0.0,3176.846225,1269.571775,598.626934
2020-11-25 13:00:00,0.0,93.0,-0.0,-0.0,1373.0,0.0,0.0,3202.137233,1168.516767,602.420585
2020-11-25 14:00:00,0.0,93.0,-0.0,14.977625,1368.0,0.0,0.0,3174.671737,851.830263,599.050761
2020-11-25 15:00:00,0.0,75.0,0.0,-0.0,1356.0,0.0,0.0,3070.344486,462.565514,588.501673
2020-11-25 16:00:00,0.0,400.0,0.0,35.355014,1416.0,0.0,0.0,2628.972979,146.775021,599.545947
2020-11-25 17:00:00,254.973144,400.0,14.975624,74.096924,1791.026858,0.0,0.0,2505.780567,4.287433,632.963056
2020-11-25 18:00:00,400.0,400.0,19.685338,72.807369,1456.018347,0.0,0.0,2296.05,0.0,647.554748
2020-11-25 19:00:00,400.0,400.0,20.234035,24.946457,1504.886776,0.0,0.0,2250.513505,69.064495,622.144009
2020-11-25 20:00:00,400.0,400.0,20.42044,23.604606,1372.711142,0.0,0.0,2089.199564,158.350436,606.373263
2020-11-25 21:00:00,400.0,400.0,74.680437,14.975624,675.454646,0.0,90.896057,1934.186,0.0,581.959703
2020-11-25 22:00:00,400.0,400.0,15.731586,14.9805,1208.2291,0.0,0.0,2260.15,0.0,550.938135
2020-11-25 23:00:00,148.419901,147.983734,14.975624,14.975624,1433.580099,0.0,0.0,2240.034106,225.815894,514.118101
2020-11-26 00:00:00,299.955258,208.595318,14.975624,18.671846,818.044742,0.0,0.0,2190.602172,197.215828,476.033614
2020-11-26 01:00:00,231.634587,322.460988,14.975368,18.228707,750.365413,0.0,0.0,2283.193016,338.310984,450.12414
2020-11-26 02:00:00,196.50092,175.546859,14.975368,14.975368,726.49908,0.0,0.0,2284.807801,309.502199,435.646308
2020-11-26 03:00:00,74.748033,134.437332,14.975368,14.975368,848.251967,0.0,0.0,2354.6538,342.5982,427.860275
2020-11-26 04:00:00,75.839765,206.109535,14.975368,14.975368,847.160235,0.0,0.0,2347.433512,337.214488,426.940992
2020-11-26 05:00:00,195.599652,253.340715,14.975368,14.975368,727.400348,0.0,0.0,2301.991914,330.530086,438.088735
2020-11-26 06:00:00,200.183014,76.837635,14.975368,0.0,722.816986,0.0,0.0,2333.053299,343.614701,443.435447
2020-11-26 07:00:00,0.0,49.0,0.0,0.0,922.0,0.0,0.0,2588.341749,364.190251,451.851262
2020-11-26 08:00:00,0.0,54.0,0.0,0.0,904.0,0.0,0.0,2681.633108,1065.978892,468.544966
2020-11-26 09:00:00,0.0,54.0,0.0,0.0,897.0,0.0,0.0,2880.154735,1392.213265,499.37321
2020-11-26 10:00:00,0.0,54.0,0.0,0.0,911.0,0.0,0.0,3025.054852,1293.415148,519.008228
2020-11-26 11:00:00,0.0,44.0,0.0,0.0,913.0,0.0,0.0,3100.259245,1492.878755,529.988887
2020-11-26 12:00:00,0.0,47.0,0.0,0.0,907.0,0.0,0.0,3117.634408,1319.315592,533.495161
2020-11-26 13:00:00,0.0,42.0,0.0,0.0,888.0,0.0,3.159,3086.427622,782.142378,531.664143
2020-11-26 14:00:00,0.0,42.0,0.0,0.0,885.0,0.0,13.727,3021.031155,614.168845,522.304673
2020-11-26 15:00:00,0.0,41.0,0.0,0.0,880.0,0.0,28.217,2932.911226,216.570774,509.836684
2020-11-26 16:00:00,400.0,346.563197,72.118409,18.671846,451.564353,0.0,132.687803,2233.972054,147.091946,510.661155
2020-11-26 17:00:00,400.0,400.0,73.873861,74.060266,518.564712,0.0,71.113194,2048.57075,117.19725,536.400906
2020-11-26 18:00:00,400.0,369.001832,73.873861,71.088245,554.946852,0.0,167.480664,2249.090292,238.423708,552.021516
2020-11-26 19:00:00,398.0,400.0,14.975624,22.104241,829.694809,0.0,0.0,2469.4766,275.3514,532.617269
2020-11-26 20:00:00,335.59655,336.008352,14.975624,18.995848,820.40345,0.0,0.0,2473.797034,295.334966,526.409038
2020-11-26 21:00:00,252.354133,327.001189,14.975624,18.995848,811.645867,0.0,0.0,2538.302603,293.497397,514.14851
2020-11-26 22:00:00,151.292893,233.117719,14.975624,14.99671,912.707107,0.0,0.0,2532.688396,290.993604,498.147193
2020-11-26 23:00:00,66.310498,126.957138,14.975624,14.996722,998.689502,0.0,0.0,2451.534613,270.645387,473.076767
2020-11-27 00:00:00,0.0,53.158654,13.352779,14.975368,1087.664848,0.0,0.0,2375.762208,185.249792,448.364604
2020-11-27 01:00:00,0.0,110.585234,0.0,14.975368,1108.0,0.0,0.0,2287.019966,281.802034,432.002995
2020-11-27 02:00:00,97.035304,143.514884,14.975368,14.975368,826.964696,0.0,0.0,2298.247812,327.512188,422.592467
2020-11-27 03:00:00,76.342559,125.147999,14.975368,14.975368,847.657441,0.0,0.0,2300.221257,306.750743,419.784572
2020-11-27 04:00:00,81.371279,222.229157,14.975368,14.979622,842.628721,0.0,0.0,2314.667257,335.830743,422.70578
2020-11-27 05:00:00,165.644424,298.0166,14.975368,48.236068,757.355576,0.0,0.0,2308.255111,333.980889,437.83493
2020-11-27 06:00:00,257.979493,144.053963,14.975368,14.975368,697.020507,0.0,0.0,2310.535325,328.700675,452.177223
2020-11-27 07:00:00,10.633857,49.0,14.975368,0.0,943.366143,0.0,0.0,2651.361624,345.956376,466.349322
2020-11-27 08:00:00,0.0,54.0,0.0,0.0,937.0,0.0,0.0,2742.321394,1048.966606,480.948209
2020-11-27 09:00:00,0.0,56.0,0.0,0.0,947.0,0.0,0.0,2923.041804,1396.742196,506.556271
2020-11-27 10:00:00,0.0,74.0,0.0,0.0,929.0,0.0,0.0,2988.632171,1325.965829,519.094826
2020-11-27 11:00:00,0.0,64.0,0.0,0.0,929.0,0.0,0.0,3035.641806,1360.908194,526.146271
2020-11-27 12:00:00,0.0,74.0,0.0,0.0,930.0,0.0,0.0,3050.170337,1229.049663,528.175551
2020-11-27 13:00:00,0.0,94.0,0.0,0.0,926.0,0.0,0.0,3019.234131,1046.551869,524.13512
2020-11-27 14:00:00,0.0,93.0,0.0,0.0,933.0,0.0,0.0,3017.719275,807.980725,522.857891
2020-11-27 15:00:00,0.0,264.721538,0.0,14.97449,935.0,0.0,0.0,2582.810359,1115.211641,517.621554
2020-11-27 16:00:00,0.0,400.0,0.0,29.743303,1397.0,0.0,0.0,2349.372937,519.017063,533.455941
2020-11-27 17:00:00,0.0,400.0,13.352779,76.324557,1806.048303,0.0,0.0,2485.692199,108.609801,572.496584
2020-11-27 18:00:00,187.670371,400.0,14.975624,73.657594,1699.329629,0.0,0.0,2516.955732,152.544268,599.793915
2020-11-27 19:00:00,169.112568,400.0,14.975624,24.868467,1538.887432,0.0,0.0,2498.739364,194.560636,575.37779
2020-11-27 20:00:00,254.90784,400.0,14.975624,20.42044,1245.09216,0.0,0.0,2499.337709,253.812291,567.036832
2020-11-27 21:00:00,81.562881,318.023732,14.975624,14.975624,1419.437119,0.0,0.0,2551.607061,292.096939,548.725491
2020-11-27 22:00:00,0.0,209.796039,0.0,14.981027,1543.0,0.0,0.0,2504.882182,272.569818,523.182327
2020-11-27 23:00:00,313.253817,326.188675,14.97449,20.146194,857.746183,0.0,0.0,2331.053056,196.176944,493.396031
2020-11-28 00:00:00,117.392599,176.696335,14.97449,14.97449,1053.607401,0.0,0.0,2343.409073,81.352927,465.870251
2020-11-28 01:00:00,39.463199,61.0,14.979622,14.97449,1129.536801,0.0,0.0,2308.632,0.0,449.26428
2020-11-28 02:00:00,0.0,61.0,0.0,14.97449,1172.0,0.0,0.0,2254.107187,140.494813,434.716078
2020-11-28 03:00:00,0.0,67.0,0.0,-0.0,1168.0,0.0,0.0,2199.694206,31.573794,427.154131
2020-11-28 04:00:00,133.249052,205.655169,14.97449,14.977625,1027.750948,0.0,0.0,2065.246312,15.891688,428.024304
2020-11-28 05:00:00,285.717174,321.396803,14.97449,16.861992,883.282826,0.0,0.0,1976.001108,298.760892,436.307742
2020-11-28 06:00:00,260.830832,307.200901,14.97449,64.977625,908.169168,0.0,0.0,2054.658054,255.237946,445.573333
2020-11-28 07:00:00,215.535087,104.0,14.97449,-0.0,763.464913,0.0,0.0,2354.908185,94.431815,457.866491
2020-11-28 08:00:00,0.0,110.0,0.0,-0.0,972.0,0.0,0.0,2689.967044,594.082956,476.845057
2020-11-28 09:00:00,0.0,95.0,-0.0,-0.0,967.0,0.0,0.0,2865.581279,784.146721,503.937192
2020-11-28 10:00:00,0.0,99.0,-0.0,-0.0,976.0,0.0,0.0,2963.177262,1211.772738,517.226589
2020-11-28 11:00:00,0.0,92.0,-0.0,-0.0,977.0,0.0,0.0,2997.991187,1230.872813,522.298678
2020-11-28 12:00:00,0.0,94.0,-0.0,-0.0,973.0,0.0,0.0,3012.397062,1218.622938,525.059559
2020-11-28 13:00:00,0.0,93.0,-0.0,-0.0,967.0,0.0,0.0,2966.004187,965.467813,519.000628
2020-11-28 14:00:00,0.0,93.0,0.0,-0.0,965.0,0.0,0.0,2914.477192,771.386808,511.571579
2020-11-28 15:00:00,0.0,290.02572,0.0,14.977625,965.0,0.0,0.0,2719.614037,536.273963,507.842105
2020-11-28 16:00:00,0.0,400.0,0.0,27.761752,1152.0,0.0,0.0,2098.176295,214.841705,520.826444
2020-11-28 17:00:00,136.674437,400.0,14.979622,25.444485,1862.725563,0.0,0.0,2066.26,0.0,563.480166
2020-11-28 18:00:00,398.0,400.0,14.979622,25.600371,1793.185569,0.0,0.0,2024.798,0.0,595.441865
2020-11-28 19:00:00,317.945802,400.0,14.979622,71.826206,1865.4542,0.0,0.0,1955.846,0.0,576.65877
2020-11-28 20:00:00,400.0,400.0,19.430296,68.482334,1635.289093,0.0,0.0,1670.222,0.0,565.939936
2020-11-28 21:00:00,400.0,400.0,19.983547,23.128644,1510.111547,0.0,0.0,1481.718,0.0,548.190968
2020-11-28 22:00:00,400.0,400.0,20.400003,23.128644,1454.025816,0.0,0.0,1266.602,0.0,524.336428
2020-11-28 23:00:00,400.0,400.0,22.576747,22.96816,955.49086,0.0,0.0,946.298,0.0,497.821071
2020-11-29 00:00:00,400.0,400.0,22.732362,25.953694,883.012511,0.0,0.0,681.032,0.0,468.902923
2020-11-29 01:00:00,400.0,400.0,22.516066,25.953694,979.459757,0.0,0.0,676.268,0.0,453.721237
2020-11-29 02:00:00,400.0,400.0,20.400003,26.121903,1278.150885,0.0,0.0,910.78,0.0,444.094367
2020-11-29 03:00:00,400.0,400.0,19.430296,25.362319,1255.667663,0.0,0.0,1189.084,0.0,435.962451
2020-11-29 04:00:00,398.0,400.0,14.979622,24.721089,1398.0,0.0,0.0,1336.675023,5.026977,436.751254
2020-11-29 05:00:00,400.0,400.0,19.983547,24.80812,955.261047,0.0,0.0,1274.578,0.0,441.797543
2020-11-29 06:00:00,400.0,400.0,19.983547,24.669464,929.475483,0.0,0.0,1306.682,0.0,449.280978
2020-11-29 07:00:00,400.0,89.7,19.983547,0.0,611.880287,0.0,0.0,1763.468,0.0,450.838157
2020-11-29 08:00:00,0.0,92.7,0.0,0.0,1221.0,0.0,0.0,2396.631275,536.048725,459.394691
2020-11-29 09:00:00,0.0,91.7,0.0,0.0,1222.0,0.0,0.0,2561.935531,813.864469,484.04033
2020-11-29 10:00:00,0.0,92.7,0.0,0.0,1221.0,0.0,0.0,2626.880202,825.335798,493.93203
2020-11-29 11:00:00,0.0,86.7,0.0,0.0,1223.0,0.0,0.0,2674.511039,1259.402961,500.776656
2020-11-29 12:00:00,0.0,87.7,0.0,0.0,1221.0,0.0,0.0,2690.139292,1211.664708,503.420894
2020-11-29 13:00:00,0.0,88.7,0.0,0.0,1226.0,0.0,0.0,2692.57506,1346.92494,503.036259
2020-11-29 14:00:00,0.0,81.7,0.0,0.0,1231.0,0.0,0.0,2689.930564,1469.315436,501.889585
2020-11-29 15:00:00,0.0,44.7,0.0,0.0,1236.0,0.0,0.0,2672.282209,1311.355791,498.492331
2020-11-29 16:00:00,0.0,326.714717,0.0,17.379959,1232.0,0.0,0.0,2668.171735,639.060265,523.97576
2020-11-29 17:00:00,250.887045,400.0,14.984131,67.138348,1128.812956,0.0,0.0,2725.448473,294.335527,576.995328
2020-11-29 18:00:00,400.0,400.0,17.537118,69.192693,927.422189,0.0,0.0,2736.433419,301.568581,613.651684
2020-11-29 19:00:00,400.0,400.0,17.537118,21.962941,927.007628,0.0,0.0,2651.366439,294.001561,597.953822
2020-11-29 20:00:00,400.0,400.0,16.325521,23.260629,969.580564,0.0,0.0,2630.989488,307.822512,585.511339
2020-11-29 21:00:00,308.644851,284.77653,14.985072,16.325521,1096.378247,0.0,0.0,2558.186762,302.393238,555.571277
2020-11-29 22:00:00,134.714088,327.143182,14.985072,20.733916,1268.023953,0.0,0.0,2530.768614,271.531386,525.711699
2020-11-29 23:00:00,87.677588,370.050105,14.992154,17.537118,1338.022412,0.0,0.0,2363.612783,317.387217,490.138556
2020-11-30 00:00:00,65.262754,400.0,14.975624,14.975624,1176.437246,0.0,0.0,2363.055194,337.912806,461.042692
2020-11-30 01:00:00,0.0,349.779866,0.0,14.975624,1248.0,0.0,0.0,2307.601172,385.114828,441.990176
2020-11-30 02:00:00,0.0,35.7,0.0,0.0,1248.0,0.0,0.0,2243.687781,341.732219,432.403167
2020-11-30 03:00:00,0.0,35.7,0.0,0.0,1248.0,0.0,0.0,2224.458889,415.407111,429.518833
2020-11-30 04:00:00,0.0,81.465158,0.0,0.0,1248.0,0.0,0.0,2268.269405,344.050595,436.090411
2020-11-30 05:00:00,154.05572,400.0,14.979622,14.997828,1078.644281,0.0,0.0,2323.58,0.0,469.790358
2020-11-30 06:00:00,400.0,400.0,19.983547,72.768807,618.639334,0.0,0.0,2135.386,0.0,522.262
2020-11-30 07:00:00,398.0,120.4,14.975624,0.0,882.0,0.0,0.0,2606.56704,124.28296,553.135056
2020-11-30 08:00:00,0.0,159.4,0.0,0.0,1266.0,0.0,0.0,3042.378384,491.791616,560.906758
2020-11-30 09:00:00,78.819031,254.72628,14.974831,14.97449,1147.580969,0.0,0.0,3010.012,0.0,573.814655
2020-11-30 10:00:00,173.957629,291.698021,14.974831,14.974831,1052.442372,0.0,0.0,2960.436,0.0,580.649044
2020-11-30 11:00:00,119.604555,101.4,14.97283,0.0,1105.795445,0.0,0.0,3027.904482,43.273518,582.766356
2020-11-30 12:00:00,242.578886,99.4,14.97283,0.0,988.821114,0.0,0.0,2896.289867,56.508133,580.570313
2020-11-30 13:00:00,0.0,87.4,0.0,0.0,1249.0,0.0,0.0,3147.396788,193.305212,579.209518
2020-11-30 14:00:00,0.0,181.186044,0.0,14.97449,1253.0,0.0,0.0,3120.757313,214.596687,574.613597
2020-11-30 15:00:00,0.0,400.0,0.0,19.68943,1249.0,0.0,0.0,2754.284916,326.663084,566.742737
2020-11-30 16:00:00,0.0,400.0,0.0,22.58556,1658.0,0.0,0.0,2043.286018,465.797982,589.992903
2020-11-30 17:00:00,37.502254,400.0,14.978232,76.755559,2548.897746,0.0,0.0,2235.694957,216.527043,641.669582
2020-11-30 18:00:00,250.137379,400.0,14.978232,73.487745,2411.262621,0.0,0.0,2250.69196,283.60804,671.764401
2020-11-30 19:00:00,151.678952,400.0,14.980658,24.617414,2408.721048,0.0,0.0,2283.277965,312.682035,650.783538
2020-11-30 20:00:00,81.330981,400.0,14.980658,24.542231,2480.069019,0.0,0.0,2244.30359,290.69641,634.235186
2020-11-30 21:00:00,0.0,400.0,0.0,23.080108,2613.0,0.0,0.0,2165.675666,247.556334,602.50135
2020-11-30 22:00:00,0.0,400.0,0.0,19.983547,2616.0,0.0,0.0,1901.339543,507.206457,562.400931
2020-11-30 23:00:00,0.0,400.0,0.0,21.287879,2433.0,0.0,0.0,1796.934219,566.995781,520.940133
2020-12-01 00:00:00,0.0,367.541548,0.0,14.9805,2250.0,0.0,0.0,1741.080639,603.867361,486.762096
2020-12-01 01:00:00,0.0,394.068448,0.0,14.9805,2250.0,0.0,0.0,1604.310974,795.073026,466.246646
2020-12-01 02:00:00,0.0,400.0,0.0,19.034775,2237.0,0.0,0.0,1558.675071,365.608929,461.351261
2020-12-01 03:00:00,0.0,400.0,0.0,20.400003,2237.0,0.0,0.0,1538.974414,247.835586,458.396162
2020-12-01 04:00:00,0.0,400.0,0.0,21.843654,2235.0,0.0,0.0,1572.630993,57.189007,468.244649
2020-12-01 05:00:00,32.184022,400.0,14.975624,23.437807,2238.215978,0.0,0.0,1736.452212,70.135788,499.235435
2020-12-01 06:00:00,327.197672,400.0,14.9805,56.620835,1941.20233,0.0,0.0,1645.232,0.0,532.50445
2020-12-01 07:00:00,272.850462,211.241084,14.9805,18.06856,1994.549539,0.0,0.0,1835.068,0.0,550.577769
2020-12-01 08:00:00,0.0,288.039477,0.0,14.9805,1720.0,0.0,0.0,2670.324461,481.235539,557.298669
2020-12-01 09:00:00,0.0,81.4,0.0,0.0,1720.0,0.0,0.0,2735.818584,792.401416,567.122788
2020-12-01 10:00:00,0.0,78.4,0.0,0.0,1719.0,0.0,0.0,2746.716706,889.647294,568.907506
2020-12-01 11:00:00,0.0,74.4,0.0,0.0,1718.0,0.0,0.0,2774.724977,809.927023,573.258747
2020-12-01 12:00:00,0.0,72.4,0.0,0.0,1716.0,0.0,0.0,2767.864563,610.885437,572.529684
2020-12-01 13:00:00,0.0,68.4,0.0,0.0,1720.0,0.0,0.0,2738.774812,139.239188,567.566222
2020-12-01 14:00:00,264.257519,122.038347,14.979622,12.848452,1440.142481,0.0,0.0,2442.262,0.0,565.067928
2020-12-01 15:00:00,398.0,400.0,14.9805,20.419098,1332.0,0.0,0.0,2118.410904,40.989096,558.211636
2020-12-01 16:00:00,400.0,400.0,21.116714,24.656249,926.985715,0.0,0.0,1172.566,0.0,581.337043
2020-12-01 17:00:00,400.0,400.0,22.297397,28.533472,1000.954123,0.0,0.0,831.778,0.0,627.873582
2020-12-01 18:00:00,400.0,400.0,76.281085,65.146264,831.178929,0.0,13.860232,708.06,0.0,662.532161
2020-12-01 19:00:00,400.0,400.0,25.9087,76.127113,886.730832,0.0,0.0,623.53,0.0,645.119875
2020-12-01 20:00:00,400.0,400.0,76.429316,27.241342,774.801189,0.0,32.920433,472.152,0.0,635.602622
2020-12-01 21:00:00,400.0,400.0,25.9087,24.617414,868.894696,0.0,0.0,370.72,0.0,606.273796
2020-12-01 22:00:00,400.0,400.0,23.657594,22.732362,802.472942,0.0,0.0,366.248,0.0,562.316259
2020-12-01 23:00:00,400.0,400.0,22.509479,22.516066,710.448184,0.0,0.0,363.16,0.0,522.406772
2020-12-02 00:00:00,400.0,400.0,22.509479,22.492854,770.596457,0.0,0.0,264.62,0.0,498.603531
2020-12-02 01:00:00,400.0,400.0,23.069973,21.647258,920.622995,0.0,0.0,285.696,0.0,479.260951
2020-12-02 02:00:00,400.0,400.0,22.96816,22.492854,980.090836,0.0,0.0,283.422,0.0,469.999675
2020-12-02 03:00:00,400.0,400.0,23.069973,22.516066,959.457844,0.0,0.0,241.51,0.0,469.057823
2020-12-02 04:00:00,400.0,400.0,23.069973,23.069973,927.3429,0.0,0.0,238.92,0.0,481.136565
2020-12-02 05:00:00,400.0,400.0,23.437807,46.528033,763.540242,0.0,0.0,245.98,0.0,517.265964
2020-12-02 06:00:00,400.0,400.0,25.9087,74.617414,630.315756,0.0,0.0,276.822,0.0,558.075937
2020-12-02 07:00:00,400.0,400.0,73.06093,19.68943,616.811118,0.0,115.066914,560.138,0.0,577.399032
2020-12-02 08:00:00,400.0,328.666643,19.034775,14.981951,1731.30843,0.0,0.0,1717.13,0.0,583.773235
2020-12-02 09:00:00,215.37439,132.750804,14.981951,14.981951,2121.025611,0.0,0.0,2170.078,0.0,593.257858
2020-12-02 10:00:00,37.483006,25.4,14.981951,0.0,2298.916994,0.0,0.0,2372.638,0.0,596.958151
2020-12-02 11:00:00,0.0,6.4,0.0,0.0,2347.0,0.0,0.0,2429.773897,101.810103,598.316085
2020-12-02 12:00:00,0.0,6.4,0.0,0.0,2345.0,0.0,0.0,2397.580535,143.941465,593.78708
2020-12-02 13:00:00,0.0,65.424042,0.0,14.981951,2345.0,0.0,0.0,2365.988636,139.409364,589.048295
2020-12-02 14:00:00,0.332714,400.0,14.981951,16.970947,2334.067286,0.0,0.0,2320.996,0.0,583.939307
2020-12-02 15:00:00,234.970851,400.0,14.981951,22.025548,2100.429149,0.0,0.0,1901.518,0.0,581.563328
2020-12-02 16:00:00,400.0,400.0,21.843654,26.84015,1401.537998,0.0,0.0,872.148,0.0,610.7415
2020-12-02 17:00:00,400.0,400.0,24.617414,72.928463,1116.704212,0.0,0.0,576.36,0.0,675.548368
2020-12-02 18:00:00,400.0,400.0,26.429316,26.429316,931.460231,0.0,0.0,602.2,0.0,717.560965
2020-12-02 19:00:00,400.0,400.0,25.9087,73.992809,1101.23945,0.0,0.0,622.03,0.0,699.418583
2020-12-02 20:00:00,400.0,400.0,26.429316,26.505047,907.148487,0.0,0.0,507.238,0.0,689.263427
2020-12-02 21:00:00,400.0,400.0,24.617414,26.810964,1144.017986,0.0,0.0,571.852,0.0,661.625102
2020-12-02 22:00:00,400.0,400.0,25.9087,25.418353,927.041894,0.0,0.0,426.116,0.0,619.061116
2020-12-02 23:00:00,400.0,400.0,24.617414,23.069973,832.399334,0.0,0.0,350.402,0.0,566.8504
2020-12-03 00:00:00,400.0,400.0,23.128644,26.521337,796.397647,0.0,0.0,505.1,0.0,542.205353
2020-12-03 01:00:00,400.0,400.0,22.732362,23.186997,835.414146,0.0,0.0,787.92,0.0,525.525878
2020-12-03 02:00:00,400.0,400.0,21.287879,24.4564,898.931026,0.0,0.0,1125.648,0.0,513.407546
2020-12-03 03:00:00,400.0,400.0,22.23556,21.122752,953.142642,0.0,0.0,1194.898002,81.061998,515.663304
2020-12-03 04:00:00,400.0,400.0,22.656017,21.905537,845.615685,0.0,0.0,1180.65084,215.18916,529.655273
2020-12-03 05:00:00,400.0,400.0,22.335927,21.368347,916.260803,0.0,0.0,1478.671365,243.676635,563.761584
2020-12-03 06:00:00,400.0,400.0,21.122752,34.362219,1126.840081,0.0,0.0,1994.4605,333.0915,609.543063
2020-12-03 07:00:00,400.0,39.4,20.42044,0.0,1118.109377,0.0,0.0,2469.229445,352.188555,628.81801
2020-12-03 08:00:00,0.0,43.4,0.0,0.0,1779.0,0.0,0.0,3082.905844,907.074156,621.735877
2020-12-03 09:00:00,0.0,43.4,0.0,0.0,1780.0,0.0,0.0,3057.775533,1443.162467,617.81633
2020-12-03 10:00:00,0.0,43.4,-0.0,0.0,1781.0,0.0,0.0,3002.60692,1847.57908,609.391038
2020-12-03 11:00:00,0.0,65.4,-0.0,0.0,1781.0,0.0,0.0,2911.288475,2013.511525,595.693271
2020-12-03 12:00:00,0.0,83.4,-0.0,0.0,1780.0,0.0,0.0,2881.373304,2047.858696,591.355996
2020-12-03 13:00:00,0.0,83.4,-0.0,0.0,1771.0,0.0,0.0,2843.420306,1617.281694,587.013046
2020-12-03 14:00:00,0.0,77.4,0.0,0.0,1765.0,0.0,0.0,2807.073854,1215.880146,582.461078
2020-12-03 15:00:00,0.0,400.0,0.0,20.400003,1765.0,0.0,0.0,2543.836435,876.743565,568.475465
2020-12-03 16:00:00,0.0,400.0,0.0,25.399189,1944.0,0.0,0.0,2176.671819,76.292181,590.800773
2020-12-03 17:00:00,400.0,400.0,20.419098,73.985523,1607.625678,0.0,0.0,1691.554,0.0,651.739248
2020-12-03 18:00:00,400.0,400.0,22.292889,67.128605,948.31432,0.0,0.0,1355.362,0.0,700.207152
2020-12-03 19:00:00,400.0,400.0,22.732362,25.515975,1164.373129,0.0,0.0,1508.438,0.0,690.759731
2020-12-03 20:00:00,400.0,400.0,23.437807,25.515975,894.186027,0.0,0.0,1209.13,0.0,686.391596
2020-12-03 21:00:00,400.0,400.0,69.994927,22.492854,699.096342,0.0,167.567707,1219.01,0.0,663.887049
2020-12-03 22:00:00,400.0,400.0,21.647258,19.983547,1236.900142,0.0,0.0,1484.918,0.0,623.102679
2020-12-03 23:00:00,400.0,400.0,21.647258,19.983547,1067.000961,0.0,0.0,1374.65,0.0,578.797356
2020-12-04 00:00:00,400.0,400.0,22.516066,19.68943,786.21972,0.0,0.0,1199.346,0.0,541.368942
2020-12-04 01:00:00,400.0,400.0,73.128644,18.861019,591.256048,0.0,95.353745,870.868,0.0,521.341793
2020-12-04 02:00:00,400.0,400.0,158.946708,20.526636,35.440438,0.0,627.207496,309.7,0.0,520.538934
2020-12-04 03:00:00,400.0,400.0,77.050889,20.234035,223.65866,0.0,434.759741,446.648,0.0,512.848401
2020-12-04 04:00:00,400.0,400.0,22.96816,20.234035,683.828791,0.0,0.0,940.29,0.0,517.869181
2020-12-04 05:00:00,400.0,400.0,73.437807,20.547985,472.313329,0.0,261.873572,999.566,0.0,558.487901
2020-12-04 06:00:00,400.0,400.0,76.324557,46.471026,276.161663,0.0,502.172088,1043.12,0.0,594.443751
2020-12-04 07:00:00,400.0,333.747728,500.0,14.9805,0.0,155.49006,810.95816,1131.986,0.0,621.63216
2020-12-04 08:00:00,400.0,88.4,20.846138,0.0,891.902895,0.0,0.0,2149.482,0.0,614.786866
2020-12-04 09:00:00,294.796914,88.4,14.9805,0.0,1461.603086,0.0,0.0,2642.802,0.0,603.329837
2020-12-04 10:00:00,351.295838,87.4,14.9805,0.0,1415.104162,0.0,0.0,2576.498,0.0,600.359076
2020-12-04 11:00:00,257.501044,81.4,14.981951,0.0,1515.898956,0.0,0.0,2582.72,0.0,586.173157
2020-12-04 12:00:00,147.425232,81.4,14.9805,0.0,1624.974768,0.0,0.0,2616.532,0.0,574.883585
2020-12-04 13:00:00,80.510071,81.4,14.9805,0.0,1690.889929,0.0,0.0,2621.502,0.0,565.741811
2020-12-04 14:00:00,241.784656,76.4,14.9805,0.0,1529.615344,0.0,0.0,2465.962,0.0,566.601998
2020-12-04 15:00:00,400.0,400.0,18.861019,20.400003,1226.647489,0.0,0.0,1959.516,0.0,561.580277
2020-12-04 16:00:00,400.0,400.0,22.732362,28.370756,715.140935,0.0,0.0,880.154,0.0,580.65196
2020-12-04 17:00:00,400.0,400.0,23.437807,26.118721,859.910534,0.0,0.0,609.162,0.0,627.03772
2020-12-04 18:00:00,400.0,400.0,25.9087,26.068231,874.840139,0.0,0.0,682.448,0.0,663.541179
2020-12-04 19:00:00,400.0,400.0,23.437807,36.78266,1051.935751,0.0,0.0,709.73,0.0,641.069137
2020-12-04 20:00:00,400.0,400.0,25.9087,74.692041,921.474317,0.0,0.0,568.35,0.0,639.431352
2020-12-04 21:00:00,400.0,400.0,23.657594,23.657594,1014.712367,0.0,0.0,473.634,0.0,611.238245
2020-12-04 22:00:00,400.0,400.0,23.128644,23.206766,1189.914282,0.0,0.0,429.4,0.0,578.322858
2020-12-04 23:00:00,400.0,400.0,22.732362,22.576747,1369.595174,0.0,0.0,349.382,0.0,539.368024
2020-12-05 00:00:00,400.0,400.0,23.069973,23.657594,1103.66262,0.0,0.0,352.68,0.0,526.502607
2020-12-05 01:00:00,400.0,400.0,22.96816,23.069973,1123.364054,0.0,0.0,274.884,0.0,511.877992
2020-12-05 02:00:00,400.0,400.0,22.492854,23.069973,1301.541289,0.0,0.0,308.132,0.0,490.138607
2020-12-05 03:00:00,400.0,400.0,22.576747,23.128644,1233.969699,0.0,0.0,284.27,0.0,496.695045
2020-12-05 04:00:00,400.0,400.0,22.732362,23.437807,1193.370829,0.0,0.0,292.63,0.0,504.038876
2020-12-05 05:00:00,400.0,400.0,22.96816,23.437807,1108.323362,0.0,0.0,267.016,0.0,512.953896
2020-12-05 06:00:00,400.0,400.0,23.069973,39.188341,1071.153038,0.0,0.0,333.852,0.0,528.554844
2020-12-05 07:00:00,400.0,400.0,23.437807,19.68943,837.202157,0.0,0.0,479.462,0.0,532.238976
2020-12-05 08:00:00,400.0,229.573195,18.861019,14.981951,1821.547463,0.0,0.0,1524.638,0.0,541.363581
2020-12-05 09:00:00,74.150764,25.4,14.981951,14.981951,2265.249236,0.0,0.0,2022.802,0.0,549.532915
2020-12-05 10:00:00,0.0,25.4,0.0,0.0,2350.0,0.0,0.0,2102.753841,110.194159,548.813076
2020-12-05 11:00:00,0.0,6.4,0.0,0.0,2350.0,0.0,0.0,2088.346398,200.849602,546.65196
2020-12-05 12:00:00,0.0,6.4,0.0,0.0,2348.0,0.0,0.0,2023.95437,261.83563,537.293155
2020-12-05 13:00:00,0.0,0.0,0.0,0.0,2348.0,0.0,0.0,1972.807832,267.762168,529.621175
2020-12-05 14:00:00,0.0,227.243262,0.0,14.982507,2348.0,0.0,0.0,1933.774356,91.555644,523.766153
2020-12-05 15:00:00,244.996986,400.0,14.981951,21.287879,2094.403014,0.0,0.0,1640.03,0.0,517.744048
2020-12-05 16:00:00,400.0,400.0,21.288154,26.639192,1302.638316,0.0,0.0,648.132,0.0,538.724053
2020-12-05 17:00:00,400.0,400.0,23.206766,72.732717,1131.159892,0.0,0.0,418.052,0.0,585.433816
2020-12-05 18:00:00,400.0,400.0,25.9087,65.066729,882.703974,0.0,0.0,430.832,0.0,624.619204
2020-12-05 19:00:00,400.0,400.0,24.617414,27.458056,933.2438,0.0,0.0,381.47,0.0,609.63393
2020-12-05 20:00:00,400.0,400.0,23.657594,27.458056,997.150613,0.0,0.0,381.42,0.0,600.040408
2020-12-05 21:00:00,400.0,400.0,23.657594,27.916041,1000.609285,0.0,0.0,336.768,0.0,592.823807
2020-12-05 22:00:00,400.0,400.0,25.9087,26.359138,790.443341,0.0,0.0,298.8,0.0,565.403499
2020-12-05 23:00:00,400.0,400.0,23.437807,23.206766,956.148478,0.0,0.0,242.688,0.0,532.130928
2020-12-06 00:00:00,400.0,400.0,23.437807,26.376096,733.883702,0.0,0.0,232.02,0.0,510.620445
2020-12-06 01:00:00,400.0,400.0,23.206766,23.128644,839.501285,0.0,0.0,226.632,0.0,493.969607
2020-12-06 02:00:00,400.0,400.0,23.128644,23.128644,857.944078,0.0,0.0,185.898,0.0,485.093088
2020-12-06 03:00:00,400.0,400.0,23.128644,23.069973,870.84767,0.0,0.0,177.498,0.0,481.897549
2020-12-06 04:00:00,400.0,400.0,23.128644,23.206766,910.136347,0.0,0.0,244.07,0.0,485.990048
2020-12-06 05:00:00,400.0,400.0,23.206766,31.252442,821.848582,0.0,0.0,244.53,0.0,499.302213
2020-12-06 06:00:00,400.0,400.0,23.437807,33.281093,783.503927,0.0,0.0,264.168,0.0,507.999611
2020-12-06 07:00:00,400.0,400.0,500.0,16.961401,0.0,213.807893,696.379884,375.078,0.0,514.482884
2020-12-06 08:00:00,400.0,77.4,20.846138,0.0,874.167006,0.0,0.0,1470.59,0.0,515.613449
2020-12-06 09:00:00,400.0,80.4,16.970947,0.0,1381.810784,0.0,0.0,2019.498,0.0,521.803082
2020-12-06 10:00:00,175.836287,79.4,14.981951,0.0,1609.563713,0.0,0.0,2267.486,0.0,524.838343
2020-12-06 11:00:00,63.527595,67.4,14.981951,0.0,1721.872405,0.0,0.0,2365.614,0.0,522.711239
2020-12-06 12:00:00,40.014052,55.4,14.981951,0.0,1743.385948,0.0,0.0,2344.67,0.0,516.342608
2020-12-06 13:00:00,89.565262,44.275133,14.981951,11.714445,1693.834738,0.0,0.0,2252.95,0.0,510.017289
2020-12-06 14:00:00,249.204103,381.089213,14.981951,14.981951,1533.195897,0.0,0.0,2070.484,0.0,506.743216
2020-12-06 15:00:00,339.356536,400.0,14.981951,20.400003,1442.043464,0.0,0.0,1781.648,0.0,502.59068
2020-12-06 16:00:00,400.0,400.0,19.983547,26.111079,1195.703996,0.0,0.0,848.338,0.0,529.295101
2020-12-06 17:00:00,400.0,400.0,22.732362,70.38321,1355.604024,0.0,0.0,669.348,0.0,589.461596
2020-12-06 18:00:00,400.0,400.0,23.437807,23.437807,1082.38728,0.0,0.0,728.72,0.0,639.349908
2020-12-06 19:00:00,400.0,400.0,23.437807,23.128644,1067.890113,0.0,0.0,633.886,0.0,627.299383
2020-12-06 20:00:00,400.0,400.0,23.437807,76.324557,1079.895253,0.0,0.0,574.146,0.0,622.537612
2020-12-06 21:00:00,400.0,400.0,23.206766,26.25818,1134.828805,0.0,0.0,502.352,0.0,597.528479
2020-12-06 22:00:00,400.0,400.0,22.576747,22.516066,1207.062439,0.0,0.0,702.252,0.0,563.428434
2020-12-06 23:00:00,400.0,400.0,76.324557,23.069973,653.375314,0.0,17.768089,270.398,0.0,528.453403
2020-12-07 00:00:00,400.0,400.0,21.647258,21.843654,1174.929012,0.0,0.0,627.9,0.0,503.845648
2020-12-07 01:00:00,400.0,400.0,22.516066,21.843654,1095.493902,0.0,0.0,448.85,0.0,488.903415
2020-12-07 02:00:00,400.0,400.0,23.128644,22.492854,943.406576,0.0,0.0,257.4,0.0,482.999014
2020-12-07 03:00:00,400.0,400.0,23.128644,20.419098,969.561657,0.0,0.0,312.638,0.0,487.361451
2020-12-07 04:00:00,400.0,400.0,23.206766,21.116714,908.534973,0.0,0.0,342.798,0.0,501.039454
2020-12-07 05:00:00,400.0,400.0,24.617414,22.516066,716.471638,0.0,0.0,384.85,0.0,536.156754
2020-12-07 06:00:00,400.0,400.0,76.755559,73.070881,495.01913,0.0,219.153101,471.534,0.0,585.977231
2020-12-07 07:00:00,400.0,288.827297,76.790897,19.034775,470.841869,0.0,335.915351,569.05,0.0,600.63122
2020-12-07 08:00:00,400.0,212.041214,73.069973,14.9805,449.713493,0.0,342.722003,1554.612,0.0,599.528496
2020-12-07 09:00:00,400.0,85.4,20.400003,0.0,916.663359,0.0,0.0,2046.354,0.0,595.603596
2020-12-07 10:00:00,400.0,83.4,18.861019,0.0,1210.456715,0.0,0.0,2358.102,0.0,598.296793
2020-12-07 11:00:00,296.906671,74.4,14.982507,0.0,1472.493329,0.0,0.0,2574.638,0.0,591.471701
2020-12-07 12:00:00,209.486998,77.4,14.981951,0.0,1555.913002,0.0,0.0,2609.17,0.0,584.13855
2020-12-07 13:00:00,81.404313,79.4,14.981951,0.0,1677.995687,0.0,0.0,2702.102,0.0,579.765947
2020-12-07 14:00:00,272.618137,82.209094,14.981951,14.975624,1487.781863,0.0,0.0,2501.738,0.0,578.243421
2020-12-07 15:00:00,400.0,400.0,18.573789,20.526636,1226.744045,0.0,0.0,2183.53,0.0,569.667893
2020-12-07 16:00:00,400.0,400.0,19.983547,21.812242,944.387601,0.0,0.0,1521.19,0.0,589.17036
2020-12-07 17:00:00,400.0,400.0,22.076982,71.772601,889.282445,0.0,0.0,1275.35,0.0,650.710133
2020-12-07 18:00:00,400.0,400.0,74.32972,22.96816,860.960867,0.0,25.443713,1429.971405,21.178595,679.501581
2020-12-07 19:00:00,400.0,400.0,23.247112,22.96816,956.860561,0.0,0.0,1465.678913,73.689087,670.472753
2020-12-07 20:00:00,400.0,400.0,22.143545,73.024007,1283.04132,0.0,0.0,1689.231189,322.332811,659.87848
2020-12-07 21:00:00,400.0,400.0,20.234035,22.732362,1725.223342,0.0,0.0,1970.760903,315.591097,630.980634
2020-12-07 22:00:00,400.0,400.0,20.314616,19.983547,1439.317745,0.0,0.0,1736.606876,129.161124,585.49337
2020-12-07 23:00:00,400.0,400.0,19.430296,19.430296,1538.857735,0.0,0.0,1543.632,0.0,541.61614
2020-12-08 00:00:00,296.39029,400.0,14.9805,18.461554,1867.009711,0.0,0.0,1639.62,0.0,506.791543
2020-12-08 01:00:00,114.975197,400.0,14.9805,18.572338,2049.424804,0.0,0.0,1736.9,0.0,494.021279
2020-12-08 02:00:00,38.845031,400.0,14.9805,18.861019,2126.554969,0.0,0.0,1772.762,0.0,487.831055
2020-12-08 03:00:00,70.001141,400.0,14.9805,18.861019,2094.398859,0.0,0.0,1734.232,0.0,486.874971
2020-12-08 04:00:00,270.58434,400.0,14.9805,20.419098,1892.815661,0.0,0.0,1644.8,0.0,503.697651
2020-12-08 05:00:00,398.0,400.0,14.9805,31.123923,1771.744345,0.0,0.0,1576.502,0.0,537.113648
2020-12-08 06:00:00,400.0,400.0,19.68943,76.790897,1661.591755,0.0,0.0,1460.062,0.0,582.820537
2020-12-08 07:00:00,400.0,400.0,21.116411,21.287879,1451.21995,0.0,0.0,1466.538,0.0,599.597707
2020-12-08 08:00:00,12.885444,330.194956,14.979622,18.06856,2338.514556,0.0,0.0,2297.7,0.0,591.177817
2020-12-08 09:00:00,0.0,59.4,0.0,0.0,2367.0,0.0,0.0,2304.604435,295.725565,587.940665
2020-12-08 10:00:00,0.0,52.4,0.0,0.0,2368.0,0.0,0.0,2313.039583,511.258417,589.055937
2020-12-08 11:00:00,0.0,24.4,0.0,14.981951,2375.0,0.0,0.0,2279.540641,424.837359,582.981096
2020-12-08 12:00:00,0.0,135.554296,0.0,14.981951,2386.0,0.0,0.0,2273.111003,163.272997,580.366651
2020-12-08 13:00:00,11.052163,264.471846,14.981951,14.981951,2368.347837,0.0,0.0,2219.168,0.0,574.923024
2020-12-08 14:00:00,202.909686,400.0,14.981951,19.68943,2177.490314,0.0,0.0,2021.07,0.0,573.836953
2020-12-08 15:00:00,400.0,400.0,18.861019,22.576747,1878.600959,0.0,0.0,1669.1,0.0,565.874856
2020-12-08 16:00:00,400.0,400.0,21.647258,29.057656,1338.113698,0.0,0.0,737.496,0.0,583.707345
2020-12-08 17:00:00,400.0,400.0,23.657594,73.239401,1210.951883,0.0,0.0,417.4,0.0,639.217218
2020-12-08 18:00:00,400.0,400.0,26.429316,70.341113,946.537697,0.0,0.0,409.63,0.0,676.513845
2020-12-08 19:00:00,400.0,400.0,25.9087,26.429316,1079.151286,0.0,0.0,418.79,0.0,657.995807
2020-12-08 20:00:00,400.0,400.0,24.617414,28.666409,1138.642431,0.0,0.0,408.168,0.0,647.478835
2020-12-08 21:00:00,400.0,400.0,24.617414,26.324557,1188.309253,0.0,0.0,265.27,0.0,618.594112
2020-12-08 22:00:00,400.0,400.0,23.069973,23.128644,1478.111656,0.0,0.0,272.112,0.0,576.150052
2020-12-08 23:00:00,400.0,400.0,21.843654,22.576747,1761.894511,0.0,0.0,262.52,0.0,532.143823
2020-12-09 00:00:00,400.0,400.0,21.116411,22.516066,1931.185106,0.0,0.0,259.948,0.0,506.364434
2020-12-09 01:00:00,400.0,400.0,20.419098,21.843654,2035.464759,0.0,0.0,261.228,0.0,490.914486
2020-12-09 02:00:00,400.0,400.0,20.400003,21.843654,2059.471085,0.0,0.0,247.64,0.0,485.275337
2020-12-09 03:00:00,400.0,400.0,20.419098,22.492854,2045.097382,0.0,0.0,230.4,0.0,484.845393
2020-12-09 04:00:00,400.0,400.0,21.116411,22.732362,1933.910086,0.0,0.0,219.78,0.0,499.930487
2020-12-09 05:00:00,400.0,400.0,22.185841,23.437807,1721.213816,0.0,0.0,233.916,0.0,533.955328
2020-12-09 06:00:00,400.0,400.0,23.128644,45.311901,1422.042753,0.0,0.0,247.84,0.0,580.919587
2020-12-09 07:00:00,400.0,400.0,24.617414,21.116714,1054.735057,0.0,0.0,338.048,0.0,596.296941
2020-12-09 08:00:00,400.0,203.279232,19.68943,14.981951,2046.503277,0.0,0.0,1282.418,0.0,589.187208
2020-12-09 09:00:00,209.027925,32.4,14.981951,14.981951,2543.372075,0.0,0.0,1778.312,0.0,589.040989
2020-12-09 10:00:00,0.0,32.4,0.0,-0.0,2763.0,0.0,0.0,1987.210095,149.639905,587.431514
2020-12-09 11:00:00,0.0,16.4,0.0,-0.0,2764.0,0.0,0.0,1968.082059,307.433941,584.412309
2020-12-09 12:00:00,0.0,10.4,0.0,-0.0,2762.0,0.0,0.0,1934.962912,377.415088,579.744437
2020-12-09 13:00:00,0.0,7.4,0.0,1.653366,2762.0,0.0,0.0,1909.075319,287.894681,575.861298
2020-12-09 14:00:00,0.0,182.98515,0.0,14.981951,2760.0,0.0,0.0,1891.519775,176.380225,573.527966
2020-12-09 15:00:00,59.976022,400.0,14.981951,21.116714,2688.423978,0.0,0.0,1770.62,0.0,566.129403
2020-12-09 16:00:00,400.0,400.0,21.116714,24.617414,1786.610297,0.0,0.0,818.58,0.0,584.095455
2020-12-09 17:00:00,400.0,400.0,23.437807,72.954641,1271.101063,0.0,0.0,496.216,0.0,640.817241
2020-12-09 18:00:00,400.0,400.0,26.429316,65.252026,973.652252,0.0,0.0,442.916,0.0,677.439562
2020-12-09 19:00:00,400.0,400.0,25.758899,27.512649,1112.691832,0.0,0.0,413.202,0.0,652.126525
2020-12-09 20:00:00,400.0,400.0,24.617414,28.228021,1174.880526,0.0,0.0,408.968,0.0,642.163121
2020-12-09 21:00:00,400.0,400.0,25.9087,26.249396,955.210064,0.0,0.0,363.448,0.0,615.03569
2020-12-09 22:00:00,400.0,400.0,23.069973,23.069973,1287.152614,0.0,0.0,379.198,0.0,567.606808
2020-12-09 23:00:00,400.0,400.0,22.185841,21.288154,1542.775736,0.0,0.0,353.338,0.0,525.38434
2020-12-10 00:00:00,400.0,400.0,22.732362,21.287879,1063.399325,0.0,0.0,403.41,0.0,498.301601
2020-12-10 01:00:00,400.0,400.0,21.116411,19.68943,1396.480157,0.0,0.0,626.254,0.0,481.766076
2020-12-10 02:00:00,400.0,400.0,21.288154,19.034775,1306.001389,0.0,0.0,484.668,0.0,474.099992
2020-12-10 03:00:00,400.0,400.0,20.846138,19.983547,1408.304994,0.0,0.0,590.162,0.0,474.578551
2020-12-10 04:00:00,400.0,400.0,21.647258,20.846138,1215.193214,0.0,0.0,477.538,0.0,486.651718
2020-12-10 05:00:00,400.0,400.0,23.128644,22.576747,923.637195,0.0,0.0,416.9,0.0,521.289421
2020-12-10 06:00:00,400.0,400.0,76.429316,51.466801,528.633243,0.0,192.432771,319.22,0.0,565.888014
2020-12-10 07:00:00,400.0,400.0,500.0,18.06856,0.0,182.297072,742.072061,401.65,0.0,578.392061
2020-12-10 08:00:00,400.0,86.4,72.492854,7.438012,656.283922,0.0,112.82599,1511.07,0.0,581.757912
2020-12-10 09:00:00,400.0,86.4,19.68943,0.0,1167.117925,0.0,0.0,2130.47,0.0,582.052811
2020-12-10 10:00:00,400.0,86.4,18.072542,0.0,1366.290065,0.0,0.0,2353.248,0.0,585.59369
2020-12-10 11:00:00,400.0,81.4,16.970947,0.0,1396.415005,0.0,0.0,2377.37,0.0,584.693249
2020-12-10 12:00:00,400.0,80.4,16.970947,0.0,1408.302474,0.0,0.0,2381.93,0.0,583.594129
2020-12-10 13:00:00,400.0,78.4,18.861019,0.0,1305.595383,0.0,0.0,2278.368,0.0,583.465893
2020-12-10 14:00:00,400.0,282.604565,19.68943,14.9805,1132.730556,0.0,0.0,2104.348,0.0,583.292617
2020-12-10 15:00:00,400.0,400.0,19.983547,20.419098,1077.476054,0.0,0.0,1817.302,0.0,574.023892
2020-12-10 16:00:00,400.0,400.0,73.069973,26.330309,642.765846,0.0,49.998577,961.682,0.0,589.637423
2020-12-10 17:00:00,400.0,400.0,71.999171,72.083987,566.52375,0.0,169.999488,781.432,0.0,637.936237
2020-12-10 18:00:00,400.0,400.0,74.784601,61.588117,360.186232,0.0,508.935333,873.31,0.0,674.268565
2020-12-10 19:00:00,400.0,400.0,71.894231,25.319291,672.241458,0.0,165.541323,994.6,0.0,645.653781
2020-12-10 20:00:00,400.0,400.0,72.768635,25.416659,735.992086,0.0,88.748201,980.334,0.0,633.951287
2020-12-10 21:00:00,400.0,400.0,71.694101,21.647258,518.915163,0.0,266.004088,883.178,0.0,601.59825
2020-12-10 22:00:00,400.0,400.0,71.110307,19.68943,684.685773,0.0,47.185462,795.854,0.0,560.725234
2020-12-10 23:00:00,400.0,400.0,20.100631,19.68943,1118.023788,0.0,0.0,940.93,0.0,517.485932
2020-12-11 00:00:00,400.0,400.0,19.657439,18.861019,1013.967567,0.0,0.0,1004.602,0.0,489.395165
2020-12-11 01:00:00,400.0,400.0,20.419098,18.573789,1144.223078,0.0,0.0,1031.098,0.0,473.831238
2020-12-11 02:00:00,400.0,400.0,20.846138,19.034775,1116.13783,0.0,0.0,959.416,0.0,467.291725
2020-12-11 03:00:00,400.0,400.0,20.419098,19.430296,1134.368589,0.0,0.0,963.152,0.0,465.117512
2020-12-11 04:00:00,400.0,400.0,19.983547,19.983547,1231.804773,0.0,0.0,1120.832,0.0,474.154084
2020-12-11 05:00:00,400.0,400.0,20.846138,20.419098,1107.649038,0.0,0.0,1228.452,0.0,508.920444
2020-12-11 06:00:00,400.0,400.0,21.647258,51.577039,922.773495,0.0,0.0,1338.054,0.0,553.092076
2020-12-11 07:00:00,400.0,210.046311,71.333302,14.909061,344.281059,0.0,366.409982,1497.448,0.0,560.575041
2020-12-11 08:00:00,327.690329,89.4,14.9805,0.0,1318.709673,0.0,0.0,2472.25,0.0,565.581049
2020-12-11 09:00:00,0.0,89.4,0.0,0.0,1658.0,0.0,0.0,2869.177327,64.160673,574.226599
2020-12-11 10:00:00,0.0,89.4,0.0,0.0,1657.0,0.0,0.0,2898.791791,147.608209,578.818769
2020-12-11 11:00:00,0.0,83.4,0.0,0.0,1657.0,0.0,0.0,2908.180289,161.041711,580.227043
2020-12-11 12:00:00,0.0,83.4,0.0,0.0,1656.0,0.0,0.0,2891.381212,167.700788,577.857182
2020-12-11 13:00:00,0.0,82.4,0.0,0.0,1655.0,0.0,0.0,2881.291479,97.656521,576.493722
2020-12-11 14:00:00,0.0,82.4,0.0,0.0,1656.0,0.0,0.0,2851.915107,23.784893,571.937266
2020-12-11 15:00:00,63.838419,400.0,14.979622,14.9805,1582.561581,0.0,0.0,2726.788,0.0,564.183963
2020-12-11 16:00:00,400.0,400.0,19.430296,26.589766,1044.741118,0.0,0.0,1970.036,0.0,582.344232
2020-12-11 17:00:00,400.0,400.0,21.99028,78.194876,1113.939847,0.0,0.0,1857.252783,26.599217,631.54694
2020-12-11 18:00:00,400.0,400.0,23.773155,72.85103,926.719106,0.0,0.0,1772.010153,27.687847,654.343657
2020-12-11 19:00:00,400.0,400.0,22.553622,26.821267,827.918644,0.0,0.0,1649.032569,30.915431,630.467089
2020-12-11 20:00:00,400.0,400.0,76.468402,22.026422,792.726523,0.0,16.666657,1579.021053,14.674947,616.994179
2020-12-11 21:00:00,400.0,400.0,20.06078,20.846138,828.873997,0.0,0.0,1462.99,0.0,594.1674
2020-12-11 22:00:00,400.0,400.0,21.288154,19.983547,1034.707007,0.0,0.0,1454.348,0.0,561.996149
2020-12-11 23:00:00,400.0,400.0,19.983547,18.861019,1322.88552,0.0,0.0,1481.4,0.0,522.827172
2020-12-12 00:00:00,400.0,400.0,20.400003,21.301959,838.159406,0.0,0.0,1591.17,0.0,494.101589
2020-12-12 01:00:00,400.0,400.0,19.034775,19.430296,1044.092565,0.0,0.0,1674.846,0.0,475.763015
2020-12-12 02:00:00,400.0,400.0,18.072542,18.861019,1155.84149,0.0,0.0,1705.7,0.0,463.628776
2020-12-12 03:00:00,400.0,400.0,18.072542,18.572338,1167.725536,0.0,0.0,1694.102,0.0,460.10647
2020-12-12 04:00:00,400.0,400.0,71.288154,19.034775,614.183596,0.0,6.139664,1169.432,0.0,464.437261
2020-12-12 05:00:00,400.0,400.0,19.68943,19.034775,939.545506,0.0,0.0,1575.21,0.0,476.499674
2020-12-12 06:00:00,400.0,400.0,19.034775,18.861019,1038.670006,0.0,0.0,1790.138,0.0,493.870199
2020-12-12 07:00:00,400.0,85.4,19.68943,0.0,917.890839,0.0,0.0,1728.716,0.0,502.773774
2020-12-12 08:00:00,0.0,102.4,0.0,0.0,1613.0,0.0,0.0,2475.061631,101.842369,510.459245
2020-12-12 09:00:00,0.0,98.4,0.0,0.0,1613.0,0.0,0.0,2570.102209,230.515791,524.715331
2020-12-12 10:00:00,0.0,88.4,0.0,0.0,1614.0,0.0,0.0,2625.730685,606.689315,532.909603
2020-12-12 11:00:00,0.0,71.4,0.0,0.0,1614.0,0.0,0.0,2628.899541,757.148459,533.384931
2020-12-12 12:00:00,0.0,69.4,0.0,0.0,1613.0,0.0,0.0,2581.170755,1035.113245,526.375613
2020-12-12 13:00:00,0.0,53.4,0.0,0.0,1613.0,0.0,0.0,2537.335741,822.962259,519.800361
2020-12-12 14:00:00,0.0,87.4,0.0,0.0,1613.0,0.0,0.0,2500.400477,591.147523,514.260072
2020-12-12 15:00:00,0.0,240.309382,0.0,14.9805,1612.0,0.0,0.0,2475.502904,141.597096,510.675436
2020-12-12 16:00:00,398.0,400.0,14.975368,21.288154,1212.0,0.0,0.0,1543.086755,168.411245,532.813013
2020-12-12 17:00:00,400.0,400.0,22.23556,76.755559,1435.663364,0.0,0.0,1276.355121,179.762879,586.753764
2020-12-12 18:00:00,400.0,400.0,24.08455,27.763998,1022.896346,0.0,0.0,1218.043887,194.024113,623.422131
2020-12-12 19:00:00,400.0,400.0,23.20063,22.96816,1226.404264,0.0,0.0,1278.9369,195.9531,602.029895
2020-12-12 20:00:00,400.0,400.0,22.517588,69.771647,1333.803051,0.0,0.0,1330.456171,117.073829,593.647968
2020-12-12 21:00:00,400.0,400.0,22.517588,22.475213,1327.733395,0.0,0.0,1195.596632,334.183368,574.329486
2020-12-12 22:00:00,400.0,400.0,21.122752,21.288154,1548.401353,0.0,0.0,1242.503102,204.600898,548.265262
2020-12-12 23:00:00,0.0,220.739402,0.0,14.9805,2373.0,0.0,0.0,1847.968069,692.591931,515.39521
2020-12-13 00:00:00,59.342694,217.857899,14.978232,14.9805,1517.057306,0.0,0.0,2317.808471,31.737529,489.862675
2020-12-13 01:00:00,60.824505,50.4,14.975624,14.978232,1512.575495,0.0,0.0,2197.228811,63.891189,472.447997
2020-12-13 02:00:00,229.304612,239.159184,14.975624,14.9805,1337.095389,0.0,0.0,1964.233206,28.514794,463.820673
2020-12-13 03:00:00,400.0,400.0,71.287879,19.430296,604.255898,0.0,10.569217,1204.95,0.0,459.854115
2020-12-13 04:00:00,400.0,400.0,73.437807,19.034775,242.79964,0.0,364.600914,830.03,0.0,457.834554
2020-12-13 05:00:00,400.0,400.0,73.657594,19.034775,241.159792,0.0,380.467439,901.868,0.0,468.856231
2020-12-13 06:00:00,400.0,400.0,124.617414,43.279215,138.83322,0.0,486.889897,844.514,0.0,475.602117
2020-12-13 07:00:00,400.0,84.4,500.0,14.9805,0.0,275.165035,640.761555,606.732,0.0,490.634555
2020-12-13 08:00:00,400.0,88.4,19.983547,0.0,746.860934,0.0,0.0,1637.628,0.0,491.96506
2020-12-13 09:00:00,400.0,88.4,18.072542,0.0,1084.248973,0.0,0.0,2037.964,0.0,501.407254
2020-12-13 10:00:00,217.725701,89.4,14.981951,0.0,1313.6743,0.0,0.0,2313.868,0.0,508.379055
2020-12-13 11:00:00,0.0,81.4,0.0,0.0,1532.0,0.0,0.0,2552.818492,3.631508,511.472774
2020-12-13 12:00:00,46.788262,81.4,14.9805,0.0,1473.611738,0.0,0.0,2479.97,0.0,509.303739
2020-12-13 13:00:00,0.0,81.4,0.0,0.0,1520.0,0.0,0.0,2509.497753,544.182247,506.774663
2020-12-13 14:00:00,0.0,81.4,0.0,0.0,1521.0,0.0,0.0,2498.488615,725.509385,504.973292
2020-12-13 15:00:00,0.0,149.608642,0.0,14.9805,1507.0,0.0,0.0,2310.61794,956.50006,504.392691
2020-12-13 16:00:00,0.0,400.0,0.0,75.433611,1717.0,0.0,0.0,2436.70738,595.26062,530.356107
2020-12-13 17:00:00,284.8773,400.0,14.980658,53.039886,1387.5227,0.0,0.0,2645.126136,131.603864,600.240515
2020-12-13 18:00:00,400.0,400.0,20.234035,20.42044,1123.546952,0.0,0.0,2668.627405,121.572595,643.362068
2020-12-13 19:00:00,400.0,400.0,18.52187,25.062236,1221.680894,0.0,0.0,2631.491962,101.146038,623.07166
2020-12-13 20:00:00,400.0,400.0,20.234035,23.026104,1072.346451,0.0,0.0,2438.703998,31.414002,616.553632
2020-12-13 21:00:00,400.0,400.0,20.234035,23.468302,860.024649,0.0,0.0,2379.552862,89.499138,587.029232
2020-12-13 22:00:00,400.0,400.0,19.430296,20.42044,793.377521,0.0,0.0,2136.632,0.0,549.188172
2020-12-13 23:00:00,400.0,400.0,70.419098,21.722262,562.179372,0.0,119.621422,2020.298,0.0,513.167794
2020-12-14 00:00:00,400.0,400.0,18.52187,17.379959,861.238892,0.0,0.0,2163.471914,90.726086,489.784953
2020-12-14 01:00:00,400.0,400.0,18.861019,17.379959,767.654107,0.0,0.0,1961.368,0.0,473.507084
2020-12-14 02:00:00,400.0,400.0,18.072542,18.920882,850.539175,0.0,0.0,2017.418,0.0,469.481824
2020-12-14 03:00:00,400.0,400.0,20.547985,20.42044,653.581959,0.0,0.0,1849.182099,43.217901,473.790021
2020-12-14 04:00:00,400.0,400.0,74.762577,26.270663,545.500711,0.0,29.655483,1626.168676,15.169324,485.350195
2020-12-14 05:00:00,400.0,400.0,73.657594,71.287879,418.922792,0.0,160.714289,1426.13,0.0,520.531081
2020-12-14 06:00:00,400.0,400.0,22.492854,77.609816,691.976265,0.0,0.0,1794.032,0.0,565.95836
2020-12-14 07:00:00,400.0,82.7,73.873861,-0.0,775.290373,0.0,8.668135,2285.373764,68.664236,582.462509
2020-12-14 08:00:00,0.0,86.7,-0.0,-0.0,1424.0,0.0,0.0,3042.323081,358.338919,582.198462
2020-12-14 09:00:00,0.0,68.7,0.0,-0.0,1428.0,0.0,0.0,3057.597183,884.602817,583.889577
2020-12-14 10:00:00,0.0,61.7,0.0,-0.0,1430.0,0.0,0.0,3075.096147,1103.163853,586.214422
2020-12-14 11:00:00,0.0,48.7,0.0,-0.0,1429.0,0.0,0.0,3042.307416,1157.676584,581.446112
2020-12-14 12:00:00,0.0,71.7,0.0,-0.0,1424.0,0.0,0.0,3013.546646,1152.433354,577.881997
2020-12-14 13:00:00,0.0,83.7,0.0,-0.0,1427.0,0.0,0.0,2985.84024,1237.52376,573.276036
2020-12-14 14:00:00,0.0,69.7,0.0,-0.0,1430.0,0.0,0.0,2970.327139,1219.134861,570.499071
2020-12-14 15:00:00,0.0,35.7,-0.0,-0.0,1434.0,0.0,0.0,2930.976215,1242.661785,563.996432
2020-12-14 16:00:00,0.0,344.382823,0.0,20.437672,1429.0,0.0,0.0,2750.690103,394.991897,588.703515
2020-12-14 17:00:00,400.0,400.0,20.428654,43.23309,1326.849034,0.0,0.0,2704.461106,311.936894,652.591811
2020-12-14 18:00:00,400.0,400.0,22.517176,71.090985,1040.610861,0.0,0.0,2700.867335,372.598665,694.988471
2020-12-14 19:00:00,400.0,400.0,21.719168,60.176105,1177.501208,0.0,0.0,2694.886918,369.023082,673.557856
2020-12-14 20:00:00,400.0,400.0,21.719168,25.048672,1180.417277,0.0,0.0,2625.496752,297.769248,662.711921
2020-12-14 21:00:00,400.0,400.0,21.70426,21.118159,1031.187579,0.0,0.0,2618.236293,300.315707,630.757307
2020-12-14 22:00:00,400.0,400.0,18.926085,16.247117,1148.198885,0.0,0.0,2425.337017,300.862983,584.27072
2020-12-14 23:00:00,159.284902,175.390683,14.980658,14.992899,1420.415098,0.0,0.0,2392.648244,305.803756,538.534972
2020-12-15 00:00:00,0.0,35.7,13.352779,14.980658,1609.681294,0.0,0.0,2374.422209,306.199791,507.411137
2020-12-15 01:00:00,0.0,35.7,0.0,0.612134,1629.0,0.0,0.0,2296.17162,395.42638,492.775743
2020-12-15 02:00:00,0.0,35.7,0.0,-0.0,1629.0,0.0,0.0,2249.955554,430.412446,485.843333
2020-12-15 03:00:00,0.0,35.7,0.0,14.992899,1629.0,0.0,0.0,2265.00545,432.80455,488.100817
2020-12-15 04:00:00,0.0,45.867425,0.0,14.986941,1628.0,0.0,0.0,2368.957619,348.392381,503.843643
2020-12-15 05:00:00,64.565456,400.0,14.985955,20.547985,1515.181386,0.0,0.0,2482.902202,300.501798,537.858122
2020-12-15 06:00:00,398.0,400.0,14.980658,74.332639,1228.0,0.0,0.0,2447.994544,322.443456,581.399182
2020-12-15 07:00:00,400.0,50.838369,20.42044,14.997828,852.866072,0.0,0.0,2514.558447,298.719553,596.953856
2020-12-15 08:00:00,0.0,74.7,12.860801,-0.0,1267.178342,0.0,0.0,3262.886445,361.695555,593.806215
2020-12-15 09:00:00,0.0,48.7,0.0,-0.0,1282.0,0.0,0.0,3270.147964,802.914036,592.672195
2020-12-15 10:00:00,0.0,48.7,0.0,-0.0,1282.0,0.0,0.0,3236.906431,965.813569,587.685965
2020-12-15 11:00:00,0.0,61.7,0.0,-0.0,1265.0,0.0,0.0,3228.427203,860.388797,588.96408
2020-12-15 12:00:00,0.0,38.7,0.0,-0.0,1265.0,0.0,0.0,3219.79659,935.70541,587.669488
2020-12-15 13:00:00,0.0,35.7,0.0,-0.0,1267.0,0.0,0.0,3188.438979,1026.583021,582.665847
2020-12-15 14:00:00,0.0,35.7,0.0,-0.0,1280.0,0.0,0.0,3157.968336,1045.977664,576.14525
2020-12-15 15:00:00,0.0,35.7,0.0,-0.0,1281.0,0.0,0.0,2951.552091,1007.993909,570.532814
2020-12-15 16:00:00,0.0,400.0,0.0,21.70426,1468.0,0.0,0.0,2625.44484,547.78316,597.816726
2020-12-15 17:00:00,62.902039,400.0,14.973207,27.142276,1919.097961,0.0,0.0,2583.891081,337.478919,664.768968
2020-12-15 18:00:00,306.110801,400.0,14.973207,76.429316,2108.889199,0.0,0.0,2615.390868,294.961132,708.82525
2020-12-15 19:00:00,94.37654,400.0,14.973207,76.790897,2345.62346,0.0,0.0,2599.551685,311.850315,684.139234
2020-12-15 20:00:00,171.477367,400.0,14.973207,31.457074,2147.522633,0.0,0.0,2579.807801,290.058199,670.542775
2020-12-15 21:00:00,1.371426,400.0,14.978232,21.905537,2313.328574,0.0,0.0,2520.803553,288.962447,636.821247
2020-12-15 22:00:00,0.0,144.765406,0.0,14.975624,2272.0,0.0,0.0,2322.292193,364.023807,590.443829
2020-12-15 23:00:00,0.0,74.0,0.0,-0.0,2089.0,0.0,0.0,2176.20219,485.28181,542.730328
2020-12-16 00:00:00,0.0,39.336082,14.627865,14.975368,1686.05109,0.0,0.0,2279.577455,317.400545,512.178955
2020-12-16 01:00:00,139.956489,160.131181,14.997828,14.975368,1311.043511,0.0,0.0,2160.213481,308.602519,497.275495
2020-12-16 02:00:00,0.0,148.979116,14.627865,14.975368,1536.132001,0.0,0.0,2324.29039,334.09361,488.123758
2020-12-16 03:00:00,0.0,130.638936,7.523821,14.975368,1537.0,0.0,0.0,2337.521224,337.128776,489.978184
2020-12-16 04:00:00,0.0,90.194526,14.762624,15.0,1464.705555,0.0,0.0,2350.729219,324.454781,502.80355
2020-12-16 05:00:00,141.5551,352.688429,15.0,15.0,1310.4449,0.0,0.0,2434.182921,333.965079,538.460703
2020-12-16 06:00:00,398.541989,400.0,15.0,70.183937,1053.458011,0.0,0.0,2450.482168,323.931832,584.253624
2020-12-16 07:00:00,400.0,49.0,74.060266,0.0,702.251735,0.0,90.865465,2564.139733,306.728267,595.9332
2020-12-16 08:00:00,0.0,54.0,0.0,0.0,1340.0,0.0,0.0,3163.987966,669.214034,590.248195
2020-12-16 09:00:00,0.0,54.0,0.0,0.0,1342.0,0.0,0.0,3151.875516,1150.074484,588.131327
2020-12-16 10:00:00,0.0,54.0,0.0,0.0,1342.0,0.0,0.0,3163.702933,1310.577067,589.90544
2020-12-16 11:00:00,0.0,44.0,-0.0,0.0,1342.0,0.0,0.0,3139.927524,1377.220476,586.339129
2020-12-16 12:00:00,0.0,44.0,-0.0,0.0,1338.0,0.0,0.0,3103.026054,1216.403946,581.403908
2020-12-16 13:00:00,0.0,44.0,0.0,0.0,1340.0,0.0,0.0,3085.055546,1245.812454,578.408332
2020-12-16 14:00:00,0.0,41.0,0.0,0.0,1340.0,0.0,0.0,3065.839812,1167.760188,575.525972
2020-12-16 15:00:00,0.0,41.0,0.0,0.0,1341.0,0.0,0.0,3007.706572,973.253428,566.655986
2020-12-16 16:00:00,67.690774,400.0,14.97449,21.719168,1266.309226,0.0,0.0,2819.16802,272.64998,596.078819
2020-12-16 17:00:00,400.0,400.0,21.719168,76.956787,1173.155471,0.0,0.0,2732.006507,277.593493,659.827655
2020-12-16 18:00:00,400.0,400.0,23.336023,76.908645,967.577131,0.0,0.0,2730.748887,302.461113,695.875763
2020-12-16 19:00:00,400.0,400.0,20.526636,25.159018,1087.131004,0.0,0.0,2727.580948,300.041052,668.467492
2020-12-16 20:00:00,400.0,400.0,20.42044,25.301083,1173.89259,0.0,0.0,2734.82066,300.63934,656.53921
2020-12-16 21:00:00,400.0,400.0,16.247117,21.684054,1305.483516,0.0,0.0,2667.032015,293.057985,626.632275
2020-12-16 22:00:00,400.0,400.0,19.958349,14.985958,1070.379379,0.0,0.0,2483.109502,271.600498,581.059518
2020-12-16 23:00:00,173.642597,188.714673,14.971005,14.985958,1345.357403,0.0,0.0,2447.619001,248.946999,534.48924
2020-12-17 00:00:00,25.801311,25.717652,14.975624,14.983637,1494.198689,0.0,0.0,2388.009393,270.192607,503.221606
2020-12-17 01:00:00,0.0,41.0,0.0,-0.0,1562.0,0.0,0.0,2354.571018,271.296982,488.035653
2020-12-17 02:00:00,0.0,41.0,0.0,-0.0,1555.0,0.0,0.0,2287.609529,118.490471,479.041429
2020-12-17 03:00:00,72.483651,62.0,14.9805,-0.0,1475.516349,0.0,0.0,2206.9,0.0,478.857548
2020-12-17 04:00:00,400.0,400.0,71.843654,18.572338,560.916366,0.0,93.020979,1377.332,0.0,491.612345
2020-12-17 05:00:00,400.0,400.0,72.492854,31.800773,523.951945,0.0,1.727763,874.53,0.0,523.736708
2020-12-17 06:00:00,400.0,400.0,26.429316,80.530112,700.685212,0.0,0.0,549.9,0.0,569.132218
2020-12-17 07:00:00,400.0,400.0,77.755129,35.098625,450.894453,0.0,297.866679,468.562,0.0,584.800132
2020-12-17 08:00:00,400.0,400.0,23.128644,21.287879,913.472978,0.0,0.0,1246.01,0.0,585.515553
2020-12-17 09:00:00,400.0,321.356042,21.116714,18.861019,1286.356614,0.0,0.0,1702.454,0.0,591.314608
2020-12-17 10:00:00,400.0,96.699246,19.983547,14.979622,1479.316748,0.0,0.0,1905.586,0.0,592.840388
2020-12-17 11:00:00,400.0,62.0,18.861019,14.979622,1659.093235,0.0,0.0,2075.468,0.0,591.356215
2020-12-17 12:00:00,344.856497,78.0,14.979622,-0.0,1769.143503,0.0,0.0,2181.85,0.0,590.805975
2020-12-17 13:00:00,400.0,93.0,18.463561,-0.0,1712.786446,0.0,0.0,2104.264,0.0,587.621633
2020-12-17 14:00:00,400.0,92.0,19.034775,-0.0,1592.385535,0.0,0.0,1966.48,0.0,585.01417
2020-12-17 15:00:00,175.538558,77.0,14.979622,-0.0,1914.461442,0.0,0.0,2246.998,0.0,578.780484
2020-12-17 16:00:00,400.0,400.0,19.526929,20.42044,948.91906,0.0,0.0,1384.5,0.0,598.737141
2020-12-17 17:00:00,0.0,400.0,64.881489,71.212262,600.942651,0.0,218.948751,1337.452,0.0,654.076402
2020-12-17 18:00:00,400.0,400.0,21.499768,73.128644,988.69269,0.0,0.0,1883.766,0.0,685.210997
2020-12-17 19:00:00,400.0,400.0,21.122752,23.660482,1492.979708,0.0,0.0,2263.649462,295.088538,664.150463
2020-12-17 20:00:00,400.0,400.0,22.23556,26.604685,1154.742407,0.0,0.0,2211.403868,414.830132,653.799219
2020-12-17 21:00:00,400.0,400.0,20.42044,23.280271,1490.152257,0.0,0.0,2338.29229,351.91771,622.521005
2020-12-17 22:00:00,400.0,400.0,20.547985,20.234035,811.713094,0.0,0.0,2428.478643,336.003357,578.064832
2020-12-17 23:00:00,376.985277,353.79013,14.975368,14.975368,1077.014723,0.0,0.0,2386.910274,348.403726,532.034333
2020-12-18 00:00:00,196.075013,171.617738,14.975368,14.975368,1258.924987,0.0,0.0,2365.931876,344.700124,501.601033
2020-12-18 01:00:00,49.06396,103.616546,14.975368,14.975368,1406.93604,0.0,0.0,2378.706291,348.393709,481.315538
2020-12-18 02:00:00,55.092172,84.052383,14.975368,14.975368,1400.907828,0.0,0.0,2325.587879,350.772121,474.252008
2020-12-18 03:00:00,9.912251,289.947915,14.975368,14.975368,1446.087749,0.0,0.0,2370.758756,341.593244,474.250651
2020-12-18 04:00:00,104.330199,245.986383,14.975368,14.975368,1351.669801,0.0,0.0,2352.895096,337.856904,485.733794
2020-12-18 05:00:00,400.0,374.62051,21.116714,20.234035,634.297072,0.0,0.0,1788.93,0.0,521.044939
2020-12-18 06:00:00,400.0,400.0,500.0,77.464999,0.0,571.96777,564.750565,623.036,0.0,564.750565
2020-12-18 07:00:00,400.0,47.4,463.530297,0.0,0.0,853.425956,771.306193,517.162,0.0,583.588193
2020-12-18 08:00:00,400.0,44.4,158.035526,0.0,8.878089,0.0,759.835998,1425.632,0.0,582.263087
2020-12-18 09:00:00,400.0,64.4,74.617414,0.0,183.711674,0.0,571.667275,1620.798,0.0,585.312949
2020-12-18 10:00:00,400.0,64.4,20.526636,0.0,862.130956,0.0,0.0,2298.247091,241.632909,585.16742
2020-12-18 11:00:00,400.0,40.4,20.42044,0.0,977.238048,0.0,0.0,2392.008005,281.275995,581.965494
2020-12-18 12:00:00,400.0,45.4,17.392886,0.0,1137.448257,0.0,0.0,2509.67582,266.29418,575.584134
2020-12-18 13:00:00,332.433427,37.4,14.975368,0.0,1221.966573,0.0,0.0,2564.805851,249.626149,571.175892
2020-12-18 14:00:00,400.0,52.4,20.234035,0.0,1005.156659,0.0,0.0,2321.93783,251.69217,567.267176
2020-12-18 15:00:00,400.0,39.4,21.122752,11.536566,789.060659,0.0,0.0,2057.313295,315.558705,559.987895
2020-12-18 16:00:00,400.0,400.0,90.382001,26.795438,154.892,0.0,581.46417,1396.319799,228.618201,581.46417
2020-12-18 17:00:00,400.0,400.0,90.382001,24.978198,155.899,0.0,636.494171,1409.193476,167.752524,636.494171
2020-12-18 18:00:00,400.0,400.0,80.049301,24.866179,243.609431,0.0,586.304712,1344.797045,365.652955,666.928142
2020-12-18 19:00:00,400.0,400.0,23.388687,21.647258,862.364175,0.0,0.0,1430.4975,380.2325,640.219999
2020-12-18 20:00:00,400.0,400.0,22.335927,76.755559,1264.807073,0.0,0.0,1522.769635,401.760365,628.644384
2020-12-18 21:00:00,400.0,400.0,21.122752,62.566578,1458.544233,0.0,0.0,1604.103796,368.974204,604.583934
2020-12-18 22:00:00,400.0,400.0,20.400003,19.983547,1456.473584,0.0,0.0,1392.214,0.0,573.111062
2020-12-18 23:00:00,398.0,400.0,14.981951,21.287879,1916.0,0.0,0.0,1583.587191,7.860809,532.888079
2020-12-19 00:00:00,27.530124,400.0,14.9805,19.68943,2091.869876,0.0,0.0,1921.7,0.0,503.974519
2020-12-19 01:00:00,1.249962,400.0,14.9805,19.68943,2118.150038,0.0,0.0,1815.72,0.0,484.135494
2020-12-19 02:00:00,149.716408,400.0,14.9805,21.288154,1968.683593,0.0,0.0,1584.68,0.0,471.899461
2020-12-19 03:00:00,147.04751,400.0,14.9805,21.843654,1971.352491,0.0,0.0,1567.322,0.0,468.895426
2020-12-19 04:00:00,117.093011,400.0,14.9805,21.843654,2001.30699,0.0,0.0,1618.5,0.0,472.078952
2020-12-19 05:00:00,0.0,400.0,14.191367,23.128644,2126.112557,0.0,0.0,1824.2,0.0,484.213116
2020-12-19 06:00:00,0.0,400.0,0.0,36.651478,2129.0,0.0,0.0,1953.132056,6.637944,503.119808
2020-12-19 07:00:00,49.310968,400.0,14.9805,18.861019,2065.089032,0.0,0.0,1938.962,0.0,510.580945
2020-12-19 08:00:00,0.0,183.073342,0.0,14.979622,2078.0,0.0,0.0,2034.963772,157.890228,523.044566
2020-12-19 09:00:00,0.0,116.415403,14.191367,14.979622,2087.386007,0.0,0.0,2186.548,0.0,544.374299
2020-12-19 10:00:00,400.0,78.4,16.970947,0.0,1655.197516,0.0,0.0,1774.638,0.0,547.416073
2020-12-19 11:00:00,400.0,71.4,18.573789,0.0,1586.716127,0.0,0.0,1687.62,0.0,544.635581
2020-12-19 12:00:00,400.0,60.4,19.68943,0.0,1450.83701,0.0,0.0,1500.116,0.0,536.891848
2020-12-19 13:00:00,400.0,46.4,19.68943,0.0,1428.984824,0.0,0.0,1438.284,0.0,530.894876
2020-12-19 14:00:00,400.0,400.0,21.287879,18.28456,1146.363798,0.0,0.0,1118.498,0.0,525.32013
2020-12-19 15:00:00,400.0,400.0,21.647258,21.287879,1100.530789,0.0,0.0,1046.5,0.0,521.395382
2020-12-19 16:00:00,400.0,400.0,22.516066,25.615383,993.438349,0.0,0.0,817.884,0.0,554.166848
2020-12-19 17:00:00,400.0,400.0,23.206766,27.067757,1009.488683,0.0,0.0,645.662,0.0,606.925998
2020-12-19 18:00:00,400.0,400.0,25.9087,74.941555,939.882352,0.0,0.0,583.402,0.0,636.977947
2020-12-19 19:00:00,400.0,400.0,24.617414,65.23134,948.711343,0.0,0.0,455.532,0.0,615.273099
2020-12-19 20:00:00,400.0,400.0,24.617414,26.711432,955.408735,0.0,0.0,499.28,0.0,612.58069
2020-12-19 21:00:00,400.0,400.0,23.128644,26.615991,1179.34658,0.0,0.0,493.548,0.0,578.130213
2020-12-19 22:00:00,400.0,400.0,24.617414,26.575852,831.510929,0.0,0.0,332.398,0.0,552.883061
2020-12-19 23:00:00,400.0,400.0,23.206766,23.657594,960.940757,0.0,0.0,305.716,0.0,529.466286
2020-12-20 00:00:00,400.0,400.0,22.96816,23.437807,1165.531367,0.0,0.0,311.162,0.0,499.594595
2020-12-20 01:00:00,400.0,400.0,23.128644,25.758269,917.433731,0.0,0.0,293.402,0.0,480.89524
2020-12-20 02:00:00,400.0,400.0,23.069973,23.206766,985.10255,0.0,0.0,300.384,0.0,471.792217
2020-12-20 03:00:00,400.0,400.0,22.732362,23.206766,1104.85404,0.0,0.0,391.648,0.0,467.519094
2020-12-20 04:00:00,400.0,400.0,22.492854,23.206766,1156.891262,0.0,0.0,453.3,0.0,468.961311
2020-12-20 05:00:00,400.0,400.0,22.492854,23.437807,1154.005887,0.0,0.0,495.17,0.0,475.674617
2020-12-20 06:00:00,400.0,400.0,22.516066,35.832353,1122.244751,0.0,0.0,557.02,0.0,489.716287
2020-12-20 07:00:00,400.0,400.0,23.069973,19.68943,824.570869,0.0,0.0,640.616,0.0,493.65677
2020-12-20 08:00:00,400.0,337.018651,19.034775,14.981951,1531.346115,0.0,0.0,1423.898,0.0,505.132783
2020-12-20 09:00:00,293.910509,96.371966,14.981951,5.777942,1812.489491,0.0,0.0,1818.538,0.0,522.157276
2020-12-20 10:00:00,118.095651,30.4,14.981951,0.0,1990.304349,0.0,0.0,1998.21,0.0,522.435848
2020-12-20 11:00:00,58.12843,10.4,14.981951,0.0,2051.27157,0.0,0.0,2042.652,0.0,519.957064
2020-12-20 12:00:00,0.0,6.4,0.0,0.0,2117.0,0.0,0.0,2079.6152,73.3848,515.64228
2020-12-20 13:00:00,0.0,117.706937,0.0,14.981951,2117.0,0.0,0.0,2059.19382,16.80618,512.579073
2020-12-20 14:00:00,181.775083,398.0,14.981951,14.981951,1924.624917,0.0,0.0,1850.762,0.0,510.170563
2020-12-20 15:00:00,200.086668,400.0,14.981951,20.846138,1907.313332,0.0,0.0,1655.48,0.0,508.975
2020-12-20 16:00:00,400.0,400.0,20.419098,25.697798,1437.041311,0.0,0.0,807.484,0.0,535.566403
2020-12-20 17:00:00,400.0,400.0,23.206766,62.14064,1153.134034,0.0,0.0,518.998,0.0,601.779595
2020-12-20 18:00:00,400.0,400.0,26.404825,76.429316,843.104652,0.0,0.0,463.982,0.0,653.981602
2020-12-20 19:00:00,400.0,400.0,76.429316,27.458056,818.260514,0.0,0.273209,444.672,0.0,644.611723
2020-12-20 20:00:00,400.0,400.0,25.9087,27.241342,900.592174,0.0,0.0,504.12,0.0,641.179174
2020-12-20 21:00:00,400.0,400.0,24.617414,26.852469,985.380791,0.0,0.0,446.568,0.0,619.828081
2020-12-20 22:00:00,400.0,400.0,23.437807,26.474894,1117.16711,0.0,0.0,361.284,0.0,587.267534
2020-12-20 23:00:00,400.0,400.0,22.96816,25.025751,1336.268795,0.0,0.0,316.322,0.0,547.657981
2020-12-21 00:00:00,400.0,400.0,22.492854,22.732362,1480.94426,0.0,0.0,290.346,0.0,513.810261
2020-12-21 01:00:00,400.0,400.0,21.843654,22.576747,1534.70863,0.0,0.0,235.08,0.0,497.455706
2020-12-21 02:00:00,400.0,400.0,21.647258,22.516066,1579.618166,0.0,0.0,222.17,0.0,488.782775
2020-12-21 03:00:00,400.0,400.0,21.288154,22.576747,1616.211349,0.0,0.0,263.102,0.0,489.433598
2020-12-21 04:00:00,400.0,400.0,21.647258,22.732362,1548.806088,0.0,0.0,279.75,0.0,502.041587
2020-12-21 05:00:00,400.0,400.0,22.576747,23.437807,1404.571973,0.0,0.0,356.632,0.0,535.209004
2020-12-21 06:00:00,400.0,400.0,23.206766,42.026653,1101.965775,0.0,0.0,343.318,0.0,578.602834
2020-12-21 07:00:00,400.0,400.0,23.657594,20.419098,1017.833873,0.0,0.0,358.638,0.0,593.520619
2020-12-21 08:00:00,400.0,283.789192,20.400003,14.982507,1832.623712,0.0,0.0,1222.954,0.0,600.949543
2020-12-21 09:00:00,398.0,50.995928,14.982507,14.982507,2309.911844,0.0,0.0,1747.234,0.0,607.998323
2020-12-21 10:00:00,231.740397,32.4,14.982507,0.0,2473.659603,0.0,0.0,1934.4,0.0,611.51106
2020-12-21 11:00:00,193.79265,10.4,14.981951,0.0,2492.60735,0.0,0.0,1909.898,0.0,604.993597
2020-12-21 12:00:00,110.188345,7.4,14.981951,0.0,2579.211655,0.0,0.0,1936.748,0.0,596.030452
2020-12-21 13:00:00,44.895865,0.4,14.982507,14.982507,2658.504135,0.0,0.0,1975.582,0.0,589.96168
2020-12-21 14:00:00,107.469014,214.551235,14.982507,14.981951,2596.930986,0.0,0.0,1872.878,0.0,583.792052
2020-12-21 15:00:00,400.0,400.0,15.731586,21.647258,2243.906207,0.0,0.0,1526.42,0.0,584.777069
2020-12-21 16:00:00,400.0,400.0,21.843654,25.9087,1510.406098,0.0,0.0,654.868,0.0,615.069285
2020-12-21 17:00:00,400.0,400.0,25.9087,70.362316,1209.989887,0.0,0.0,431.52,0.0,684.529517
2020-12-21 18:00:00,400.0,400.0,26.755559,76.525384,979.590647,0.0,0.0,468.234,0.0,731.796503
2020-12-21 19:00:00,400.0,400.0,26.755559,28.429203,983.967534,0.0,0.0,445.352,0.0,718.10767
2020-12-21 20:00:00,400.0,400.0,26.429316,26.57146,1017.62159,0.0,0.0,384.638,0.0,703.952461
2020-12-21 21:00:00,400.0,400.0,76.755559,26.64637,839.089356,0.0,9.431941,332.098,0.0,669.601297
2020-12-21 22:00:00,400.0,400.0,24.62179,23.437807,1078.125609,0.0,0.0,253.432,0.0,621.945959
2020-12-21 23:00:00,400.0,400.0,23.069973,22.96816,1430.282474,0.0,0.0,280.434,0.0,573.172729
2020-12-22 00:00:00,400.0,400.0,22.576747,22.492854,1387.104912,0.0,0.0,349.938,0.0,536.824963
2020-12-22 01:00:00,400.0,400.0,22.516066,21.843654,1451.660666,0.0,0.0,294.382,0.0,518.8082
2020-12-22 02:00:00,400.0,400.0,22.492854,21.288154,1504.889641,0.0,0.0,291.63,0.0,510.411054
2020-12-22 03:00:00,400.0,400.0,21.843654,21.843654,1514.488068,0.0,0.0,308.904,0.0,511.56239
2020-12-22 04:00:00,400.0,400.0,22.576747,22.576747,1423.861009,0.0,0.0,319.87,0.0,526.801349
2020-12-22 05:00:00,400.0,400.0,23.069973,23.206766,1263.797958,0.0,0.0,395.184,0.0,562.107906
2020-12-22 06:00:00,400.0,400.0,24.617414,29.744756,973.585886,0.0,0.0,394.962,0.0,605.606417
2020-12-22 07:00:00,400.0,400.0,24.62179,21.116411,881.749071,0.0,0.0,395.678,0.0,619.489339
2020-12-22 08:00:00,400.0,400.0,20.846138,16.970947,1731.286869,0.0,0.0,1260.182,0.0,621.73427
2020-12-22 09:00:00,398.0,220.389564,14.982507,14.982507,2320.0,0.0,0.0,1860.577707,36.922293,623.486656
2020-12-22 10:00:00,162.63587,60.607856,14.982507,14.982507,2542.76413,0.0,0.0,2052.286,0.0,618.82828
2020-12-22 11:00:00,44.185333,14.4,14.982507,0.0,2661.214667,0.0,0.0,2100.27,0.0,608.2583
2020-12-22 12:00:00,0.0,7.4,0.0,14.982507,2715.0,0.0,0.0,2079.33564,69.99636,597.050346
2020-12-22 13:00:00,0.0,67.519563,0.0,14.982507,2715.0,0.0,0.0,2014.22942,43.77458,587.284413
2020-12-22 14:00:00,49.966491,211.570826,14.982507,14.982507,2655.433509,0.0,0.0,1905.388,0.0,579.893174
2020-12-22 15:00:00,242.098142,400.0,14.982507,20.846138,2464.301858,0.0,0.0,1707.4,0.0,578.864721
2020-12-22 16:00:00,400.0,400.0,20.419098,24.617414,1783.228731,0.0,0.0,809.79,0.0,597.38419
2020-12-22 17:00:00,400.0,400.0,24.62179,30.414125,1285.333153,0.0,0.0,455.054,0.0,674.358127
2020-12-22 18:00:00,400.0,400.0,26.429316,69.866403,1013.364049,0.0,0.0,482.11,0.0,719.211893
2020-12-22 19:00:00,400.0,400.0,26.429316,72.928463,1110.136399,0.0,0.0,497.932,0.0,707.06934
2020-12-22 20:00:00,400.0,400.0,26.429316,28.425791,1086.70318,0.0,0.0,424.846,0.0,699.621423
2020-12-22 21:00:00,400.0,400.0,25.9087,26.755559,1225.84951,0.0,0.0,380.78,0.0,672.139573
2020-12-22 22:00:00,400.0,400.0,23.437807,24.617414,1431.698229,0.0,0.0,314.58,0.0,631.332266
2020-12-22 23:00:00,400.0,400.0,22.732362,23.206766,1719.265945,0.0,0.0,297.702,0.0,585.665408
2020-12-23 00:00:00,400.0,400.0,22.732362,22.732362,1510.272305,0.0,0.0,235.07,0.0,554.369654
2020-12-23 01:00:00,400.0,400.0,21.843654,22.576747,1708.400087,0.0,0.0,312.83,0.0,536.314487
2020-12-23 02:00:00,400.0,400.0,21.647258,22.732362,1730.685058,0.0,0.0,282.464,0.0,528.416841
2020-12-23 03:00:00,400.0,400.0,21.843654,22.732362,1692.397798,0.0,0.0,261.302,0.0,530.98563
2020-12-23 04:00:00,400.0,400.0,22.576747,23.069973,1619.08059,0.0,0.0,290.07,0.0,546.298411
2020-12-23 05:00:00,400.0,400.0,23.069973,24.617414,1449.057501,0.0,0.0,367.232,0.0,583.376175
2020-12-23 06:00:00,400.0,400.0,24.617414,45.856673,1119.270598,0.0,0.0,338.3,0.0,628.50441
2020-12-23 07:00:00,400.0,400.0,26.324557,22.576747,1045.420325,0.0,0.0,344.58,0.0,640.523951
2020-12-23 08:00:00,400.0,400.0,22.732362,19.983547,1254.497144,0.0,0.0,1247.014,0.0,638.027528
2020-12-23 09:00:00,400.0,400.0,19.034775,18.861019,1895.09996,0.0,0.0,1857.1,0.0,633.450006
2020-12-23 10:00:00,256.159465,258.613878,14.981951,14.981951,2265.240535,0.0,0.0,2029.612,0.0,603.80572
2020-12-23 11:00:00,172.704123,117.797138,14.981951,14.981951,2347.695877,0.0,0.0,2188.146,0.0,615.217518
2020-12-23 12:00:00,48.883521,15.4,14.981951,0.0,2472.516479,0.0,0.0,2200.868,0.0,598.402728
2020-12-23 13:00:00,0.0,74.55413,0.0,14.981951,2530.0,0.0,0.0,2172.332909,73.489091,585.499936
2020-12-23 14:00:00,55.369323,282.359445,14.981951,14.981951,2465.030677,0.0,0.0,2070.378,0.0,579.952098
2020-12-23 15:00:00,316.606306,400.0,14.981951,20.400003,2204.793694,0.0,0.0,1761.414,0.0,572.643046
2020-12-23 16:00:00,400.0,400.0,23.069973,22.513555,1157.900991,0.0,0.0,844.578,0.0,595.451551
2020-12-23 17:00:00,400.0,400.0,80.530112,72.292889,345.20522,0.0,440.177497,479.79,0.0,674.487717
2020-12-23 18:00:00,400.0,400.0,158.946708,31.619138,40.838972,0.0,876.184182,492.18,0.0,723.351154
2020-12-23 19:00:00,400.0,400.0,132.461752,25.833292,123.214321,0.0,780.222331,493.532,0.0,711.197652
2020-12-23 20:00:00,400.0,400.0,132.461752,25.792581,153.696363,0.0,747.198983,493.232,0.0,706.580346
2020-12-23 21:00:00,400.0,400.0,86.124055,26.341078,200.133521,0.0,675.003151,622.738,0.0,681.780672
2020-12-23 22:00:00,400.0,400.0,75.842019,24.941876,395.170829,0.0,440.077947,915.362,0.0,641.040776
2020-12-23 23:00:00,400.0,400.0,73.437807,20.419098,574.006753,0.0,209.530634,1243.216,0.0,596.281387
2020-12-24 00:00:00,400.0,400.0,21.647258,19.68943,890.037581,0.0,0.0,1444.568,0.0,562.579563
2020-12-24 01:00:00,400.0,188.482022,21.116411,14.9805,1027.805176,0.0,0.0,1456.264,0.0,543.668824
2020-12-24 02:00:00,400.0,168.497263,21.116411,14.978232,1030.304924,0.0,0.0,1418.62,0.0,537.647261
2020-12-24 03:00:00,400.0,295.81275,21.116714,14.978232,1012.633718,0.0,0.0,1414.796,0.0,539.724342
2020-12-24 04:00:00,400.0,388.339173,21.843654,18.926085,847.239049,0.0,0.0,1342.74,0.0,553.725143
2020-12-24 05:00:00,400.0,400.0,73.069973,20.526636,604.494671,0.0,170.160028,1334.366,0.0,588.880699
2020-12-24 06:00:00,400.0,400.0,72.96816,70.922244,693.460378,0.0,135.244065,1712.47,0.0,632.251443
2020-12-24 07:00:00,400.0,82.4,22.335927,14.975368,962.597357,0.0,0.0,2057.98021,319.81979,643.707428
2020-12-24 08:00:00,102.49678,53.4,14.975368,0.0,1653.90322,0.0,0.0,3058.440788,356.427212,636.830635
2020-12-24 09:00:00,0.0,74.4,0.0,0.0,1769.0,0.0,0.0,3164.937026,538.896974,635.540554
2020-12-24 10:00:00,0.0,82.4,0.0,0.0,1772.0,0.0,0.0,3109.314041,857.805959,626.747106
2020-12-24 11:00:00,0.0,83.4,0.0,0.0,1775.0,0.0,0.0,3025.243537,1185.756463,613.686531
2020-12-24 12:00:00,0.0,82.4,0.0,0.0,1774.0,0.0,0.0,2924.390706,1243.329294,598.708606
2020-12-24 13:00:00,0.0,81.4,0.0,0.0,1778.0,0.0,0.0,2839.164919,1320.933081,585.324738
2020-12-24 14:00:00,0.0,400.0,0.0,19.68943,1765.0,0.0,0.0,2798.117625,974.562375,581.117644
2020-12-24 15:00:00,0.0,400.0,0.0,20.846138,1758.0,0.0,0.0,1903.97599,1533.93801,575.546398
2020-12-24 16:00:00,0.0,400.0,0.0,37.576256,2697.0,0.0,0.0,2064.660697,645.371303,597.549105
2020-12-24 17:00:00,0.0,400.0,14.544199,76.324557,2650.197472,0.0,0.0,2418.999595,96.122405,668.520318
2020-12-24 18:00:00,400.0,400.0,18.52187,47.684227,2210.647053,0.0,0.0,2367.774358,34.493642,715.969096
2020-12-24 19:00:00,398.0,400.0,14.978232,28.277455,2297.000471,0.0,0.0,2366.603082,17.160918,702.840392
2020-12-24 20:00:00,400.0,400.0,15.731586,28.566815,2254.668919,0.0,0.0,2262.666,0.0,693.599562
2020-12-24 21:00:00,400.0,400.0,19.430296,24.074771,1997.915096,0.0,0.0,1862.372,0.0,672.068536
2020-12-24 22:00:00,398.0,400.0,14.981951,24.617414,2297.0,0.0,0.0,1905.321217,3.008783,633.648183
2020-12-24 23:00:00,0.0,400.0,0.0,22.516066,2699.0,0.0,0.0,2003.741084,180.558916,588.111163
2020-12-25 00:00:00,0.0,400.0,0.0,19.68943,2710.0,0.0,0.0,1771.144322,680.235678,551.571648
2020-12-25 01:00:00,0.0,400.0,0.0,19.034775,2715.0,0.0,0.0,1642.605004,1021.076996,531.540751
2020-12-25 02:00:00,0.0,400.0,0.0,18.861019,2715.0,0.0,0.0,1576.968637,1015.851363,521.695296
2020-12-25 03:00:00,0.0,400.0,0.0,19.983547,2715.0,0.0,0.0,1551.297937,1076.018063,517.844691
2020-12-25 04:00:00,0.0,400.0,0.0,19.983547,2715.0,0.0,0.0,1616.142366,972.975634,527.571355
2020-12-25 05:00:00,0.0,400.0,0.0,23.069973,2704.0,0.0,0.0,1774.076661,565.327339,552.911499
2020-12-25 06:00:00,168.024556,400.0,14.978232,56.965214,2474.375444,0.0,0.0,1782.510621,167.735379,588.620277
2020-12-25 07:00:00,400.0,400.0,20.846138,21.116411,1732.134877,0.0,0.0,1176.982,0.0,609.127068
2020-12-25 08:00:00,400.0,303.015056,19.68943,14.9805,1814.763411,0.0,0.0,1664.68,0.0,616.637488
2020-12-25 09:00:00,400.0,64.4,19.034775,0.0,1941.620603,0.0,0.0,1842.0,0.0,624.20691
2020-12-25 10:00:00,400.0,84.609755,19.430296,1.934736,1878.404614,0.0,0.0,1780.148,0.0,624.411508
2020-12-25 11:00:00,400.0,36.806738,18.861019,0.0,2001.675145,0.0,0.0,1858.92,0.0,617.736728
2020-12-25 12:00:00,279.349709,20.4,14.9805,0.0,2222.050292,0.0,0.0,1970.58,0.0,601.429456
2020-12-25 13:00:00,95.91323,73.188066,14.981951,14.981951,2422.48677,0.0,0.0,2064.304,0.0,585.422584
2020-12-25 14:00:00,141.767262,371.024035,14.981951,14.982507,2378.632738,0.0,0.0,1954.01,0.0,575.456589
2020-12-25 15:00:00,400.0,400.0,16.970947,21.287879,2109.228417,0.0,0.0,1639.7,0.0,568.720737
2020-12-25 16:00:00,400.0,400.0,21.116714,25.9087,1551.39473,0.0,0.0,787.768,0.0,584.90599
2020-12-25 17:00:00,400.0,400.0,23.87513,68.637676,1195.979149,0.0,0.0,365.132,0.0,647.572928
2020-12-25 18:00:00,400.0,400.0,26.324557,76.525384,1048.237397,0.0,0.0,397.318,0.0,685.51209
2020-12-25 19:00:00,400.0,400.0,25.9087,27.619819,1138.254847,0.0,0.0,411.65,0.0,668.159273
2020-12-25 20:00:00,400.0,400.0,24.617414,28.153319,1126.395942,0.0,0.0,405.898,0.0,660.825309
2020-12-25 21:00:00,400.0,400.0,23.437807,26.749115,1265.323287,0.0,0.0,403.202,0.0,639.581807
2020-12-25 22:00:00,400.0,400.0,76.324557,24.915341,718.393212,0.0,61.180306,383.35,0.0,612.143518
2020-12-25 23:00:00,400.0,400.0,75.9087,22.96816,658.797913,0.0,76.9863,435.486,0.0,575.653213
2020-12-26 00:00:00,400.0,400.0,23.128644,26.391475,914.077174,0.0,0.0,486.95,0.0,545.080924
2020-12-26 01:00:00,400.0,400.0,23.069973,26.289724,797.485997,0.0,0.0,582.172,0.0,523.6029
2020-12-26 02:00:00,400.0,400.0,73.657594,23.468112,491.995756,0.0,173.929081,568.348,0.0,514.102837
2020-12-26 03:00:00,400.0,400.0,73.069973,24.733922,644.661667,0.0,27.423583,849.13,0.0,510.07025
2020-12-26 04:00:00,400.0,400.0,75.9087,20.419098,240.151951,0.0,434.729756,820.73,0.0,513.236707
2020-12-26 05:00:00,400.0,400.0,74.617414,20.846138,316.505917,0.0,375.631695,981.83,0.0,525.948612
2020-12-26 06:00:00,400.0,400.0,21.122752,34.449484,963.726721,0.0,0.0,1731.5502,70.4678,544.623522
2020-12-26 07:00:00,400.0,85.4,21.122752,0.0,832.761016,0.0,0.0,1960.361489,58.640511,550.290071
2020-12-26 08:00:00,0.0,88.4,0.0,0.0,1613.0,0.0,0.0,2757.257397,52.242603,552.78861
2020-12-26 09:00:00,0.0,88.4,0.0,0.0,1615.0,0.0,0.0,2808.192756,676.545244,560.128913
2020-12-26 10:00:00,0.0,88.4,0.0,0.0,1615.0,0.0,0.0,2765.001501,853.012499,553.650225
2020-12-26 11:00:00,0.0,83.4,0.0,0.0,1614.0,0.0,0.0,2696.375134,840.872866,543.50627
2020-12-26 12:00:00,0.0,83.4,0.0,0.0,1615.0,0.0,0.0,2617.079408,998.058592,531.461911
2020-12-26 13:00:00,0.0,83.4,0.0,0.0,1618.0,0.0,0.0,2541.029791,1417.032209,519.604469
2020-12-26 14:00:00,0.0,62.4,0.0,0.0,1624.0,0.0,0.0,2498.844923,1456.207077,512.376738
2020-12-26 15:00:00,0.0,44.4,0.0,0.0,1621.0,0.0,0.0,2457.55388,1047.91212,506.633082
2020-12-26 16:00:00,165.021033,400.0,14.979622,20.42044,1434.378968,0.0,0.0,2376.932,0.0,522.532955
2020-12-26 17:00:00,400.0,400.0,19.68943,25.77579,916.97646,0.0,0.0,1945.03,0.0,586.358031
2020-12-26 18:00:00,400.0,400.0,21.287879,24.457442,1004.9823,0.0,0.0,1949.422,0.0,629.315955
2020-12-26 19:00:00,400.0,400.0,21.843654,24.54664,865.396961,0.0,0.0,1759.916,0.0,621.827856
2020-12-26 20:00:00,400.0,400.0,72.516066,69.863482,806.246615,0.0,7.120493,1690.614,0.0,620.305108
2020-12-26 21:00:00,400.0,400.0,21.647258,67.276132,949.280772,0.0,0.0,1752.918,0.0,608.195584
2020-12-26 22:00:00,400.0,400.0,22.516066,21.288154,816.330814,0.0,0.0,1482.698,0.0,587.605078
2020-12-26 23:00:00,400.0,400.0,21.647258,21.287879,927.91368,0.0,0.0,1396.25,0.0,557.900448
2020-12-27 00:00:00,400.0,400.0,21.647258,20.846138,955.340069,0.0,0.0,1238.366,0.0,530.10389
2020-12-27 01:00:00,400.0,400.0,21.647258,21.116714,892.207658,0.0,0.0,1052.75,0.0,511.731351
2020-12-27 02:00:00,400.0,400.0,23.069973,21.288154,740.204396,0.0,0.0,828.6,0.0,500.909341
2020-12-27 03:00:00,400.0,400.0,73.206766,22.96816,609.636305,0.0,36.939249,667.4,0.0,496.314554
2020-12-27 04:00:00,400.0,400.0,23.206766,23.069973,627.483602,0.0,0.0,538.902,0.0,499.86276
2020-12-27 05:00:00,400.0,400.0,23.206766,67.649545,737.81903,0.0,0.0,490.938,0.0,513.167845
2020-12-27 06:00:00,400.0,400.0,23.206766,76.324557,744.281966,0.0,0.0,420.93,0.0,527.647205
2020-12-27 07:00:00,400.0,400.0,73.87513,21.647258,567.291629,0.0,133.493427,387.872,0.0,528.987056
2020-12-27 08:00:00,400.0,400.0,71.843654,19.983547,642.298936,0.0,59.888424,1180.668,0.0,530.15536
2020-12-27 09:00:00,400.0,258.902524,19.430296,14.981951,1175.577631,0.0,0.0,1728.168,0.0,532.288555
2020-12-27 10:00:00,400.0,65.4,15.731586,0.0,1461.285276,0.0,0.0,1979.168,0.0,527.082409
2020-12-27 11:00:00,165.958879,68.4,14.982507,0.0,1709.441121,0.0,0.0,2171.1,0.0,518.648832
2020-12-27 12:00:00,94.511275,59.4,14.982507,0.0,1779.888725,0.0,0.0,2183.868,0.0,509.996891
2020-12-27 13:00:00,139.819946,59.4,14.982507,0.0,1730.580054,0.0,0.0,2119.602,0.0,507.753292
2020-12-27 14:00:00,0.0,127.694771,0.0,14.9805,1868.0,0.0,0.0,2227.701087,7.566913,503.355163
2020-12-27 15:00:00,18.837984,400.0,14.981951,18.861019,1832.562016,0.0,0.0,2156.238,0.0,497.951398
2020-12-27 16:00:00,400.0,400.0,16.970947,71.843654,1383.622214,0.0,0.0,1766.514,0.0,512.833768
2020-12-27 17:00:00,400.0,400.0,21.368347,44.953754,945.743699,0.0,0.0,1736.892488,9.227512,568.072318
2020-12-27 18:00:00,400.0,400.0,21.116714,25.045671,834.473898,0.0,0.0,1879.7,0.0,606.183915
2020-12-27 19:00:00,400.0,400.0,70.419098,22.028697,720.565069,0.0,50.583471,2056.962,0.0,585.95954
2020-12-27 20:00:00,400.0,400.0,20.42044,20.547985,848.973927,0.0,0.0,2310.366763,310.149237,581.458925
2020-12-27 21:00:00,400.0,400.0,20.42044,20.42044,863.378716,0.0,0.0,2254.199631,368.352369,570.873137
2020-12-27 22:00:00,400.0,400.0,20.234035,20.234035,873.227731,0.0,0.0,2177.702655,370.265345,557.921239
2020-12-27 23:00:00,400.0,400.0,74.9512,21.122752,493.499876,0.0,216.067314,1653.867806,315.350194,536.30519
2020-12-28 00:00:00,400.0,400.0,21.122752,73.018717,731.68115,0.0,0.0,1709.620926,328.427074,514.640966
2020-12-28 01:00:00,400.0,400.0,18.926085,20.42044,1039.538654,0.0,0.0,1913.234926,327.795074,501.554441
2020-12-28 02:00:00,400.0,400.0,18.52187,22.443243,916.248045,0.0,0.0,2090.191193,401.838807,493.341472
2020-12-28 03:00:00,326.00086,397.102668,14.978232,17.38235,1047.39914,0.0,0.0,2194.074418,367.427582,489.251292
2020-12-28 04:00:00,337.889426,290.94902,14.978232,14.978232,1035.510574,0.0,0.0,2200.497019,362.340981,491.997967
2020-12-28 05:00:00,240.062032,376.789604,14.978232,14.978232,1132.337968,0.0,0.0,2375.516334,308.449666,503.726755
2020-12-28 06:00:00,319.195569,400.0,14.978232,20.234035,1052.204431,0.0,0.0,2382.269779,348.594221,516.759802
2020-12-28 07:00:00,279.273217,57.4,14.978232,-0.0,1086.126783,0.0,0.0,2378.675071,321.256929,511.132243
2020-12-28 08:00:00,0.0,48.4,0.0,-0.0,1372.0,0.0,0.0,2636.61182,664.18618,506.941773
2020-12-28 09:00:00,0.0,61.4,0.0,-0.0,1364.0,0.0,0.0,2615.226177,938.573823,504.933927
2020-12-28 10:00:00,0.0,88.4,0.0,-0.0,1360.0,0.0,0.0,2599.840092,722.659908,503.226014
2020-12-28 11:00:00,0.0,82.4,0.0,-0.0,1359.0,0.0,0.0,2550.724621,678.885379,496.008693
2020-12-28 12:00:00,0.0,82.4,0.0,-0.0,1357.0,0.0,0.0,2514.952299,420.037701,490.942845
2020-12-28 13:00:00,0.0,82.4,0.0,-0.0,1357.0,0.0,0.0,2455.113808,418.386192,481.967071
2020-12-28 14:00:00,0.0,82.4,0.0,-0.0,1358.0,0.0,0.0,2414.338191,274.447809,475.700729
2020-12-28 15:00:00,23.878447,121.448305,14.9805,14.9805,1325.521553,0.0,0.0,2355.922,0.0,471.810067
2020-12-28 16:00:00,398.0,359.944934,14.9805,18.731435,961.0,0.0,0.0,1333.548606,35.997394,484.432291
2020-12-28 17:00:00,400.0,400.0,21.288154,32.731546,1243.574309,0.0,0.0,912.832,0.0,532.688654
2020-12-28 18:00:00,400.0,400.0,23.069973,24.617414,1076.044938,0.0,0.0,767.402,0.0,568.703559
2020-12-28 19:00:00,400.0,400.0,24.617414,41.002275,855.506385,0.0,0.0,517.438,0.0,564.289742
2020-12-28 20:00:00,400.0,400.0,25.9087,74.692041,744.352987,0.0,0.0,444.568,0.0,566.582252
2020-12-28 21:00:00,400.0,400.0,24.617414,25.9087,768.2395,0.0,0.0,420.918,0.0,554.651775
2020-12-28 22:00:00,400.0,400.0,23.657594,24.617414,885.515634,0.0,0.0,421.934,0.0,537.212755
2020-12-28 23:00:00,400.0,400.0,23.128644,23.206766,999.829412,0.0,0.0,355.084,0.0,510.038188
2020-12-29 00:00:00,400.0,400.0,23.069973,23.128644,1054.126415,0.0,0.0,276.568,0.0,490.116238
2020-12-29 01:00:00,400.0,400.0,22.96816,23.069973,1113.855823,0.0,0.0,262.332,0.0,479.021427
2020-12-29 02:00:00,400.0,400.0,22.732362,23.069973,1148.399836,0.0,0.0,269.348,0.0,474.892225
2020-12-29 03:00:00,400.0,400.0,22.732362,23.069973,1170.532818,0.0,0.0,284.634,0.0,473.865177
2020-12-29 04:00:00,400.0,400.0,22.732362,23.128644,1142.250457,0.0,0.0,301.77,0.0,485.177931
2020-12-29 05:00:00,400.0,400.0,22.732362,24.617414,1129.879252,0.0,0.0,393.168,0.0,507.643312
2020-12-29 06:00:00,400.0,400.0,23.128644,72.902867,998.861295,0.0,0.0,442.12,0.0,535.838806
2020-12-29 07:00:00,400.0,400.0,23.657594,21.474047,870.713416,0.0,0.0,457.488,0.0,547.916188
2020-12-29 08:00:00,400.0,400.0,22.492854,18.861019,1257.317882,0.0,0.0,899.098,0.0,556.167018
2020-12-29 09:00:00,400.0,253.552768,19.68943,14.982507,1631.729661,0.0,0.0,1345.486,0.0,566.963451
2020-12-29 10:00:00,400.0,197.183057,19.68943,14.982507,1599.253284,0.0,0.0,1323.882,0.0,568.594307
2020-12-29 11:00:00,400.0,189.949378,19.685338,14.982507,1664.106034,0.0,0.0,1375.1,0.0,566.549095
2020-12-29 12:00:00,400.0,164.817455,20.400003,14.982507,1562.327258,0.0,0.0,1239.8,0.0,561.520911
2020-12-29 13:00:00,400.0,233.299829,19.68943,14.982507,1624.807104,0.0,0.0,1252.41,0.0,554.040434
2020-12-29 14:00:00,400.0,400.0,18.861019,18.861019,1839.102428,0.0,0.0,1424.92,0.0,547.772636
2020-12-29 15:00:00,400.0,400.0,18.463561,21.116714,1867.193685,0.0,0.0,1251.2,0.0,543.000947
2020-12-29 16:00:00,400.0,400.0,22.96816,28.220844,1277.928411,0.0,0.0,623.862,0.0,565.040038
2020-12-29 17:00:00,400.0,400.0,24.617414,76.324557,944.814675,0.0,0.0,646.222,0.0,624.361099
2020-12-29 18:00:00,400.0,400.0,76.324557,60.219104,813.659835,0.0,28.82769,778.69,0.0,657.904525
2020-12-29 19:00:00,400.0,400.0,23.128644,25.511462,1129.308546,0.0,0.0,953.884,0.0,636.836318
2020-12-29 20:00:00,400.0,400.0,75.9087,27.2398,791.636133,0.0,22.867047,922.884,0.0,629.58718
2020-12-29 21:00:00,400.0,400.0,22.297397,25.258388,803.758429,0.0,0.0,1063.05,0.0,595.543736
2020-12-29 22:00:00,400.0,400.0,22.732362,26.565479,1053.104944,0.0,0.0,1102.052,0.0,563.992058
2020-12-29 23:00:00,400.0,400.0,73.87513,21.116714,467.864303,0.0,230.217551,1000.65,0.0,530.067854
2020-12-30 00:00:00,400.0,400.0,22.492854,24.546783,772.967202,0.0,0.0,1104.552,0.0,499.88772
2020-12-30 01:00:00,400.0,400.0,74.617414,21.116411,280.132063,0.0,323.195328,825.068,0.0,481.940391
2020-12-30 02:00:00,400.0,400.0,73.87513,19.034775,366.845916,0.0,262.456996,839.752,0.0,476.085913
2020-12-30 03:00:00,400.0,400.0,73.657594,18.861019,384.09348,0.0,241.107798,839.762,0.0,473.500278
2020-12-30 04:00:00,400.0,400.0,73.128644,19.034775,435.893143,0.0,202.646186,949.002,0.0,482.116329
2020-12-30 05:00:00,400.0,400.0,76.546344,19.685338,572.470323,0.0,98.315814,1236.94457,228.90543,504.821137
2020-12-30 06:00:00,400.0,400.0,77.609816,42.808704,465.024495,0.0,236.698777,1295.819639,267.602361,529.769272
2020-12-30 07:00:00,400.0,400.0,78.13491,25.150973,445.848603,0.0,283.641899,1364.238614,324.379386,542.908502
2020-12-30 08:00:00,400.0,268.239213,20.42044,14.975368,838.300302,0.0,0.0,2142.63595,136.86405,563.540347
2020-12-30 09:00:00,19.97343,123.4,14.975368,0.0,1439.42657,0.0,0.0,2915.446388,119.231612,573.302973
2020-12-30 10:00:00,0.0,132.4,0.0,0.0,1474.0,0.0,0.0,2973.856546,645.107454,576.878482
2020-12-30 11:00:00,0.0,99.4,0.0,0.0,1470.0,0.0,0.0,2976.092475,431.707525,577.813871
2020-12-30 12:00:00,0.0,96.4,0.0,0.0,1470.0,0.0,0.0,2938.539428,360.046572,572.180914
2020-12-30 13:00:00,0.0,71.4,0.0,0.0,1475.0,0.0,0.0,2907.979833,91.910167,566.846975
2020-12-30 14:00:00,0.0,74.4,0.0,0.0,1475.0,0.0,0.0,2839.397267,143.438733,556.55959
2020-12-30 15:00:00,107.58662,37.4,14.979622,0.0,1357.813381,0.0,0.0,2714.762,0.0,555.442293
2020-12-30 16:00:00,398.0,400.0,14.979622,20.42044,1086.426836,0.0,0.0,2255.138,0.0,573.706675
2020-12-30 17:00:00,400.0,400.0,21.719273,69.38281,976.288138,0.0,0.0,2119.152655,2.847345,630.279678
2020-12-30 18:00:00,400.0,400.0,79.008569,31.268801,760.374806,0.0,112.072474,2161.83667,9.34733,667.86928
2020-12-30 19:00:00,400.0,400.0,74.332639,58.589411,755.860608,0.0,96.866577,2047.795176,53.054824,651.440185
2020-12-30 20:00:00,400.0,400.0,74.762577,23.25897,590.992217,0.0,245.600056,2005.847376,205.482624,638.828274
2020-12-30 21:00:00,400.0,400.0,74.332639,24.179702,628.34944,0.0,171.951224,2018.807198,276.644802,611.918664
2020-12-30 22:00:00,400.0,400.0,20.526636,21.566574,954.113534,0.0,0.0,2105.692567,286.839433,576.086855
2020-12-30 23:00:00,400.0,400.0,72.118409,18.519829,694.751857,0.0,9.995869,1921.010035,293.457965,534.788727
2020-12-31 00:00:00,282.2048,322.852664,14.980658,14.980658,1150.1952,0.0,0.0,2190.794715,301.605285,506.939927
2020-12-31 01:00:00,134.858556,131.804076,14.980658,14.980658,1296.541444,0.0,0.0,2222.835463,197.132537,489.794103
2020-12-31 02:00:00,267.025464,155.542918,14.978232,14.980658,1154.374536,0.0,0.0,2054.513916,57.556084,485.870907
2020-12-31 03:00:00,400.0,400.0,19.68943,15.717231,803.473396,0.0,0.0,1685.162,0.0,483.103291
2020-12-31 04:00:00,400.0,400.0,70.419098,18.463561,627.349591,0.0,29.07677,1574.052,0.0,492.855361
2020-12-31 05:00:00,400.0,400.0,73.437807,19.983547,257.885035,0.0,384.66091,1289.698,0.0,514.621945
2020-12-31 06:00:00,400.0,400.0,77.050889,71.647258,172.704266,0.0,377.387694,1160.984,0.0,550.09196
2020-12-31 07:00:00,400.0,206.17759,500.0,14.981951,0.0,39.623365,745.601405,1008.386,0.0,565.501405
2020-12-31 08:00:00,400.0,89.4,20.419098,0.0,854.916296,0.0,0.0,1959.862,0.0,574.041856
2020-12-31 09:00:00,400.0,89.4,15.731586,0.0,1255.664837,0.0,0.0,2451.482,0.0,587.672574
2020-12-31 10:00:00,301.015836,83.4,14.981951,0.0,1383.384164,0.0,0.0,2623.136,0.0,594.262775
2020-12-31 11:00:00,302.27555,400.0,14.981951,19.034775,1383.12445,0.0,0.0,2621.902,0.0,594.116632
2020-12-31 12:00:00,400.0,400.0,16.970947,19.68943,1237.631794,0.0,0.0,2415.7,0.0,585.010231
2020-12-31 13:00:00,400.0,400.0,19.034775,20.400003,1098.911325,0.0,0.0,2232.1,0.0,578.278301
2020-12-31 14:00:00,400.0,400.0,18.463561,22.210199,1199.392848,0.0,0.0,2128.172,0.0,573.116873
2020-12-31 15:00:00,160.724745,400.0,14.982507,21.647258,1725.675255,0.0,0.0,1937.596,0.0,569.838112
2020-12-31 16:00:00,400.0,400.0,19.68943,31.174652,1739.115183,0.0,0.0,1172.364,0.0,587.287323
2020-12-31 17:00:00,400.0,400.0,23.437807,73.845468,1245.535352,0.0,0.0,716.838,0.0,650.895397
2020-12-31 18:00:00,400.0,400.0,26.429316,70.145367,958.645303,0.0,0.0,671.83,0.0,684.777705
2020-12-31 19:00:00,400.0,400.0,26.429316,26.682755,937.502003,0.0,0.0,540.55,0.0,668.2572
2020-12-31 20:00:00,400.0,400.0,26.429316,26.854912,963.219726,0.0,0.0,498.446,0.0,658.083941
2020-12-31 21:00:00,400.0,400.0,26.429316,25.9087,840.333442,0.0,0.0,560.562,0.0,632.584284
2020-12-31 22:00:00,400.0,400.0,76.324557,23.206766,712.752622,0.0,45.608785,522.762,0.0,592.801407
2020-12-31 23:00:00,400.0,400.0,23.128644,23.128644,1035.369983,0.0,0.0,564.602,0.0,550.684803
