Year,Month,Day,Period,122_HYDRO_1,122_HYDRO_2,122_HYDRO_3,122_HYDRO_4,122_HYDRO_5,122_HYDRO_6,201_HYDRO_4,215_HYDRO_1,215_HYDRO_2,215_HYDRO_3,222_HYDRO_1,222_HYDRO_2,222_HYDRO_3,222_HYDRO_4,222_HYDRO_5,222_HYDRO_6,322_HYDRO_1,322_HYDRO_2,322_HYDRO_3,322_HYDRO_4
2020,1,1,1,6.46126740902393,12.497428852176883,4.212203489776691,4.140367482489997,8.209146147877535,10.741957837644197,9.149844871990915,11.995347656801906,12.575847577663918,6.838407050229774,10.548048498572543,7.005961157634284,2.5021754963193614,7.968613364006133,4.0141230345524495,9.451247822301504,9.626442674355172,6.459133291131537,4.219484789005742,7.306854606214659
2020,1,1,2,6.46126740902393,12.497428852176883,4.212203489776691,4.140367482489997,8.209146147877535,10.741957837644197,9.149844871990915,11.995347656801906,12.575847577663918,6.838407050229774,10.548048498572543,7.005961157634284,2.5021754963193614,7.968613364006133,4.0141230345524495,9.451247822301504,9.626442674355172,6.459133291131537,4.219484789005742,7.306854606214659
2020,1,1,3,6.46126740902393,12.497428852176883,4.212203489776691,4.140367482489997,8.209146147877535,10.741957837644197,9.149844871990915,11.995347656801906,12.575847577663918,6.838407050229774,10.548048498572543,7.005961157634284,2.5021754963193614,7.968613364006133,4.0141230345524495,9.451247822301504,9.626442674355172,6.459133291131537,4.219484789005742,7.306854606214659
2020,1,1,4,6.46126740902393,12.497428852176883,4.212203489776691,4.140367482489997,8.209146147877535,10.741957837644197,9.149844871990915,11.995347656801906,12.575847577663918,6.838407050229774,10.548048498572543,7.005961157634284,2.5021754963193614,7.968613364006133,4.0141230345524495,9.451247822301504,9.626442674355172,6.459133291131537,4.219484789005742,7.306854606214659
2020,1,1,5,6.46126740902393,12.497428852176883,4.212203489776691,4.140367482489997,8.209146147877535,10.741957837644197,9.149844871990915,11.995347656801906,12.575847577663918,6.838407050229774,10.548048498572543,7.005961157634284,2.5021754963193614,7.968613364006133,4.0141230345524495,9.451247822301504,9.626442674355172,6.459133291131537,4.219484789005742,7.306854606214659
2020,1,1,6,6.46126740902393,12.497428852176883,4.212203489776691,4.140367482489997,8.209146147877535,10.741957837644197,9.149844871990915,11.995347656801906,12.575847577663918,6.838407050229774,10.548048498572543,7.005961157634284,2.5021754963193614,7.968613364006133,4.0141230345524495,9.451247822301504,9.626442674355172,6.459133291131537,4.219484789005742,7.306854606214659
2020,1,1,7,6.46126740902393,12.497428852176883,4.212203489776691,4.140367482489997,8.209146147877535,10.741957837644197,9.149844871990915,11.995347656801906,12.575847577663918,6.838407050229774,10.548048498572543,7.005961157634284,2.5021754963193614,7.968613364006133,4.0141230345524495,9.451247822301504,9.626442674355172,6.459133291131537,4.219484789005742,7.306854606214659
2020,1,1,8,6.46126740902393,12.497428852176883,4.212203489776691,4.140367482489997,8.209146147877535,10.741957837644197,9.149844871990915,11.995347656801906,12.575847577663918,6.838407050229774,10.548048498572543,7.005961157634284,2.5021754963193614,7.968613364006133,4.0141230345524495,9.451247822301504,9.626442674355172,6.459133291131537,4.219484789005742,7.306854606214659
2020,1,1,9,6.46126740902393,12.497428852176883,4.212203489776691,4.140367482489997,8.209146147877535,10.741957837644197,9.149844871990915,11.995347656801906,12.575847577663918,6.838407050229774,10.548048498572543,7.005961157634284,2.5021754963193614,7.968613364006133,4.0141230345524495,9.451247822301504,9.626442674355172,6.459133291131537,4.219484789005742,7.306854606214659
2020,1,1,10,6.46126740902393,12.497428852176883,4.212203489776691,4.140367482489997,8.209146147877535,10.741957837644197,9.149844871990915,11.995347656801906,12.575847577663918,6.838407050229774,10.548048498572543,7.005961157634284,2.5021754963193614,7.968613364006133,4.0141230345524495,9.451247822301504,9.626442674355172,6.459133291131537,4.219484789005742,7.306854606214659
2020,1,1,11,6.46126740902393,12.497428852176883,4.212203489776691,4.140367482489997,8.209146147877535,10.741957837644197,9.149844871990915,11.995347656801906,12.575847577663918,6.838407050229774,10.548048498572543,7.005961157634284,2.5021754963193614,7.968613364006133,4.0141230345524495,9.451247822301504,9.626442674355172,6.459133291131537,4.219484789005742,7.306854606214659
2020,1,1,12,6.46126740902393,12.497428852176883,4.212203489776691,4.140367482489997,8.209146147877535,10.741957837644197,9.149844871990915,11.995347656801906,12.575847577663918,6.838407050229774,10.548048498572543,7.005961157634284,2.5021754963193614,7.968613364006133,4.0141230345524495,9.451247822301504,9.626442674355172,6.459133291131537,4.219484789005742,7.306854606214659
2020,1,1,13,6.842929396914716,12.252146158727083,4.092294609150187,4.319107854007096,8.347319357546725,10.96147852707672,9.202155376155064,12.6175965604313,12.557738762682046,7.413582749750514,10.65196511626209,6.740544022722761,2.4954709780194415,7.546625670044915,4.222618386439768,9.445525553200213,9.660914872892793,6.060569628464857,4.28512380908411,8.022632190967785
2020,1,1,14,6.842929396914716,12.252146158727083,4.092294609150187,4.319107854007096,8.347319357546725,10.96147852707672,9.202155376155064,12.6175965604313,12.557738762682046,7.413582749750514,10.65196511626209,6.740544022722761,2.4954709780194415,7.546625670044915,4.222618386439768,9.445525553200213,9.660914872892793,6.060569628464857,4.28512380908411,8.022632190967785
2020,1,1,15,6.842929396914716,12.252146158727083,4.092294609150187,4.319107854007096,8.347319357546725,10.96147852707672,9.202155376155064,12.6175965604313,12.557738762682046,7.413582749750514,10.65196511626209,6.740544022722761,2.4954709780194415,7.546625670044915,4.222618386439768,9.445525553200213,9.660914872892793,6.060569628464857,4.28512380908411,8.022632190967785
2020,1,1,16,6.842929396914716,12.252146158727083,4.092294609150187,4.319107854007096,8.347319357546725,10.96147852707672,9.202155376155064,12.6175965604313,12.557738762682046,7.413582749750514,10.65196511626209,6.740544022722761,2.4954709780194415,7.546625670044915,4.222618386439768,9.445525553200213,9.660914872892793,6.060569628464857,4.28512380908411,8.022632190967785
2020,1,1,17,6.842929396914716,12.252146158727083,4.092294609150187,4.319107854007096,8.347319357546725,10.96147852707672,9.202155376155064,12.6175965604313,12.557738762682046,7.413582749750514,10.65196511626209,6.740544022722761,2.4954709780194415,7.546625670044915,4.222618386439768,9.445525553200213,9.660914872892793,6.060569628464857,4.28512380908411,8.022632190967785
2020,1,1,18,6.842929396914716,12.252146158727083,4.092294609150187,4.319107854007096,8.347319357546725,10.96147852707672,9.202155376155064,12.6175965604313,12.557738762682046,7.413582749750514,10.65196511626209,6.740544022722761,2.4954709780194415,7.546625670044915,4.222618386439768,9.445525553200213,9.660914872892793,6.060569628464857,4.28512380908411,8.022632190967785
2020,1,1,19,6.842929396914716,12.252146158727083,4.092294609150187,4.319107854007096,8.347319357546725,10.96147852707672,9.202155376155064,12.6175965604313,12.557738762682046,7.413582749750514,10.65196511626209,6.740544022722761,2.4954709780194415,7.546625670044915,4.222618386439768,9.445525553200213,9.660914872892793,6.060569628464857,4.28512380908411,8.022632190967785
2020,1,1,20,6.842929396914716,12.252146158727083,4.092294609150187,4.319107854007096,8.347319357546725,10.96147852707672,9.202155376155064,12.6175965604313,12.557738762682046,7.413582749750514,10.65196511626209,6.740544022722761,2.4954709780194415,7.546625670044915,4.222618386439768,9.445525553200213,9.660914872892793,6.060569628464857,4.28512380908411,8.022632190967785
2020,1,1,21,6.842929396914716,12.252146158727083,4.092294609150187,4.319107854007096,8.347319357546725,10.96147852707672,9.202155376155064,12.6175965604313,12.557738762682046,7.413582749750514,10.65196511626209,6.740544022722761,2.4954709780194415,7.546625670044915,4.222618386439768,9.445525553200213,9.660914872892793,6.060569628464857,4.28512380908411,8.022632190967785
2020,1,1,22,6.842929396914716,12.252146158727083,4.092294609150187,4.319107854007096,8.347319357546725,10.96147852707672,9.202155376155064,12.6175965604313,12.557738762682046,7.413582749750514,10.65196511626209,6.740544022722761,2.4954709780194415,7.546625670044915,4.222618386439768,9.445525553200213,9.660914872892793,6.060569628464857,4.28512380908411,8.022632190967785
2020,1,1,23,6.842929396914716,12.252146158727083,4.092294609150187,4.319107854007096,8.347319357546725,10.96147852707672,9.202155376155064,12.6175965604313,12.557738762682046,7.413582749750514,10.65196511626209,6.740544022722761,2.4954709780194415,7.546625670044915,4.222618386439768,9.445525553200213,9.660914872892793,6.060569628464857,4.28512380908411,8.022632190967785
2020,1,1,24,6.842929396914716,12.252146158727083,4.092294609150187,4.319107854007096,8.347319357546725,10.96147852707672,9.202155376155064,12.6175965604313,12.557738762682046,7.413582749750514,10.65196511626209,6.740544022722761,2.4954709780194415,7.546625670044915,4.222618386439768,9.445525553200213,9.660914872892793,6.060569628464857,4.28512380908411,8.022632190967785
2020,1,1,25,6.622745871216904,12.527552808920452,4.288416776545727,4.46290841956863,9.18886975112352,10.62242725501907,8.948890201712572,11.302031089727024,12.700917786104291,7.057873347779612,10.187614832036237,6.890295148234067,2.450730844875876,7.66085647546358,4.126405087865365,9.869164263664109,9.486174120421465,6.512899081285126,4.3212998967706895,7.716287102887826
2020,1,1,26,6.622745871216904,12.527552808920452,4.288416776545727,4.46290841956863,9.18886975112352,10.62242725501907,8.948890201712572,11.302031089727024,12.700917786104291,7.057873347779612,10.187614832036237,6.890295148234067,2.450730844875876,7.66085647546358,4.126405087865365,9.869164263664109,9.486174120421465,6.512899081285126,4.3212998967706895,7.716287102887826
2020,1,1,27,6.622745871216904,12.527552808920452,4.288416776545727,4.46290841956863,9.18886975112352,10.62242725501907,8.948890201712572,11.302031089727024,12.700917786104291,7.057873347779612,10.187614832036237,6.890295148234067,2.450730844875876,7.66085647546358,4.126405087865365,9.869164263664109,9.486174120421465,6.512899081285126,4.3212998967706895,7.716287102887826
2020,1,1,28,6.622745871216904,12.527552808920452,4.288416776545727,4.46290841956863,9.18886975112352,10.62242725501907,8.948890201712572,11.302031089727024,12.700917786104291,7.057873347779612,10.187614832036237,6.890295148234067,2.450730844875876,7.66085647546358,4.126405087865365,9.869164263664109,9.486174120421465,6.512899081285126,4.3212998967706895,7.716287102887826
2020,1,1,29,6.622745871216904,12.527552808920452,4.288416776545727,4.46290841956863,9.18886975112352,10.62242725501907,8.948890201712572,11.302031089727024,12.700917786104291,7.057873347779612,10.187614832036237,6.890295148234067,2.450730844875876,7.66085647546358,4.126405087865365,9.869164263664109,9.486174120421465,6.512899081285126,4.3212998967706895,7.716287102887826
2020,1,1,30,6.622745871216904,12.527552808920452,4.288416776545727,4.46290841956863,9.18886975112352,10.62242725501907,8.948890201712572,11.302031089727024,12.700917786104291,7.057873347779612,10.187614832036237,6.890295148234067,2.450730844875876,7.66085647546358,4.126405087865365,9.869164263664109,9.486174120421465,6.512899081285126,4.3212998967706895,7.716287102887826
2020,1,1,31,6.622745871216904,12.527552808920452,4.288416776545727,4.46290841956863,9.18886975112352,10.62242725501907,8.948890201712572,11.302031089727024,12.700917786104291,7.057873347779612,10.187614832036237,6.890295148234067,2.450730844875876,7.66085647546358,4.126405087865365,9.869164263664109,9.486174120421465,6.512899081285126,4.3212998967706895,7.716287102887826
2020,1,1,32,6.622745871216904,12.527552808920452,4.288416776545727,4.46290841956863,9.18886975112352,10.62242725501907,8.948890201712572,11.302031089727024,12.700917786104291,7.057873347779612,10.187614832036237,6.890295148234067,2.450730844875876,7.66085647546358,4.126405087865365,9.869164263664109,9.486174120421465,6.512899081285126,4.3212998967706895,7.716287102887826
2020,1,1,33,6.622745871216904,12.527552808920452,4.288416776545727,4.46290841956863,9.18886975112352,10.62242725501907,8.948890201712572,11.302031089727024,12.700917786104291,7.057873347779612,10.187614832036237,6.890295148234067,2.450730844875876,7.66085647546358,4.126405087865365,9.869164263664109,9.486174120421465,6.512899081285126,4.3212998967706895,7.716287102887826
2020,1,1,34,6.622745871216904,12.527552808920452,4.288416776545727,4.46290841956863,9.18886975112352,10.62242725501907,8.948890201712572,11.302031089727024,12.700917786104291,7.057873347779612,10.187614832036237,6.890295148234067,2.450730844875876,7.66085647546358,4.126405087865365,9.869164263664109,9.486174120421465,6.512899081285126,4.3212998967706895,7.716287102887826
2020,1,1,35,6.622745871216904,12.527552808920452,4.288416776545727,4.46290841956863,9.18886975112352,10.62242725501907,8.948890201712572,11.302031089727024,12.700917786104291,7.057873347779612,10.187614832036237,6.890295148234067,2.450730844875876,7.66085647546358,4.126405087865365,9.869164263664109,9.486174120421465,6.512899081285126,4.3212998967706895,7.716287102887826
2020,1,1,36,6.622745871216904,12.527552808920452,4.288416776545727,4.46290841956863,9.18886975112352,10.62242725501907,8.948890201712572,11.302031089727024,12.700917786104291,7.057873347779612,10.187614832036237,6.890295148234067,2.450730844875876,7.66085647546358,4.126405087865365,9.869164263664109,9.486174120421465,6.512899081285126,4.3212998967706895,7.716287102887826
2020,1,1,37,5.892463791226136,13.309874736699966,4.162443101843191,4.420364417471691,8.103161246741738,10.971323256541348,8.59914916760183,12.33873700345629,12.402509436025085,7.372325129737886,10.569814727398532,6.824705330154158,2.4803504190392065,7.376546071087524,4.031391781590031,9.596076164244833,9.268487919691934,6.492529132451323,4.3752782485466035,7.686667485845166
2020,1,1,38,5.892463791226136,13.309874736699966,4.162443101843191,4.420364417471691,8.103161246741738,10.971323256541348,8.59914916760183,12.33873700345629,12.402509436025085,7.372325129737886,10.569814727398532,6.824705330154158,2.4803504190392065,7.376546071087524,4.031391781590031,9.596076164244833,9.268487919691934,6.492529132451323,4.3752782485466035,7.686667485845166
2020,1,1,39,5.892463791226136,13.309874736699966,4.162443101843191,4.420364417471691,8.103161246741738,10.971323256541348,8.59914916760183,12.33873700345629,12.402509436025085,7.372325129737886,10.569814727398532,6.824705330154158,2.4803504190392065,7.376546071087524,4.031391781590031,9.596076164244833,9.268487919691934,6.492529132451323,4.3752782485466035,7.686667485845166
2020,1,1,40,5.892463791226136,13.309874736699966,4.162443101843191,4.420364417471691,8.103161246741738,10.971323256541348,8.59914916760183,12.33873700345629,12.402509436025085,7.372325129737886,10.569814727398532,6.824705330154158,2.4803504190392065,7.376546071087524,4.031391781590031,9.596076164244833,9.268487919691934,6.492529132451323,4.3752782485466035,7.686667485845166
2020,1,1,41,5.892463791226136,13.309874736699966,4.162443101843191,4.420364417471691,8.103161246741738,10.971323256541348,8.59914916760183,12.33873700345629,12.402509436025085,7.372325129737886,10.569814727398532,6.824705330154158,2.4803504190392065,7.376546071087524,4.031391781590031,9.596076164244833,9.268487919691934,6.492529132451323,4.3752782485466035,7.686667485845166
2020,1,1,42,5.892463791226136,13.309874736699966,4.162443101843191,4.420364417471691,8.103161246741738,10.971323256541348,8.59914916760183,12.33873700345629,12.402509436025085,7.372325129737886,10.569814727398532,6.824705330154158,2.4803504190392065,7.376546071087524,4.031391781590031,9.596076164244833,9.268487919691934,6.492529132451323,4.3752782485466035,7.686667485845166
2020,1,1,43,5.892463791226136,13.309874736699966,4.162443101843191,4.420364417471691,8.103161246741738,10.971323256541348,8.59914916760183,12.33873700345629,12.402509436025085,7.372325129737886,10.569814727398532,6.824705330154158,2.4803504190392065,7.376546071087524,4.031391781590031,9.596076164244833,9.268487919691934,6.492529132451323,4.3752782485466035,7.686667485845166
2020,1,1,44,5.892463791226136,13.309874736699966,4.162443101843191,4.420364417471691,8.103161246741738,10.971323256541348,8.59914916760183,12.33873700345629,12.402509436025085,7.372325129737886,10.569814727398532,6.824705330154158,2.4803504190392065,7.376546071087524,4.031391781590031,9.596076164244833,9.268487919691934,6.492529132451323,4.3752782485466035,7.686667485845166
2020,1,1,45,5.892463791226136,13.309874736699966,4.162443101843191,4.420364417471691,8.103161246741738,10.971323256541348,8.59914916760183,12.33873700345629,12.402509436025085,7.372325129737886,10.569814727398532,6.824705330154158,2.4803504190392065,7.376546071087524,4.031391781590031,9.596076164244833,9.268487919691934,6.492529132451323,4.3752782485466035,7.686667485845166
2020,1,1,46,5.892463791226136,13.309874736699966,4.162443101843191,4.420364417471691,8.103161246741738,10.971323256541348,8.59914916760183,12.33873700345629,12.402509436025085,7.372325129737886,10.569814727398532,6.824705330154158,2.4803504190392065,7.376546071087524,4.031391781590031,9.596076164244833,9.268487919691934,6.492529132451323,4.3752782485466035,7.686667485845166
2020,1,1,47,5.892463791226136,13.309874736699966,4.162443101843191,4.420364417471691,8.103161246741738,10.971323256541348,8.59914916760183,12.33873700345629,12.402509436025085,7.372325129737886,10.569814727398532,6.824705330154158,2.4803504190392065,7.376546071087524,4.031391781590031,9.596076164244833,9.268487919691934,6.492529132451323,4.3752782485466035,7.686667485845166
2020,1,1,48,5.892463791226136,13.309874736699966,4.162443101843191,4.420364417471691,8.103161246741738,10.971323256541348,8.59914916760183,12.33873700345629,12.402509436025085,7.372325129737886,10.569814727398532,6.824705330154158,2.4803504190392065,7.376546071087524,4.031391781590031,9.596076164244833,9.268487919691934,6.492529132451323,4.3752782485466035,7.686667485845166
2020,1,1,49,6.462081556643706,12.49884012275823,4.294613245359439,4.261236486136648,8.167319263447512,10.643960304592776,8.57034258603473,12.085969891696397,11.894533408753981,7.263859480652355,10.753649194853239,6.686200061210911,2.4521335262523856,7.695460319403267,4.104566512378133,9.455948289472852,9.34624653141231,6.359696977976969,4.343940514295037,8.08358145704634
2020,1,1,50,6.462081556643706,12.49884012275823,4.294613245359439,4.261236486136648,8.167319263447512,10.643960304592776,8.57034258603473,12.085969891696397,11.894533408753981,7.263859480652355,10.753649194853239,6.686200061210911,2.4521335262523856,7.695460319403267,4.104566512378133,9.455948289472852,9.34624653141231,6.359696977976969,4.343940514295037,8.08358145704634
2020,1,1,51,6.462081556643706,12.49884012275823,4.294613245359439,4.261236486136648,8.167319263447512,10.643960304592776,8.57034258603473,12.085969891696397,11.894533408753981,7.263859480652355,10.753649194853239,6.686200061210911,2.4521335262523856,7.695460319403267,4.104566512378133,9.455948289472852,9.34624653141231,6.359696977976969,4.343940514295037,8.08358145704634
2020,1,1,52,6.462081556643706,12.49884012275823,4.294613245359439,4.261236486136648,8.167319263447512,10.643960304592776,8.57034258603473,12.085969891696397,11.894533408753981,7.263859480652355,10.753649194853239,6.686200061210911,2.4521335262523856,7.695460319403267,4.104566512378133,9.455948289472852,9.34624653141231,6.359696977976969,4.343940514295037,8.08358145704634
2020,1,1,53,6.462081556643706,12.49884012275823,4.294613245359439,4.261236486136648,8.167319263447512,10.643960304592776,8.57034258603473,12.085969891696397,11.894533408753981,7.263859480652355,10.753649194853239,6.686200061210911,2.4521335262523856,7.695460319403267,4.104566512378133,9.455948289472852,9.34624653141231,6.359696977976969,4.343940514295037,8.08358145704634
2020,1,1,54,6.462081556643706,12.49884012275823,4.294613245359439,4.261236486136648,8.167319263447512,10.643960304592776,8.57034258603473,12.085969891696397,11.894533408753981,7.263859480652355,10.753649194853239,6.686200061210911,2.4521335262523856,7.695460319403267,4.104566512378133,9.455948289472852,9.34624653141231,6.359696977976969,4.343940514295037,8.08358145704634
2020,1,1,55,6.462081556643706,12.49884012275823,4.294613245359439,4.261236486136648,8.167319263447512,10.643960304592776,8.57034258603473,12.085969891696397,11.894533408753981,7.263859480652355,10.753649194853239,6.686200061210911,2.4521335262523856,7.695460319403267,4.104566512378133,9.455948289472852,9.34624653141231,6.359696977976969,4.343940514295037,8.08358145704634
2020,1,1,56,6.462081556643706,12.49884012275823,4.294613245359439,4.261236486136648,8.167319263447512,10.643960304592776,8.57034258603473,12.085969891696397,11.894533408753981,7.263859480652355,10.753649194853239,6.686200061210911,2.4521335262523856,7.695460319403267,4.104566512378133,9.455948289472852,9.34624653141231,6.359696977976969,4.343940514295037,8.08358145704634
2020,1,1,57,6.462081556643706,12.49884012275823,4.294613245359439,4.261236486136648,8.167319263447512,10.643960304592776,8.57034258603473,12.085969891696397,11.894533408753981,7.263859480652355,10.753649194853239,6.686200061210911,2.4521335262523856,7.695460319403267,4.104566512378133,9.455948289472852,9.34624653141231,6.359696977976969,4.343940514295037,8.08358145704634
2020,1,1,58,6.462081556643706,12.49884012275823,4.294613245359439,4.261236486136648,8.167319263447512,10.643960304592776,8.57034258603473,12.085969891696397,11.894533408753981,7.263859480652355,10.753649194853239,6.686200061210911,2.4521335262523856,7.695460319403267,4.104566512378133,9.455948289472852,9.34624653141231,6.359696977976969,4.343940514295037,8.08358145704634
2020,1,1,59,6.462081556643706,12.49884012275823,4.294613245359439,4.261236486136648,8.167319263447512,10.643960304592776,8.57034258603473,12.085969891696397,11.894533408753981,7.263859480652355,10.753649194853239,6.686200061210911,2.4521335262523856,7.695460319403267,4.104566512378133,9.455948289472852,9.34624653141231,6.359696977976969,4.343940514295037,8.08358145704634
2020,1,1,60,6.462081556643706,12.49884012275823,4.294613245359439,4.261236486136648,8.167319263447512,10.643960304592776,8.57034258603473,12.085969891696397,11.894533408753981,7.263859480652355,10.753649194853239,6.686200061210911,2.4521335262523856,7.695460319403267,4.104566512378133,9.455948289472852,9.34624653141231,6.359696977976969,4.343940514295037,8.08358145704634
2020,1,1,61,6.774086209998416,12.595507009243917,4.152315486730172,4.30072768271712,8.494284274400695,10.69966849137102,8.59522082340401,12.403500222002954,11.83517196088811,6.6294071101234335,10.267492731482884,6.937322935403023,2.598445338817392,7.619184860129029,4.092720079029923,9.458670282509704,9.860818330453478,6.282590794858048,4.351814652652372,7.423573766036958
2020,1,1,62,6.774086209998416,12.595507009243917,4.152315486730172,4.30072768271712,8.494284274400695,10.69966849137102,8.59522082340401,12.403500222002954,11.83517196088811,6.6294071101234335,10.267492731482884,6.937322935403023,2.598445338817392,7.619184860129029,4.092720079029923,9.458670282509704,9.860818330453478,6.282590794858048,4.351814652652372,7.423573766036958
2020,1,1,63,6.774086209998416,12.595507009243917,4.152315486730172,4.30072768271712,8.494284274400695,10.69966849137102,8.59522082340401,12.403500222002954,11.83517196088811,6.6294071101234335,10.267492731482884,6.937322935403023,2.598445338817392,7.619184860129029,4.092720079029923,9.458670282509704,9.860818330453478,6.282590794858048,4.351814652652372,7.423573766036958
2020,1,1,64,6.774086209998416,12.595507009243917,4.152315486730172,4.30072768271712,8.494284274400695,10.69966849137102,8.59522082340401,12.403500222002954,11.83517196088811,6.6294071101234335,10.267492731482884,6.937322935403023,2.598445338817392,7.619184860129029,4.092720079029923,9.458670282509704,9.860818330453478,6.282590794858048,4.351814652652372,7.423573766036958
2020,1,1,65,6.774086209998416,12.595507009243917,4.152315486730172,4.30072768271712,8.494284274400695,10.69966849137102,8.59522082340401,12.403500222002954,11.83517196088811,6.6294071101234335,10.267492731482884,6.937322935403023,2.598445338817392,7.619184860129029,4.092720079029923,9.458670282509704,9.860818330453478,6.282590794858048,4.351814652652372,7.423573766036958
2020,1,1,66,6.774086209998416,12.595507009243917,4.152315486730172,4.30072768271712,8.494284274400695,10.69966849137102,8.59522082340401,12.403500222002954,11.83517196088811,6.6294071101234335,10.267492731482884,6.937322935403023,2.598445338817392,7.619184860129029,4.092720079029923,9.458670282509704,9.860818330453478,6.282590794858048,4.351814652652372,7.423573766036958
2020,1,1,67,6.774086209998416,12.595507009243917,4.152315486730172,4.30072768271712,8.494284274400695,10.69966849137102,8.59522082340401,12.403500222002954,11.83517196088811,6.6294071101234335,10.267492731482884,6.937322935403023,2.598445338817392,7.619184860129029,4.092720079029923,9.458670282509704,9.860818330453478,6.282590794858048,4.351814652652372,7.423573766036958
2020,1,1,68,6.774086209998416,12.595507009243917,4.152315486730172,4.30072768271712,8.494284274400695,10.69966849137102,8.59522082340401,12.403500222002954,11.83517196088811,6.6294071101234335,10.267492731482884,6.937322935403023,2.598445338817392,7.619184860129029,4.092720079029923,9.458670282509704,9.860818330453478,6.282590794858048,4.351814652652372,7.423573766036958
2020,1,1,69,6.774086209998416,12.595507009243917,4.152315486730172,4.30072768271712,8.494284274400695,10.69966849137102,8.59522082340401,12.403500222002954,11.83517196088811,6.6294071101234335,10.267492731482884,6.937322935403023,2.598445338817392,7.619184860129029,4.092720079029923,9.458670282509704,9.860818330453478,6.282590794858048,4.351814652652372,7.423573766036958
2020,1,1,70,6.774086209998416,12.595507009243917,4.152315486730172,4.30072768271712,8.494284274400695,10.69966849137102,8.59522082340401,12.403500222002954,11.83517196088811,6.6294071101234335,10.267492731482884,6.937322935403023,2.598445338817392,7.619184860129029,4.092720079029923,9.458670282509704,9.860818330453478,6.282590794858048,4.351814652652372,7.423573766036958
2020,1,1,71,6.774086209998416,12.595507009243917,4.152315486730172,4.30072768271712,8.494284274400695,10.69966849137102,8.59522082340401,12.403500222002954,11.83517196088811,6.6294071101234335,10.267492731482884,6.937322935403023,2.598445338817392,7.619184860129029,4.092720079029923,9.458670282509704,9.860818330453478,6.282590794858048,4.351814652652372,7.423573766036958
2020,1,1,72,6.774086209998416,12.595507009243917,4.152315486730172,4.30072768271712,8.494284274400695,10.69966849137102,8.59522082340401,12.403500222002954,11.83517196088811,6.6294071101234335,10.267492731482884,6.937322935403023,2.598445338817392,7.619184860129029,4.092720079029923,9.458670282509704,9.860818330453478,6.282590794858048,4.351814652652372,7.423573766036958
2020,1,1,73,6.536331110452576,12.459796654134013,4.251888018505542,4.124773595207929,9.012141352590454,10.687449179259794,8.6157815836875,12.296084471984136,12.551768546250988,7.330676649271324,9.932105192869718,6.520999114754637,2.564403848229627,7.9390464067248585,4.129673236362787,9.925161508480997,10.045725185232733,6.573878305808663,4.324941833354965,7.087897172702523
2020,1,1,74,6.536331110452576,12.459796654134013,4.251888018505542,4.124773595207929,9.012141352590454,10.687449179259794,8.6157815836875,12.296084471984136,12.551768546250988,7.330676649271324,9.932105192869718,6.520999114754637,2.564403848229627,7.9390464067248585,4.129673236362787,9.925161508480997,10.045725185232733,6.573878305808663,4.324941833354965,7.087897172702523
2020,1,1,75,6.536331110452576,12.459796654134013,4.251888018505542,4.124773595207929,9.012141352590454,10.687449179259794,8.6157815836875,12.296084471984136,12.551768546250988,7.330676649271324,9.932105192869718,6.520999114754637,2.564403848229627,7.9390464067248585,4.129673236362787,9.925161508480997,10.045725185232733,6.573878305808663,4.324941833354965,7.087897172702523
2020,1,1,76,6.536331110452576,12.459796654134013,4.251888018505542,4.124773595207929,9.012141352590454,10.687449179259794,8.6157815836875,12.296084471984136,12.551768546250988,7.330676649271324,9.932105192869718,6.520999114754637,2.564403848229627,7.9390464067248585,4.129673236362787,9.925161508480997,10.045725185232733,6.573878305808663,4.324941833354965,7.087897172702523
2020,1,1,77,6.536331110452576,12.459796654134013,4.251888018505542,4.124773595207929,9.012141352590454,10.687449179259794,8.6157815836875,12.296084471984136,12.551768546250988,7.330676649271324,9.932105192869718,6.520999114754637,2.564403848229627,7.9390464067248585,4.129673236362787,9.925161508480997,10.045725185232733,6.573878305808663,4.324941833354965,7.087897172702523
2020,1,1,78,6.536331110452576,12.459796654134013,4.251888018505542,4.124773595207929,9.012141352590454,10.687449179259794,8.6157815836875,12.296084471984136,12.551768546250988,7.330676649271324,9.932105192869718,6.520999114754637,2.564403848229627,7.9390464067248585,4.129673236362787,9.925161508480997,10.045725185232733,6.573878305808663,4.324941833354965,7.087897172702523
2020,1,1,79,6.536331110452576,12.459796654134013,4.251888018505542,4.124773595207929,9.012141352590454,10.687449179259794,8.6157815836875,12.296084471984136,12.551768546250988,7.330676649271324,9.932105192869718,6.520999114754637,2.564403848229627,7.9390464067248585,4.129673236362787,9.925161508480997,10.045725185232733,6.573878305808663,4.324941833354965,7.087897172702523
2020,1,1,80,6.536331110452576,12.459796654134013,4.251888018505542,4.124773595207929,9.012141352590454,10.687449179259794,8.6157815836875,12.296084471984136,12.551768546250988,7.330676649271324,9.932105192869718,6.520999114754637,2.564403848229627,7.9390464067248585,4.129673236362787,9.925161508480997,10.045725185232733,6.573878305808663,4.324941833354965,7.087897172702523
2020,1,1,81,6.536331110452576,12.459796654134013,4.251888018505542,4.124773595207929,9.012141352590454,10.687449179259794,8.6157815836875,12.296084471984136,12.551768546250988,7.330676649271324,9.932105192869718,6.520999114754637,2.564403848229627,7.9390464067248585,4.129673236362787,9.925161508480997,10.045725185232733,6.573878305808663,4.324941833354965,7.087897172702523
2020,1,1,82,6.536331110452576,12.459796654134013,4.251888018505542,4.124773595207929,9.012141352590454,10.687449179259794,8.6157815836875,12.296084471984136,12.551768546250988,7.330676649271324,9.932105192869718,6.520999114754637,2.564403848229627,7.9390464067248585,4.129673236362787,9.925161508480997,10.045725185232733,6.573878305808663,4.324941833354965,7.087897172702523
2020,1,1,83,6.536331110452576,12.459796654134013,4.251888018505542,4.124773595207929,9.012141352590454,10.687449179259794,8.6157815836875,12.296084471984136,12.551768546250988,7.330676649271324,9.932105192869718,6.520999114754637,2.564403848229627,7.9390464067248585,4.129673236362787,9.925161508480997,10.045725185232733,6.573878305808663,4.324941833354965,7.087897172702523
2020,1,1,84,6.536331110452576,12.459796654134013,4.251888018505542,4.124773595207929,9.012141352590454,10.687449179259794,8.6157815836875,12.296084471984136,12.551768546250988,7.330676649271324,9.932105192869718,6.520999114754637,2.564403848229627,7.9390464067248585,4.129673236362787,9.925161508480997,10.045725185232733,6.573878305808663,4.324941833354965,7.087897172702523
2020,1,1,85,6.699004537198352,13.400869128844136,4.063377724336351,4.228728861052857,8.697420023084288,10.871019573186782,8.929418671709277,11.711721470775384,11.96217551590527,7.152147446415071,9.971037646804197,6.6557630005133595,2.5591293289939068,7.572147820049328,3.9367347209102705,9.770229062400904,10.591459095094608,6.448698582279084,4.265541109773627,7.251678727288291
2020,1,1,86,6.699004537198352,13.400869128844136,4.063377724336351,4.228728861052857,8.697420023084288,10.871019573186782,8.929418671709277,11.711721470775384,11.96217551590527,7.152147446415071,9.971037646804197,6.6557630005133595,2.5591293289939068,7.572147820049328,3.9367347209102705,9.770229062400904,10.591459095094608,6.448698582279084,4.265541109773627,7.251678727288291
2020,1,1,87,6.699004537198352,13.400869128844136,4.063377724336351,4.228728861052857,8.697420023084288,10.871019573186782,8.929418671709277,11.711721470775384,11.96217551590527,7.152147446415071,9.971037646804197,6.6557630005133595,2.5591293289939068,7.572147820049328,3.9367347209102705,9.770229062400904,10.591459095094608,6.448698582279084,4.265541109773627,7.251678727288291
2020,1,1,88,6.699004537198352,13.400869128844136,4.063377724336351,4.228728861052857,8.697420023084288,10.871019573186782,8.929418671709277,11.711721470775384,11.96217551590527,7.152147446415071,9.971037646804197,6.6557630005133595,2.5591293289939068,7.572147820049328,3.9367347209102705,9.770229062400904,10.591459095094608,6.448698582279084,4.265541109773627,7.251678727288291
2020,1,1,89,6.699004537198352,13.400869128844136,4.063377724336351,4.228728861052857,8.697420023084288,10.871019573186782,8.929418671709277,11.711721470775384,11.96217551590527,7.152147446415071,9.971037646804197,6.6557630005133595,2.5591293289939068,7.572147820049328,3.9367347209102705,9.770229062400904,10.591459095094608,6.448698582279084,4.265541109773627,7.251678727288291
2020,1,1,90,6.699004537198352,13.400869128844136,4.063377724336351,4.228728861052857,8.697420023084288,10.871019573186782,8.929418671709277,11.711721470775384,11.96217551590527,7.152147446415071,9.971037646804197,6.6557630005133595,2.5591293289939068,7.572147820049328,3.9367347209102705,9.770229062400904,10.591459095094608,6.448698582279084,4.265541109773627,7.251678727288291
2020,1,1,91,6.699004537198352,13.400869128844136,4.063377724336351,4.228728861052857,8.697420023084288,10.871019573186782,8.929418671709277,11.711721470775384,11.96217551590527,7.152147446415071,9.971037646804197,6.6557630005133595,2.5591293289939068,7.572147820049328,3.9367347209102705,9.770229062400904,10.591459095094608,6.448698582279084,4.265541109773627,7.251678727288291
2020,1,1,92,6.699004537198352,13.400869128844136,4.063377724336351,4.228728861052857,8.697420023084288,10.871019573186782,8.929418671709277,11.711721470775384,11.96217551590527,7.152147446415071,9.971037646804197,6.6557630005133595,2.5591293289939068,7.572147820049328,3.9367347209102705,9.770229062400904,10.591459095094608,6.448698582279084,4.265541109773627,7.251678727288291
2020,1,1,93,6.699004537198352,13.400869128844136,4.063377724336351,4.228728861052857,8.697420023084288,10.871019573186782,8.929418671709277,11.711721470775384,11.96217551590527,7.152147446415071,9.971037646804197,6.6557630005133595,2.5591293289939068,7.572147820049328,3.9367347209102705,9.770229062400904,10.591459095094608,6.448698582279084,4.265541109773627,7.251678727288291
2020,1,1,94,6.699004537198352,13.400869128844136,4.063377724336351,4.228728861052857,8.697420023084288,10.871019573186782,8.929418671709277,11.711721470775384,11.96217551590527,7.152147446415071,9.971037646804197,6.6557630005133595,2.5591293289939068,7.572147820049328,3.9367347209102705,9.770229062400904,10.591459095094608,6.448698582279084,4.265541109773627,7.251678727288291
2020,1,1,95,6.699004537198352,13.400869128844136,4.063377724336351,4.228728861052857,8.697420023084288,10.871019573186782,8.929418671709277,11.711721470775384,11.96217551590527,7.152147446415071,9.971037646804197,6.6557630005133595,2.5591293289939068,7.572147820049328,3.9367347209102705,9.770229062400904,10.591459095094608,6.448698582279084,4.265541109773627,7.251678727288291
2020,1,1,96,6.699004537198352,13.400869128844136,4.063377724336351,4.228728861052857,8.697420023084288,10.871019573186782,8.929418671709277,11.711721470775384,11.96217551590527,7.152147446415071,9.971037646804197,6.6557630005133595,2.5591293289939068,7.572147820049328,3.9367347209102705,9.770229062400904,10.591459095094608,6.448698582279084,4.265541109773627,7.251678727288291
2020,1,1,97,6.517153031944134,11.896038892050466,4.426658526034523,4.270827547344965,8.904367832327395,10.834702676376605,9.406978377556042,11.950114812689382,12.635408292929423,7.100784472659332,10.16948589368655,6.684124113065445,2.3891068591131446,7.61868146141251,3.9881723013083583,9.669561525959839,9.83509064552691,6.088218750069268,4.406345913270452,7.54629875209224
2020,1,1,98,6.517153031944134,11.896038892050466,4.426658526034523,4.270827547344965,8.904367832327395,10.834702676376605,9.406978377556042,11.950114812689382,12.635408292929423,7.100784472659332,10.16948589368655,6.684124113065445,2.3891068591131446,7.61868146141251,3.9881723013083583,9.669561525959839,9.83509064552691,6.088218750069268,4.406345913270452,7.54629875209224
2020,1,1,99,6.517153031944134,11.896038892050466,4.426658526034523,4.270827547344965,8.904367832327395,10.834702676376605,9.406978377556042,11.950114812689382,12.635408292929423,7.100784472659332,10.16948589368655,6.684124113065445,2.3891068591131446,7.61868146141251,3.9881723013083583,9.669561525959839,9.83509064552691,6.088218750069268,4.406345913270452,7.54629875209224
2020,1,1,100,6.517153031944134,11.896038892050466,4.426658526034523,4.270827547344965,8.904367832327395,10.834702676376605,9.406978377556042,11.950114812689382,12.635408292929423,7.100784472659332,10.16948589368655,6.684124113065445,2.3891068591131446,7.61868146141251,3.9881723013083583,9.669561525959839,9.83509064552691,6.088218750069268,4.406345913270452,7.54629875209224
2020,1,1,101,6.517153031944134,11.896038892050466,4.426658526034523,4.270827547344965,8.904367832327395,10.834702676376605,9.406978377556042,11.950114812689382,12.635408292929423,7.100784472659332,10.16948589368655,6.684124113065445,2.3891068591131446,7.61868146141251,3.9881723013083583,9.669561525959839,9.83509064552691,6.088218750069268,4.406345913270452,7.54629875209224
2020,1,1,102,6.517153031944134,11.896038892050466,4.426658526034523,4.270827547344965,8.904367832327395,10.834702676376605,9.406978377556042,11.950114812689382,12.635408292929423,7.100784472659332,10.16948589368655,6.684124113065445,2.3891068591131446,7.61868146141251,3.9881723013083583,9.669561525959839,9.83509064552691,6.088218750069268,4.406345913270452,7.54629875209224
2020,1,1,103,6.517153031944134,11.896038892050466,4.426658526034523,4.270827547344965,8.904367832327395,10.834702676376605,9.406978377556042,11.950114812689382,12.635408292929423,7.100784472659332,10.16948589368655,6.684124113065445,2.3891068591131446,7.61868146141251,3.9881723013083583,9.669561525959839,9.83509064552691,6.088218750069268,4.406345913270452,7.54629875209224
2020,1,1,104,6.517153031944134,11.896038892050466,4.426658526034523,4.270827547344965,8.904367832327395,10.834702676376605,9.406978377556042,11.950114812689382,12.635408292929423,7.100784472659332,10.16948589368655,6.684124113065445,2.3891068591131446,7.61868146141251,3.9881723013083583,9.669561525959839,9.83509064552691,6.088218750069268,4.406345913270452,7.54629875209224
2020,1,1,105,6.517153031944134,11.896038892050466,4.426658526034523,4.270827547344965,8.904367832327395,10.834702676376605,9.406978377556042,11.950114812689382,12.635408292929423,7.100784472659332,10.16948589368655,6.684124113065445,2.3891068591131446,7.61868146141251,3.9881723013083583,9.669561525959839,9.83509064552691,6.088218750069268,4.406345913270452,7.54629875209224
2020,1,1,106,6.517153031944134,11.896038892050466,4.426658526034523,4.270827547344965,8.904367832327395,10.834702676376605,9.406978377556042,11.950114812689382,12.635408292929423,7.100784472659332,10.16948589368655,6.684124113065445,2.3891068591131446,7.61868146141251,3.9881723013083583,9.669561525959839,9.83509064552691,6.088218750069268,4.406345913270452,7.54629875209224
2020,1,1,107,6.517153031944134,11.896038892050466,4.426658526034523,4.270827547344965,8.904367832327395,10.834702676376605,9.406978377556042,11.950114812689382,12.635408292929423,7.100784472659332,10.16948589368655,6.684124113065445,2.3891068591131446,7.61868146141251,3.9881723013083583,9.669561525959839,9.83509064552691,6.088218750069268,4.406345913270452,7.54629875209224
2020,1,1,108,6.517153031944134,11.896038892050466,4.426658526034523,4.270827547344965,8.904367832327395,10.834702676376605,9.406978377556042,11.950114812689382,12.635408292929423,7.100784472659332,10.16948589368655,6.684124113065445,2.3891068591131446,7.61868146141251,3.9881723013083583,9.669561525959839,9.83509064552691,6.088218750069268,4.406345913270452,7.54629875209224
2020,1,1,109,6.631760917990416,12.564332537878368,3.970186421406372,4.396834279106594,8.409862334952555,10.305429383070184,8.959465715025198,11.425887388869546,12.877654538760142,7.1088302750749275,10.241267448662684,6.845632119551807,2.6839436428129235,7.560469651286356,3.9448544964570003,9.265473397329648,9.469191421425082,6.698286234038324,4.07484290773673,7.695388836725585
2020,1,1,110,6.631760917990416,12.564332537878368,3.970186421406372,4.396834279106594,8.409862334952555,10.305429383070184,8.959465715025198,11.425887388869546,12.877654538760142,7.1088302750749275,10.241267448662684,6.845632119551807,2.6839436428129235,7.560469651286356,3.9448544964570003,9.265473397329648,9.469191421425082,6.698286234038324,4.07484290773673,7.695388836725585
2020,1,1,111,6.631760917990416,12.564332537878368,3.970186421406372,4.396834279106594,8.409862334952555,10.305429383070184,8.959465715025198,11.425887388869546,12.877654538760142,7.1088302750749275,10.241267448662684,6.845632119551807,2.6839436428129235,7.560469651286356,3.9448544964570003,9.265473397329648,9.469191421425082,6.698286234038324,4.07484290773673,7.695388836725585
2020,1,1,112,6.631760917990416,12.564332537878368,3.970186421406372,4.396834279106594,8.409862334952555,10.305429383070184,8.959465715025198,11.425887388869546,12.877654538760142,7.1088302750749275,10.241267448662684,6.845632119551807,2.6839436428129235,7.560469651286356,3.9448544964570003,9.265473397329648,9.469191421425082,6.698286234038324,4.07484290773673,7.695388836725585
2020,1,1,113,6.631760917990416,12.564332537878368,3.970186421406372,4.396834279106594,8.409862334952555,10.305429383070184,8.959465715025198,11.425887388869546,12.877654538760142,7.1088302750749275,10.241267448662684,6.845632119551807,2.6839436428129235,7.560469651286356,3.9448544964570003,9.265473397329648,9.469191421425082,6.698286234038324,4.07484290773673,7.695388836725585
2020,1,1,114,6.631760917990416,12.564332537878368,3.970186421406372,4.396834279106594,8.409862334952555,10.305429383070184,8.959465715025198,11.425887388869546,12.877654538760142,7.1088302750749275,10.241267448662684,6.845632119551807,2.6839436428129235,7.560469651286356,3.9448544964570003,9.265473397329648,9.469191421425082,6.698286234038324,4.07484290773673,7.695388836725585
2020,1,1,115,6.631760917990416,12.564332537878368,3.970186421406372,4.396834279106594,8.409862334952555,10.305429383070184,8.959465715025198,11.425887388869546,12.877654538760142,7.1088302750749275,10.241267448662684,6.845632119551807,2.6839436428129235,7.560469651286356,3.9448544964570003,9.265473397329648,9.469191421425082,6.698286234038324,4.07484290773673,7.695388836725585
2020,1,1,116,6.631760917990416,12.564332537878368,3.970186421406372,4.396834279106594,8.409862334952555,10.305429383070184,8.959465715025198,11.425887388869546,12.877654538760142,7.1088302750749275,10.241267448662684,6.845632119551807,2.6839436428129235,7.560469651286356,3.9448544964570003,9.265473397329648,9.469191421425082,6.698286234038324,4.07484290773673,7.695388836725585
2020,1,1,117,6.631760917990416,12.564332537878368,3.970186421406372,4.396834279106594,8.409862334952555,10.305429383070184,8.959465715025198,11.425887388869546,12.877654538760142,7.1088302750749275,10.241267448662684,6.845632119551807,2.6839436428129235,7.560469651286356,3.9448544964570003,9.265473397329648,9.469191421425082,6.698286234038324,4.07484290773673,7.695388836725585
2020,1,1,118,6.631760917990416,12.564332537878368,3.970186421406372,4.396834279106594,8.409862334952555,10.305429383070184,8.959465715025198,11.425887388869546,12.877654538760142,7.1088302750749275,10.241267448662684,6.845632119551807,2.6839436428129235,7.560469651286356,3.9448544964570003,9.265473397329648,9.469191421425082,6.698286234038324,4.07484290773673,7.695388836725585
2020,1,1,119,6.631760917990416,12.564332537878368,3.970186421406372,4.396834279106594,8.409862334952555,10.305429383070184,8.959465715025198,11.425887388869546,12.877654538760142,7.1088302750749275,10.241267448662684,6.845632119551807,2.6839436428129235,7.560469651286356,3.9448544964570003,9.265473397329648,9.469191421425082,6.698286234038324,4.07484290773673,7.695388836725585
2020,1,1,120,6.631760917990416,12.564332537878368,3.970186421406372,4.396834279106594,8.409862334952555,10.305429383070184,8.959465715025198,11.425887388869546,12.877654538760142,7.1088302750749275,10.241267448662684,6.845632119551807,2.6839436428129235,7.560469651286356,3.9448544964570003,9.265473397329648,9.469191421425082,6.698286234038324,4.07484290773673,7.695388836725585
2020,1,1,121,6.602349856940245,12.445792504169047,4.094674314284316,4.223409204702549,8.153328348601452,10.730846382800832,8.880434924129704,11.762004596980002,12.298503819094044,7.370423800307217,10.3689044781097,6.89624897733624,2.504616469045323,7.723064758587254,4.011880496181809,9.670786388220833,9.838908265881026,6.28252482343865,4.2093652713685685,7.98858437327223
2020,1,1,122,6.602349856940245,12.445792504169047,4.094674314284316,4.223409204702549,8.153328348601452,10.730846382800832,8.880434924129704,11.762004596980002,12.298503819094044,7.370423800307217,10.3689044781097,6.89624897733624,2.504616469045323,7.723064758587254,4.011880496181809,9.670786388220833,9.838908265881026,6.28252482343865,4.2093652713685685,7.98858437327223
2020,1,1,123,6.602349856940245,12.445792504169047,4.094674314284316,4.223409204702549,8.153328348601452,10.730846382800832,8.880434924129704,11.762004596980002,12.298503819094044,7.370423800307217,10.3689044781097,6.89624897733624,2.504616469045323,7.723064758587254,4.011880496181809,9.670786388220833,9.838908265881026,6.28252482343865,4.2093652713685685,7.98858437327223
2020,1,1,124,6.602349856940245,12.445792504169047,4.094674314284316,4.223409204702549,8.153328348601452,10.730846382800832,8.880434924129704,11.762004596980002,12.298503819094044,7.370423800307217,10.3689044781097,6.89624897733624,2.504616469045323,7.723064758587254,4.011880496181809,9.670786388220833,9.838908265881026,6.28252482343865,4.2093652713685685,7.98858437327223
2020,1,1,125,6.602349856940245,12.445792504169047,4.094674314284316,4.223409204702549,8.153328348601452,10.730846382800832,8.880434924129704,11.762004596980002,12.298503819094044,7.370423800307217,10.3689044781097,6.89624897733624,2.504616469045323,7.723064758587254,4.011880496181809,9.670786388220833,9.838908265881026,6.28252482343865,4.2093652713685685,7.98858437327223
2020,1,1,126,6.602349856940245,12.445792504169047,4.094674314284316,4.223409204702549,8.153328348601452,10.730846382800832,8.880434924129704,11.762004596980002,12.298503819094044,7.370423800307217,10.3689044781097,6.89624897733624,2.504616469045323,7.723064758587254,4.011880496181809,9.670786388220833,9.838908265881026,6.28252482343865,4.2093652713685685,7.98858437327223
2020,1,1,127,6.602349856940245,12.445792504169047,4.094674314284316,4.223409204702549,8.153328348601452,10.730846382800832,8.880434924129704,11.762004596980002,12.298503819094044,7.370423800307217,10.3689044781097,6.89624897733624,2.504616469045323,7.723064758587254,4.011880496181809,9.670786388220833,9.838908265881026,6.28252482343865,4.2093652713685685,7.98858437327223
2020,1,1,128,6.602349856940245,12.445792504169047,4.094674314284316,4.223409204702549,8.153328348601452,10.730846382800832,8.880434924129704,11.762004596980002,12.298503819094044,7.370423800307217,10.3689044781097,6.89624897733624,2.504616469045323,7.723064758587254,4.011880496181809,9.670786388220833,9.838908265881026,6.28252482343865,4.2093652713685685,7.98858437327223
2020,1,1,129,6.602349856940245,12.445792504169047,4.094674314284316,4.223409204702549,8.153328348601452,10.730846382800832,8.880434924129704,11.762004596980002,12.298503819094044,7.370423800307217,10.3689044781097,6.89624897733624,2.504616469045323,7.723064758587254,4.011880496181809,9.670786388220833,9.838908265881026,6.28252482343865,4.2093652713685685,7.98858437327223
2020,1,1,130,6.602349856940245,12.445792504169047,4.094674314284316,4.223409204702549,8.153328348601452,10.730846382800832,8.880434924129704,11.762004596980002,12.298503819094044,7.370423800307217,10.3689044781097,6.89624897733624,2.504616469045323,7.723064758587254,4.011880496181809,9.670786388220833,9.838908265881026,6.28252482343865,4.2093652713685685,7.98858437327223
2020,1,1,131,6.602349856940245,12.445792504169047,4.094674314284316,4.223409204702549,8.153328348601452,10.730846382800832,8.880434924129704,11.762004596980002,12.298503819094044,7.370423800307217,10.3689044781097,6.89624897733624,2.504616469045323,7.723064758587254,4.011880496181809,9.670786388220833,9.838908265881026,6.28252482343865,4.2093652713685685,7.98858437327223
2020,1,1,132,6.602349856940245,12.445792504169047,4.094674314284316,4.223409204702549,8.153328348601452,10.730846382800832,8.880434924129704,11.762004596980002,12.298503819094044,7.370423800307217,10.3689044781097,6.89624897733624,2.504616469045323,7.723064758587254,4.011880496181809,9.670786388220833,9.838908265881026,6.28252482343865,4.2093652713685685,7.98858437327223
2020,1,1,133,6.467570320173517,12.11783009580295,4.0052369039592595,4.180739258086346,8.393484988680855,10.834360410867891,9.159776344699653,11.959953910114708,12.830370634803604,7.001030184756244,10.375232400304524,6.602644599005153,2.668409039213898,8.177123777255835,4.033758630041168,9.540135064694157,10.054976139601653,6.20914617936858,4.495230526224742,7.862417235470748
2020,1,1,134,6.467570320173517,12.11783009580295,4.0052369039592595,4.180739258086346,8.393484988680855,10.834360410867891,9.159776344699653,11.959953910114708,12.830370634803604,7.001030184756244,10.375232400304524,6.602644599005153,2.668409039213898,8.177123777255835,4.033758630041168,9.540135064694157,10.054976139601653,6.20914617936858,4.495230526224742,7.862417235470748
2020,1,1,135,6.467570320173517,12.11783009580295,4.0052369039592595,4.180739258086346,8.393484988680855,10.834360410867891,9.159776344699653,11.959953910114708,12.830370634803604,7.001030184756244,10.375232400304524,6.602644599005153,2.668409039213898,8.177123777255835,4.033758630041168,9.540135064694157,10.054976139601653,6.20914617936858,4.495230526224742,7.862417235470748
2020,1,1,136,6.467570320173517,12.11783009580295,4.0052369039592595,4.180739258086346,8.393484988680855,10.834360410867891,9.159776344699653,11.959953910114708,12.830370634803604,7.001030184756244,10.375232400304524,6.602644599005153,2.668409039213898,8.177123777255835,4.033758630041168,9.540135064694157,10.054976139601653,6.20914617936858,4.495230526224742,7.862417235470748
2020,1,1,137,6.467570320173517,12.11783009580295,4.0052369039592595,4.180739258086346,8.393484988680855,10.834360410867891,9.159776344699653,11.959953910114708,12.830370634803604,7.001030184756244,10.375232400304524,6.602644599005153,2.668409039213898,8.177123777255835,4.033758630041168,9.540135064694157,10.054976139601653,6.20914617936858,4.495230526224742,7.862417235470748
2020,1,1,138,6.467570320173517,12.11783009580295,4.0052369039592595,4.180739258086346,8.393484988680855,10.834360410867891,9.159776344699653,11.959953910114708,12.830370634803604,7.001030184756244,10.375232400304524,6.602644599005153,2.668409039213898,8.177123777255835,4.033758630041168,9.540135064694157,10.054976139601653,6.20914617936858,4.495230526224742,7.862417235470748
2020,1,1,139,6.467570320173517,12.11783009580295,4.0052369039592595,4.180739258086346,8.393484988680855,10.834360410867891,9.159776344699653,11.959953910114708,12.830370634803604,7.001030184756244,10.375232400304524,6.602644599005153,2.668409039213898,8.177123777255835,4.033758630041168,9.540135064694157,10.054976139601653,6.20914617936858,4.495230526224742,7.862417235470748
2020,1,1,140,6.467570320173517,12.11783009580295,4.0052369039592595,4.180739258086346,8.393484988680855,10.834360410867891,9.159776344699653,11.959953910114708,12.830370634803604,7.001030184756244,10.375232400304524,6.602644599005153,2.668409039213898,8.177123777255835,4.033758630041168,9.540135064694157,10.054976139601653,6.20914617936858,4.495230526224742,7.862417235470748
2020,1,1,141,6.467570320173517,12.11783009580295,4.0052369039592595,4.180739258086346,8.393484988680855,10.834360410867891,9.159776344699653,11.959953910114708,12.830370634803604,7.001030184756244,10.375232400304524,6.602644599005153,2.668409039213898,8.177123777255835,4.033758630041168,9.540135064694157,10.054976139601653,6.20914617936858,4.495230526224742,7.862417235470748
2020,1,1,142,6.467570320173517,12.11783009580295,4.0052369039592595,4.180739258086346,8.393484988680855,10.834360410867891,9.159776344699653,11.959953910114708,12.830370634803604,7.001030184756244,10.375232400304524,6.602644599005153,2.668409039213898,8.177123777255835,4.033758630041168,9.540135064694157,10.054976139601653,6.20914617936858,4.495230526224742,7.862417235470748
2020,1,1,143,6.467570320173517,12.11783009580295,4.0052369039592595,4.180739258086346,8.393484988680855,10.834360410867891,9.159776344699653,11.959953910114708,12.830370634803604,7.001030184756244,10.375232400304524,6.602644599005153,2.668409039213898,8.177123777255835,4.033758630041168,9.540135064694157,10.054976139601653,6.20914617936858,4.495230526224742,7.862417235470748
2020,1,1,144,6.467570320173517,12.11783009580295,4.0052369039592595,4.180739258086346,8.393484988680855,10.834360410867891,9.159776344699653,11.959953910114708,12.830370634803604,7.001030184756244,10.375232400304524,6.602644599005153,2.668409039213898,8.177123777255835,4.033758630041168,9.540135064694157,10.054976139601653,6.20914617936858,4.495230526224742,7.862417235470748
2020,1,1,145,6.70844002158835,13.20011470142031,4.283943814968682,4.412920595274177,8.476314887580545,11.128957995588861,8.681570940708333,12.0583000508901,12.476633098916759,7.440494873189898,10.295343782175877,6.574032296801396,2.592680624007659,6.9070433166359315,3.995187634455692,9.338605650623258,10.1516520133915,6.7283058550640575,4.203775330350341,7.07909039413462
2020,1,1,146,6.70844002158835,13.20011470142031,4.283943814968682,4.412920595274177,8.476314887580545,11.128957995588861,8.681570940708333,12.0583000508901,12.476633098916759,7.440494873189898,10.295343782175877,6.574032296801396,2.592680624007659,6.9070433166359315,3.995187634455692,9.338605650623258,10.1516520133915,6.7283058550640575,4.203775330350341,7.07909039413462
2020,1,1,147,6.70844002158835,13.20011470142031,4.283943814968682,4.412920595274177,8.476314887580545,11.128957995588861,8.681570940708333,12.0583000508901,12.476633098916759,7.440494873189898,10.295343782175877,6.574032296801396,2.592680624007659,6.9070433166359315,3.995187634455692,9.338605650623258,10.1516520133915,6.7283058550640575,4.203775330350341,7.07909039413462
2020,1,1,148,6.70844002158835,13.20011470142031,4.283943814968682,4.412920595274177,8.476314887580545,11.128957995588861,8.681570940708333,12.0583000508901,12.476633098916759,7.440494873189898,10.295343782175877,6.574032296801396,2.592680624007659,6.9070433166359315,3.995187634455692,9.338605650623258,10.1516520133915,6.7283058550640575,4.203775330350341,7.07909039413462
2020,1,1,149,6.70844002158835,13.20011470142031,4.283943814968682,4.412920595274177,8.476314887580545,11.128957995588861,8.681570940708333,12.0583000508901,12.476633098916759,7.440494873189898,10.295343782175877,6.574032296801396,2.592680624007659,6.9070433166359315,3.995187634455692,9.338605650623258,10.1516520133915,6.7283058550640575,4.203775330350341,7.07909039413462
2020,1,1,150,6.70844002158835,13.20011470142031,4.283943814968682,4.412920595274177,8.476314887580545,11.128957995588861,8.681570940708333,12.0583000508901,12.476633098916759,7.440494873189898,10.295343782175877,6.574032296801396,2.592680624007659,6.9070433166359315,3.995187634455692,9.338605650623258,10.1516520133915,6.7283058550640575,4.203775330350341,7.07909039413462
2020,1,1,151,6.70844002158835,13.20011470142031,4.283943814968682,4.412920595274177,8.476314887580545,11.128957995588861,8.681570940708333,12.0583000508901,12.476633098916759,7.440494873189898,10.295343782175877,6.574032296801396,2.592680624007659,6.9070433166359315,3.995187634455692,9.338605650623258,10.1516520133915,6.7283058550640575,4.203775330350341,7.07909039413462
2020,1,1,152,6.70844002158835,13.20011470142031,4.283943814968682,4.412920595274177,8.476314887580545,11.128957995588861,8.681570940708333,12.0583000508901,12.476633098916759,7.440494873189898,10.295343782175877,6.574032296801396,2.592680624007659,6.9070433166359315,3.995187634455692,9.338605650623258,10.1516520133915,6.7283058550640575,4.203775330350341,7.07909039413462
2020,1,1,153,6.70844002158835,13.20011470142031,4.283943814968682,4.412920595274177,8.476314887580545,11.128957995588861,8.681570940708333,12.0583000508901,12.476633098916759,7.440494873189898,10.295343782175877,6.574032296801396,2.592680624007659,6.9070433166359315,3.995187634455692,9.338605650623258,10.1516520133915,6.7283058550640575,4.203775330350341,7.07909039413462
2020,1,1,154,6.70844002158835,13.20011470142031,4.283943814968682,4.412920595274177,8.476314887580545,11.128957995588861,8.681570940708333,12.0583000508901,12.476633098916759,7.440494873189898,10.295343782175877,6.574032296801396,2.592680624007659,6.9070433166359315,3.995187634455692,9.338605650623258,10.1516520133915,6.7283058550640575,4.203775330350341,7.07909039413462
2020,1,1,155,6.70844002158835,13.20011470142031,4.283943814968682,4.412920595274177,8.476314887580545,11.128957995588861,8.681570940708333,12.0583000508901,12.476633098916759,7.440494873189898,10.295343782175877,6.574032296801396,2.592680624007659,6.9070433166359315,3.995187634455692,9.338605650623258,10.1516520133915,6.7283058550640575,4.203775330350341,7.07909039413462
2020,1,1,156,6.70844002158835,13.20011470142031,4.283943814968682,4.412920595274177,8.476314887580545,11.128957995588861,8.681570940708333,12.0583000508901,12.476633098916759,7.440494873189898,10.295343782175877,6.574032296801396,2.592680624007659,6.9070433166359315,3.995187634455692,9.338605650623258,10.1516520133915,6.7283058550640575,4.203775330350341,7.07909039413462
2020,1,1,157,6.8983980782527805,12.08642310457232,4.251226165182026,4.260138423623235,8.510941517782676,10.338821800442682,9.181181785089306,12.23246917615493,12.390086991876187,6.87177982177924,10.591675274764086,6.784116740315401,2.518070694601624,7.705705045667507,4.217709686335885,9.428144116976007,10.12297814680626,6.6702988327347,4.280285003069954,8.312740424543803
2020,1,1,158,6.8983980782527805,12.08642310457232,4.251226165182026,4.260138423623235,8.510941517782676,10.338821800442682,9.181181785089306,12.23246917615493,12.390086991876187,6.87177982177924,10.591675274764086,6.784116740315401,2.518070694601624,7.705705045667507,4.217709686335885,9.428144116976007,10.12297814680626,6.6702988327347,4.280285003069954,8.312740424543803
2020,1,1,159,6.8983980782527805,12.08642310457232,4.251226165182026,4.260138423623235,8.510941517782676,10.338821800442682,9.181181785089306,12.23246917615493,12.390086991876187,6.87177982177924,10.591675274764086,6.784116740315401,2.518070694601624,7.705705045667507,4.217709686335885,9.428144116976007,10.12297814680626,6.6702988327347,4.280285003069954,8.312740424543803
2020,1,1,160,6.8983980782527805,12.08642310457232,4.251226165182026,4.260138423623235,8.510941517782676,10.338821800442682,9.181181785089306,12.23246917615493,12.390086991876187,6.87177982177924,10.591675274764086,6.784116740315401,2.518070694601624,7.705705045667507,4.217709686335885,9.428144116976007,10.12297814680626,6.6702988327347,4.280285003069954,8.312740424543803
2020,1,1,161,6.8983980782527805,12.08642310457232,4.251226165182026,4.260138423623235,8.510941517782676,10.338821800442682,9.181181785089306,12.23246917615493,12.390086991876187,6.87177982177924,10.591675274764086,6.784116740315401,2.518070694601624,7.705705045667507,4.217709686335885,9.428144116976007,10.12297814680626,6.6702988327347,4.280285003069954,8.312740424543803
2020,1,1,162,6.8983980782527805,12.08642310457232,4.251226165182026,4.260138423623235,8.510941517782676,10.338821800442682,9.181181785089306,12.23246917615493,12.390086991876187,6.87177982177924,10.591675274764086,6.784116740315401,2.518070694601624,7.705705045667507,4.217709686335885,9.428144116976007,10.12297814680626,6.6702988327347,4.280285003069954,8.312740424543803
2020,1,1,163,6.8983980782527805,12.08642310457232,4.251226165182026,4.260138423623235,8.510941517782676,10.338821800442682,9.181181785089306,12.23246917615493,12.390086991876187,6.87177982177924,10.591675274764086,6.784116740315401,2.518070694601624,7.705705045667507,4.217709686335885,9.428144116976007,10.12297814680626,6.6702988327347,4.280285003069954,8.312740424543803
2020,1,1,164,6.8983980782527805,12.08642310457232,4.251226165182026,4.260138423623235,8.510941517782676,10.338821800442682,9.181181785089306,12.23246917615493,12.390086991876187,6.87177982177924,10.591675274764086,6.784116740315401,2.518070694601624,7.705705045667507,4.217709686335885,9.428144116976007,10.12297814680626,6.6702988327347,4.280285003069954,8.312740424543803
2020,1,1,165,6.8983980782527805,12.08642310457232,4.251226165182026,4.260138423623235,8.510941517782676,10.338821800442682,9.181181785089306,12.23246917615493,12.390086991876187,6.87177982177924,10.591675274764086,6.784116740315401,2.518070694601624,7.705705045667507,4.217709686335885,9.428144116976007,10.12297814680626,6.6702988327347,4.280285003069954,8.312740424543803
2020,1,1,166,6.8983980782527805,12.08642310457232,4.251226165182026,4.260138423623235,8.510941517782676,10.338821800442682,9.181181785089306,12.23246917615493,12.390086991876187,6.87177982177924,10.591675274764086,6.784116740315401,2.518070694601624,7.705705045667507,4.217709686335885,9.428144116976007,10.12297814680626,6.6702988327347,4.280285003069954,8.312740424543803
2020,1,1,167,6.8983980782527805,12.08642310457232,4.251226165182026,4.260138423623235,8.510941517782676,10.338821800442682,9.181181785089306,12.23246917615493,12.390086991876187,6.87177982177924,10.591675274764086,6.784116740315401,2.518070694601624,7.705705045667507,4.217709686335885,9.428144116976007,10.12297814680626,6.6702988327347,4.280285003069954,8.312740424543803
2020,1,1,168,6.8983980782527805,12.08642310457232,4.251226165182026,4.260138423623235,8.510941517782676,10.338821800442682,9.181181785089306,12.23246917615493,12.390086991876187,6.87177982177924,10.591675274764086,6.784116740315401,2.518070694601624,7.705705045667507,4.217709686335885,9.428144116976007,10.12297814680626,6.6702988327347,4.280285003069954,8.312740424543803
2020,1,1,169,6.671472282783458,12.601484636752211,4.030613545373224,4.20624517788234,8.453526190188974,10.83365200687287,9.16138525276079,12.516923037492544,12.407516007189043,7.26389553862069,10.143249758517221,6.455950964686571,2.691121753620054,7.988651157676165,4.350747334446322,9.801952147005482,10.016525480763956,6.3832440113036055,4.468968567517802,7.573987997346418
2020,1,1,170,6.671472282783458,12.601484636752211,4.030613545373224,4.20624517788234,8.453526190188974,10.83365200687287,9.16138525276079,12.516923037492544,12.407516007189043,7.26389553862069,10.143249758517221,6.455950964686571,2.691121753620054,7.988651157676165,4.350747334446322,9.801952147005482,10.016525480763956,6.3832440113036055,4.468968567517802,7.573987997346418
2020,1,1,171,6.671472282783458,12.601484636752211,4.030613545373224,4.20624517788234,8.453526190188974,10.83365200687287,9.16138525276079,12.516923037492544,12.407516007189043,7.26389553862069,10.143249758517221,6.455950964686571,2.691121753620054,7.988651157676165,4.350747334446322,9.801952147005482,10.016525480763956,6.3832440113036055,4.468968567517802,7.573987997346418
2020,1,1,172,6.671472282783458,12.601484636752211,4.030613545373224,4.20624517788234,8.453526190188974,10.83365200687287,9.16138525276079,12.516923037492544,12.407516007189043,7.26389553862069,10.143249758517221,6.455950964686571,2.691121753620054,7.988651157676165,4.350747334446322,9.801952147005482,10.016525480763956,6.3832440113036055,4.468968567517802,7.573987997346418
2020,1,1,173,6.671472282783458,12.601484636752211,4.030613545373224,4.20624517788234,8.453526190188974,10.83365200687287,9.16138525276079,12.516923037492544,12.407516007189043,7.26389553862069,10.143249758517221,6.455950964686571,2.691121753620054,7.988651157676165,4.350747334446322,9.801952147005482,10.016525480763956,6.3832440113036055,4.468968567517802,7.573987997346418
2020,1,1,174,6.671472282783458,12.601484636752211,4.030613545373224,4.20624517788234,8.453526190188974,10.83365200687287,9.16138525276079,12.516923037492544,12.407516007189043,7.26389553862069,10.143249758517221,6.455950964686571,2.691121753620054,7.988651157676165,4.350747334446322,9.801952147005482,10.016525480763956,6.3832440113036055,4.468968567517802,7.573987997346418
2020,1,1,175,6.671472282783458,12.601484636752211,4.030613545373224,4.20624517788234,8.453526190188974,10.83365200687287,9.16138525276079,12.516923037492544,12.407516007189043,7.26389553862069,10.143249758517221,6.455950964686571,2.691121753620054,7.988651157676165,4.350747334446322,9.801952147005482,10.016525480763956,6.3832440113036055,4.468968567517802,7.573987997346418
2020,1,1,176,6.671472282783458,12.601484636752211,4.030613545373224,4.20624517788234,8.453526190188974,10.83365200687287,9.16138525276079,12.516923037492544,12.407516007189043,7.26389553862069,10.143249758517221,6.455950964686571,2.691121753620054,7.988651157676165,4.350747334446322,9.801952147005482,10.016525480763956,6.3832440113036055,4.468968567517802,7.573987997346418
2020,1,1,177,6.671472282783458,12.601484636752211,4.030613545373224,4.20624517788234,8.453526190188974,10.83365200687287,9.16138525276079,12.516923037492544,12.407516007189043,7.26389553862069,10.143249758517221,6.455950964686571,2.691121753620054,7.988651157676165,4.350747334446322,9.801952147005482,10.016525480763956,6.3832440113036055,4.468968567517802,7.573987997346418
2020,1,1,178,6.671472282783458,12.601484636752211,4.030613545373224,4.20624517788234,8.453526190188974,10.83365200687287,9.16138525276079,12.516923037492544,12.407516007189043,7.26389553862069,10.143249758517221,6.455950964686571,2.691121753620054,7.988651157676165,4.350747334446322,9.801952147005482,10.016525480763956,6.3832440113036055,4.468968567517802,7.573987997346418
2020,1,1,179,6.671472282783458,12.601484636752211,4.030613545373224,4.20624517788234,8.453526190188974,10.83365200687287,9.16138525276079,12.516923037492544,12.407516007189043,7.26389553862069,10.143249758517221,6.455950964686571,2.691121753620054,7.988651157676165,4.350747334446322,9.801952147005482,10.016525480763956,6.3832440113036055,4.468968567517802,7.573987997346418
2020,1,1,180,6.671472282783458,12.601484636752211,4.030613545373224,4.20624517788234,8.453526190188974,10.83365200687287,9.16138525276079,12.516923037492544,12.407516007189043,7.26389553862069,10.143249758517221,6.455950964686571,2.691121753620054,7.988651157676165,4.350747334446322,9.801952147005482,10.016525480763956,6.3832440113036055,4.468968567517802,7.573987997346418
2020,1,1,181,6.615936011360606,12.747423359415933,4.30864514256943,4.420005498722538,8.658926372566018,10.550165210330011,8.918626061441369,11.793332863759801,12.071870636685373,7.366873105893776,10.773983888230985,6.972798539300048,2.5788546189002624,7.5976563594179725,4.22527552878277,9.95930012258896,9.875468290739065,6.221887061700534,4.274113975316727,7.9508926688341175
2020,1,1,182,6.615936011360606,12.747423359415933,4.30864514256943,4.420005498722538,8.658926372566018,10.550165210330011,8.918626061441369,11.793332863759801,12.071870636685373,7.366873105893776,10.773983888230985,6.972798539300048,2.5788546189002624,7.5976563594179725,4.22527552878277,9.95930012258896,9.875468290739065,6.221887061700534,4.274113975316727,7.9508926688341175
2020,1,1,183,6.615936011360606,12.747423359415933,4.30864514256943,4.420005498722538,8.658926372566018,10.550165210330011,8.918626061441369,11.793332863759801,12.071870636685373,7.366873105893776,10.773983888230985,6.972798539300048,2.5788546189002624,7.5976563594179725,4.22527552878277,9.95930012258896,9.875468290739065,6.221887061700534,4.274113975316727,7.9508926688341175
2020,1,1,184,6.615936011360606,12.747423359415933,4.30864514256943,4.420005498722538,8.658926372566018,10.550165210330011,8.918626061441369,11.793332863759801,12.071870636685373,7.366873105893776,10.773983888230985,6.972798539300048,2.5788546189002624,7.5976563594179725,4.22527552878277,9.95930012258896,9.875468290739065,6.221887061700534,4.274113975316727,7.9508926688341175
2020,1,1,185,6.615936011360606,12.747423359415933,4.30864514256943,4.420005498722538,8.658926372566018,10.550165210330011,8.918626061441369,11.793332863759801,12.071870636685373,7.366873105893776,10.773983888230985,6.972798539300048,2.5788546189002624,7.5976563594179725,4.22527552878277,9.95930012258896,9.875468290739065,6.221887061700534,4.274113975316727,7.9508926688341175
2020,1,1,186,6.615936011360606,12.747423359415933,4.30864514256943,4.420005498722538,8.658926372566018,10.550165210330011,8.918626061441369,11.793332863759801,12.071870636685373,7.366873105893776,10.773983888230985,6.972798539300048,2.5788546189002624,7.5976563594179725,4.22527552878277,9.95930012258896,9.875468290739065,6.221887061700534,4.274113975316727,7.9508926688341175
2020,1,1,187,6.615936011360606,12.747423359415933,4.30864514256943,4.420005498722538,8.658926372566018,10.550165210330011,8.918626061441369,11.793332863759801,12.071870636685373,7.366873105893776,10.773983888230985,6.972798539300048,2.5788546189002624,7.5976563594179725,4.22527552878277,9.95930012258896,9.875468290739065,6.221887061700534,4.274113975316727,7.9508926688341175
2020,1,1,188,6.615936011360606,12.747423359415933,4.30864514256943,4.420005498722538,8.658926372566018,10.550165210330011,8.918626061441369,11.793332863759801,12.071870636685373,7.366873105893776,10.773983888230985,6.972798539300048,2.5788546189002624,7.5976563594179725,4.22527552878277,9.95930012258896,9.875468290739065,6.221887061700534,4.274113975316727,7.9508926688341175
2020,1,1,189,6.615936011360606,12.747423359415933,4.30864514256943,4.420005498722538,8.658926372566018,10.550165210330011,8.918626061441369,11.793332863759801,12.071870636685373,7.366873105893776,10.773983888230985,6.972798539300048,2.5788546189002624,7.5976563594179725,4.22527552878277,9.95930012258896,9.875468290739065,6.221887061700534,4.274113975316727,7.9508926688341175
2020,1,1,190,6.615936011360606,12.747423359415933,4.30864514256943,4.420005498722538,8.658926372566018,10.550165210330011,8.918626061441369,11.793332863759801,12.071870636685373,7.366873105893776,10.773983888230985,6.972798539300048,2.5788546189002624,7.5976563594179725,4.22527552878277,9.95930012258896,9.875468290739065,6.221887061700534,4.274113975316727,7.9508926688341175
2020,1,1,191,6.615936011360606,12.747423359415933,4.30864514256943,4.420005498722538,8.658926372566018,10.550165210330011,8.918626061441369,11.793332863759801,12.071870636685373,7.366873105893776,10.773983888230985,6.972798539300048,2.5788546189002624,7.5976563594179725,4.22527552878277,9.95930012258896,9.875468290739065,6.221887061700534,4.274113975316727,7.9508926688341175
2020,1,1,192,6.615936011360606,12.747423359415933,4.30864514256943,4.420005498722538,8.658926372566018,10.550165210330011,8.918626061441369,11.793332863759801,12.071870636685373,7.366873105893776,10.773983888230985,6.972798539300048,2.5788546189002624,7.5976563594179725,4.22527552878277,9.95930012258896,9.875468290739065,6.221887061700534,4.274113975316727,7.9508926688341175
2020,1,1,193,6.428534724395987,12.489754222426814,4.095831720046267,4.374229886863877,8.326431999524674,10.722797834640543,9.46207910880394,12.359850166814514,12.02440980284932,7.36157197396452,10.672899252037743,6.722714818422477,2.518323256430462,7.838777546825466,4.053218630522148,9.296850128447433,10.064985109941453,6.288364217431233,4.1830147880504205,7.794044295503812
2020,1,1,194,6.428534724395987,12.489754222426814,4.095831720046267,4.374229886863877,8.326431999524674,10.722797834640543,9.46207910880394,12.359850166814514,12.02440980284932,7.36157197396452,10.672899252037743,6.722714818422477,2.518323256430462,7.838777546825466,4.053218630522148,9.296850128447433,10.064985109941453,6.288364217431233,4.1830147880504205,7.794044295503812
2020,1,1,195,6.428534724395987,12.489754222426814,4.095831720046267,4.374229886863877,8.326431999524674,10.722797834640543,9.46207910880394,12.359850166814514,12.02440980284932,7.36157197396452,10.672899252037743,6.722714818422477,2.518323256430462,7.838777546825466,4.053218630522148,9.296850128447433,10.064985109941453,6.288364217431233,4.1830147880504205,7.794044295503812
2020,1,1,196,6.428534724395987,12.489754222426814,4.095831720046267,4.374229886863877,8.326431999524674,10.722797834640543,9.46207910880394,12.359850166814514,12.02440980284932,7.36157197396452,10.672899252037743,6.722714818422477,2.518323256430462,7.838777546825466,4.053218630522148,9.296850128447433,10.064985109941453,6.288364217431233,4.1830147880504205,7.794044295503812
2020,1,1,197,6.428534724395987,12.489754222426814,4.095831720046267,4.374229886863877,8.326431999524674,10.722797834640543,9.46207910880394,12.359850166814514,12.02440980284932,7.36157197396452,10.672899252037743,6.722714818422477,2.518323256430462,7.838777546825466,4.053218630522148,9.296850128447433,10.064985109941453,6.288364217431233,4.1830147880504205,7.794044295503812
2020,1,1,198,6.428534724395987,12.489754222426814,4.095831720046267,4.374229886863877,8.326431999524674,10.722797834640543,9.46207910880394,12.359850166814514,12.02440980284932,7.36157197396452,10.672899252037743,6.722714818422477,2.518323256430462,7.838777546825466,4.053218630522148,9.296850128447433,10.064985109941453,6.288364217431233,4.1830147880504205,7.794044295503812
2020,1,1,199,6.428534724395987,12.489754222426814,4.095831720046267,4.374229886863877,8.326431999524674,10.722797834640543,9.46207910880394,12.359850166814514,12.02440980284932,7.36157197396452,10.672899252037743,6.722714818422477,2.518323256430462,7.838777546825466,4.053218630522148,9.296850128447433,10.064985109941453,6.288364217431233,4.1830147880504205,7.794044295503812
2020,1,1,200,6.428534724395987,12.489754222426814,4.095831720046267,4.374229886863877,8.326431999524674,10.722797834640543,9.46207910880394,12.359850166814514,12.02440980284932,7.36157197396452,10.672899252037743,6.722714818422477,2.518323256430462,7.838777546825466,4.053218630522148,9.296850128447433,10.064985109941453,6.288364217431233,4.1830147880504205,7.794044295503812
2020,1,1,201,6.428534724395987,12.489754222426814,4.095831720046267,4.374229886863877,8.326431999524674,10.722797834640543,9.46207910880394,12.359850166814514,12.02440980284932,7.36157197396452,10.672899252037743,6.722714818422477,2.518323256430462,7.838777546825466,4.053218630522148,9.296850128447433,10.064985109941453,6.288364217431233,4.1830147880504205,7.794044295503812
2020,1,1,202,6.428534724395987,12.489754222426814,4.095831720046267,4.374229886863877,8.326431999524674,10.722797834640543,9.46207910880394,12.359850166814514,12.02440980284932,7.36157197396452,10.672899252037743,6.722714818422477,2.518323256430462,7.838777546825466,4.053218630522148,9.296850128447433,10.064985109941453,6.288364217431233,4.1830147880504205,7.794044295503812
2020,1,1,203,6.428534724395987,12.489754222426814,4.095831720046267,4.374229886863877,8.326431999524674,10.722797834640543,9.46207910880394,12.359850166814514,12.02440980284932,7.36157197396452,10.672899252037743,6.722714818422477,2.518323256430462,7.838777546825466,4.053218630522148,9.296850128447433,10.064985109941453,6.288364217431233,4.1830147880504205,7.794044295503812
2020,1,1,204,6.428534724395987,12.489754222426814,4.095831720046267,4.374229886863877,8.326431999524674,10.722797834640543,9.46207910880394,12.359850166814514,12.02440980284932,7.36157197396452,10.672899252037743,6.722714818422477,2.518323256430462,7.838777546825466,4.053218630522148,9.296850128447433,10.064985109941453,6.288364217431233,4.1830147880504205,7.794044295503812
2020,1,1,205,6.781001782033251,12.112811428593295,4.232112761520625,4.2879864477053315,8.271492756177643,10.318082820311686,9.20073146914819,12.045292697519685,11.769840445404396,7.239786288936933,10.65008613072566,6.530693460483298,2.5059421961612625,7.98934237432764,4.1491545340921,9.333183811565771,9.497297424668211,6.379948882073214,4.444585420850891,7.669662653460462
2020,1,1,206,6.781001782033251,12.112811428593295,4.232112761520625,4.2879864477053315,8.271492756177643,10.318082820311686,9.20073146914819,12.045292697519685,11.769840445404396,7.239786288936933,10.65008613072566,6.530693460483298,2.5059421961612625,7.98934237432764,4.1491545340921,9.333183811565771,9.497297424668211,6.379948882073214,4.444585420850891,7.669662653460462
2020,1,1,207,6.781001782033251,12.112811428593295,4.232112761520625,4.2879864477053315,8.271492756177643,10.318082820311686,9.20073146914819,12.045292697519685,11.769840445404396,7.239786288936933,10.65008613072566,6.530693460483298,2.5059421961612625,7.98934237432764,4.1491545340921,9.333183811565771,9.497297424668211,6.379948882073214,4.444585420850891,7.669662653460462
2020,1,1,208,6.781001782033251,12.112811428593295,4.232112761520625,4.2879864477053315,8.271492756177643,10.318082820311686,9.20073146914819,12.045292697519685,11.769840445404396,7.239786288936933,10.65008613072566,6.530693460483298,2.5059421961612625,7.98934237432764,4.1491545340921,9.333183811565771,9.497297424668211,6.379948882073214,4.444585420850891,7.669662653460462
2020,1,1,209,6.781001782033251,12.112811428593295,4.232112761520625,4.2879864477053315,8.271492756177643,10.318082820311686,9.20073146914819,12.045292697519685,11.769840445404396,7.239786288936933,10.65008613072566,6.530693460483298,2.5059421961612625,7.98934237432764,4.1491545340921,9.333183811565771,9.497297424668211,6.379948882073214,4.444585420850891,7.669662653460462
2020,1,1,210,6.781001782033251,12.112811428593295,4.232112761520625,4.2879864477053315,8.271492756177643,10.318082820311686,9.20073146914819,12.045292697519685,11.769840445404396,7.239786288936933,10.65008613072566,6.530693460483298,2.5059421961612625,7.98934237432764,4.1491545340921,9.333183811565771,9.497297424668211,6.379948882073214,4.444585420850891,7.669662653460462
2020,1,1,211,6.781001782033251,12.112811428593295,4.232112761520625,4.2879864477053315,8.271492756177643,10.318082820311686,9.20073146914819,12.045292697519685,11.769840445404396,7.239786288936933,10.65008613072566,6.530693460483298,2.5059421961612625,7.98934237432764,4.1491545340921,9.333183811565771,9.497297424668211,6.379948882073214,4.444585420850891,7.669662653460462
2020,1,1,212,6.781001782033251,12.112811428593295,4.232112761520625,4.2879864477053315,8.271492756177643,10.318082820311686,9.20073146914819,12.045292697519685,11.769840445404396,7.239786288936933,10.65008613072566,6.530693460483298,2.5059421961612625,7.98934237432764,4.1491545340921,9.333183811565771,9.497297424668211,6.379948882073214,4.444585420850891,7.669662653460462
2020,1,1,213,6.781001782033251,12.112811428593295,4.232112761520625,4.2879864477053315,8.271492756177643,10.318082820311686,9.20073146914819,12.045292697519685,11.769840445404396,7.239786288936933,10.65008613072566,6.530693460483298,2.5059421961612625,7.98934237432764,4.1491545340921,9.333183811565771,9.497297424668211,6.379948882073214,4.444585420850891,7.669662653460462
2020,1,1,214,6.781001782033251,12.112811428593295,4.232112761520625,4.2879864477053315,8.271492756177643,10.318082820311686,9.20073146914819,12.045292697519685,11.769840445404396,7.239786288936933,10.65008613072566,6.530693460483298,2.5059421961612625,7.98934237432764,4.1491545340921,9.333183811565771,9.497297424668211,6.379948882073214,4.444585420850891,7.669662653460462
2020,1,1,215,6.781001782033251,12.112811428593295,4.232112761520625,4.2879864477053315,8.271492756177643,10.318082820311686,9.20073146914819,12.045292697519685,11.769840445404396,7.239786288936933,10.65008613072566,6.530693460483298,2.5059421961612625,7.98934237432764,4.1491545340921,9.333183811565771,9.497297424668211,6.379948882073214,4.444585420850891,7.669662653460462
2020,1,1,216,6.781001782033251,12.112811428593295,4.232112761520625,4.2879864477053315,8.271492756177643,10.318082820311686,9.20073146914819,12.045292697519685,11.769840445404396,7.239786288936933,10.65008613072566,6.530693460483298,2.5059421961612625,7.98934237432764,4.1491545340921,9.333183811565771,9.497297424668211,6.379948882073214,4.444585420850891,7.669662653460462
2020,1,1,217,6.494248753863941,12.713104690700128,4.261582577913262,4.269370983095782,8.200672559074809,10.657153261333686,8.914991758825904,11.480780726081907,12.108177781391083,7.155357332972628,10.174785216087939,6.526676130574495,2.6141950989529263,7.65284077738338,4.114940555766554,9.801369743484416,9.254064112611937,6.700673765706133,4.253102926415265,7.613898358605733
2020,1,1,218,6.494248753863941,12.713104690700128,4.261582577913262,4.269370983095782,8.200672559074809,10.657153261333686,8.914991758825904,11.480780726081907,12.108177781391083,7.155357332972628,10.174785216087939,6.526676130574495,2.6141950989529263,7.65284077738338,4.114940555766554,9.801369743484416,9.254064112611937,6.700673765706133,4.253102926415265,7.613898358605733
2020,1,1,219,6.494248753863941,12.713104690700128,4.261582577913262,4.269370983095782,8.200672559074809,10.657153261333686,8.914991758825904,11.480780726081907,12.108177781391083,7.155357332972628,10.174785216087939,6.526676130574495,2.6141950989529263,7.65284077738338,4.114940555766554,9.801369743484416,9.254064112611937,6.700673765706133,4.253102926415265,7.613898358605733
2020,1,1,220,6.494248753863941,12.713104690700128,4.261582577913262,4.269370983095782,8.200672559074809,10.657153261333686,8.914991758825904,11.480780726081907,12.108177781391083,7.155357332972628,10.174785216087939,6.526676130574495,2.6141950989529263,7.65284077738338,4.114940555766554,9.801369743484416,9.254064112611937,6.700673765706133,4.253102926415265,7.613898358605733
2020,1,1,221,6.494248753863941,12.713104690700128,4.261582577913262,4.269370983095782,8.200672559074809,10.657153261333686,8.914991758825904,11.480780726081907,12.108177781391083,7.155357332972628,10.174785216087939,6.526676130574495,2.6141950989529263,7.65284077738338,4.114940555766554,9.801369743484416,9.254064112611937,6.700673765706133,4.253102926415265,7.613898358605733
2020,1,1,222,6.494248753863941,12.713104690700128,4.261582577913262,4.269370983095782,8.200672559074809,10.657153261333686,8.914991758825904,11.480780726081907,12.108177781391083,7.155357332972628,10.174785216087939,6.526676130574495,2.6141950989529263,7.65284077738338,4.114940555766554,9.801369743484416,9.254064112611937,6.700673765706133,4.253102926415265,7.613898358605733
2020,1,1,223,6.494248753863941,12.713104690700128,4.261582577913262,4.269370983095782,8.200672559074809,10.657153261333686,8.914991758825904,11.480780726081907,12.108177781391083,7.155357332972628,10.174785216087939,6.526676130574495,2.6141950989529263,7.65284077738338,4.114940555766554,9.801369743484416,9.254064112611937,6.700673765706133,4.253102926415265,7.613898358605733
2020,1,1,224,6.494248753863941,12.713104690700128,4.261582577913262,4.269370983095782,8.200672559074809,10.657153261333686,8.914991758825904,11.480780726081907,12.108177781391083,7.155357332972628,10.174785216087939,6.526676130574495,2.6141950989529263,7.65284077738338,4.114940555766554,9.801369743484416,9.254064112611937,6.700673765706133,4.253102926415265,7.613898358605733
2020,1,1,225,6.494248753863941,12.713104690700128,4.261582577913262,4.269370983095782,8.200672559074809,10.657153261333686,8.914991758825904,11.480780726081907,12.108177781391083,7.155357332972628,10.174785216087939,6.526676130574495,2.6141950989529263,7.65284077738338,4.114940555766554,9.801369743484416,9.254064112611937,6.700673765706133,4.253102926415265,7.613898358605733
2020,1,1,226,6.494248753863941,12.713104690700128,4.261582577913262,4.269370983095782,8.200672559074809,10.657153261333686,8.914991758825904,11.480780726081907,12.108177781391083,7.155357332972628,10.174785216087939,6.526676130574495,2.6141950989529263,7.65284077738338,4.114940555766554,9.801369743484416,9.254064112611937,6.700673765706133,4.253102926415265,7.613898358605733
2020,1,1,227,6.494248753863941,12.713104690700128,4.261582577913262,4.269370983095782,8.200672559074809,10.657153261333686,8.914991758825904,11.480780726081907,12.108177781391083,7.155357332972628,10.174785216087939,6.526676130574495,2.6141950989529263,7.65284077738338,4.114940555766554,9.801369743484416,9.254064112611937,6.700673765706133,4.253102926415265,7.613898358605733
2020,1,1,228,6.494248753863941,12.713104690700128,4.261582577913262,4.269370983095782,8.200672559074809,10.657153261333686,8.914991758825904,11.480780726081907,12.108177781391083,7.155357332972628,10.174785216087939,6.526676130574495,2.6141950989529263,7.65284077738338,4.114940555766554,9.801369743484416,9.254064112611937,6.700673765706133,4.253102926415265,7.613898358605733
2020,1,1,229,6.7063043211537146,12.485571971121379,4.152769783011345,4.363970746310543,8.560476547831497,10.76343971427787,8.864501064048888,11.89555171764971,13.175060334055562,7.081228199787836,10.343903512603797,6.831742990085874,2.4948807917221503,7.5657039097923615,4.047847677875332,9.483563993754204,10.465704272304581,6.715955282487646,4.261893297231629,7.412529339915121
2020,1,1,230,6.7063043211537146,12.485571971121379,4.152769783011345,4.363970746310543,8.560476547831497,10.76343971427787,8.864501064048888,11.89555171764971,13.175060334055562,7.081228199787836,10.343903512603797,6.831742990085874,2.4948807917221503,7.5657039097923615,4.047847677875332,9.483563993754204,10.465704272304581,6.715955282487646,4.261893297231629,7.412529339915121
2020,1,1,231,6.7063043211537146,12.485571971121379,4.152769783011345,4.363970746310543,8.560476547831497,10.76343971427787,8.864501064048888,11.89555171764971,13.175060334055562,7.081228199787836,10.343903512603797,6.831742990085874,2.4948807917221503,7.5657039097923615,4.047847677875332,9.483563993754204,10.465704272304581,6.715955282487646,4.261893297231629,7.412529339915121
2020,1,1,232,6.7063043211537146,12.485571971121379,4.152769783011345,4.363970746310543,8.560476547831497,10.76343971427787,8.864501064048888,11.89555171764971,13.175060334055562,7.081228199787836,10.343903512603797,6.831742990085874,2.4948807917221503,7.5657039097923615,4.047847677875332,9.483563993754204,10.465704272304581,6.715955282487646,4.261893297231629,7.412529339915121
2020,1,1,233,6.7063043211537146,12.485571971121379,4.152769783011345,4.363970746310543,8.560476547831497,10.76343971427787,8.864501064048888,11.89555171764971,13.175060334055562,7.081228199787836,10.343903512603797,6.831742990085874,2.4948807917221503,7.5657039097923615,4.047847677875332,9.483563993754204,10.465704272304581,6.715955282487646,4.261893297231629,7.412529339915121
2020,1,1,234,6.7063043211537146,12.485571971121379,4.152769783011345,4.363970746310543,8.560476547831497,10.76343971427787,8.864501064048888,11.89555171764971,13.175060334055562,7.081228199787836,10.343903512603797,6.831742990085874,2.4948807917221503,7.5657039097923615,4.047847677875332,9.483563993754204,10.465704272304581,6.715955282487646,4.261893297231629,7.412529339915121
2020,1,1,235,6.7063043211537146,12.485571971121379,4.152769783011345,4.363970746310543,8.560476547831497,10.76343971427787,8.864501064048888,11.89555171764971,13.175060334055562,7.081228199787836,10.343903512603797,6.831742990085874,2.4948807917221503,7.5657039097923615,4.047847677875332,9.483563993754204,10.465704272304581,6.715955282487646,4.261893297231629,7.412529339915121
2020,1,1,236,6.7063043211537146,12.485571971121379,4.152769783011345,4.363970746310543,8.560476547831497,10.76343971427787,8.864501064048888,11.89555171764971,13.175060334055562,7.081228199787836,10.343903512603797,6.831742990085874,2.4948807917221503,7.5657039097923615,4.047847677875332,9.483563993754204,10.465704272304581,6.715955282487646,4.261893297231629,7.412529339915121
2020,1,1,237,6.7063043211537146,12.485571971121379,4.152769783011345,4.363970746310543,8.560476547831497,10.76343971427787,8.864501064048888,11.89555171764971,13.175060334055562,7.081228199787836,10.343903512603797,6.831742990085874,2.4948807917221503,7.5657039097923615,4.047847677875332,9.483563993754204,10.465704272304581,6.715955282487646,4.261893297231629,7.412529339915121
2020,1,1,238,6.7063043211537146,12.485571971121379,4.152769783011345,4.363970746310543,8.560476547831497,10.76343971427787,8.864501064048888,11.89555171764971,13.175060334055562,7.081228199787836,10.343903512603797,6.831742990085874,2.4948807917221503,7.5657039097923615,4.047847677875332,9.483563993754204,10.465704272304581,6.715955282487646,4.261893297231629,7.412529339915121
2020,1,1,239,6.7063043211537146,12.485571971121379,4.152769783011345,4.363970746310543,8.560476547831497,10.76343971427787,8.864501064048888,11.89555171764971,13.175060334055562,7.081228199787836,10.343903512603797,6.831742990085874,2.4948807917221503,7.5657039097923615,4.047847677875332,9.483563993754204,10.465704272304581,6.715955282487646,4.261893297231629,7.412529339915121
2020,1,1,240,6.7063043211537146,12.485571971121379,4.152769783011345,4.363970746310543,8.560476547831497,10.76343971427787,8.864501064048888,11.89555171764971,13.175060334055562,7.081228199787836,10.343903512603797,6.831742990085874,2.4948807917221503,7.5657039097923615,4.047847677875332,9.483563993754204,10.465704272304581,6.715955282487646,4.261893297231629,7.412529339915121
2020,1,1,241,6.7460766098302605,13.08758120260687,4.297693508098037,4.384583264504967,8.535137049316443,10.351145395011047,8.78751131155362,11.991010099887704,11.825803346146774,6.935981622478414,10.605255156625036,6.8262485986760355,2.506895780970197,7.933327289519105,4.287015914095493,9.760645386725775,9.833425988344516,6.496989803322694,4.035450720515462,7.372155564825035
2020,1,1,242,6.7460766098302605,13.08758120260687,4.297693508098037,4.384583264504967,8.535137049316443,10.351145395011047,8.78751131155362,11.991010099887704,11.825803346146774,6.935981622478414,10.605255156625036,6.8262485986760355,2.506895780970197,7.933327289519105,4.287015914095493,9.760645386725775,9.833425988344516,6.496989803322694,4.035450720515462,7.372155564825035
2020,1,1,243,6.7460766098302605,13.08758120260687,4.297693508098037,4.384583264504967,8.535137049316443,10.351145395011047,8.78751131155362,11.991010099887704,11.825803346146774,6.935981622478414,10.605255156625036,6.8262485986760355,2.506895780970197,7.933327289519105,4.287015914095493,9.760645386725775,9.833425988344516,6.496989803322694,4.035450720515462,7.372155564825035
2020,1,1,244,6.7460766098302605,13.08758120260687,4.297693508098037,4.384583264504967,8.535137049316443,10.351145395011047,8.78751131155362,11.991010099887704,11.825803346146774,6.935981622478414,10.605255156625036,6.8262485986760355,2.506895780970197,7.933327289519105,4.287015914095493,9.760645386725775,9.833425988344516,6.496989803322694,4.035450720515462,7.372155564825035
2020,1,1,245,6.7460766098302605,13.08758120260687,4.297693508098037,4.384583264504967,8.535137049316443,10.351145395011047,8.78751131155362,11.991010099887704,11.825803346146774,6.935981622478414,10.605255156625036,6.8262485986760355,2.506895780970197,7.933327289519105,4.287015914095493,9.760645386725775,9.833425988344516,6.496989803322694,4.035450720515462,7.372155564825035
2020,1,1,246,6.7460766098302605,13.08758120260687,4.297693508098037,4.384583264504967,8.535137049316443,10.351145395011047,8.78751131155362,11.991010099887704,11.825803346146774,6.935981622478414,10.605255156625036,6.8262485986760355,2.506895780970197,7.933327289519105,4.287015914095493,9.760645386725775,9.833425988344516,6.496989803322694,4.035450720515462,7.372155564825035
2020,1,1,247,6.7460766098302605,13.08758120260687,4.297693508098037,4.384583264504967,8.535137049316443,10.351145395011047,8.78751131155362,11.991010099887704,11.825803346146774,6.935981622478414,10.605255156625036,6.8262485986760355,2.506895780970197,7.933327289519105,4.287015914095493,9.760645386725775,9.833425988344516,6.496989803322694,4.035450720515462,7.372155564825035
2020,1,1,248,6.7460766098302605,13.08758120260687,4.297693508098037,4.384583264504967,8.535137049316443,10.351145395011047,8.78751131155362,11.991010099887704,11.825803346146774,6.935981622478414,10.605255156625036,6.8262485986760355,2.506895780970197,7.933327289519105,4.287015914095493,9.760645386725775,9.833425988344516,6.496989803322694,4.035450720515462,7.372155564825035
2020,1,1,249,6.7460766098302605,13.08758120260687,4.297693508098037,4.384583264504967,8.535137049316443,10.351145395011047,8.78751131155362,11.991010099887704,11.825803346146774,6.935981622478414,10.605255156625036,6.8262485986760355,2.506895780970197,7.933327289519105,4.287015914095493,9.760645386725775,9.833425988344516,6.496989803322694,4.035450720515462,7.372155564825035
2020,1,1,250,6.7460766098302605,13.08758120260687,4.297693508098037,4.384583264504967,8.535137049316443,10.351145395011047,8.78751131155362,11.991010099887704,11.825803346146774,6.935981622478414,10.605255156625036,6.8262485986760355,2.506895780970197,7.933327289519105,4.287015914095493,9.760645386725775,9.833425988344516,6.496989803322694,4.035450720515462,7.372155564825035
2020,1,1,251,6.7460766098302605,13.08758120260687,4.297693508098037,4.384583264504967,8.535137049316443,10.351145395011047,8.78751131155362,11.991010099887704,11.825803346146774,6.935981622478414,10.605255156625036,6.8262485986760355,2.506895780970197,7.933327289519105,4.287015914095493,9.760645386725775,9.833425988344516,6.496989803322694,4.035450720515462,7.372155564825035
2020,1,1,252,6.7460766098302605,13.08758120260687,4.297693508098037,4.384583264504967,8.535137049316443,10.351145395011047,8.78751131155362,11.991010099887704,11.825803346146774,6.935981622478414,10.605255156625036,6.8262485986760355,2.506895780970197,7.933327289519105,4.287015914095493,9.760645386725775,9.833425988344516,6.496989803322694,4.035450720515462,7.372155564825035
2020,1,1,253,6.790755565935627,12.975443473003653,4.16541595980371,4.341885249453334,8.78672419404072,11.124809628854484,8.867949985889123,11.649526291972997,11.943477706800731,7.051920103255738,10.317904053381634,6.612135957537407,2.4902831345652046,7.831456132599856,4.37143703647391,9.479689796352499,10.005040551353538,6.590885707515276,4.273953964144797,7.630189263518688
2020,1,1,254,6.790755565935627,12.975443473003653,4.16541595980371,4.341885249453334,8.78672419404072,11.124809628854484,8.867949985889123,11.649526291972997,11.943477706800731,7.051920103255738,10.317904053381634,6.612135957537407,2.4902831345652046,7.831456132599856,4.37143703647391,9.479689796352499,10.005040551353538,6.590885707515276,4.273953964144797,7.630189263518688
2020,1,1,255,6.790755565935627,12.975443473003653,4.16541595980371,4.341885249453334,8.78672419404072,11.124809628854484,8.867949985889123,11.649526291972997,11.943477706800731,7.051920103255738,10.317904053381634,6.612135957537407,2.4902831345652046,7.831456132599856,4.37143703647391,9.479689796352499,10.005040551353538,6.590885707515276,4.273953964144797,7.630189263518688
2020,1,1,256,6.790755565935627,12.975443473003653,4.16541595980371,4.341885249453334,8.78672419404072,11.124809628854484,8.867949985889123,11.649526291972997,11.943477706800731,7.051920103255738,10.317904053381634,6.612135957537407,2.4902831345652046,7.831456132599856,4.37143703647391,9.479689796352499,10.005040551353538,6.590885707515276,4.273953964144797,7.630189263518688
2020,1,1,257,6.790755565935627,12.975443473003653,4.16541595980371,4.341885249453334,8.78672419404072,11.124809628854484,8.867949985889123,11.649526291972997,11.943477706800731,7.051920103255738,10.317904053381634,6.612135957537407,2.4902831345652046,7.831456132599856,4.37143703647391,9.479689796352499,10.005040551353538,6.590885707515276,4.273953964144797,7.630189263518688
2020,1,1,258,6.790755565935627,12.975443473003653,4.16541595980371,4.341885249453334,8.78672419404072,11.124809628854484,8.867949985889123,11.649526291972997,11.943477706800731,7.051920103255738,10.317904053381634,6.612135957537407,2.4902831345652046,7.831456132599856,4.37143703647391,9.479689796352499,10.005040551353538,6.590885707515276,4.273953964144797,7.630189263518688
2020,1,1,259,6.790755565935627,12.975443473003653,4.16541595980371,4.341885249453334,8.78672419404072,11.124809628854484,8.867949985889123,11.649526291972997,11.943477706800731,7.051920103255738,10.317904053381634,6.612135957537407,2.4902831345652046,7.831456132599856,4.37143703647391,9.479689796352499,10.005040551353538,6.590885707515276,4.273953964144797,7.630189263518688
2020,1,1,260,6.790755565935627,12.975443473003653,4.16541595980371,4.341885249453334,8.78672419404072,11.124809628854484,8.867949985889123,11.649526291972997,11.943477706800731,7.051920103255738,10.317904053381634,6.612135957537407,2.4902831345652046,7.831456132599856,4.37143703647391,9.479689796352499,10.005040551353538,6.590885707515276,4.273953964144797,7.630189263518688
2020,1,1,261,6.790755565935627,12.975443473003653,4.16541595980371,4.341885249453334,8.78672419404072,11.124809628854484,8.867949985889123,11.649526291972997,11.943477706800731,7.051920103255738,10.317904053381634,6.612135957537407,2.4902831345652046,7.831456132599856,4.37143703647391,9.479689796352499,10.005040551353538,6.590885707515276,4.273953964144797,7.630189263518688
2020,1,1,262,6.790755565935627,12.975443473003653,4.16541595980371,4.341885249453334,8.78672419404072,11.124809628854484,8.867949985889123,11.649526291972997,11.943477706800731,7.051920103255738,10.317904053381634,6.612135957537407,2.4902831345652046,7.831456132599856,4.37143703647391,9.479689796352499,10.005040551353538,6.590885707515276,4.273953964144797,7.630189263518688
2020,1,1,263,6.790755565935627,12.975443473003653,4.16541595980371,4.341885249453334,8.78672419404072,11.124809628854484,8.867949985889123,11.649526291972997,11.943477706800731,7.051920103255738,10.317904053381634,6.612135957537407,2.4902831345652046,7.831456132599856,4.37143703647391,9.479689796352499,10.005040551353538,6.590885707515276,4.273953964144797,7.630189263518688
2020,1,1,264,6.790755565935627,12.975443473003653,4.16541595980371,4.341885249453334,8.78672419404072,11.124809628854484,8.867949985889123,11.649526291972997,11.943477706800731,7.051920103255738,10.317904053381634,6.612135957537407,2.4902831345652046,7.831456132599856,4.37143703647391,9.479689796352499,10.005040551353538,6.590885707515276,4.273953964144797,7.630189263518688
2020,1,1,265,6.794439497566827,13.522899426353028,4.2260153434428736,4.330458839058463,8.903005236171945,10.167524900869221,8.875679857284702,11.57644270426472,12.081252733093212,6.9923668244499435,10.16243967006589,6.745041286535355,2.478211119926497,7.702337362679775,3.9413231773449344,9.767628265124447,9.019626359331738,6.4241940967245545,4.378249390204247,7.349074621544572
2020,1,1,266,6.794439497566827,13.522899426353028,4.2260153434428736,4.330458839058463,8.903005236171945,10.167524900869221,8.875679857284702,11.57644270426472,12.081252733093212,6.9923668244499435,10.16243967006589,6.745041286535355,2.478211119926497,7.702337362679775,3.9413231773449344,9.767628265124447,9.019626359331738,6.4241940967245545,4.378249390204247,7.349074621544572
2020,1,1,267,6.794439497566827,13.522899426353028,4.2260153434428736,4.330458839058463,8.903005236171945,10.167524900869221,8.875679857284702,11.57644270426472,12.081252733093212,6.9923668244499435,10.16243967006589,6.745041286535355,2.478211119926497,7.702337362679775,3.9413231773449344,9.767628265124447,9.019626359331738,6.4241940967245545,4.378249390204247,7.349074621544572
2020,1,1,268,6.794439497566827,13.522899426353028,4.2260153434428736,4.330458839058463,8.903005236171945,10.167524900869221,8.875679857284702,11.57644270426472,12.081252733093212,6.9923668244499435,10.16243967006589,6.745041286535355,2.478211119926497,7.702337362679775,3.9413231773449344,9.767628265124447,9.019626359331738,6.4241940967245545,4.378249390204247,7.349074621544572
2020,1,1,269,6.794439497566827,13.522899426353028,4.2260153434428736,4.330458839058463,8.903005236171945,10.167524900869221,8.875679857284702,11.57644270426472,12.081252733093212,6.9923668244499435,10.16243967006589,6.745041286535355,2.478211119926497,7.702337362679775,3.9413231773449344,9.767628265124447,9.019626359331738,6.4241940967245545,4.378249390204247,7.349074621544572
2020,1,1,270,6.794439497566827,13.522899426353028,4.2260153434428736,4.330458839058463,8.903005236171945,10.167524900869221,8.875679857284702,11.57644270426472,12.081252733093212,6.9923668244499435,10.16243967006589,6.745041286535355,2.478211119926497,7.702337362679775,3.9413231773449344,9.767628265124447,9.019626359331738,6.4241940967245545,4.378249390204247,7.349074621544572
2020,1,1,271,6.794439497566827,13.522899426353028,4.2260153434428736,4.330458839058463,8.903005236171945,10.167524900869221,8.875679857284702,11.57644270426472,12.081252733093212,6.9923668244499435,10.16243967006589,6.745041286535355,2.478211119926497,7.702337362679775,3.9413231773449344,9.767628265124447,9.019626359331738,6.4241940967245545,4.378249390204247,7.349074621544572
2020,1,1,272,6.794439497566827,13.522899426353028,4.2260153434428736,4.330458839058463,8.903005236171945,10.167524900869221,8.875679857284702,11.57644270426472,12.081252733093212,6.9923668244499435,10.16243967006589,6.745041286535355,2.478211119926497,7.702337362679775,3.9413231773449344,9.767628265124447,9.019626359331738,6.4241940967245545,4.378249390204247,7.349074621544572
2020,1,1,273,6.794439497566827,13.522899426353028,4.2260153434428736,4.330458839058463,8.903005236171945,10.167524900869221,8.875679857284702,11.57644270426472,12.081252733093212,6.9923668244499435,10.16243967006589,6.745041286535355,2.478211119926497,7.702337362679775,3.9413231773449344,9.767628265124447,9.019626359331738,6.4241940967245545,4.378249390204247,7.349074621544572
2020,1,1,274,6.794439497566827,13.522899426353028,4.2260153434428736,4.330458839058463,8.903005236171945,10.167524900869221,8.875679857284702,11.57644270426472,12.081252733093212,6.9923668244499435,10.16243967006589,6.745041286535355,2.478211119926497,7.702337362679775,3.9413231773449344,9.767628265124447,9.019626359331738,6.4241940967245545,4.378249390204247,7.349074621544572
2020,1,1,275,6.794439497566827,13.522899426353028,4.2260153434428736,4.330458839058463,8.903005236171945,10.167524900869221,8.875679857284702,11.57644270426472,12.081252733093212,6.9923668244499435,10.16243967006589,6.745041286535355,2.478211119926497,7.702337362679775,3.9413231773449344,9.767628265124447,9.019626359331738,6.4241940967245545,4.378249390204247,7.349074621544572
2020,1,1,276,6.794439497566827,13.522899426353028,4.2260153434428736,4.330458839058463,8.903005236171945,10.167524900869221,8.875679857284702,11.57644270426472,12.081252733093212,6.9923668244499435,10.16243967006589,6.745041286535355,2.478211119926497,7.702337362679775,3.9413231773449344,9.767628265124447,9.019626359331738,6.4241940967245545,4.378249390204247,7.349074621544572
2020,1,1,277,6.787283252297771,12.819760471135275,4.149098232158822,4.23631788375708,8.19996914320333,10.833367310804533,8.81753736530913,11.564400377216556,12.098684970618745,6.956956195980336,10.149948382798605,6.538883171092595,2.4828649164854664,7.858281939190425,4.301308860997265,9.205735594106494,10.303709937548215,6.295520213429223,4.234888915927801,8.047540111187097
2020,1,1,278,6.787283252297771,12.819760471135275,4.149098232158822,4.23631788375708,8.19996914320333,10.833367310804533,8.81753736530913,11.564400377216556,12.098684970618745,6.956956195980336,10.149948382798605,6.538883171092595,2.4828649164854664,7.858281939190425,4.301308860997265,9.205735594106494,10.303709937548215,6.295520213429223,4.234888915927801,8.047540111187097
2020,1,1,279,6.787283252297771,12.819760471135275,4.149098232158822,4.23631788375708,8.19996914320333,10.833367310804533,8.81753736530913,11.564400377216556,12.098684970618745,6.956956195980336,10.149948382798605,6.538883171092595,2.4828649164854664,7.858281939190425,4.301308860997265,9.205735594106494,10.303709937548215,6.295520213429223,4.234888915927801,8.047540111187097
2020,1,1,280,6.787283252297771,12.819760471135275,4.149098232158822,4.23631788375708,8.19996914320333,10.833367310804533,8.81753736530913,11.564400377216556,12.098684970618745,6.956956195980336,10.149948382798605,6.538883171092595,2.4828649164854664,7.858281939190425,4.301308860997265,9.205735594106494,10.303709937548215,6.295520213429223,4.234888915927801,8.047540111187097
2020,1,1,281,6.787283252297771,12.819760471135275,4.149098232158822,4.23631788375708,8.19996914320333,10.833367310804533,8.81753736530913,11.564400377216556,12.098684970618745,6.956956195980336,10.149948382798605,6.538883171092595,2.4828649164854664,7.858281939190425,4.301308860997265,9.205735594106494,10.303709937548215,6.295520213429223,4.234888915927801,8.047540111187097
2020,1,1,282,6.787283252297771,12.819760471135275,4.149098232158822,4.23631788375708,8.19996914320333,10.833367310804533,8.81753736530913,11.564400377216556,12.098684970618745,6.956956195980336,10.149948382798605,6.538883171092595,2.4828649164854664,7.858281939190425,4.301308860997265,9.205735594106494,10.303709937548215,6.295520213429223,4.234888915927801,8.047540111187097
2020,1,1,283,6.787283252297771,12.819760471135275,4.149098232158822,4.23631788375708,8.19996914320333,10.833367310804533,8.81753736530913,11.564400377216556,12.098684970618745,6.956956195980336,10.149948382798605,6.538883171092595,2.4828649164854664,7.858281939190425,4.301308860997265,9.205735594106494,10.303709937548215,6.295520213429223,4.234888915927801,8.047540111187097
2020,1,1,284,6.787283252297771,12.819760471135275,4.149098232158822,4.23631788375708,8.19996914320333,10.833367310804533,8.81753736530913,11.564400377216556,12.098684970618745,6.956956195980336,10.149948382798605,6.538883171092595,2.4828649164854664,7.858281939190425,4.301308860997265,9.205735594106494,10.303709937548215,6.295520213429223,4.234888915927801,8.047540111187097
2020,1,1,285,6.787283252297771,12.819760471135275,4.149098232158822,4.23631788375708,8.19996914320333,10.833367310804533,8.81753736530913,11.564400377216556,12.098684970618745,6.956956195980336,10.149948382798605,6.538883171092595,2.4828649164854664,7.858281939190425,4.301308860997265,9.205735594106494,10.303709937548215,6.295520213429223,4.234888915927801,8.047540111187097
2020,1,1,286,6.787283252297771,12.819760471135275,4.149098232158822,4.23631788375708,8.19996914320333,10.833367310804533,8.81753736530913,11.564400377216556,12.098684970618745,6.956956195980336,10.149948382798605,6.538883171092595,2.4828649164854664,7.858281939190425,4.301308860997265,9.205735594106494,10.303709937548215,6.295520213429223,4.234888915927801,8.047540111187097
2020,1,1,287,6.787283252297771,12.819760471135275,4.149098232158822,4.23631788375708,8.19996914320333,10.833367310804533,8.81753736530913,11.564400377216556,12.098684970618745,6.956956195980336,10.149948382798605,6.538883171092595,2.4828649164854664,7.858281939190425,4.301308860997265,9.205735594106494,10.303709937548215,6.295520213429223,4.234888915927801,8.047540111187097
2020,1,1,288,6.787283252297771,12.819760471135275,4.149098232158822,4.23631788375708,8.19996914320333,10.833367310804533,8.81753736530913,11.564400377216556,12.098684970618745,6.956956195980336,10.149948382798605,6.538883171092595,2.4828649164854664,7.858281939190425,4.301308860997265,9.205735594106494,10.303709937548215,6.295520213429223,4.234888915927801,8.047540111187097
2020,1,2,1,6.346808692514537,13.003479998688324,3.9490309095936604,4.244074652756552,8.514148518765477,9.884714264751796,8.845720420180381,11.754615283021844,12.480490541310946,7.589628203872094,10.165115123891951,6.715692819204378,2.670525756458206,7.939096022954776,4.050054266043936,9.759659586891065,10.188781823745545,6.173767114486606,4.125421055274362,7.690736299275534
2020,1,2,2,6.346808692514537,13.003479998688324,3.9490309095936604,4.244074652756552,8.514148518765477,9.884714264751796,8.845720420180381,11.754615283021844,12.480490541310946,7.589628203872094,10.165115123891951,6.715692819204378,2.670525756458206,7.939096022954776,4.050054266043936,9.759659586891065,10.188781823745545,6.173767114486606,4.125421055274362,7.690736299275534
2020,1,2,3,6.346808692514537,13.003479998688324,3.9490309095936604,4.244074652756552,8.514148518765477,9.884714264751796,8.845720420180381,11.754615283021844,12.480490541310946,7.589628203872094,10.165115123891951,6.715692819204378,2.670525756458206,7.939096022954776,4.050054266043936,9.759659586891065,10.188781823745545,6.173767114486606,4.125421055274362,7.690736299275534
2020,1,2,4,6.346808692514537,13.003479998688324,3.9490309095936604,4.244074652756552,8.514148518765477,9.884714264751796,8.845720420180381,11.754615283021844,12.480490541310946,7.589628203872094,10.165115123891951,6.715692819204378,2.670525756458206,7.939096022954776,4.050054266043936,9.759659586891065,10.188781823745545,6.173767114486606,4.125421055274362,7.690736299275534
2020,1,2,5,6.346808692514537,13.003479998688324,3.9490309095936604,4.244074652756552,8.514148518765477,9.884714264751796,8.845720420180381,11.754615283021844,12.480490541310946,7.589628203872094,10.165115123891951,6.715692819204378,2.670525756458206,7.939096022954776,4.050054266043936,9.759659586891065,10.188781823745545,6.173767114486606,4.125421055274362,7.690736299275534
2020,1,2,6,6.346808692514537,13.003479998688324,3.9490309095936604,4.244074652756552,8.514148518765477,9.884714264751796,8.845720420180381,11.754615283021844,12.480490541310946,7.589628203872094,10.165115123891951,6.715692819204378,2.670525756458206,7.939096022954776,4.050054266043936,9.759659586891065,10.188781823745545,6.173767114486606,4.125421055274362,7.690736299275534
2020,1,2,7,6.346808692514537,13.003479998688324,3.9490309095936604,4.244074652756552,8.514148518765477,9.884714264751796,8.845720420180381,11.754615283021844,12.480490541310946,7.589628203872094,10.165115123891951,6.715692819204378,2.670525756458206,7.939096022954776,4.050054266043936,9.759659586891065,10.188781823745545,6.173767114486606,4.125421055274362,7.690736299275534
2020,1,2,8,6.346808692514537,13.003479998688324,3.9490309095936604,4.244074652756552,8.514148518765477,9.884714264751796,8.845720420180381,11.754615283021844,12.480490541310946,7.589628203872094,10.165115123891951,6.715692819204378,2.670525756458206,7.939096022954776,4.050054266043936,9.759659586891065,10.188781823745545,6.173767114486606,4.125421055274362,7.690736299275534
2020,1,2,9,6.346808692514537,13.003479998688324,3.9490309095936604,4.244074652756552,8.514148518765477,9.884714264751796,8.845720420180381,11.754615283021844,12.480490541310946,7.589628203872094,10.165115123891951,6.715692819204378,2.670525756458206,7.939096022954776,4.050054266043936,9.759659586891065,10.188781823745545,6.173767114486606,4.125421055274362,7.690736299275534
2020,1,2,10,6.346808692514537,13.003479998688324,3.9490309095936604,4.244074652756552,8.514148518765477,9.884714264751796,8.845720420180381,11.754615283021844,12.480490541310946,7.589628203872094,10.165115123891951,6.715692819204378,2.670525756458206,7.939096022954776,4.050054266043936,9.759659586891065,10.188781823745545,6.173767114486606,4.125421055274362,7.690736299275534
2020,1,2,11,6.346808692514537,13.003479998688324,3.9490309095936604,4.244074652756552,8.514148518765477,9.884714264751796,8.845720420180381,11.754615283021844,12.480490541310946,7.589628203872094,10.165115123891951,6.715692819204378,2.670525756458206,7.939096022954776,4.050054266043936,9.759659586891065,10.188781823745545,6.173767114486606,4.125421055274362,7.690736299275534
2020,1,2,12,6.346808692514537,13.003479998688324,3.9490309095936604,4.244074652756552,8.514148518765477,9.884714264751796,8.845720420180381,11.754615283021844,12.480490541310946,7.589628203872094,10.165115123891951,6.715692819204378,2.670525756458206,7.939096022954776,4.050054266043936,9.759659586891065,10.188781823745545,6.173767114486606,4.125421055274362,7.690736299275534
2020,1,2,13,6.42538828730934,12.6400136629641,4.167998081288835,4.292600735837064,8.455728553755499,10.579878909825965,8.584370531528503,11.639512885134359,12.153224745189405,6.82862777207789,10.018637072980859,7.067763934494209,2.612340684992508,7.704501779850101,4.090708134089519,8.996758762744099,9.38480627693338,6.527427112384666,4.228503749475778,8.149868064053301
2020,1,2,14,6.42538828730934,12.6400136629641,4.167998081288835,4.292600735837064,8.455728553755499,10.579878909825965,8.584370531528503,11.639512885134359,12.153224745189405,6.82862777207789,10.018637072980859,7.067763934494209,2.612340684992508,7.704501779850101,4.090708134089519,8.996758762744099,9.38480627693338,6.527427112384666,4.228503749475778,8.149868064053301
2020,1,2,15,6.42538828730934,12.6400136629641,4.167998081288835,4.292600735837064,8.455728553755499,10.579878909825965,8.584370531528503,11.639512885134359,12.153224745189405,6.82862777207789,10.018637072980859,7.067763934494209,2.612340684992508,7.704501779850101,4.090708134089519,8.996758762744099,9.38480627693338,6.527427112384666,4.228503749475778,8.149868064053301
2020,1,2,16,6.42538828730934,12.6400136629641,4.167998081288835,4.292600735837064,8.455728553755499,10.579878909825965,8.584370531528503,11.639512885134359,12.153224745189405,6.82862777207789,10.018637072980859,7.067763934494209,2.612340684992508,7.704501779850101,4.090708134089519,8.996758762744099,9.38480627693338,6.527427112384666,4.228503749475778,8.149868064053301
2020,1,2,17,6.42538828730934,12.6400136629641,4.167998081288835,4.292600735837064,8.455728553755499,10.579878909825965,8.584370531528503,11.639512885134359,12.153224745189405,6.82862777207789,10.018637072980859,7.067763934494209,2.612340684992508,7.704501779850101,4.090708134089519,8.996758762744099,9.38480627693338,6.527427112384666,4.228503749475778,8.149868064053301
2020,1,2,18,6.42538828730934,12.6400136629641,4.167998081288835,4.292600735837064,8.455728553755499,10.579878909825965,8.584370531528503,11.639512885134359,12.153224745189405,6.82862777207789,10.018637072980859,7.067763934494209,2.612340684992508,7.704501779850101,4.090708134089519,8.996758762744099,9.38480627693338,6.527427112384666,4.228503749475778,8.149868064053301
2020,1,2,19,6.42538828730934,12.6400136629641,4.167998081288835,4.292600735837064,8.455728553755499,10.579878909825965,8.584370531528503,11.639512885134359,12.153224745189405,6.82862777207789,10.018637072980859,7.067763934494209,2.612340684992508,7.704501779850101,4.090708134089519,8.996758762744099,9.38480627693338,6.527427112384666,4.228503749475778,8.149868064053301
2020,1,2,20,6.42538828730934,12.6400136629641,4.167998081288835,4.292600735837064,8.455728553755499,10.579878909825965,8.584370531528503,11.639512885134359,12.153224745189405,6.82862777207789,10.018637072980859,7.067763934494209,2.612340684992508,7.704501779850101,4.090708134089519,8.996758762744099,9.38480627693338,6.527427112384666,4.228503749475778,8.149868064053301
2020,1,2,21,6.42538828730934,12.6400136629641,4.167998081288835,4.292600735837064,8.455728553755499,10.579878909825965,8.584370531528503,11.639512885134359,12.153224745189405,6.82862777207789,10.018637072980859,7.067763934494209,2.612340684992508,7.704501779850101,4.090708134089519,8.996758762744099,9.38480627693338,6.527427112384666,4.228503749475778,8.149868064053301
2020,1,2,22,6.42538828730934,12.6400136629641,4.167998081288835,4.292600735837064,8.455728553755499,10.579878909825965,8.584370531528503,11.639512885134359,12.153224745189405,6.82862777207789,10.018637072980859,7.067763934494209,2.612340684992508,7.704501779850101,4.090708134089519,8.996758762744099,9.38480627693338,6.527427112384666,4.228503749475778,8.149868064053301
2020,1,2,23,6.42538828730934,12.6400136629641,4.167998081288835,4.292600735837064,8.455728553755499,10.579878909825965,8.584370531528503,11.639512885134359,12.153224745189405,6.82862777207789,10.018637072980859,7.067763934494209,2.612340684992508,7.704501779850101,4.090708134089519,8.996758762744099,9.38480627693338,6.527427112384666,4.228503749475778,8.149868064053301
2020,1,2,24,6.42538828730934,12.6400136629641,4.167998081288835,4.292600735837064,8.455728553755499,10.579878909825965,8.584370531528503,11.639512885134359,12.153224745189405,6.82862777207789,10.018637072980859,7.067763934494209,2.612340684992508,7.704501779850101,4.090708134089519,8.996758762744099,9.38480627693338,6.527427112384666,4.228503749475778,8.149868064053301
2020,1,2,25,6.323807055111303,13.43375744488715,4.073852779157044,4.190432639854259,8.11590330353208,10.814842075684501,8.751126966520664,12.390550563053802,12.306728490824572,7.443136318211115,11.274000083585669,7.2007620958908705,2.553595171133425,7.787490557620447,4.158121194380689,9.867962517318826,9.753578014632053,6.639421171285866,4.211160517321816,7.568218234155352
2020,1,2,26,6.323807055111303,13.43375744488715,4.073852779157044,4.190432639854259,8.11590330353208,10.814842075684501,8.751126966520664,12.390550563053802,12.306728490824572,7.443136318211115,11.274000083585669,7.2007620958908705,2.553595171133425,7.787490557620447,4.158121194380689,9.867962517318826,9.753578014632053,6.639421171285866,4.211160517321816,7.568218234155352
2020,1,2,27,6.323807055111303,13.43375744488715,4.073852779157044,4.190432639854259,8.11590330353208,10.814842075684501,8.751126966520664,12.390550563053802,12.306728490824572,7.443136318211115,11.274000083585669,7.2007620958908705,2.553595171133425,7.787490557620447,4.158121194380689,9.867962517318826,9.753578014632053,6.639421171285866,4.211160517321816,7.568218234155352
2020,1,2,28,6.323807055111303,13.43375744488715,4.073852779157044,4.190432639854259,8.11590330353208,10.814842075684501,8.751126966520664,12.390550563053802,12.306728490824572,7.443136318211115,11.274000083585669,7.2007620958908705,2.553595171133425,7.787490557620447,4.158121194380689,9.867962517318826,9.753578014632053,6.639421171285866,4.211160517321816,7.568218234155352
2020,1,2,29,6.323807055111303,13.43375744488715,4.073852779157044,4.190432639854259,8.11590330353208,10.814842075684501,8.751126966520664,12.390550563053802,12.306728490824572,7.443136318211115,11.274000083585669,7.2007620958908705,2.553595171133425,7.787490557620447,4.158121194380689,9.867962517318826,9.753578014632053,6.639421171285866,4.211160517321816,7.568218234155352
2020,1,2,30,6.323807055111303,13.43375744488715,4.073852779157044,4.190432639854259,8.11590330353208,10.814842075684501,8.751126966520664,12.390550563053802,12.306728490824572,7.443136318211115,11.274000083585669,7.2007620958908705,2.553595171133425,7.787490557620447,4.158121194380689,9.867962517318826,9.753578014632053,6.639421171285866,4.211160517321816,7.568218234155352
2020,1,2,31,6.323807055111303,13.43375744488715,4.073852779157044,4.190432639854259,8.11590330353208,10.814842075684501,8.751126966520664,12.390550563053802,12.306728490824572,7.443136318211115,11.274000083585669,7.2007620958908705,2.553595171133425,7.787490557620447,4.158121194380689,9.867962517318826,9.753578014632053,6.639421171285866,4.211160517321816,7.568218234155352
2020,1,2,32,6.323807055111303,13.43375744488715,4.073852779157044,4.190432639854259,8.11590330353208,10.814842075684501,8.751126966520664,12.390550563053802,12.306728490824572,7.443136318211115,11.274000083585669,7.2007620958908705,2.553595171133425,7.787490557620447,4.158121194380689,9.867962517318826,9.753578014632053,6.639421171285866,4.211160517321816,7.568218234155352
2020,1,2,33,6.323807055111303,13.43375744488715,4.073852779157044,4.190432639854259,8.11590330353208,10.814842075684501,8.751126966520664,12.390550563053802,12.306728490824572,7.443136318211115,11.274000083585669,7.2007620958908705,2.553595171133425,7.787490557620447,4.158121194380689,9.867962517318826,9.753578014632053,6.639421171285866,4.211160517321816,7.568218234155352
2020,1,2,34,6.323807055111303,13.43375744488715,4.073852779157044,4.190432639854259,8.11590330353208,10.814842075684501,8.751126966520664,12.390550563053802,12.306728490824572,7.443136318211115,11.274000083585669,7.2007620958908705,2.553595171133425,7.787490557620447,4.158121194380689,9.867962517318826,9.753578014632053,6.639421171285866,4.211160517321816,7.568218234155352
2020,1,2,35,6.323807055111303,13.43375744488715,4.073852779157044,4.190432639854259,8.11590330353208,10.814842075684501,8.751126966520664,12.390550563053802,12.306728490824572,7.443136318211115,11.274000083585669,7.2007620958908705,2.553595171133425,7.787490557620447,4.158121194380689,9.867962517318826,9.753578014632053,6.639421171285866,4.211160517321816,7.568218234155352
2020,1,2,36,6.323807055111303,13.43375744488715,4.073852779157044,4.190432639854259,8.11590330353208,10.814842075684501,8.751126966520664,12.390550563053802,12.306728490824572,7.443136318211115,11.274000083585669,7.2007620958908705,2.553595171133425,7.787490557620447,4.158121194380689,9.867962517318826,9.753578014632053,6.639421171285866,4.211160517321816,7.568218234155352
2020,1,2,37,6.310481973056785,12.781539928645119,4.358239128003653,4.175294323455345,8.37333280843026,10.889362828663684,8.47626313498218,11.070784399604479,12.064943566201404,6.9329399868207835,9.772196804996316,6.725165838058495,2.494044966822044,7.837729069928756,4.314592475023053,9.591630111561093,9.925965523327749,6.3657615470309405,4.257698541510083,7.532581934295483
2020,1,2,38,6.310481973056785,12.781539928645119,4.358239128003653,4.175294323455345,8.37333280843026,10.889362828663684,8.47626313498218,11.070784399604479,12.064943566201404,6.9329399868207835,9.772196804996316,6.725165838058495,2.494044966822044,7.837729069928756,4.314592475023053,9.591630111561093,9.925965523327749,6.3657615470309405,4.257698541510083,7.532581934295483
2020,1,2,39,6.310481973056785,12.781539928645119,4.358239128003653,4.175294323455345,8.37333280843026,10.889362828663684,8.47626313498218,11.070784399604479,12.064943566201404,6.9329399868207835,9.772196804996316,6.725165838058495,2.494044966822044,7.837729069928756,4.314592475023053,9.591630111561093,9.925965523327749,6.3657615470309405,4.257698541510083,7.532581934295483
2020,1,2,40,6.310481973056785,12.781539928645119,4.358239128003653,4.175294323455345,8.37333280843026,10.889362828663684,8.47626313498218,11.070784399604479,12.064943566201404,6.9329399868207835,9.772196804996316,6.725165838058495,2.494044966822044,7.837729069928756,4.314592475023053,9.591630111561093,9.925965523327749,6.3657615470309405,4.257698541510083,7.532581934295483
2020,1,2,41,6.310481973056785,12.781539928645119,4.358239128003653,4.175294323455345,8.37333280843026,10.889362828663684,8.47626313498218,11.070784399604479,12.064943566201404,6.9329399868207835,9.772196804996316,6.725165838058495,2.494044966822044,7.837729069928756,4.314592475023053,9.591630111561093,9.925965523327749,6.3657615470309405,4.257698541510083,7.532581934295483
2020,1,2,42,6.310481973056785,12.781539928645119,4.358239128003653,4.175294323455345,8.37333280843026,10.889362828663684,8.47626313498218,11.070784399604479,12.064943566201404,6.9329399868207835,9.772196804996316,6.725165838058495,2.494044966822044,7.837729069928756,4.314592475023053,9.591630111561093,9.925965523327749,6.3657615470309405,4.257698541510083,7.532581934295483
2020,1,2,43,6.310481973056785,12.781539928645119,4.358239128003653,4.175294323455345,8.37333280843026,10.889362828663684,8.47626313498218,11.070784399604479,12.064943566201404,6.9329399868207835,9.772196804996316,6.725165838058495,2.494044966822044,7.837729069928756,4.314592475023053,9.591630111561093,9.925965523327749,6.3657615470309405,4.257698541510083,7.532581934295483
2020,1,2,44,6.310481973056785,12.781539928645119,4.358239128003653,4.175294323455345,8.37333280843026,10.889362828663684,8.47626313498218,11.070784399604479,12.064943566201404,6.9329399868207835,9.772196804996316,6.725165838058495,2.494044966822044,7.837729069928756,4.314592475023053,9.591630111561093,9.925965523327749,6.3657615470309405,4.257698541510083,7.532581934295483
2020,1,2,45,6.310481973056785,12.781539928645119,4.358239128003653,4.175294323455345,8.37333280843026,10.889362828663684,8.47626313498218,11.070784399604479,12.064943566201404,6.9329399868207835,9.772196804996316,6.725165838058495,2.494044966822044,7.837729069928756,4.314592475023053,9.591630111561093,9.925965523327749,6.3657615470309405,4.257698541510083,7.532581934295483
2020,1,2,46,6.310481973056785,12.781539928645119,4.358239128003653,4.175294323455345,8.37333280843026,10.889362828663684,8.47626313498218,11.070784399604479,12.064943566201404,6.9329399868207835,9.772196804996316,6.725165838058495,2.494044966822044,7.837729069928756,4.314592475023053,9.591630111561093,9.925965523327749,6.3657615470309405,4.257698541510083,7.532581934295483
2020,1,2,47,6.310481973056785,12.781539928645119,4.358239128003653,4.175294323455345,8.37333280843026,10.889362828663684,8.47626313498218,11.070784399604479,12.064943566201404,6.9329399868207835,9.772196804996316,6.725165838058495,2.494044966822044,7.837729069928756,4.314592475023053,9.591630111561093,9.925965523327749,6.3657615470309405,4.257698541510083,7.532581934295483
2020,1,2,48,6.310481973056785,12.781539928645119,4.358239128003653,4.175294323455345,8.37333280843026,10.889362828663684,8.47626313498218,11.070784399604479,12.064943566201404,6.9329399868207835,9.772196804996316,6.725165838058495,2.494044966822044,7.837729069928756,4.314592475023053,9.591630111561093,9.925965523327749,6.3657615470309405,4.257698541510083,7.532581934295483
2020,1,2,49,6.897165623642251,12.738291607232021,4.012291293535731,4.30322711273527,8.908014968916444,10.62773075401465,9.013557905430625,11.989357979117097,12.203955746314827,6.979245290710605,10.074735442033154,6.855846008920986,2.4937501729479483,7.60985217749691,4.157944523698895,9.728522968900938,9.47397027939722,6.695111975065845,4.223723453679579,7.804363905490569
2020,1,2,50,6.897165623642251,12.738291607232021,4.012291293535731,4.30322711273527,8.908014968916444,10.62773075401465,9.013557905430625,11.989357979117097,12.203955746314827,6.979245290710605,10.074735442033154,6.855846008920986,2.4937501729479483,7.60985217749691,4.157944523698895,9.728522968900938,9.47397027939722,6.695111975065845,4.223723453679579,7.804363905490569
2020,1,2,51,6.897165623642251,12.738291607232021,4.012291293535731,4.30322711273527,8.908014968916444,10.62773075401465,9.013557905430625,11.989357979117097,12.203955746314827,6.979245290710605,10.074735442033154,6.855846008920986,2.4937501729479483,7.60985217749691,4.157944523698895,9.728522968900938,9.47397027939722,6.695111975065845,4.223723453679579,7.804363905490569
2020,1,2,52,6.897165623642251,12.738291607232021,4.012291293535731,4.30322711273527,8.908014968916444,10.62773075401465,9.013557905430625,11.989357979117097,12.203955746314827,6.979245290710605,10.074735442033154,6.855846008920986,2.4937501729479483,7.60985217749691,4.157944523698895,9.728522968900938,9.47397027939722,6.695111975065845,4.223723453679579,7.804363905490569
2020,1,2,53,6.897165623642251,12.738291607232021,4.012291293535731,4.30322711273527,8.908014968916444,10.62773075401465,9.013557905430625,11.989357979117097,12.203955746314827,6.979245290710605,10.074735442033154,6.855846008920986,2.4937501729479483,7.60985217749691,4.157944523698895,9.728522968900938,9.47397027939722,6.695111975065845,4.223723453679579,7.804363905490569
2020,1,2,54,6.897165623642251,12.738291607232021,4.012291293535731,4.30322711273527,8.908014968916444,10.62773075401465,9.013557905430625,11.989357979117097,12.203955746314827,6.979245290710605,10.074735442033154,6.855846008920986,2.4937501729479483,7.60985217749691,4.157944523698895,9.728522968900938,9.47397027939722,6.695111975065845,4.223723453679579,7.804363905490569
2020,1,2,55,6.897165623642251,12.738291607232021,4.012291293535731,4.30322711273527,8.908014968916444,10.62773075401465,9.013557905430625,11.989357979117097,12.203955746314827,6.979245290710605,10.074735442033154,6.855846008920986,2.4937501729479483,7.60985217749691,4.157944523698895,9.728522968900938,9.47397027939722,6.695111975065845,4.223723453679579,7.804363905490569
2020,1,2,56,6.897165623642251,12.738291607232021,4.012291293535731,4.30322711273527,8.908014968916444,10.62773075401465,9.013557905430625,11.989357979117097,12.203955746314827,6.979245290710605,10.074735442033154,6.855846008920986,2.4937501729479483,7.60985217749691,4.157944523698895,9.728522968900938,9.47397027939722,6.695111975065845,4.223723453679579,7.804363905490569
2020,1,2,57,6.897165623642251,12.738291607232021,4.012291293535731,4.30322711273527,8.908014968916444,10.62773075401465,9.013557905430625,11.989357979117097,12.203955746314827,6.979245290710605,10.074735442033154,6.855846008920986,2.4937501729479483,7.60985217749691,4.157944523698895,9.728522968900938,9.47397027939722,6.695111975065845,4.223723453679579,7.804363905490569
2020,1,2,58,6.897165623642251,12.738291607232021,4.012291293535731,4.30322711273527,8.908014968916444,10.62773075401465,9.013557905430625,11.989357979117097,12.203955746314827,6.979245290710605,10.074735442033154,6.855846008920986,2.4937501729479483,7.60985217749691,4.157944523698895,9.728522968900938,9.47397027939722,6.695111975065845,4.223723453679579,7.804363905490569
2020,1,2,59,6.897165623642251,12.738291607232021,4.012291293535731,4.30322711273527,8.908014968916444,10.62773075401465,9.013557905430625,11.989357979117097,12.203955746314827,6.979245290710605,10.074735442033154,6.855846008920986,2.4937501729479483,7.60985217749691,4.157944523698895,9.728522968900938,9.47397027939722,6.695111975065845,4.223723453679579,7.804363905490569
2020,1,2,60,6.897165623642251,12.738291607232021,4.012291293535731,4.30322711273527,8.908014968916444,10.62773075401465,9.013557905430625,11.989357979117097,12.203955746314827,6.979245290710605,10.074735442033154,6.855846008920986,2.4937501729479483,7.60985217749691,4.157944523698895,9.728522968900938,9.47397027939722,6.695111975065845,4.223723453679579,7.804363905490569
2020,1,2,61,6.400289363417377,12.984822158419647,4.337248371223935,4.442921708659634,8.346650967655105,10.584151647172598,8.924251344933168,12.138861248083293,12.35829597610981,6.9757138387955315,10.565762762421745,6.847824369735047,2.507804251696323,7.991795511097006,4.17417426859505,9.66973004942627,9.991705035778379,6.390143110276398,4.504592883599104,7.608784365218432
2020,1,2,62,6.400289363417377,12.984822158419647,4.337248371223935,4.442921708659634,8.346650967655105,10.584151647172598,8.924251344933168,12.138861248083293,12.35829597610981,6.9757138387955315,10.565762762421745,6.847824369735047,2.507804251696323,7.991795511097006,4.17417426859505,9.66973004942627,9.991705035778379,6.390143110276398,4.504592883599104,7.608784365218432
2020,1,2,63,6.400289363417377,12.984822158419647,4.337248371223935,4.442921708659634,8.346650967655105,10.584151647172598,8.924251344933168,12.138861248083293,12.35829597610981,6.9757138387955315,10.565762762421745,6.847824369735047,2.507804251696323,7.991795511097006,4.17417426859505,9.66973004942627,9.991705035778379,6.390143110276398,4.504592883599104,7.608784365218432
2020,1,2,64,6.400289363417377,12.984822158419647,4.337248371223935,4.442921708659634,8.346650967655105,10.584151647172598,8.924251344933168,12.138861248083293,12.35829597610981,6.9757138387955315,10.565762762421745,6.847824369735047,2.507804251696323,7.991795511097006,4.17417426859505,9.66973004942627,9.991705035778379,6.390143110276398,4.504592883599104,7.608784365218432
2020,1,2,65,6.400289363417377,12.984822158419647,4.337248371223935,4.442921708659634,8.346650967655105,10.584151647172598,8.924251344933168,12.138861248083293,12.35829597610981,6.9757138387955315,10.565762762421745,6.847824369735047,2.507804251696323,7.991795511097006,4.17417426859505,9.66973004942627,9.991705035778379,6.390143110276398,4.504592883599104,7.608784365218432
2020,1,2,66,6.400289363417377,12.984822158419647,4.337248371223935,4.442921708659634,8.346650967655105,10.584151647172598,8.924251344933168,12.138861248083293,12.35829597610981,6.9757138387955315,10.565762762421745,6.847824369735047,2.507804251696323,7.991795511097006,4.17417426859505,9.66973004942627,9.991705035778379,6.390143110276398,4.504592883599104,7.608784365218432
2020,1,2,67,6.400289363417377,12.984822158419647,4.337248371223935,4.442921708659634,8.346650967655105,10.584151647172598,8.924251344933168,12.138861248083293,12.35829597610981,6.9757138387955315,10.565762762421745,6.847824369735047,2.507804251696323,7.991795511097006,4.17417426859505,9.66973004942627,9.991705035778379,6.390143110276398,4.504592883599104,7.608784365218432
2020,1,2,68,6.400289363417377,12.984822158419647,4.337248371223935,4.442921708659634,8.346650967655105,10.584151647172598,8.924251344933168,12.138861248083293,12.35829597610981,6.9757138387955315,10.565762762421745,6.847824369735047,2.507804251696323,7.991795511097006,4.17417426859505,9.66973004942627,9.991705035778379,6.390143110276398,4.504592883599104,7.608784365218432
2020,1,2,69,6.400289363417377,12.984822158419647,4.337248371223935,4.442921708659634,8.346650967655105,10.584151647172598,8.924251344933168,12.138861248083293,12.35829597610981,6.9757138387955315,10.565762762421745,6.847824369735047,2.507804251696323,7.991795511097006,4.17417426859505,9.66973004942627,9.991705035778379,6.390143110276398,4.504592883599104,7.608784365218432
2020,1,2,70,6.400289363417377,12.984822158419647,4.337248371223935,4.442921708659634,8.346650967655105,10.584151647172598,8.924251344933168,12.138861248083293,12.35829597610981,6.9757138387955315,10.565762762421745,6.847824369735047,2.507804251696323,7.991795511097006,4.17417426859505,9.66973004942627,9.991705035778379,6.390143110276398,4.504592883599104,7.608784365218432
2020,1,2,71,6.400289363417377,12.984822158419647,4.337248371223935,4.442921708659634,8.346650967655105,10.584151647172598,8.924251344933168,12.138861248083293,12.35829597610981,6.9757138387955315,10.565762762421745,6.847824369735047,2.507804251696323,7.991795511097006,4.17417426859505,9.66973004942627,9.991705035778379,6.390143110276398,4.504592883599104,7.608784365218432
2020,1,2,72,6.400289363417377,12.984822158419647,4.337248371223935,4.442921708659634,8.346650967655105,10.584151647172598,8.924251344933168,12.138861248083293,12.35829597610981,6.9757138387955315,10.565762762421745,6.847824369735047,2.507804251696323,7.991795511097006,4.17417426859505,9.66973004942627,9.991705035778379,6.390143110276398,4.504592883599104,7.608784365218432
2020,1,2,73,6.372470023454986,12.530372624843249,4.161065542834718,4.046514099837025,8.304208139905546,10.842926313099612,8.87012765114858,11.604311529705448,12.330484306382838,6.960161758389528,10.167966836723465,6.418715246342289,2.6717807230641406,7.478117787900802,4.228712418108996,9.110072064386458,10.15621483690916,6.481041558306739,4.329259923001595,7.8922935913831695
2020,1,2,74,6.372470023454986,12.530372624843249,4.161065542834718,4.046514099837025,8.304208139905546,10.842926313099612,8.87012765114858,11.604311529705448,12.330484306382838,6.960161758389528,10.167966836723465,6.418715246342289,2.6717807230641406,7.478117787900802,4.228712418108996,9.110072064386458,10.15621483690916,6.481041558306739,4.329259923001595,7.8922935913831695
2020,1,2,75,6.372470023454986,12.530372624843249,4.161065542834718,4.046514099837025,8.304208139905546,10.842926313099612,8.87012765114858,11.604311529705448,12.330484306382838,6.960161758389528,10.167966836723465,6.418715246342289,2.6717807230641406,7.478117787900802,4.228712418108996,9.110072064386458,10.15621483690916,6.481041558306739,4.329259923001595,7.8922935913831695
2020,1,2,76,6.372470023454986,12.530372624843249,4.161065542834718,4.046514099837025,8.304208139905546,10.842926313099612,8.87012765114858,11.604311529705448,12.330484306382838,6.960161758389528,10.167966836723465,6.418715246342289,2.6717807230641406,7.478117787900802,4.228712418108996,9.110072064386458,10.15621483690916,6.481041558306739,4.329259923001595,7.8922935913831695
2020,1,2,77,6.372470023454986,12.530372624843249,4.161065542834718,4.046514099837025,8.304208139905546,10.842926313099612,8.87012765114858,11.604311529705448,12.330484306382838,6.960161758389528,10.167966836723465,6.418715246342289,2.6717807230641406,7.478117787900802,4.228712418108996,9.110072064386458,10.15621483690916,6.481041558306739,4.329259923001595,7.8922935913831695
2020,1,2,78,6.372470023454986,12.530372624843249,4.161065542834718,4.046514099837025,8.304208139905546,10.842926313099612,8.87012765114858,11.604311529705448,12.330484306382838,6.960161758389528,10.167966836723465,6.418715246342289,2.6717807230641406,7.478117787900802,4.228712418108996,9.110072064386458,10.15621483690916,6.481041558306739,4.329259923001595,7.8922935913831695
2020,1,2,79,6.372470023454986,12.530372624843249,4.161065542834718,4.046514099837025,8.304208139905546,10.842926313099612,8.87012765114858,11.604311529705448,12.330484306382838,6.960161758389528,10.167966836723465,6.418715246342289,2.6717807230641406,7.478117787900802,4.228712418108996,9.110072064386458,10.15621483690916,6.481041558306739,4.329259923001595,7.8922935913831695
2020,1,2,80,6.372470023454986,12.530372624843249,4.161065542834718,4.046514099837025,8.304208139905546,10.842926313099612,8.87012765114858,11.604311529705448,12.330484306382838,6.960161758389528,10.167966836723465,6.418715246342289,2.6717807230641406,7.478117787900802,4.228712418108996,9.110072064386458,10.15621483690916,6.481041558306739,4.329259923001595,7.8922935913831695
2020,1,2,81,6.372470023454986,12.530372624843249,4.161065542834718,4.046514099837025,8.304208139905546,10.842926313099612,8.87012765114858,11.604311529705448,12.330484306382838,6.960161758389528,10.167966836723465,6.418715246342289,2.6717807230641406,7.478117787900802,4.228712418108996,9.110072064386458,10.15621483690916,6.481041558306739,4.329259923001595,7.8922935913831695
2020,1,2,82,6.372470023454986,12.530372624843249,4.161065542834718,4.046514099837025,8.304208139905546,10.842926313099612,8.87012765114858,11.604311529705448,12.330484306382838,6.960161758389528,10.167966836723465,6.418715246342289,2.6717807230641406,7.478117787900802,4.228712418108996,9.110072064386458,10.15621483690916,6.481041558306739,4.329259923001595,7.8922935913831695
2020,1,2,83,6.372470023454986,12.530372624843249,4.161065542834718,4.046514099837025,8.304208139905546,10.842926313099612,8.87012765114858,11.604311529705448,12.330484306382838,6.960161758389528,10.167966836723465,6.418715246342289,2.6717807230641406,7.478117787900802,4.228712418108996,9.110072064386458,10.15621483690916,6.481041558306739,4.329259923001595,7.8922935913831695
2020,1,2,84,6.372470023454986,12.530372624843249,4.161065542834718,4.046514099837025,8.304208139905546,10.842926313099612,8.87012765114858,11.604311529705448,12.330484306382838,6.960161758389528,10.167966836723465,6.418715246342289,2.6717807230641406,7.478117787900802,4.228712418108996,9.110072064386458,10.15621483690916,6.481041558306739,4.329259923001595,7.8922935913831695
2020,1,2,85,6.584311990007192,12.586086215180643,4.234482728188908,4.264172748469734,8.494858570618312,10.965496348438693,9.139569396026898,11.866331569138492,13.1161430560403,7.39936275216183,10.270633431074414,6.534690286693536,2.5578237215613617,7.686391244420763,4.248228237107839,9.995134036967828,9.943092558289457,6.421923802099396,4.066360562695461,7.999298859987688
2020,1,2,86,6.584311990007192,12.586086215180643,4.234482728188908,4.264172748469734,8.494858570618312,10.965496348438693,9.139569396026898,11.866331569138492,13.1161430560403,7.39936275216183,10.270633431074414,6.534690286693536,2.5578237215613617,7.686391244420763,4.248228237107839,9.995134036967828,9.943092558289457,6.421923802099396,4.066360562695461,7.999298859987688
2020,1,2,87,6.584311990007192,12.586086215180643,4.234482728188908,4.264172748469734,8.494858570618312,10.965496348438693,9.139569396026898,11.866331569138492,13.1161430560403,7.39936275216183,10.270633431074414,6.534690286693536,2.5578237215613617,7.686391244420763,4.248228237107839,9.995134036967828,9.943092558289457,6.421923802099396,4.066360562695461,7.999298859987688
2020,1,2,88,6.584311990007192,12.586086215180643,4.234482728188908,4.264172748469734,8.494858570618312,10.965496348438693,9.139569396026898,11.866331569138492,13.1161430560403,7.39936275216183,10.270633431074414,6.534690286693536,2.5578237215613617,7.686391244420763,4.248228237107839,9.995134036967828,9.943092558289457,6.421923802099396,4.066360562695461,7.999298859987688
2020,1,2,89,6.584311990007192,12.586086215180643,4.234482728188908,4.264172748469734,8.494858570618312,10.965496348438693,9.139569396026898,11.866331569138492,13.1161430560403,7.39936275216183,10.270633431074414,6.534690286693536,2.5578237215613617,7.686391244420763,4.248228237107839,9.995134036967828,9.943092558289457,6.421923802099396,4.066360562695461,7.999298859987688
2020,1,2,90,6.584311990007192,12.586086215180643,4.234482728188908,4.264172748469734,8.494858570618312,10.965496348438693,9.139569396026898,11.866331569138492,13.1161430560403,7.39936275216183,10.270633431074414,6.534690286693536,2.5578237215613617,7.686391244420763,4.248228237107839,9.995134036967828,9.943092558289457,6.421923802099396,4.066360562695461,7.999298859987688
2020,1,2,91,6.584311990007192,12.586086215180643,4.234482728188908,4.264172748469734,8.494858570618312,10.965496348438693,9.139569396026898,11.866331569138492,13.1161430560403,7.39936275216183,10.270633431074414,6.534690286693536,2.5578237215613617,7.686391244420763,4.248228237107839,9.995134036967828,9.943092558289457,6.421923802099396,4.066360562695461,7.999298859987688
2020,1,2,92,6.584311990007192,12.586086215180643,4.234482728188908,4.264172748469734,8.494858570618312,10.965496348438693,9.139569396026898,11.866331569138492,13.1161430560403,7.39936275216183,10.270633431074414,6.534690286693536,2.5578237215613617,7.686391244420763,4.248228237107839,9.995134036967828,9.943092558289457,6.421923802099396,4.066360562695461,7.999298859987688
2020,1,2,93,6.584311990007192,12.586086215180643,4.234482728188908,4.264172748469734,8.494858570618312,10.965496348438693,9.139569396026898,11.866331569138492,13.1161430560403,7.39936275216183,10.270633431074414,6.534690286693536,2.5578237215613617,7.686391244420763,4.248228237107839,9.995134036967828,9.943092558289457,6.421923802099396,4.066360562695461,7.999298859987688
2020,1,2,94,6.584311990007192,12.586086215180643,4.234482728188908,4.264172748469734,8.494858570618312,10.965496348438693,9.139569396026898,11.866331569138492,13.1161430560403,7.39936275216183,10.270633431074414,6.534690286693536,2.5578237215613617,7.686391244420763,4.248228237107839,9.995134036967828,9.943092558289457,6.421923802099396,4.066360562695461,7.999298859987688
2020,1,2,95,6.584311990007192,12.586086215180643,4.234482728188908,4.264172748469734,8.494858570618312,10.965496348438693,9.139569396026898,11.866331569138492,13.1161430560403,7.39936275216183,10.270633431074414,6.534690286693536,2.5578237215613617,7.686391244420763,4.248228237107839,9.995134036967828,9.943092558289457,6.421923802099396,4.066360562695461,7.999298859987688
2020,1,2,96,6.584311990007192,12.586086215180643,4.234482728188908,4.264172748469734,8.494858570618312,10.965496348438693,9.139569396026898,11.866331569138492,13.1161430560403,7.39936275216183,10.270633431074414,6.534690286693536,2.5578237215613617,7.686391244420763,4.248228237107839,9.995134036967828,9.943092558289457,6.421923802099396,4.066360562695461,7.999298859987688
2020,1,2,97,6.447766718422233,12.98454642604754,4.010315785887961,4.350118845233456,8.74084868467027,11.102693313243606,8.672228304428657,11.826830733702135,12.369991009780579,7.327113059466317,10.503222031281238,6.297983566092136,2.5925594258466895,7.8944559842649085,4.1863800963798035,9.697775412997986,9.384623232272034,6.7046036867146155,4.299546064440542,7.921295502666128
2020,1,2,98,6.447766718422233,12.98454642604754,4.010315785887961,4.350118845233456,8.74084868467027,11.102693313243606,8.672228304428657,11.826830733702135,12.369991009780579,7.327113059466317,10.503222031281238,6.297983566092136,2.5925594258466895,7.8944559842649085,4.1863800963798035,9.697775412997986,9.384623232272034,6.7046036867146155,4.299546064440542,7.921295502666128
2020,1,2,99,6.447766718422233,12.98454642604754,4.010315785887961,4.350118845233456,8.74084868467027,11.102693313243606,8.672228304428657,11.826830733702135,12.369991009780579,7.327113059466317,10.503222031281238,6.297983566092136,2.5925594258466895,7.8944559842649085,4.1863800963798035,9.697775412997986,9.384623232272034,6.7046036867146155,4.299546064440542,7.921295502666128
2020,1,2,100,6.447766718422233,12.98454642604754,4.010315785887961,4.350118845233456,8.74084868467027,11.102693313243606,8.672228304428657,11.826830733702135,12.369991009780579,7.327113059466317,10.503222031281238,6.297983566092136,2.5925594258466895,7.8944559842649085,4.1863800963798035,9.697775412997986,9.384623232272034,6.7046036867146155,4.299546064440542,7.921295502666128
2020,1,2,101,6.447766718422233,12.98454642604754,4.010315785887961,4.350118845233456,8.74084868467027,11.102693313243606,8.672228304428657,11.826830733702135,12.369991009780579,7.327113059466317,10.503222031281238,6.297983566092136,2.5925594258466895,7.8944559842649085,4.1863800963798035,9.697775412997986,9.384623232272034,6.7046036867146155,4.299546064440542,7.921295502666128
2020,1,2,102,6.447766718422233,12.98454642604754,4.010315785887961,4.350118845233456,8.74084868467027,11.102693313243606,8.672228304428657,11.826830733702135,12.369991009780579,7.327113059466317,10.503222031281238,6.297983566092136,2.5925594258466895,7.8944559842649085,4.1863800963798035,9.697775412997986,9.384623232272034,6.7046036867146155,4.299546064440542,7.921295502666128
2020,1,2,103,6.447766718422233,12.98454642604754,4.010315785887961,4.350118845233456,8.74084868467027,11.102693313243606,8.672228304428657,11.826830733702135,12.369991009780579,7.327113059466317,10.503222031281238,6.297983566092136,2.5925594258466895,7.8944559842649085,4.1863800963798035,9.697775412997986,9.384623232272034,6.7046036867146155,4.299546064440542,7.921295502666128
2020,1,2,104,6.447766718422233,12.98454642604754,4.010315785887961,4.350118845233456,8.74084868467027,11.102693313243606,8.672228304428657,11.826830733702135,12.369991009780579,7.327113059466317,10.503222031281238,6.297983566092136,2.5925594258466895,7.8944559842649085,4.1863800963798035,9.697775412997986,9.384623232272034,6.7046036867146155,4.299546064440542,7.921295502666128
2020,1,2,105,6.447766718422233,12.98454642604754,4.010315785887961,4.350118845233456,8.74084868467027,11.102693313243606,8.672228304428657,11.826830733702135,12.369991009780579,7.327113059466317,10.503222031281238,6.297983566092136,2.5925594258466895,7.8944559842649085,4.1863800963798035,9.697775412997986,9.384623232272034,6.7046036867146155,4.299546064440542,7.921295502666128
2020,1,2,106,6.447766718422233,12.98454642604754,4.010315785887961,4.350118845233456,8.74084868467027,11.102693313243606,8.672228304428657,11.826830733702135,12.369991009780579,7.327113059466317,10.503222031281238,6.297983566092136,2.5925594258466895,7.8944559842649085,4.1863800963798035,9.697775412997986,9.384623232272034,6.7046036867146155,4.299546064440542,7.921295502666128
2020,1,2,107,6.447766718422233,12.98454642604754,4.010315785887961,4.350118845233456,8.74084868467027,11.102693313243606,8.672228304428657,11.826830733702135,12.369991009780579,7.327113059466317,10.503222031281238,6.297983566092136,2.5925594258466895,7.8944559842649085,4.1863800963798035,9.697775412997986,9.384623232272034,6.7046036867146155,4.299546064440542,7.921295502666128
2020,1,2,108,6.447766718422233,12.98454642604754,4.010315785887961,4.350118845233456,8.74084868467027,11.102693313243606,8.672228304428657,11.826830733702135,12.369991009780579,7.327113059466317,10.503222031281238,6.297983566092136,2.5925594258466895,7.8944559842649085,4.1863800963798035,9.697775412997986,9.384623232272034,6.7046036867146155,4.299546064440542,7.921295502666128
2020,1,2,109,7.04290878852652,13.058289300792477,4.144747563194236,4.453647508522392,8.430377713687955,10.248575934142574,8.713016170765217,11.921730175381834,12.302558949147071,7.149783777617771,10.701638206400066,6.859344726788394,2.5508951562572624,7.472209250862693,4.24899523858734,9.819284168195638,9.54104782329857,6.560349539874958,4.285201595788698,7.9823213314114625
2020,1,2,110,7.04290878852652,13.058289300792477,4.144747563194236,4.453647508522392,8.430377713687955,10.248575934142574,8.713016170765217,11.921730175381834,12.302558949147071,7.149783777617771,10.701638206400066,6.859344726788394,2.5508951562572624,7.472209250862693,4.24899523858734,9.819284168195638,9.54104782329857,6.560349539874958,4.285201595788698,7.9823213314114625
2020,1,2,111,7.04290878852652,13.058289300792477,4.144747563194236,4.453647508522392,8.430377713687955,10.248575934142574,8.713016170765217,11.921730175381834,12.302558949147071,7.149783777617771,10.701638206400066,6.859344726788394,2.5508951562572624,7.472209250862693,4.24899523858734,9.819284168195638,9.54104782329857,6.560349539874958,4.285201595788698,7.9823213314114625
2020,1,2,112,7.04290878852652,13.058289300792477,4.144747563194236,4.453647508522392,8.430377713687955,10.248575934142574,8.713016170765217,11.921730175381834,12.302558949147071,7.149783777617771,10.701638206400066,6.859344726788394,2.5508951562572624,7.472209250862693,4.24899523858734,9.819284168195638,9.54104782329857,6.560349539874958,4.285201595788698,7.9823213314114625
2020,1,2,113,7.04290878852652,13.058289300792477,4.144747563194236,4.453647508522392,8.430377713687955,10.248575934142574,8.713016170765217,11.921730175381834,12.302558949147071,7.149783777617771,10.701638206400066,6.859344726788394,2.5508951562572624,7.472209250862693,4.24899523858734,9.819284168195638,9.54104782329857,6.560349539874958,4.285201595788698,7.9823213314114625
2020,1,2,114,7.04290878852652,13.058289300792477,4.144747563194236,4.453647508522392,8.430377713687955,10.248575934142574,8.713016170765217,11.921730175381834,12.302558949147071,7.149783777617771,10.701638206400066,6.859344726788394,2.5508951562572624,7.472209250862693,4.24899523858734,9.819284168195638,9.54104782329857,6.560349539874958,4.285201595788698,7.9823213314114625
2020,1,2,115,7.04290878852652,13.058289300792477,4.144747563194236,4.453647508522392,8.430377713687955,10.248575934142574,8.713016170765217,11.921730175381834,12.302558949147071,7.149783777617771,10.701638206400066,6.859344726788394,2.5508951562572624,7.472209250862693,4.24899523858734,9.819284168195638,9.54104782329857,6.560349539874958,4.285201595788698,7.9823213314114625
2020,1,2,116,7.04290878852652,13.058289300792477,4.144747563194236,4.453647508522392,8.430377713687955,10.248575934142574,8.713016170765217,11.921730175381834,12.302558949147071,7.149783777617771,10.701638206400066,6.859344726788394,2.5508951562572624,7.472209250862693,4.24899523858734,9.819284168195638,9.54104782329857,6.560349539874958,4.285201595788698,7.9823213314114625
2020,1,2,117,7.04290878852652,13.058289300792477,4.144747563194236,4.453647508522392,8.430377713687955,10.248575934142574,8.713016170765217,11.921730175381834,12.302558949147071,7.149783777617771,10.701638206400066,6.859344726788394,2.5508951562572624,7.472209250862693,4.24899523858734,9.819284168195638,9.54104782329857,6.560349539874958,4.285201595788698,7.9823213314114625
2020,1,2,118,7.04290878852652,13.058289300792477,4.144747563194236,4.453647508522392,8.430377713687955,10.248575934142574,8.713016170765217,11.921730175381834,12.302558949147071,7.149783777617771,10.701638206400066,6.859344726788394,2.5508951562572624,7.472209250862693,4.24899523858734,9.819284168195638,9.54104782329857,6.560349539874958,4.285201595788698,7.9823213314114625
2020,1,2,119,7.04290878852652,13.058289300792477,4.144747563194236,4.453647508522392,8.430377713687955,10.248575934142574,8.713016170765217,11.921730175381834,12.302558949147071,7.149783777617771,10.701638206400066,6.859344726788394,2.5508951562572624,7.472209250862693,4.24899523858734,9.819284168195638,9.54104782329857,6.560349539874958,4.285201595788698,7.9823213314114625
2020,1,2,120,7.04290878852652,13.058289300792477,4.144747563194236,4.453647508522392,8.430377713687955,10.248575934142574,8.713016170765217,11.921730175381834,12.302558949147071,7.149783777617771,10.701638206400066,6.859344726788394,2.5508951562572624,7.472209250862693,4.24899523858734,9.819284168195638,9.54104782329857,6.560349539874958,4.285201595788698,7.9823213314114625
2020,1,2,121,6.541266085872843,13.006475555867151,4.1000891647452535,4.547830940223117,8.540735990343139,10.597258432837492,8.507257541406531,12.187120347156254,11.453052860143432,7.784816565583294,10.29501421365418,7.1631629053178525,2.4683225062593612,7.918491619451933,4.049199593829406,9.371220437349137,9.810744498456414,6.453479037500639,4.444085295126347,7.856520835730117
2020,1,2,122,6.541266085872843,13.006475555867151,4.1000891647452535,4.547830940223117,8.540735990343139,10.597258432837492,8.507257541406531,12.187120347156254,11.453052860143432,7.784816565583294,10.29501421365418,7.1631629053178525,2.4683225062593612,7.918491619451933,4.049199593829406,9.371220437349137,9.810744498456414,6.453479037500639,4.444085295126347,7.856520835730117
2020,1,2,123,6.541266085872843,13.006475555867151,4.1000891647452535,4.547830940223117,8.540735990343139,10.597258432837492,8.507257541406531,12.187120347156254,11.453052860143432,7.784816565583294,10.29501421365418,7.1631629053178525,2.4683225062593612,7.918491619451933,4.049199593829406,9.371220437349137,9.810744498456414,6.453479037500639,4.444085295126347,7.856520835730117
2020,1,2,124,6.541266085872843,13.006475555867151,4.1000891647452535,4.547830940223117,8.540735990343139,10.597258432837492,8.507257541406531,12.187120347156254,11.453052860143432,7.784816565583294,10.29501421365418,7.1631629053178525,2.4683225062593612,7.918491619451933,4.049199593829406,9.371220437349137,9.810744498456414,6.453479037500639,4.444085295126347,7.856520835730117
2020,1,2,125,6.541266085872843,13.006475555867151,4.1000891647452535,4.547830940223117,8.540735990343139,10.597258432837492,8.507257541406531,12.187120347156254,11.453052860143432,7.784816565583294,10.29501421365418,7.1631629053178525,2.4683225062593612,7.918491619451933,4.049199593829406,9.371220437349137,9.810744498456414,6.453479037500639,4.444085295126347,7.856520835730117
2020,1,2,126,6.541266085872843,13.006475555867151,4.1000891647452535,4.547830940223117,8.540735990343139,10.597258432837492,8.507257541406531,12.187120347156254,11.453052860143432,7.784816565583294,10.29501421365418,7.1631629053178525,2.4683225062593612,7.918491619451933,4.049199593829406,9.371220437349137,9.810744498456414,6.453479037500639,4.444085295126347,7.856520835730117
2020,1,2,127,6.541266085872843,13.006475555867151,4.1000891647452535,4.547830940223117,8.540735990343139,10.597258432837492,8.507257541406531,12.187120347156254,11.453052860143432,7.784816565583294,10.29501421365418,7.1631629053178525,2.4683225062593612,7.918491619451933,4.049199593829406,9.371220437349137,9.810744498456414,6.453479037500639,4.444085295126347,7.856520835730117
2020,1,2,128,6.541266085872843,13.006475555867151,4.1000891647452535,4.547830940223117,8.540735990343139,10.597258432837492,8.507257541406531,12.187120347156254,11.453052860143432,7.784816565583294,10.29501421365418,7.1631629053178525,2.4683225062593612,7.918491619451933,4.049199593829406,9.371220437349137,9.810744498456414,6.453479037500639,4.444085295126347,7.856520835730117
2020,1,2,129,6.541266085872843,13.006475555867151,4.1000891647452535,4.547830940223117,8.540735990343139,10.597258432837492,8.507257541406531,12.187120347156254,11.453052860143432,7.784816565583294,10.29501421365418,7.1631629053178525,2.4683225062593612,7.918491619451933,4.049199593829406,9.371220437349137,9.810744498456414,6.453479037500639,4.444085295126347,7.856520835730117
2020,1,2,130,6.541266085872843,13.006475555867151,4.1000891647452535,4.547830940223117,8.540735990343139,10.597258432837492,8.507257541406531,12.187120347156254,11.453052860143432,7.784816565583294,10.29501421365418,7.1631629053178525,2.4683225062593612,7.918491619451933,4.049199593829406,9.371220437349137,9.810744498456414,6.453479037500639,4.444085295126347,7.856520835730117
2020,1,2,131,6.541266085872843,13.006475555867151,4.1000891647452535,4.547830940223117,8.540735990343139,10.597258432837492,8.507257541406531,12.187120347156254,11.453052860143432,7.784816565583294,10.29501421365418,7.1631629053178525,2.4683225062593612,7.918491619451933,4.049199593829406,9.371220437349137,9.810744498456414,6.453479037500639,4.444085295126347,7.856520835730117
2020,1,2,132,6.541266085872843,13.006475555867151,4.1000891647452535,4.547830940223117,8.540735990343139,10.597258432837492,8.507257541406531,12.187120347156254,11.453052860143432,7.784816565583294,10.29501421365418,7.1631629053178525,2.4683225062593612,7.918491619451933,4.049199593829406,9.371220437349137,9.810744498456414,6.453479037500639,4.444085295126347,7.856520835730117
2020,1,2,133,6.683448708379138,12.746867189283455,4.447469894805865,4.281466854936941,7.925013704969072,9.959847713360453,9.176102911486836,12.155016988363316,12.469571542562683,7.1964123751546625,10.667282192700283,6.984575297196951,2.5434955510003965,7.7608297557078005,3.9086094471622252,9.67078276246793,9.773588445290699,6.479655894435261,4.270263637533883,7.542122047546077
2020,1,2,134,6.683448708379138,12.746867189283455,4.447469894805865,4.281466854936941,7.925013704969072,9.959847713360453,9.176102911486836,12.155016988363316,12.469571542562683,7.1964123751546625,10.667282192700283,6.984575297196951,2.5434955510003965,7.7608297557078005,3.9086094471622252,9.67078276246793,9.773588445290699,6.479655894435261,4.270263637533883,7.542122047546077
2020,1,2,135,6.683448708379138,12.746867189283455,4.447469894805865,4.281466854936941,7.925013704969072,9.959847713360453,9.176102911486836,12.155016988363316,12.469571542562683,7.1964123751546625,10.667282192700283,6.984575297196951,2.5434955510003965,7.7608297557078005,3.9086094471622252,9.67078276246793,9.773588445290699,6.479655894435261,4.270263637533883,7.542122047546077
2020,1,2,136,6.683448708379138,12.746867189283455,4.447469894805865,4.281466854936941,7.925013704969072,9.959847713360453,9.176102911486836,12.155016988363316,12.469571542562683,7.1964123751546625,10.667282192700283,6.984575297196951,2.5434955510003965,7.7608297557078005,3.9086094471622252,9.67078276246793,9.773588445290699,6.479655894435261,4.270263637533883,7.542122047546077
2020,1,2,137,6.683448708379138,12.746867189283455,4.447469894805865,4.281466854936941,7.925013704969072,9.959847713360453,9.176102911486836,12.155016988363316,12.469571542562683,7.1964123751546625,10.667282192700283,6.984575297196951,2.5434955510003965,7.7608297557078005,3.9086094471622252,9.67078276246793,9.773588445290699,6.479655894435261,4.270263637533883,7.542122047546077
2020,1,2,138,6.683448708379138,12.746867189283455,4.447469894805865,4.281466854936941,7.925013704969072,9.959847713360453,9.176102911486836,12.155016988363316,12.469571542562683,7.1964123751546625,10.667282192700283,6.984575297196951,2.5434955510003965,7.7608297557078005,3.9086094471622252,9.67078276246793,9.773588445290699,6.479655894435261,4.270263637533883,7.542122047546077
2020,1,2,139,6.683448708379138,12.746867189283455,4.447469894805865,4.281466854936941,7.925013704969072,9.959847713360453,9.176102911486836,12.155016988363316,12.469571542562683,7.1964123751546625,10.667282192700283,6.984575297196951,2.5434955510003965,7.7608297557078005,3.9086094471622252,9.67078276246793,9.773588445290699,6.479655894435261,4.270263637533883,7.542122047546077
2020,1,2,140,6.683448708379138,12.746867189283455,4.447469894805865,4.281466854936941,7.925013704969072,9.959847713360453,9.176102911486836,12.155016988363316,12.469571542562683,7.1964123751546625,10.667282192700283,6.984575297196951,2.5434955510003965,7.7608297557078005,3.9086094471622252,9.67078276246793,9.773588445290699,6.479655894435261,4.270263637533883,7.542122047546077
2020,1,2,141,6.683448708379138,12.746867189283455,4.447469894805865,4.281466854936941,7.925013704969072,9.959847713360453,9.176102911486836,12.155016988363316,12.469571542562683,7.1964123751546625,10.667282192700283,6.984575297196951,2.5434955510003965,7.7608297557078005,3.9086094471622252,9.67078276246793,9.773588445290699,6.479655894435261,4.270263637533883,7.542122047546077
2020,1,2,142,6.683448708379138,12.746867189283455,4.447469894805865,4.281466854936941,7.925013704969072,9.959847713360453,9.176102911486836,12.155016988363316,12.469571542562683,7.1964123751546625,10.667282192700283,6.984575297196951,2.5434955510003965,7.7608297557078005,3.9086094471622252,9.67078276246793,9.773588445290699,6.479655894435261,4.270263637533883,7.542122047546077
2020,1,2,143,6.683448708379138,12.746867189283455,4.447469894805865,4.281466854936941,7.925013704969072,9.959847713360453,9.176102911486836,12.155016988363316,12.469571542562683,7.1964123751546625,10.667282192700283,6.984575297196951,2.5434955510003965,7.7608297557078005,3.9086094471622252,9.67078276246793,9.773588445290699,6.479655894435261,4.270263637533883,7.542122047546077
2020,1,2,144,6.683448708379138,12.746867189283455,4.447469894805865,4.281466854936941,7.925013704969072,9.959847713360453,9.176102911486836,12.155016988363316,12.469571542562683,7.1964123751546625,10.667282192700283,6.984575297196951,2.5434955510003965,7.7608297557078005,3.9086094471622252,9.67078276246793,9.773588445290699,6.479655894435261,4.270263637533883,7.542122047546077
2020,1,2,145,6.440941414850747,12.881265892067686,4.096985979588867,4.570176460559928,8.654227727891431,10.224047992494725,9.06459807954198,11.734386486090955,11.646885940859265,7.212958678185217,9.85157358213747,6.777198020256688,2.453854085556997,8.023559296494494,4.348898017716132,9.224122335323313,9.779589422754123,6.234219901501923,4.266566091760969,7.930664714115746
2020,1,2,146,6.440941414850747,12.881265892067686,4.096985979588867,4.570176460559928,8.654227727891431,10.224047992494725,9.06459807954198,11.734386486090955,11.646885940859265,7.212958678185217,9.85157358213747,6.777198020256688,2.453854085556997,8.023559296494494,4.348898017716132,9.224122335323313,9.779589422754123,6.234219901501923,4.266566091760969,7.930664714115746
2020,1,2,147,6.440941414850747,12.881265892067686,4.096985979588867,4.570176460559928,8.654227727891431,10.224047992494725,9.06459807954198,11.734386486090955,11.646885940859265,7.212958678185217,9.85157358213747,6.777198020256688,2.453854085556997,8.023559296494494,4.348898017716132,9.224122335323313,9.779589422754123,6.234219901501923,4.266566091760969,7.930664714115746
2020,1,2,148,6.440941414850747,12.881265892067686,4.096985979588867,4.570176460559928,8.654227727891431,10.224047992494725,9.06459807954198,11.734386486090955,11.646885940859265,7.212958678185217,9.85157358213747,6.777198020256688,2.453854085556997,8.023559296494494,4.348898017716132,9.224122335323313,9.779589422754123,6.234219901501923,4.266566091760969,7.930664714115746
2020,1,2,149,6.440941414850747,12.881265892067686,4.096985979588867,4.570176460559928,8.654227727891431,10.224047992494725,9.06459807954198,11.734386486090955,11.646885940859265,7.212958678185217,9.85157358213747,6.777198020256688,2.453854085556997,8.023559296494494,4.348898017716132,9.224122335323313,9.779589422754123,6.234219901501923,4.266566091760969,7.930664714115746
2020,1,2,150,6.440941414850747,12.881265892067686,4.096985979588867,4.570176460559928,8.654227727891431,10.224047992494725,9.06459807954198,11.734386486090955,11.646885940859265,7.212958678185217,9.85157358213747,6.777198020256688,2.453854085556997,8.023559296494494,4.348898017716132,9.224122335323313,9.779589422754123,6.234219901501923,4.266566091760969,7.930664714115746
2020,1,2,151,6.440941414850747,12.881265892067686,4.096985979588867,4.570176460559928,8.654227727891431,10.224047992494725,9.06459807954198,11.734386486090955,11.646885940859265,7.212958678185217,9.85157358213747,6.777198020256688,2.453854085556997,8.023559296494494,4.348898017716132,9.224122335323313,9.779589422754123,6.234219901501923,4.266566091760969,7.930664714115746
2020,1,2,152,6.440941414850747,12.881265892067686,4.096985979588867,4.570176460559928,8.654227727891431,10.224047992494725,9.06459807954198,11.734386486090955,11.646885940859265,7.212958678185217,9.85157358213747,6.777198020256688,2.453854085556997,8.023559296494494,4.348898017716132,9.224122335323313,9.779589422754123,6.234219901501923,4.266566091760969,7.930664714115746
2020,1,2,153,6.440941414850747,12.881265892067686,4.096985979588867,4.570176460559928,8.654227727891431,10.224047992494725,9.06459807954198,11.734386486090955,11.646885940859265,7.212958678185217,9.85157358213747,6.777198020256688,2.453854085556997,8.023559296494494,4.348898017716132,9.224122335323313,9.779589422754123,6.234219901501923,4.266566091760969,7.930664714115746
2020,1,2,154,6.440941414850747,12.881265892067686,4.096985979588867,4.570176460559928,8.654227727891431,10.224047992494725,9.06459807954198,11.734386486090955,11.646885940859265,7.212958678185217,9.85157358213747,6.777198020256688,2.453854085556997,8.023559296494494,4.348898017716132,9.224122335323313,9.779589422754123,6.234219901501923,4.266566091760969,7.930664714115746
2020,1,2,155,6.440941414850747,12.881265892067686,4.096985979588867,4.570176460559928,8.654227727891431,10.224047992494725,9.06459807954198,11.734386486090955,11.646885940859265,7.212958678185217,9.85157358213747,6.777198020256688,2.453854085556997,8.023559296494494,4.348898017716132,9.224122335323313,9.779589422754123,6.234219901501923,4.266566091760969,7.930664714115746
2020,1,2,156,6.440941414850747,12.881265892067686,4.096985979588867,4.570176460559928,8.654227727891431,10.224047992494725,9.06459807954198,11.734386486090955,11.646885940859265,7.212958678185217,9.85157358213747,6.777198020256688,2.453854085556997,8.023559296494494,4.348898017716132,9.224122335323313,9.779589422754123,6.234219901501923,4.266566091760969,7.930664714115746
2020,1,2,157,6.266514351233393,13.145760452869387,4.328256916396012,4.373813489235812,8.564587318796228,10.436226114266562,9.25798279656436,11.410146844247041,12.585367118263175,7.051927076760837,10.191454243865095,6.74857220585516,2.6266236502129408,7.8586378074698935,3.9947993661462853,9.64441279193775,9.769133276105531,6.031636386332982,4.530131064126474,7.828917773188614
2020,1,2,158,6.266514351233393,13.145760452869387,4.328256916396012,4.373813489235812,8.564587318796228,10.436226114266562,9.25798279656436,11.410146844247041,12.585367118263175,7.051927076760837,10.191454243865095,6.74857220585516,2.6266236502129408,7.8586378074698935,3.9947993661462853,9.64441279193775,9.769133276105531,6.031636386332982,4.530131064126474,7.828917773188614
2020,1,2,159,6.266514351233393,13.145760452869387,4.328256916396012,4.373813489235812,8.564587318796228,10.436226114266562,9.25798279656436,11.410146844247041,12.585367118263175,7.051927076760837,10.191454243865095,6.74857220585516,2.6266236502129408,7.8586378074698935,3.9947993661462853,9.64441279193775,9.769133276105531,6.031636386332982,4.530131064126474,7.828917773188614
2020,1,2,160,6.266514351233393,13.145760452869387,4.328256916396012,4.373813489235812,8.564587318796228,10.436226114266562,9.25798279656436,11.410146844247041,12.585367118263175,7.051927076760837,10.191454243865095,6.74857220585516,2.6266236502129408,7.8586378074698935,3.9947993661462853,9.64441279193775,9.769133276105531,6.031636386332982,4.530131064126474,7.828917773188614
2020,1,2,161,6.266514351233393,13.145760452869387,4.328256916396012,4.373813489235812,8.564587318796228,10.436226114266562,9.25798279656436,11.410146844247041,12.585367118263175,7.051927076760837,10.191454243865095,6.74857220585516,2.6266236502129408,7.8586378074698935,3.9947993661462853,9.64441279193775,9.769133276105531,6.031636386332982,4.530131064126474,7.828917773188614
2020,1,2,162,6.266514351233393,13.145760452869387,4.328256916396012,4.373813489235812,8.564587318796228,10.436226114266562,9.25798279656436,11.410146844247041,12.585367118263175,7.051927076760837,10.191454243865095,6.74857220585516,2.6266236502129408,7.8586378074698935,3.9947993661462853,9.64441279193775,9.769133276105531,6.031636386332982,4.530131064126474,7.828917773188614
2020,1,2,163,6.266514351233393,13.145760452869387,4.328256916396012,4.373813489235812,8.564587318796228,10.436226114266562,9.25798279656436,11.410146844247041,12.585367118263175,7.051927076760837,10.191454243865095,6.74857220585516,2.6266236502129408,7.8586378074698935,3.9947993661462853,9.64441279193775,9.769133276105531,6.031636386332982,4.530131064126474,7.828917773188614
2020,1,2,164,6.266514351233393,13.145760452869387,4.328256916396012,4.373813489235812,8.564587318796228,10.436226114266562,9.25798279656436,11.410146844247041,12.585367118263175,7.051927076760837,10.191454243865095,6.74857220585516,2.6266236502129408,7.8586378074698935,3.9947993661462853,9.64441279193775,9.769133276105531,6.031636386332982,4.530131064126474,7.828917773188614
2020,1,2,165,6.266514351233393,13.145760452869387,4.328256916396012,4.373813489235812,8.564587318796228,10.436226114266562,9.25798279656436,11.410146844247041,12.585367118263175,7.051927076760837,10.191454243865095,6.74857220585516,2.6266236502129408,7.8586378074698935,3.9947993661462853,9.64441279193775,9.769133276105531,6.031636386332982,4.530131064126474,7.828917773188614
2020,1,2,166,6.266514351233393,13.145760452869387,4.328256916396012,4.373813489235812,8.564587318796228,10.436226114266562,9.25798279656436,11.410146844247041,12.585367118263175,7.051927076760837,10.191454243865095,6.74857220585516,2.6266236502129408,7.8586378074698935,3.9947993661462853,9.64441279193775,9.769133276105531,6.031636386332982,4.530131064126474,7.828917773188614
2020,1,2,167,6.266514351233393,13.145760452869387,4.328256916396012,4.373813489235812,8.564587318796228,10.436226114266562,9.25798279656436,11.410146844247041,12.585367118263175,7.051927076760837,10.191454243865095,6.74857220585516,2.6266236502129408,7.8586378074698935,3.9947993661462853,9.64441279193775,9.769133276105531,6.031636386332982,4.530131064126474,7.828917773188614
2020,1,2,168,6.266514351233393,13.145760452869387,4.328256916396012,4.373813489235812,8.564587318796228,10.436226114266562,9.25798279656436,11.410146844247041,12.585367118263175,7.051927076760837,10.191454243865095,6.74857220585516,2.6266236502129408,7.8586378074698935,3.9947993661462853,9.64441279193775,9.769133276105531,6.031636386332982,4.530131064126474,7.828917773188614
2020,1,2,169,6.45118231801793,12.35825193341907,4.330012505013836,4.4202406574523545,8.733954394032283,10.938101613815169,9.325551277821756,12.0086434161813,12.433355710183996,7.02620229729226,10.534247235503836,6.696615934024529,2.478745228158671,7.679093019025704,4.057121627296279,9.330794060753687,9.314376203390914,6.361720488437019,4.152776217381779,7.526322535131166
2020,1,2,170,6.45118231801793,12.35825193341907,4.330012505013836,4.4202406574523545,8.733954394032283,10.938101613815169,9.325551277821756,12.0086434161813,12.433355710183996,7.02620229729226,10.534247235503836,6.696615934024529,2.478745228158671,7.679093019025704,4.057121627296279,9.330794060753687,9.314376203390914,6.361720488437019,4.152776217381779,7.526322535131166
2020,1,2,171,6.45118231801793,12.35825193341907,4.330012505013836,4.4202406574523545,8.733954394032283,10.938101613815169,9.325551277821756,12.0086434161813,12.433355710183996,7.02620229729226,10.534247235503836,6.696615934024529,2.478745228158671,7.679093019025704,4.057121627296279,9.330794060753687,9.314376203390914,6.361720488437019,4.152776217381779,7.526322535131166
2020,1,2,172,6.45118231801793,12.35825193341907,4.330012505013836,4.4202406574523545,8.733954394032283,10.938101613815169,9.325551277821756,12.0086434161813,12.433355710183996,7.02620229729226,10.534247235503836,6.696615934024529,2.478745228158671,7.679093019025704,4.057121627296279,9.330794060753687,9.314376203390914,6.361720488437019,4.152776217381779,7.526322535131166
2020,1,2,173,6.45118231801793,12.35825193341907,4.330012505013836,4.4202406574523545,8.733954394032283,10.938101613815169,9.325551277821756,12.0086434161813,12.433355710183996,7.02620229729226,10.534247235503836,6.696615934024529,2.478745228158671,7.679093019025704,4.057121627296279,9.330794060753687,9.314376203390914,6.361720488437019,4.152776217381779,7.526322535131166
2020,1,2,174,6.45118231801793,12.35825193341907,4.330012505013836,4.4202406574523545,8.733954394032283,10.938101613815169,9.325551277821756,12.0086434161813,12.433355710183996,7.02620229729226,10.534247235503836,6.696615934024529,2.478745228158671,7.679093019025704,4.057121627296279,9.330794060753687,9.314376203390914,6.361720488437019,4.152776217381779,7.526322535131166
2020,1,2,175,6.45118231801793,12.35825193341907,4.330012505013836,4.4202406574523545,8.733954394032283,10.938101613815169,9.325551277821756,12.0086434161813,12.433355710183996,7.02620229729226,10.534247235503836,6.696615934024529,2.478745228158671,7.679093019025704,4.057121627296279,9.330794060753687,9.314376203390914,6.361720488437019,4.152776217381779,7.526322535131166
2020,1,2,176,6.45118231801793,12.35825193341907,4.330012505013836,4.4202406574523545,8.733954394032283,10.938101613815169,9.325551277821756,12.0086434161813,12.433355710183996,7.02620229729226,10.534247235503836,6.696615934024529,2.478745228158671,7.679093019025704,4.057121627296279,9.330794060753687,9.314376203390914,6.361720488437019,4.152776217381779,7.526322535131166
2020,1,2,177,6.45118231801793,12.35825193341907,4.330012505013836,4.4202406574523545,8.733954394032283,10.938101613815169,9.325551277821756,12.0086434161813,12.433355710183996,7.02620229729226,10.534247235503836,6.696615934024529,2.478745228158671,7.679093019025704,4.057121627296279,9.330794060753687,9.314376203390914,6.361720488437019,4.152776217381779,7.526322535131166
2020,1,2,178,6.45118231801793,12.35825193341907,4.330012505013836,4.4202406574523545,8.733954394032283,10.938101613815169,9.325551277821756,12.0086434161813,12.433355710183996,7.02620229729226,10.534247235503836,6.696615934024529,2.478745228158671,7.679093019025704,4.057121627296279,9.330794060753687,9.314376203390914,6.361720488437019,4.152776217381779,7.526322535131166
2020,1,2,179,6.45118231801793,12.35825193341907,4.330012505013836,4.4202406574523545,8.733954394032283,10.938101613815169,9.325551277821756,12.0086434161813,12.433355710183996,7.02620229729226,10.534247235503836,6.696615934024529,2.478745228158671,7.679093019025704,4.057121627296279,9.330794060753687,9.314376203390914,6.361720488437019,4.152776217381779,7.526322535131166
2020,1,2,180,6.45118231801793,12.35825193341907,4.330012505013836,4.4202406574523545,8.733954394032283,10.938101613815169,9.325551277821756,12.0086434161813,12.433355710183996,7.02620229729226,10.534247235503836,6.696615934024529,2.478745228158671,7.679093019025704,4.057121627296279,9.330794060753687,9.314376203390914,6.361720488437019,4.152776217381779,7.526322535131166
2020,1,2,181,6.453306550004333,12.77813738529377,4.326486870094101,4.176934615904623,8.031444060274687,10.507623292980961,8.789527054830671,11.714061934641492,12.676809951072778,7.084872491269048,10.994619205224673,6.983322793385735,2.4921893289731147,7.770393370348914,4.0821473262379735,11.043727529335671,10.08532273750671,6.427171723186032,4.393014246919463,7.5554967484929625
2020,1,2,182,6.453306550004333,12.77813738529377,4.326486870094101,4.176934615904623,8.031444060274687,10.507623292980961,8.789527054830671,11.714061934641492,12.676809951072778,7.084872491269048,10.994619205224673,6.983322793385735,2.4921893289731147,7.770393370348914,4.0821473262379735,11.043727529335671,10.08532273750671,6.427171723186032,4.393014246919463,7.5554967484929625
2020,1,2,183,6.453306550004333,12.77813738529377,4.326486870094101,4.176934615904623,8.031444060274687,10.507623292980961,8.789527054830671,11.714061934641492,12.676809951072778,7.084872491269048,10.994619205224673,6.983322793385735,2.4921893289731147,7.770393370348914,4.0821473262379735,11.043727529335671,10.08532273750671,6.427171723186032,4.393014246919463,7.5554967484929625
2020,1,2,184,6.453306550004333,12.77813738529377,4.326486870094101,4.176934615904623,8.031444060274687,10.507623292980961,8.789527054830671,11.714061934641492,12.676809951072778,7.084872491269048,10.994619205224673,6.983322793385735,2.4921893289731147,7.770393370348914,4.0821473262379735,11.043727529335671,10.08532273750671,6.427171723186032,4.393014246919463,7.5554967484929625
2020,1,2,185,6.453306550004333,12.77813738529377,4.326486870094101,4.176934615904623,8.031444060274687,10.507623292980961,8.789527054830671,11.714061934641492,12.676809951072778,7.084872491269048,10.994619205224673,6.983322793385735,2.4921893289731147,7.770393370348914,4.0821473262379735,11.043727529335671,10.08532273750671,6.427171723186032,4.393014246919463,7.5554967484929625
2020,1,2,186,6.453306550004333,12.77813738529377,4.326486870094101,4.176934615904623,8.031444060274687,10.507623292980961,8.789527054830671,11.714061934641492,12.676809951072778,7.084872491269048,10.994619205224673,6.983322793385735,2.4921893289731147,7.770393370348914,4.0821473262379735,11.043727529335671,10.08532273750671,6.427171723186032,4.393014246919463,7.5554967484929625
2020,1,2,187,6.453306550004333,12.77813738529377,4.326486870094101,4.176934615904623,8.031444060274687,10.507623292980961,8.789527054830671,11.714061934641492,12.676809951072778,7.084872491269048,10.994619205224673,6.983322793385735,2.4921893289731147,7.770393370348914,4.0821473262379735,11.043727529335671,10.08532273750671,6.427171723186032,4.393014246919463,7.5554967484929625
2020,1,2,188,6.453306550004333,12.77813738529377,4.326486870094101,4.176934615904623,8.031444060274687,10.507623292980961,8.789527054830671,11.714061934641492,12.676809951072778,7.084872491269048,10.994619205224673,6.983322793385735,2.4921893289731147,7.770393370348914,4.0821473262379735,11.043727529335671,10.08532273750671,6.427171723186032,4.393014246919463,7.5554967484929625
2020,1,2,189,6.453306550004333,12.77813738529377,4.326486870094101,4.176934615904623,8.031444060274687,10.507623292980961,8.789527054830671,11.714061934641492,12.676809951072778,7.084872491269048,10.994619205224673,6.983322793385735,2.4921893289731147,7.770393370348914,4.0821473262379735,11.043727529335671,10.08532273750671,6.427171723186032,4.393014246919463,7.5554967484929625
2020,1,2,190,6.453306550004333,12.77813738529377,4.326486870094101,4.176934615904623,8.031444060274687,10.507623292980961,8.789527054830671,11.714061934641492,12.676809951072778,7.084872491269048,10.994619205224673,6.983322793385735,2.4921893289731147,7.770393370348914,4.0821473262379735,11.043727529335671,10.08532273750671,6.427171723186032,4.393014246919463,7.5554967484929625
2020,1,2,191,6.453306550004333,12.77813738529377,4.326486870094101,4.176934615904623,8.031444060274687,10.507623292980961,8.789527054830671,11.714061934641492,12.676809951072778,7.084872491269048,10.994619205224673,6.983322793385735,2.4921893289731147,7.770393370348914,4.0821473262379735,11.043727529335671,10.08532273750671,6.427171723186032,4.393014246919463,7.5554967484929625
2020,1,2,192,6.453306550004333,12.77813738529377,4.326486870094101,4.176934615904623,8.031444060274687,10.507623292980961,8.789527054830671,11.714061934641492,12.676809951072778,7.084872491269048,10.994619205224673,6.983322793385735,2.4921893289731147,7.770393370348914,4.0821473262379735,11.043727529335671,10.08532273750671,6.427171723186032,4.393014246919463,7.5554967484929625
2020,1,2,193,6.451920369086262,11.661581735636123,4.108967903834825,4.373533144069175,8.430937562917434,10.569010210917444,8.712930958003486,11.760277055664297,12.144824266091044,7.3839995297119945,10.079530677627783,6.8119507589644614,2.5975526710676955,7.778708497882507,4.060827128530233,9.775740857551021,10.032620123371393,6.567835310087023,4.298567410578466,7.647311345169205
2020,1,2,194,6.451920369086262,11.661581735636123,4.108967903834825,4.373533144069175,8.430937562917434,10.569010210917444,8.712930958003486,11.760277055664297,12.144824266091044,7.3839995297119945,10.079530677627783,6.8119507589644614,2.5975526710676955,7.778708497882507,4.060827128530233,9.775740857551021,10.032620123371393,6.567835310087023,4.298567410578466,7.647311345169205
2020,1,2,195,6.451920369086262,11.661581735636123,4.108967903834825,4.373533144069175,8.430937562917434,10.569010210917444,8.712930958003486,11.760277055664297,12.144824266091044,7.3839995297119945,10.079530677627783,6.8119507589644614,2.5975526710676955,7.778708497882507,4.060827128530233,9.775740857551021,10.032620123371393,6.567835310087023,4.298567410578466,7.647311345169205
2020,1,2,196,6.451920369086262,11.661581735636123,4.108967903834825,4.373533144069175,8.430937562917434,10.569010210917444,8.712930958003486,11.760277055664297,12.144824266091044,7.3839995297119945,10.079530677627783,6.8119507589644614,2.5975526710676955,7.778708497882507,4.060827128530233,9.775740857551021,10.032620123371393,6.567835310087023,4.298567410578466,7.647311345169205
2020,1,2,197,6.451920369086262,11.661581735636123,4.108967903834825,4.373533144069175,8.430937562917434,10.569010210917444,8.712930958003486,11.760277055664297,12.144824266091044,7.3839995297119945,10.079530677627783,6.8119507589644614,2.5975526710676955,7.778708497882507,4.060827128530233,9.775740857551021,10.032620123371393,6.567835310087023,4.298567410578466,7.647311345169205
2020,1,2,198,6.451920369086262,11.661581735636123,4.108967903834825,4.373533144069175,8.430937562917434,10.569010210917444,8.712930958003486,11.760277055664297,12.144824266091044,7.3839995297119945,10.079530677627783,6.8119507589644614,2.5975526710676955,7.778708497882507,4.060827128530233,9.775740857551021,10.032620123371393,6.567835310087023,4.298567410578466,7.647311345169205
2020,1,2,199,6.451920369086262,11.661581735636123,4.108967903834825,4.373533144069175,8.430937562917434,10.569010210917444,8.712930958003486,11.760277055664297,12.144824266091044,7.3839995297119945,10.079530677627783,6.8119507589644614,2.5975526710676955,7.778708497882507,4.060827128530233,9.775740857551021,10.032620123371393,6.567835310087023,4.298567410578466,7.647311345169205
2020,1,2,200,6.451920369086262,11.661581735636123,4.108967903834825,4.373533144069175,8.430937562917434,10.569010210917444,8.712930958003486,11.760277055664297,12.144824266091044,7.3839995297119945,10.079530677627783,6.8119507589644614,2.5975526710676955,7.778708497882507,4.060827128530233,9.775740857551021,10.032620123371393,6.567835310087023,4.298567410578466,7.647311345169205
2020,1,2,201,6.451920369086262,11.661581735636123,4.108967903834825,4.373533144069175,8.430937562917434,10.569010210917444,8.712930958003486,11.760277055664297,12.144824266091044,7.3839995297119945,10.079530677627783,6.8119507589644614,2.5975526710676955,7.778708497882507,4.060827128530233,9.775740857551021,10.032620123371393,6.567835310087023,4.298567410578466,7.647311345169205
2020,1,2,202,6.451920369086262,11.661581735636123,4.108967903834825,4.373533144069175,8.430937562917434,10.569010210917444,8.712930958003486,11.760277055664297,12.144824266091044,7.3839995297119945,10.079530677627783,6.8119507589644614,2.5975526710676955,7.778708497882507,4.060827128530233,9.775740857551021,10.032620123371393,6.567835310087023,4.298567410578466,7.647311345169205
2020,1,2,203,6.451920369086262,11.661581735636123,4.108967903834825,4.373533144069175,8.430937562917434,10.569010210917444,8.712930958003486,11.760277055664297,12.144824266091044,7.3839995297119945,10.079530677627783,6.8119507589644614,2.5975526710676955,7.778708497882507,4.060827128530233,9.775740857551021,10.032620123371393,6.567835310087023,4.298567410578466,7.647311345169205
2020,1,2,204,6.451920369086262,11.661581735636123,4.108967903834825,4.373533144069175,8.430937562917434,10.569010210917444,8.712930958003486,11.760277055664297,12.144824266091044,7.3839995297119945,10.079530677627783,6.8119507589644614,2.5975526710676955,7.778708497882507,4.060827128530233,9.775740857551021,10.032620123371393,6.567835310087023,4.298567410578466,7.647311345169205
2020,1,2,205,6.27877725774404,13.061356475194717,4.4100259200178815,4.431416189635266,8.754246701895205,10.757396294130464,8.423324815802431,12.029570933887825,12.39048060098594,7.3233882230236285,10.024707746704477,6.780844851190411,2.4825720030504095,8.185171742990466,4.033334948830327,9.984773839268358,10.001636004645349,6.433164756702598,4.225878513548844,7.924131868285111
2020,1,2,206,6.27877725774404,13.061356475194717,4.4100259200178815,4.431416189635266,8.754246701895205,10.757396294130464,8.423324815802431,12.029570933887825,12.39048060098594,7.3233882230236285,10.024707746704477,6.780844851190411,2.4825720030504095,8.185171742990466,4.033334948830327,9.984773839268358,10.001636004645349,6.433164756702598,4.225878513548844,7.924131868285111
2020,1,2,207,6.27877725774404,13.061356475194717,4.4100259200178815,4.431416189635266,8.754246701895205,10.757396294130464,8.423324815802431,12.029570933887825,12.39048060098594,7.3233882230236285,10.024707746704477,6.780844851190411,2.4825720030504095,8.185171742990466,4.033334948830327,9.984773839268358,10.001636004645349,6.433164756702598,4.225878513548844,7.924131868285111
2020,1,2,208,6.27877725774404,13.061356475194717,4.4100259200178815,4.431416189635266,8.754246701895205,10.757396294130464,8.423324815802431,12.029570933887825,12.39048060098594,7.3233882230236285,10.024707746704477,6.780844851190411,2.4825720030504095,8.185171742990466,4.033334948830327,9.984773839268358,10.001636004645349,6.433164756702598,4.225878513548844,7.924131868285111
2020,1,2,209,6.27877725774404,13.061356475194717,4.4100259200178815,4.431416189635266,8.754246701895205,10.757396294130464,8.423324815802431,12.029570933887825,12.39048060098594,7.3233882230236285,10.024707746704477,6.780844851190411,2.4825720030504095,8.185171742990466,4.033334948830327,9.984773839268358,10.001636004645349,6.433164756702598,4.225878513548844,7.924131868285111
2020,1,2,210,6.27877725774404,13.061356475194717,4.4100259200178815,4.431416189635266,8.754246701895205,10.757396294130464,8.423324815802431,12.029570933887825,12.39048060098594,7.3233882230236285,10.024707746704477,6.780844851190411,2.4825720030504095,8.185171742990466,4.033334948830327,9.984773839268358,10.001636004645349,6.433164756702598,4.225878513548844,7.924131868285111
2020,1,2,211,6.27877725774404,13.061356475194717,4.4100259200178815,4.431416189635266,8.754246701895205,10.757396294130464,8.423324815802431,12.029570933887825,12.39048060098594,7.3233882230236285,10.024707746704477,6.780844851190411,2.4825720030504095,8.185171742990466,4.033334948830327,9.984773839268358,10.001636004645349,6.433164756702598,4.225878513548844,7.924131868285111
2020,1,2,212,6.27877725774404,13.061356475194717,4.4100259200178815,4.431416189635266,8.754246701895205,10.757396294130464,8.423324815802431,12.029570933887825,12.39048060098594,7.3233882230236285,10.024707746704477,6.780844851190411,2.4825720030504095,8.185171742990466,4.033334948830327,9.984773839268358,10.001636004645349,6.433164756702598,4.225878513548844,7.924131868285111
2020,1,2,213,6.27877725774404,13.061356475194717,4.4100259200178815,4.431416189635266,8.754246701895205,10.757396294130464,8.423324815802431,12.029570933887825,12.39048060098594,7.3233882230236285,10.024707746704477,6.780844851190411,2.4825720030504095,8.185171742990466,4.033334948830327,9.984773839268358,10.001636004645349,6.433164756702598,4.225878513548844,7.924131868285111
2020,1,2,214,6.27877725774404,13.061356475194717,4.4100259200178815,4.431416189635266,8.754246701895205,10.757396294130464,8.423324815802431,12.029570933887825,12.39048060098594,7.3233882230236285,10.024707746704477,6.780844851190411,2.4825720030504095,8.185171742990466,4.033334948830327,9.984773839268358,10.001636004645349,6.433164756702598,4.225878513548844,7.924131868285111
2020,1,2,215,6.27877725774404,13.061356475194717,4.4100259200178815,4.431416189635266,8.754246701895205,10.757396294130464,8.423324815802431,12.029570933887825,12.39048060098594,7.3233882230236285,10.024707746704477,6.780844851190411,2.4825720030504095,8.185171742990466,4.033334948830327,9.984773839268358,10.001636004645349,6.433164756702598,4.225878513548844,7.924131868285111
2020,1,2,216,6.27877725774404,13.061356475194717,4.4100259200178815,4.431416189635266,8.754246701895205,10.757396294130464,8.423324815802431,12.029570933887825,12.39048060098594,7.3233882230236285,10.024707746704477,6.780844851190411,2.4825720030504095,8.185171742990466,4.033334948830327,9.984773839268358,10.001636004645349,6.433164756702598,4.225878513548844,7.924131868285111
2020,1,2,217,6.6222898236249454,12.477605888786618,4.436041267053324,4.225608978007811,8.36598975719122,10.446959258787631,8.609611740020236,11.793502680775871,12.631448741030637,7.47879635634412,10.486472503314179,6.5441476728897365,2.5190298424744952,7.736382226699628,4.180498443199776,9.529537387579357,9.974262930512653,6.373798377685603,4.206925014105168,7.695332590193593
2020,1,2,218,6.6222898236249454,12.477605888786618,4.436041267053324,4.225608978007811,8.36598975719122,10.446959258787631,8.609611740020236,11.793502680775871,12.631448741030637,7.47879635634412,10.486472503314179,6.5441476728897365,2.5190298424744952,7.736382226699628,4.180498443199776,9.529537387579357,9.974262930512653,6.373798377685603,4.206925014105168,7.695332590193593
2020,1,2,219,6.6222898236249454,12.477605888786618,4.436041267053324,4.225608978007811,8.36598975719122,10.446959258787631,8.609611740020236,11.793502680775871,12.631448741030637,7.47879635634412,10.486472503314179,6.5441476728897365,2.5190298424744952,7.736382226699628,4.180498443199776,9.529537387579357,9.974262930512653,6.373798377685603,4.206925014105168,7.695332590193593
2020,1,2,220,6.6222898236249454,12.477605888786618,4.436041267053324,4.225608978007811,8.36598975719122,10.446959258787631,8.609611740020236,11.793502680775871,12.631448741030637,7.47879635634412,10.486472503314179,6.5441476728897365,2.5190298424744952,7.736382226699628,4.180498443199776,9.529537387579357,9.974262930512653,6.373798377685603,4.206925014105168,7.695332590193593
2020,1,2,221,6.6222898236249454,12.477605888786618,4.436041267053324,4.225608978007811,8.36598975719122,10.446959258787631,8.609611740020236,11.793502680775871,12.631448741030637,7.47879635634412,10.486472503314179,6.5441476728897365,2.5190298424744952,7.736382226699628,4.180498443199776,9.529537387579357,9.974262930512653,6.373798377685603,4.206925014105168,7.695332590193593
2020,1,2,222,6.6222898236249454,12.477605888786618,4.436041267053324,4.225608978007811,8.36598975719122,10.446959258787631,8.609611740020236,11.793502680775871,12.631448741030637,7.47879635634412,10.486472503314179,6.5441476728897365,2.5190298424744952,7.736382226699628,4.180498443199776,9.529537387579357,9.974262930512653,6.373798377685603,4.206925014105168,7.695332590193593
2020,1,2,223,6.6222898236249454,12.477605888786618,4.436041267053324,4.225608978007811,8.36598975719122,10.446959258787631,8.609611740020236,11.793502680775871,12.631448741030637,7.47879635634412,10.486472503314179,6.5441476728897365,2.5190298424744952,7.736382226699628,4.180498443199776,9.529537387579357,9.974262930512653,6.373798377685603,4.206925014105168,7.695332590193593
2020,1,2,224,6.6222898236249454,12.477605888786618,4.436041267053324,4.225608978007811,8.36598975719122,10.446959258787631,8.609611740020236,11.793502680775871,12.631448741030637,7.47879635634412,10.486472503314179,6.5441476728897365,2.5190298424744952,7.736382226699628,4.180498443199776,9.529537387579357,9.974262930512653,6.373798377685603,4.206925014105168,7.695332590193593
2020,1,2,225,6.6222898236249454,12.477605888786618,4.436041267053324,4.225608978007811,8.36598975719122,10.446959258787631,8.609611740020236,11.793502680775871,12.631448741030637,7.47879635634412,10.486472503314179,6.5441476728897365,2.5190298424744952,7.736382226699628,4.180498443199776,9.529537387579357,9.974262930512653,6.373798377685603,4.206925014105168,7.695332590193593
2020,1,2,226,6.6222898236249454,12.477605888786618,4.436041267053324,4.225608978007811,8.36598975719122,10.446959258787631,8.609611740020236,11.793502680775871,12.631448741030637,7.47879635634412,10.486472503314179,6.5441476728897365,2.5190298424744952,7.736382226699628,4.180498443199776,9.529537387579357,9.974262930512653,6.373798377685603,4.206925014105168,7.695332590193593
2020,1,2,227,6.6222898236249454,12.477605888786618,4.436041267053324,4.225608978007811,8.36598975719122,10.446959258787631,8.609611740020236,11.793502680775871,12.631448741030637,7.47879635634412,10.486472503314179,6.5441476728897365,2.5190298424744952,7.736382226699628,4.180498443199776,9.529537387579357,9.974262930512653,6.373798377685603,4.206925014105168,7.695332590193593
2020,1,2,228,6.6222898236249454,12.477605888786618,4.436041267053324,4.225608978007811,8.36598975719122,10.446959258787631,8.609611740020236,11.793502680775871,12.631448741030637,7.47879635634412,10.486472503314179,6.5441476728897365,2.5190298424744952,7.736382226699628,4.180498443199776,9.529537387579357,9.974262930512653,6.373798377685603,4.206925014105168,7.695332590193593
2020,1,2,229,6.528727444561126,12.487784916950242,4.229577248945983,3.977558784242805,8.521175770846156,10.023450443835914,8.81609090025326,12.059421744470422,12.035212992181119,7.0451361891348485,10.396719061720045,6.89020815401061,2.3350422537529676,7.684830015175837,4.181815031830255,9.716359396165995,9.763384902047438,5.8931368588174555,4.46517797435287,7.6671331012601
2020,1,2,230,6.528727444561126,12.487784916950242,4.229577248945983,3.977558784242805,8.521175770846156,10.023450443835914,8.81609090025326,12.059421744470422,12.035212992181119,7.0451361891348485,10.396719061720045,6.89020815401061,2.3350422537529676,7.684830015175837,4.181815031830255,9.716359396165995,9.763384902047438,5.8931368588174555,4.46517797435287,7.6671331012601
2020,1,2,231,6.528727444561126,12.487784916950242,4.229577248945983,3.977558784242805,8.521175770846156,10.023450443835914,8.81609090025326,12.059421744470422,12.035212992181119,7.0451361891348485,10.396719061720045,6.89020815401061,2.3350422537529676,7.684830015175837,4.181815031830255,9.716359396165995,9.763384902047438,5.8931368588174555,4.46517797435287,7.6671331012601
2020,1,2,232,6.528727444561126,12.487784916950242,4.229577248945983,3.977558784242805,8.521175770846156,10.023450443835914,8.81609090025326,12.059421744470422,12.035212992181119,7.0451361891348485,10.396719061720045,6.89020815401061,2.3350422537529676,7.684830015175837,4.181815031830255,9.716359396165995,9.763384902047438,5.8931368588174555,4.46517797435287,7.6671331012601
2020,1,2,233,6.528727444561126,12.487784916950242,4.229577248945983,3.977558784242805,8.521175770846156,10.023450443835914,8.81609090025326,12.059421744470422,12.035212992181119,7.0451361891348485,10.396719061720045,6.89020815401061,2.3350422537529676,7.684830015175837,4.181815031830255,9.716359396165995,9.763384902047438,5.8931368588174555,4.46517797435287,7.6671331012601
2020,1,2,234,6.528727444561126,12.487784916950242,4.229577248945983,3.977558784242805,8.521175770846156,10.023450443835914,8.81609090025326,12.059421744470422,12.035212992181119,7.0451361891348485,10.396719061720045,6.89020815401061,2.3350422537529676,7.684830015175837,4.181815031830255,9.716359396165995,9.763384902047438,5.8931368588174555,4.46517797435287,7.6671331012601
2020,1,2,235,6.528727444561126,12.487784916950242,4.229577248945983,3.977558784242805,8.521175770846156,10.023450443835914,8.81609090025326,12.059421744470422,12.035212992181119,7.0451361891348485,10.396719061720045,6.89020815401061,2.3350422537529676,7.684830015175837,4.181815031830255,9.716359396165995,9.763384902047438,5.8931368588174555,4.46517797435287,7.6671331012601
2020,1,2,236,6.528727444561126,12.487784916950242,4.229577248945983,3.977558784242805,8.521175770846156,10.023450443835914,8.81609090025326,12.059421744470422,12.035212992181119,7.0451361891348485,10.396719061720045,6.89020815401061,2.3350422537529676,7.684830015175837,4.181815031830255,9.716359396165995,9.763384902047438,5.8931368588174555,4.46517797435287,7.6671331012601
2020,1,2,237,6.528727444561126,12.487784916950242,4.229577248945983,3.977558784242805,8.521175770846156,10.023450443835914,8.81609090025326,12.059421744470422,12.035212992181119,7.0451361891348485,10.396719061720045,6.89020815401061,2.3350422537529676,7.684830015175837,4.181815031830255,9.716359396165995,9.763384902047438,5.8931368588174555,4.46517797435287,7.6671331012601
2020,1,2,238,6.528727444561126,12.487784916950242,4.229577248945983,3.977558784242805,8.521175770846156,10.023450443835914,8.81609090025326,12.059421744470422,12.035212992181119,7.0451361891348485,10.396719061720045,6.89020815401061,2.3350422537529676,7.684830015175837,4.181815031830255,9.716359396165995,9.763384902047438,5.8931368588174555,4.46517797435287,7.6671331012601
2020,1,2,239,6.528727444561126,12.487784916950242,4.229577248945983,3.977558784242805,8.521175770846156,10.023450443835914,8.81609090025326,12.059421744470422,12.035212992181119,7.0451361891348485,10.396719061720045,6.89020815401061,2.3350422537529676,7.684830015175837,4.181815031830255,9.716359396165995,9.763384902047438,5.8931368588174555,4.46517797435287,7.6671331012601
2020,1,2,240,6.528727444561126,12.487784916950242,4.229577248945983,3.977558784242805,8.521175770846156,10.023450443835914,8.81609090025326,12.059421744470422,12.035212992181119,7.0451361891348485,10.396719061720045,6.89020815401061,2.3350422537529676,7.684830015175837,4.181815031830255,9.716359396165995,9.763384902047438,5.8931368588174555,4.46517797435287,7.6671331012601
2020,1,2,241,6.290281140989989,12.730876109663798,4.125092385815897,4.334130865406301,8.40359020264309,10.422854215371618,8.352418454279302,12.850287966549542,12.607035091016131,7.327359775408911,10.156434834961034,6.7377090981006,2.511153196216577,7.671524353888248,4.199838380814557,9.862206705116568,9.66797600146492,6.567043916826468,4.3502337610836035,7.6318194650299676
2020,1,2,242,6.290281140989989,12.730876109663798,4.125092385815897,4.334130865406301,8.40359020264309,10.422854215371618,8.352418454279302,12.850287966549542,12.607035091016131,7.327359775408911,10.156434834961034,6.7377090981006,2.511153196216577,7.671524353888248,4.199838380814557,9.862206705116568,9.66797600146492,6.567043916826468,4.3502337610836035,7.6318194650299676
2020,1,2,243,6.290281140989989,12.730876109663798,4.125092385815897,4.334130865406301,8.40359020264309,10.422854215371618,8.352418454279302,12.850287966549542,12.607035091016131,7.327359775408911,10.156434834961034,6.7377090981006,2.511153196216577,7.671524353888248,4.199838380814557,9.862206705116568,9.66797600146492,6.567043916826468,4.3502337610836035,7.6318194650299676
2020,1,2,244,6.290281140989989,12.730876109663798,4.125092385815897,4.334130865406301,8.40359020264309,10.422854215371618,8.352418454279302,12.850287966549542,12.607035091016131,7.327359775408911,10.156434834961034,6.7377090981006,2.511153196216577,7.671524353888248,4.199838380814557,9.862206705116568,9.66797600146492,6.567043916826468,4.3502337610836035,7.6318194650299676
2020,1,2,245,6.290281140989989,12.730876109663798,4.125092385815897,4.334130865406301,8.40359020264309,10.422854215371618,8.352418454279302,12.850287966549542,12.607035091016131,7.327359775408911,10.156434834961034,6.7377090981006,2.511153196216577,7.671524353888248,4.199838380814557,9.862206705116568,9.66797600146492,6.567043916826468,4.3502337610836035,7.6318194650299676
2020,1,2,246,6.290281140989989,12.730876109663798,4.125092385815897,4.334130865406301,8.40359020264309,10.422854215371618,8.352418454279302,12.850287966549542,12.607035091016131,7.327359775408911,10.156434834961034,6.7377090981006,2.511153196216577,7.671524353888248,4.199838380814557,9.862206705116568,9.66797600146492,6.567043916826468,4.3502337610836035,7.6318194650299676
2020,1,2,247,6.290281140989989,12.730876109663798,4.125092385815897,4.334130865406301,8.40359020264309,10.422854215371618,8.352418454279302,12.850287966549542,12.607035091016131,7.327359775408911,10.156434834961034,6.7377090981006,2.511153196216577,7.671524353888248,4.199838380814557,9.862206705116568,9.66797600146492,6.567043916826468,4.3502337610836035,7.6318194650299676
2020,1,2,248,6.290281140989989,12.730876109663798,4.125092385815897,4.334130865406301,8.40359020264309,10.422854215371618,8.352418454279302,12.850287966549542,12.607035091016131,7.327359775408911,10.156434834961034,6.7377090981006,2.511153196216577,7.671524353888248,4.199838380814557,9.862206705116568,9.66797600146492,6.567043916826468,4.3502337610836035,7.6318194650299676
2020,1,2,249,6.290281140989989,12.730876109663798,4.125092385815897,4.334130865406301,8.40359020264309,10.422854215371618,8.352418454279302,12.850287966549542,12.607035091016131,7.327359775408911,10.156434834961034,6.7377090981006,2.511153196216577,7.671524353888248,4.199838380814557,9.862206705116568,9.66797600146492,6.567043916826468,4.3502337610836035,7.6318194650299676
2020,1,2,250,6.290281140989989,12.730876109663798,4.125092385815897,4.334130865406301,8.40359020264309,10.422854215371618,8.352418454279302,12.850287966549542,12.607035091016131,7.327359775408911,10.156434834961034,6.7377090981006,2.511153196216577,7.671524353888248,4.199838380814557,9.862206705116568,9.66797600146492,6.567043916826468,4.3502337610836035,7.6318194650299676
2020,1,2,251,6.290281140989989,12.730876109663798,4.125092385815897,4.334130865406301,8.40359020264309,10.422854215371618,8.352418454279302,12.850287966549542,12.607035091016131,7.327359775408911,10.156434834961034,6.7377090981006,2.511153196216577,7.671524353888248,4.199838380814557,9.862206705116568,9.66797600146492,6.567043916826468,4.3502337610836035,7.6318194650299676
2020,1,2,252,6.290281140989989,12.730876109663798,4.125092385815897,4.334130865406301,8.40359020264309,10.422854215371618,8.352418454279302,12.850287966549542,12.607035091016131,7.327359775408911,10.156434834961034,6.7377090981006,2.511153196216577,7.671524353888248,4.199838380814557,9.862206705116568,9.66797600146492,6.567043916826468,4.3502337610836035,7.6318194650299676
2020,1,2,253,6.616393482749465,13.014923575554134,4.075486786217628,4.287020357670431,8.409844196031548,10.62282108148214,8.61512851284251,12.195333182335158,12.590032454531322,7.2660153649363535,10.001275814861554,6.848765115839541,2.5809017885769183,7.760496852770568,4.192078136536537,9.292429012700913,9.546693831092485,6.505725350514965,4.3677137572062374,7.587144005302614
2020,1,2,254,6.616393482749465,13.014923575554134,4.075486786217628,4.287020357670431,8.409844196031548,10.62282108148214,8.61512851284251,12.195333182335158,12.590032454531322,7.2660153649363535,10.001275814861554,6.848765115839541,2.5809017885769183,7.760496852770568,4.192078136536537,9.292429012700913,9.546693831092485,6.505725350514965,4.3677137572062374,7.587144005302614
2020,1,2,255,6.616393482749465,13.014923575554134,4.075486786217628,4.287020357670431,8.409844196031548,10.62282108148214,8.61512851284251,12.195333182335158,12.590032454531322,7.2660153649363535,10.001275814861554,6.848765115839541,2.5809017885769183,7.760496852770568,4.192078136536537,9.292429012700913,9.546693831092485,6.505725350514965,4.3677137572062374,7.587144005302614
2020,1,2,256,6.616393482749465,13.014923575554134,4.075486786217628,4.287020357670431,8.409844196031548,10.62282108148214,8.61512851284251,12.195333182335158,12.590032454531322,7.2660153649363535,10.001275814861554,6.848765115839541,2.5809017885769183,7.760496852770568,4.192078136536537,9.292429012700913,9.546693831092485,6.505725350514965,4.3677137572062374,7.587144005302614
2020,1,2,257,6.616393482749465,13.014923575554134,4.075486786217628,4.287020357670431,8.409844196031548,10.62282108148214,8.61512851284251,12.195333182335158,12.590032454531322,7.2660153649363535,10.001275814861554,6.848765115839541,2.5809017885769183,7.760496852770568,4.192078136536537,9.292429012700913,9.546693831092485,6.505725350514965,4.3677137572062374,7.587144005302614
2020,1,2,258,6.616393482749465,13.014923575554134,4.075486786217628,4.287020357670431,8.409844196031548,10.62282108148214,8.61512851284251,12.195333182335158,12.590032454531322,7.2660153649363535,10.001275814861554,6.848765115839541,2.5809017885769183,7.760496852770568,4.192078136536537,9.292429012700913,9.546693831092485,6.505725350514965,4.3677137572062374,7.587144005302614
2020,1,2,259,6.616393482749465,13.014923575554134,4.075486786217628,4.287020357670431,8.409844196031548,10.62282108148214,8.61512851284251,12.195333182335158,12.590032454531322,7.2660153649363535,10.001275814861554,6.848765115839541,2.5809017885769183,7.760496852770568,4.192078136536537,9.292429012700913,9.546693831092485,6.505725350514965,4.3677137572062374,7.587144005302614
2020,1,2,260,6.616393482749465,13.014923575554134,4.075486786217628,4.287020357670431,8.409844196031548,10.62282108148214,8.61512851284251,12.195333182335158,12.590032454531322,7.2660153649363535,10.001275814861554,6.848765115839541,2.5809017885769183,7.760496852770568,4.192078136536537,9.292429012700913,9.546693831092485,6.505725350514965,4.3677137572062374,7.587144005302614
2020,1,2,261,6.616393482749465,13.014923575554134,4.075486786217628,4.287020357670431,8.409844196031548,10.62282108148214,8.61512851284251,12.195333182335158,12.590032454531322,7.2660153649363535,10.001275814861554,6.848765115839541,2.5809017885769183,7.760496852770568,4.192078136536537,9.292429012700913,9.546693831092485,6.505725350514965,4.3677137572062374,7.587144005302614
2020,1,2,262,6.616393482749465,13.014923575554134,4.075486786217628,4.287020357670431,8.409844196031548,10.62282108148214,8.61512851284251,12.195333182335158,12.590032454531322,7.2660153649363535,10.001275814861554,6.848765115839541,2.5809017885769183,7.760496852770568,4.192078136536537,9.292429012700913,9.546693831092485,6.505725350514965,4.3677137572062374,7.587144005302614
2020,1,2,263,6.616393482749465,13.014923575554134,4.075486786217628,4.287020357670431,8.409844196031548,10.62282108148214,8.61512851284251,12.195333182335158,12.590032454531322,7.2660153649363535,10.001275814861554,6.848765115839541,2.5809017885769183,7.760496852770568,4.192078136536537,9.292429012700913,9.546693831092485,6.505725350514965,4.3677137572062374,7.587144005302614
2020,1,2,264,6.616393482749465,13.014923575554134,4.075486786217628,4.287020357670431,8.409844196031548,10.62282108148214,8.61512851284251,12.195333182335158,12.590032454531322,7.2660153649363535,10.001275814861554,6.848765115839541,2.5809017885769183,7.760496852770568,4.192078136536537,9.292429012700913,9.546693831092485,6.505725350514965,4.3677137572062374,7.587144005302614
2020,1,2,265,6.746182360820625,13.694460979702972,4.242710465009649,4.488849797555314,8.80604901296415,10.811268133183985,8.88074475118989,12.431593425156874,12.3303683610411,7.293813351443713,10.220129656559715,6.971020039735408,2.488042691261756,7.454179022047676,4.071614197053178,9.407697082673195,10.30312700396229,6.622638635099484,4.4048670549971805,7.4006695343956475
2020,1,2,266,6.746182360820625,13.694460979702972,4.242710465009649,4.488849797555314,8.80604901296415,10.811268133183985,8.88074475118989,12.431593425156874,12.3303683610411,7.293813351443713,10.220129656559715,6.971020039735408,2.488042691261756,7.454179022047676,4.071614197053178,9.407697082673195,10.30312700396229,6.622638635099484,4.4048670549971805,7.4006695343956475
2020,1,2,267,6.746182360820625,13.694460979702972,4.242710465009649,4.488849797555314,8.80604901296415,10.811268133183985,8.88074475118989,12.431593425156874,12.3303683610411,7.293813351443713,10.220129656559715,6.971020039735408,2.488042691261756,7.454179022047676,4.071614197053178,9.407697082673195,10.30312700396229,6.622638635099484,4.4048670549971805,7.4006695343956475
2020,1,2,268,6.746182360820625,13.694460979702972,4.242710465009649,4.488849797555314,8.80604901296415,10.811268133183985,8.88074475118989,12.431593425156874,12.3303683610411,7.293813351443713,10.220129656559715,6.971020039735408,2.488042691261756,7.454179022047676,4.071614197053178,9.407697082673195,10.30312700396229,6.622638635099484,4.4048670549971805,7.4006695343956475
2020,1,2,269,6.746182360820625,13.694460979702972,4.242710465009649,4.488849797555314,8.80604901296415,10.811268133183985,8.88074475118989,12.431593425156874,12.3303683610411,7.293813351443713,10.220129656559715,6.971020039735408,2.488042691261756,7.454179022047676,4.071614197053178,9.407697082673195,10.30312700396229,6.622638635099484,4.4048670549971805,7.4006695343956475
2020,1,2,270,6.746182360820625,13.694460979702972,4.242710465009649,4.488849797555314,8.80604901296415,10.811268133183985,8.88074475118989,12.431593425156874,12.3303683610411,7.293813351443713,10.220129656559715,6.971020039735408,2.488042691261756,7.454179022047676,4.071614197053178,9.407697082673195,10.30312700396229,6.622638635099484,4.4048670549971805,7.4006695343956475
2020,1,2,271,6.746182360820625,13.694460979702972,4.242710465009649,4.488849797555314,8.80604901296415,10.811268133183985,8.88074475118989,12.431593425156874,12.3303683610411,7.293813351443713,10.220129656559715,6.971020039735408,2.488042691261756,7.454179022047676,4.071614197053178,9.407697082673195,10.30312700396229,6.622638635099484,4.4048670549971805,7.4006695343956475
2020,1,2,272,6.746182360820625,13.694460979702972,4.242710465009649,4.488849797555314,8.80604901296415,10.811268133183985,8.88074475118989,12.431593425156874,12.3303683610411,7.293813351443713,10.220129656559715,6.971020039735408,2.488042691261756,7.454179022047676,4.071614197053178,9.407697082673195,10.30312700396229,6.622638635099484,4.4048670549971805,7.4006695343956475
2020,1,2,273,6.746182360820625,13.694460979702972,4.242710465009649,4.488849797555314,8.80604901296415,10.811268133183985,8.88074475118989,12.431593425156874,12.3303683610411,7.293813351443713,10.220129656559715,6.971020039735408,2.488042691261756,7.454179022047676,4.071614197053178,9.407697082673195,10.30312700396229,6.622638635099484,4.4048670549971805,7.4006695343956475
2020,1,2,274,6.746182360820625,13.694460979702972,4.242710465009649,4.488849797555314,8.80604901296415,10.811268133183985,8.88074475118989,12.431593425156874,12.3303683610411,7.293813351443713,10.220129656559715,6.971020039735408,2.488042691261756,7.454179022047676,4.071614197053178,9.407697082673195,10.30312700396229,6.622638635099484,4.4048670549971805,7.4006695343956475
2020,1,2,275,6.746182360820625,13.694460979702972,4.242710465009649,4.488849797555314,8.80604901296415,10.811268133183985,8.88074475118989,12.431593425156874,12.3303683610411,7.293813351443713,10.220129656559715,6.971020039735408,2.488042691261756,7.454179022047676,4.071614197053178,9.407697082673195,10.30312700396229,6.622638635099484,4.4048670549971805,7.4006695343956475
2020,1,2,276,6.746182360820625,13.694460979702972,4.242710465009649,4.488849797555314,8.80604901296415,10.811268133183985,8.88074475118989,12.431593425156874,12.3303683610411,7.293813351443713,10.220129656559715,6.971020039735408,2.488042691261756,7.454179022047676,4.071614197053178,9.407697082673195,10.30312700396229,6.622638635099484,4.4048670549971805,7.4006695343956475
2020,1,2,277,6.832350371867206,12.18228149747985,4.191647869051816,4.245160715659084,8.144831875930402,10.595421510361982,9.141493442861266,12.132615995433673,12.966749180061397,7.013449172210889,10.542474069037237,6.436208769828545,2.5782383962710322,7.628164913426758,4.07141079849965,9.881551816256458,9.841257974935429,6.470086523777232,4.3343506312335585,7.8513765217972225
2020,1,2,278,6.832350371867206,12.18228149747985,4.191647869051816,4.245160715659084,8.144831875930402,10.595421510361982,9.141493442861266,12.132615995433673,12.966749180061397,7.013449172210889,10.542474069037237,6.436208769828545,2.5782383962710322,7.628164913426758,4.07141079849965,9.881551816256458,9.841257974935429,6.470086523777232,4.3343506312335585,7.8513765217972225
2020,1,2,279,6.832350371867206,12.18228149747985,4.191647869051816,4.245160715659084,8.144831875930402,10.595421510361982,9.141493442861266,12.132615995433673,12.966749180061397,7.013449172210889,10.542474069037237,6.436208769828545,2.5782383962710322,7.628164913426758,4.07141079849965,9.881551816256458,9.841257974935429,6.470086523777232,4.3343506312335585,7.8513765217972225
2020,1,2,280,6.832350371867206,12.18228149747985,4.191647869051816,4.245160715659084,8.144831875930402,10.595421510361982,9.141493442861266,12.132615995433673,12.966749180061397,7.013449172210889,10.542474069037237,6.436208769828545,2.5782383962710322,7.628164913426758,4.07141079849965,9.881551816256458,9.841257974935429,6.470086523777232,4.3343506312335585,7.8513765217972225
2020,1,2,281,6.832350371867206,12.18228149747985,4.191647869051816,4.245160715659084,8.144831875930402,10.595421510361982,9.141493442861266,12.132615995433673,12.966749180061397,7.013449172210889,10.542474069037237,6.436208769828545,2.5782383962710322,7.628164913426758,4.07141079849965,9.881551816256458,9.841257974935429,6.470086523777232,4.3343506312335585,7.8513765217972225
2020,1,2,282,6.832350371867206,12.18228149747985,4.191647869051816,4.245160715659084,8.144831875930402,10.595421510361982,9.141493442861266,12.132615995433673,12.966749180061397,7.013449172210889,10.542474069037237,6.436208769828545,2.5782383962710322,7.628164913426758,4.07141079849965,9.881551816256458,9.841257974935429,6.470086523777232,4.3343506312335585,7.8513765217972225
2020,1,2,283,6.832350371867206,12.18228149747985,4.191647869051816,4.245160715659084,8.144831875930402,10.595421510361982,9.141493442861266,12.132615995433673,12.966749180061397,7.013449172210889,10.542474069037237,6.436208769828545,2.5782383962710322,7.628164913426758,4.07141079849965,9.881551816256458,9.841257974935429,6.470086523777232,4.3343506312335585,7.8513765217972225
2020,1,2,284,6.832350371867206,12.18228149747985,4.191647869051816,4.245160715659084,8.144831875930402,10.595421510361982,9.141493442861266,12.132615995433673,12.966749180061397,7.013449172210889,10.542474069037237,6.436208769828545,2.5782383962710322,7.628164913426758,4.07141079849965,9.881551816256458,9.841257974935429,6.470086523777232,4.3343506312335585,7.8513765217972225
2020,1,2,285,6.832350371867206,12.18228149747985,4.191647869051816,4.245160715659084,8.144831875930402,10.595421510361982,9.141493442861266,12.132615995433673,12.966749180061397,7.013449172210889,10.542474069037237,6.436208769828545,2.5782383962710322,7.628164913426758,4.07141079849965,9.881551816256458,9.841257974935429,6.470086523777232,4.3343506312335585,7.8513765217972225
2020,1,2,286,6.832350371867206,12.18228149747985,4.191647869051816,4.245160715659084,8.144831875930402,10.595421510361982,9.141493442861266,12.132615995433673,12.966749180061397,7.013449172210889,10.542474069037237,6.436208769828545,2.5782383962710322,7.628164913426758,4.07141079849965,9.881551816256458,9.841257974935429,6.470086523777232,4.3343506312335585,7.8513765217972225
2020,1,2,287,6.832350371867206,12.18228149747985,4.191647869051816,4.245160715659084,8.144831875930402,10.595421510361982,9.141493442861266,12.132615995433673,12.966749180061397,7.013449172210889,10.542474069037237,6.436208769828545,2.5782383962710322,7.628164913426758,4.07141079849965,9.881551816256458,9.841257974935429,6.470086523777232,4.3343506312335585,7.8513765217972225
2020,1,2,288,6.832350371867206,12.18228149747985,4.191647869051816,4.245160715659084,8.144831875930402,10.595421510361982,9.141493442861266,12.132615995433673,12.966749180061397,7.013449172210889,10.542474069037237,6.436208769828545,2.5782383962710322,7.628164913426758,4.07141079849965,9.881551816256458,9.841257974935429,6.470086523777232,4.3343506312335585,7.8513765217972225
