Year,Month,Day,Period,122_HYDRO_1_RESERVOIR_head,122_HYDRO_2_RESERVOIR_head,122_HYDRO_3_RESERVOIR_head,122_HYDRO_4_RESERVOIR_head,122_HYDRO_5_RESERVOIR_head,122_HYDRO_6_RESERVOIR_head,201_HYDRO_4_RESERVOIR_head,215_HYDRO_1_RESERVOIR_head,215_HYDRO_2_RESERVOIR_head,215_HYDRO_3_RESERVOIR_head,222_HYDRO_1_RESERVOIR_head,222_HYDRO_2_RESERVOIR_head,222_HYDRO_3_RESERVOIR_head,222_HYDRO_4_RESERVOIR_head,222_HYDRO_5_RESERVOIR_head,222_HYDRO_6_RESERVOIR_head,322_HYDRO_1_RESERVOIR_head,322_HYDRO_2_RESERVOIR_head,322_HYDRO_3_RESERVOIR_head,322_HYDRO_4_RESERVOIR_head
2020,1,1,1,10.312528089324413,9.068377484155464,4.679264201516294,4.162571602770624,10.033343904815279,9.267428218645383,7.095289754144385,10.738067379289912,11.175332127964726,11.008401478046464,8.781718746309418,7.679329563032754,4.198038298241969,6.0945086484675075,6.5958993833973265,5.911248449997813,13.40336661429859,7.047835600265598,3.824752569390177,5.9277698164569905
2020,1,1,2,9.734003503291392,8.86655435773843,4.555990311926132,4.297403506191439,8.78307968531225,10.206161758242212,7.174085105080096,10.982186901046921,12.494868234676382,10.367057142630767,10.380927626773108,7.291375997813321,3.959363777202168,6.301282787124998,6.2609980893689325,6.356953399045275,14.49500816989003,7.767402336831108,4.044244920443375,6.069957485192571
2020,1,1,3,10.698743739823875,8.79696881585796,5.063886287462387,4.222565005577235,9.640066623737445,10.112453333468752,7.253262967727644,11.308967942348303,11.772633776080806,11.205488657955899,9.071131877037038,7.527305388292308,4.096521626710339,6.53722827374968,6.201270019884956,6.002063156961548,14.10777566613443,7.0142239544376075,3.800610632205392,6.296545694910923
2020,1,1,4,9.378282671255663,8.88368642408378,4.631700308232536,4.1086825826690925,10.176988484430076,10.420229516917802,7.448620117295088,10.932979151865775,12.041808408608274,11.228809359226949,9.031138036093369,7.722198983811133,4.153659707251548,5.798950784056458,6.593548645307474,6.162988865294025,13.947891131355686,7.466939946021204,3.9985835960257616,6.006887813430573
2020,1,1,5,10.003492654860896,9.212215982892006,4.91056834916911,4.3357600423182046,9.931262316900018,9.105974520554886,7.693650048529248,10.353582652049207,12.639907431765163,10.496940562890998,9.002349459227185,7.745379410372,4.10053822664928,5.829040699017802,6.497239380289857,5.947751939861383,14.139889411494806,7.450438501881089,3.879062247683356,5.832250982275476
2020,1,1,6,10.78301292067172,8.741837375180426,4.7968172494182975,4.286327399358667,9.325746841460324,9.023668699321638,7.420608715505225,10.669577069503683,12.269041747442017,10.610599138292532,9.168974693650762,7.347948914526889,4.41472091382725,6.484377918483461,6.547548053000417,6.65419819424586,14.542328681265408,7.157872569103194,3.785978145745192,5.761442618745197
2020,1,1,7,10.924433436908819,9.055283098830092,4.705559653843053,4.093413432230344,9.199153503701853,10.38008943955906,7.289619157379305,11.268578682161005,11.535254643318808,10.689517460317974,9.227505202627224,7.384970466401961,4.00911718837126,6.006403064808809,6.006447494925832,5.797182163642699,14.894204150191763,7.195926969302871,3.9378949256564013,6.111866855059231
2020,1,1,8,10.087323551525355,9.492309435782497,5.130864672766715,4.17501953499626,9.689532398912366,8.673464624684947,6.675130183639754,11.896173051017534,12.896548165461635,11.60418193719844,10.107437155084078,7.391235466638504,3.8535771956011,6.44281414431051,6.649593155657936,5.334557436689994,13.99010358344915,7.739283846617639,3.8212019288890415,5.939176391715784
2020,1,1,9,10.57135318895372,8.964620480667483,4.774651396171541,4.2506684014371805,10.012335097865968,9.295136069665972,7.957650060358402,11.860039175941388,11.968846146883832,10.963881969695027,9.195030937499203,7.4324537612697394,4.432891872819322,5.9740664111822985,6.559709176985623,6.13965908858755,13.89097680924184,7.607172060296806,4.036515402454874,6.185732040281646
2020,1,1,10,10.43817555713209,8.777352604442719,4.787943626293492,4.022061769947945,9.907924758530404,9.791778182043942,7.050151460776382,11.395897253255676,12.079312309835972,10.030380059547893,8.985554580799397,7.583184426399907,4.138211541617219,6.024192245642853,6.283806935642618,5.827297872691317,14.36102604945525,7.987871751644277,3.7277164503068185,5.59623388910618
2020,1,1,11,9.925216796470943,9.55452482347287,4.748321579996377,4.158626862029044,9.75228424840924,9.250602175149725,7.0595342817323985,11.294743025172158,11.764515086938518,10.473101015404929,9.147462239144518,8.057466568237931,4.102682606980871,6.392804878552679,6.535645713828522,6.126072919885663,13.268670639091756,6.57774656939332,3.9170080765418187,6.232060606104607
2020,1,1,12,10.31348135780758,9.135249173931264,4.926571773605014,4.391412312096804,9.956757062737926,9.852731446495328,7.622512297676099,11.582504000692524,11.569392425946283,11.317795461768942,8.840981298648979,7.365466656312017,4.444457034945297,6.317993621151905,6.66675683834729,6.059569862771302,14.503773366147424,7.486675439932416,3.7684374736192208,6.037938563402134
2020,1,1,13,9.775358664253648,9.103518978420864,4.8609380743468,4.1992370360328,9.80742097842555,9.32125122055587,6.936018395248259,11.819569533503586,12.221386327251153,10.823076891123119,8.528980572071436,7.0003464633558385,3.864059985808795,5.861532495341565,6.198708682433102,5.947741447127575,13.260414186886258,6.627802893430638,4.068637537419726,5.687238620705956
2020,1,1,14,9.491702687375785,9.358640413386263,4.754819821951159,4.146370783134192,9.940175376339495,10.274328104883983,7.363517996731526,11.276936733177505,11.411604187267624,10.462546629497282,9.088550296694837,6.981060075783986,4.064655149273003,6.284493293492277,6.200382531672538,5.977504801577827,13.249425968339079,7.317236498166091,3.993097592394186,6.205070338934499
2020,1,1,15,10.328489463749037,9.135865182928526,4.711607757460899,4.468665695946493,10.071445370120804,10.05068050168399,7.121271959154616,11.292362073539142,12.06955796701751,10.836177921525598,9.996018813536415,7.736447041891755,3.9008851761588126,5.9754165418340355,6.31301228523122,6.175886984628472,14.891275499097581,7.26313739371249,3.8751642660159797,6.2384335076454045
2020,1,1,16,10.352335446451487,9.193187852084822,4.884063232667798,4.343049895716777,9.534706977997152,9.87766326356713,7.182280373987728,11.315767829593437,12.877756378940115,11.434618763097573,9.467556517191047,7.328315103326242,4.060743211142123,6.245168569155826,5.819213155702191,5.988607860169297,12.852180995914038,6.990793130303387,3.8797451211018252,5.919084948072324
2020,1,1,17,9.644193533823241,8.591475886492498,4.764877493885276,4.40230427185639,9.363489824449255,9.63142462833765,7.270042915773001,11.67766686517846,12.473706271704025,11.960465223977245,8.967247875940934,7.572469689550643,3.8445828345346715,6.153623898822417,6.471046089784711,6.039287224221363,14.75328315344552,7.149897256322724,4.143680885806355,6.274600612421686
2020,1,1,18,10.066473115291533,8.859719741181808,5.229615589657793,4.148627592225417,9.990482393089199,9.366266285379051,6.909190537046103,10.609966613776594,12.208124463134874,10.97722374220591,9.271003345492849,7.279642089770933,4.093697719145047,6.096930400199093,6.619404412119048,5.955419242220331,14.894881086401355,7.239664407490972,3.9999971195314084,5.782260153263836
2020,1,1,19,9.64393507538411,9.850521222687611,4.78934246508414,4.234441215145539,9.50912383937135,9.717512491088948,7.219778588131522,11.231737030798048,11.57779172366052,11.218208693088881,10.062122393854352,7.447254457109332,4.08191303620482,5.9880193303769715,6.532349294343228,6.472205772821368,14.210606030180841,7.456348844193898,3.764756654953968,5.554966123750039
2020,1,1,20,9.937455992032898,8.786090796169429,4.957546760016274,4.281318314205441,8.951655053795008,9.288740027776834,7.553374000308879,11.40423904322408,12.080396893047984,10.95863906102384,9.215417813768568,7.394267220473186,4.073607568100048,5.730553894076163,6.5091486981484215,6.394723580751944,14.359877623246271,6.990289443561844,4.0272646193010315,6.074895616549706
2020,1,1,21,9.947518034348334,9.192738220209394,4.874352167140563,4.3220269643335625,10.261701775249891,10.519317262403911,7.233961830411107,10.374348976074701,11.724196617531952,11.09909517509621,8.817141762832282,7.285856879970352,3.70821547269517,5.984681169645165,6.648184190070586,5.718533823813515,13.137411022723589,7.110557531466065,3.7947332978682677,5.899467184180633
2020,1,1,22,10.424303522989693,9.806332817290905,4.835580626300545,4.674781336224382,9.806095787692117,9.894929959195215,8.270989259782603,11.636152138579845,12.808402026746503,10.595631606981584,9.1677284748915,7.862171557241782,4.205111012642121,6.308601136836107,6.361108628219597,6.077034263321153,13.744024968634676,7.480433273618471,3.905877746132,5.81162866928693
2020,1,1,23,9.921753864510938,9.4194076050834,5.068136131959909,4.297581357028441,9.788768509265438,9.430113570260092,7.282204856309865,11.707558741284409,11.88022920679096,11.638700531611681,9.377418386913213,7.884203854571856,4.041909506629302,6.250380922877813,5.985206513580234,5.878434260261328,14.22119912642078,7.539118332644951,3.556295061787381,6.256066939978047
2020,1,1,24,9.613287194705595,9.274053348564959,5.00568760399299,4.468854729810573,9.635653863378742,10.382104561977185,6.908338103414671,10.35062500428157,11.729082278665707,10.800990146240057,9.295042659373284,7.683400687571952,4.509697349432099,5.9354404386908595,6.419781363736846,5.7737531623753195,14.204862934816337,8.101295185918696,4.008666689804754,6.16900218986982
2020,1,1,25,10.819096362003044,8.873601804601547,5.001925119117011,4.675215420496574,10.03253458373387,9.75211572576372,7.104251740777037,11.038791740316867,12.004346337036955,10.518854740103128,9.6739551569016,8.104150874053051,4.0030075264301175,6.409396504959354,6.719181449354727,5.299035837093476,14.269371711926265,7.376726892335018,3.7781290648006713,6.517747693550996
2020,1,1,26,10.324699482121801,8.938989733834115,4.999760312035617,4.5771839070546925,9.209178248852993,10.316802150568778,6.694175610449183,11.05373321005792,11.731142443487053,10.664230543178135,9.17917258567743,7.097441505140632,3.9760604597352986,6.229072949795152,6.478999293913332,5.997313079868625,14.204560196670805,7.5135702146158065,3.84988007885863,6.2184768625885365
2020,1,1,27,10.487140897202286,9.05418587147618,4.57624180409727,4.310135901747789,9.708827537297827,10.304968962167191,7.568366431229009,10.825307058590006,12.223950548352581,11.29539435789556,8.285816666210676,7.428455042784675,4.106613931316826,6.291731868548053,6.291701431050169,6.015978982091846,14.031961841043154,7.261192563551877,3.6657882167235956,6.251692584571954
2020,1,1,28,10.370575983209813,9.291183658840938,4.978387516352644,4.479784512079508,9.817057539116211,9.940735209421131,7.721562386100623,10.887220628234239,12.99201178302423,10.695144944952553,9.315205284834642,7.387042148141318,3.878479105583704,5.887851839140304,6.587042131269675,6.4059771653448445,13.334984434284134,7.739870442713277,3.9101297506915045,5.902807451769112
2020,1,1,29,10.505373037251804,9.634212529785353,4.843737788833466,4.305020478985062,9.921403508483856,9.274066701563935,7.500261197915561,10.989829560503601,12.113274234212021,11.670241284254065,9.29034880260773,7.704253571760674,4.28090728530028,6.582998306216035,6.4853576748038995,6.331002327992511,14.217593773720054,7.052728774521764,3.893060738323442,5.592841634268229
2020,1,1,30,10.301064903102564,9.210667063694133,4.79178479342246,4.276492771231739,9.044039688233033,9.543293384986288,7.011790405510253,11.498228897285104,11.662815324464335,11.28420958604622,9.26654207019946,7.113911674599923,3.9277708851900135,6.260006989730197,6.331588037059194,6.19595956272818,13.382620350699735,7.307414665596086,3.684227053520517,6.600369306442449
2020,1,1,31,10.312639100558727,8.958223030770743,5.569290187574571,4.427262190443639,9.938040274053016,11.17280037082282,7.002411232193102,11.784445716261397,12.0332568455193,11.381895613146972,8.832348913322223,7.69168165138821,3.9454431713974536,6.518763175449456,6.417135462628364,6.255767997942884,13.815597661440414,7.400996967262949,3.887185108323721,6.237006880206698
2020,1,1,32,10.175838422174946,9.132124310714826,4.603781721822837,4.434553111807875,9.544881928862393,9.554752963554112,7.4694069871681,11.472133355450653,11.494191781807686,10.818455340644068,9.871638761425569,7.059268571607826,4.218699353784581,5.989654337509698,6.305634958731621,6.283431051388047,14.800903342012889,7.470848215157423,3.840940302015296,6.508848535519334
2020,1,1,33,9.946452091387416,9.358485658514498,4.874431077037543,4.370051895517117,9.454454654601104,9.669581585166679,7.104426264098002,10.814079365489874,13.50169806544893,10.729230212373539,8.744975040313705,7.715783848098004,4.124213152800487,5.696942477695507,6.5437864613244185,6.194930808131117,13.142873594305026,7.602555691360359,4.072179045896174,5.827349686455733
2020,1,1,34,10.483352223812881,9.291082718918336,4.858636002727569,4.25446517885777,9.101108229269961,9.585740844365226,7.005833956986356,11.579533047030992,12.982138009707594,11.017225954878738,8.783830828827906,7.837759378431351,4.121085894480733,5.913266186776935,6.156820055281086,6.412990853159645,13.950470076905527,7.267199799636778,3.7721022034572966,6.3627041610357615
2020,1,1,35,10.01711941047521,9.076344071774939,4.876130635302098,4.200429291483904,10.574356788710356,9.402949225536569,6.973384089989752,11.495559275975976,12.713847680448401,10.480257272159708,9.058984485953921,7.152474230614096,3.8671277418803665,6.398753953145534,6.471007839027801,5.767836635537262,14.507087193510626,7.58973564073359,3.9564991508331437,6.187128564496216
2020,1,1,36,10.171955412370808,8.756750628464506,4.693725780297355,4.076412066540641,9.657689570571165,10.045264814349949,7.798062476203577,9.907482364911276,12.473780851012494,11.210647300034745,9.62774236023786,7.381648013778185,4.248448701594167,5.868329428898389,6.608785599564932,5.957947123314225,14.378375720850416,6.910819153091929,3.653782567045542,6.376359324871876
2020,1,1,37,10.274148197935629,9.562507636954322,4.936186031118966,4.310975427091388,9.80284060545015,9.246904617842779,7.120914819447675,11.781066285266172,12.029641182877675,11.406429666621703,9.643594386628873,7.848347890708339,3.920860778653504,6.50910332002562,6.4474967534201815,5.923623635607195,14.191574551809333,7.401188616201449,3.8945413792148007,6.258458805300055
2020,1,1,38,10.308353638958048,9.071542220814804,4.672250415490175,4.323691815262981,9.299028469470652,9.445474647141934,7.496992920391104,11.284330567648075,12.04033286070909,10.698168651628011,9.376798407648522,7.908774668860868,3.807371925106877,5.967628050031252,6.450395722062064,5.942378700330595,13.640353038914265,6.771586994080613,3.9376462087569064,6.0604414141130665
2020,1,1,39,9.713495829797939,9.257534722980472,4.94763513426748,4.425441164428884,9.113592526312786,9.890790258312554,7.415117042229521,11.30100066539693,12.003049543986245,11.306306694849455,9.469378626739273,7.063851251173619,4.150031650927164,6.239469716943796,6.404602031614811,6.039562297665257,14.755301147361632,7.260493901278163,3.9453847534898476,6.185171917810371
2020,1,1,40,10.205755357005902,8.919424149744474,4.922801963196084,4.03317109024837,10.023768233309253,9.672219199767023,7.00931406606518,10.441855863492128,13.261133480194161,11.114809262747023,8.66633987351465,7.604532633566756,4.054408291497968,6.202033738502942,6.523288552505236,6.473224890621521,13.333758592989364,8.062806917013082,3.8636728292683835,6.030069359669635
2020,1,1,41,9.71088327453359,8.910040539965358,4.844371623455856,4.301008046460151,9.183256974020846,9.833892823220243,7.26738396370035,11.948988316687421,12.01672601691825,11.494005809953473,8.521045858425092,7.687543791049334,4.050432964668354,6.06890532942918,6.2949321681327355,6.294035825637212,14.408778685946215,7.405309771297539,4.151036576217932,6.32126772921704
2020,1,1,42,10.196598702330936,9.349946524541462,4.877933527638347,4.24847448052544,10.213628585000334,9.758034898136607,6.965059373235897,11.375667573894885,11.836562144198858,11.726101918276065,9.00663395563455,7.488902237933025,4.199018777400977,6.070382724669925,6.353367771846483,6.373704823181016,14.105998832804437,7.186615290159952,3.826125768336839,5.921737341360564
2020,1,1,43,10.440064255451926,8.703160012980998,5.202145420577618,4.273315903364351,10.406592221046099,9.312047516875293,7.6758463182032095,11.57238546420198,12.05916170320298,11.346788590456404,9.466557059688444,7.922018967910005,4.037260692619088,5.9038659506954865,6.156538463002481,6.057475393108052,13.578993303875945,7.478431065148519,3.9569250467246166,5.944585162967354
2020,1,1,44,10.853168293264211,8.74090034291381,5.005286756740473,4.496511230317517,9.406342556321254,10.34252412937334,6.99128173673047,10.630031014333397,12.360220501618773,10.977964529529117,9.47607382444655,7.327775521614884,3.803419892872847,6.623343594002647,6.317761677886958,6.0464710858693875,13.801955884864693,7.313019511048523,3.833231184615381,6.077124305814066
2020,1,1,45,10.35822442661107,9.720806558045517,4.926006586429819,4.502745293059018,9.528360376040691,10.216853657543613,7.361628211075803,11.45415472501075,10.422969343166947,11.533404638335233,8.824836157903208,7.36734386910349,4.033988954259103,6.270978657369682,5.8746156255201205,6.2169932230357015,15.035871114215816,6.995958290501769,3.7520024340470295,6.2669423992101905
2020,1,1,46,10.474153411276394,9.470518208860275,4.975231487355139,4.457176332624336,8.719945791696281,9.39670123656849,7.112188662362906,11.46310295498004,12.300324462223061,11.023556107473182,8.785309660713994,7.294142824046361,4.1366482572481065,5.747478503873795,6.394004663356245,6.181429112573786,13.368447057753153,6.7841559134243115,3.69769661641362,6.129487369013283
2020,1,1,47,9.683767214773116,9.320393923701927,4.90002240822817,4.299230798529795,9.030638885561814,9.956478882818605,6.987188476857634,11.154536155470323,10.878229669657973,10.88586373177013,9.57005141822849,7.565259502297991,4.118716560323248,5.812837471410876,6.544086050935907,6.181282046597701,13.03321143791057,7.323281989575761,3.7401252919202364,6.03640217604849
2020,1,1,48,10.342220430810105,8.774269497694503,5.000202956651676,4.250717598512651,9.95281102791601,9.57842977256193,7.568279782873951,10.643776192008445,12.822863508110443,10.734368593160825,9.21223669360566,7.4111796425351635,4.060263362037753,6.274058027803432,6.369600005249889,6.639919240009926,13.662408043380173,7.269692336441101,3.9759596664810006,6.374885591560526
2020,1,1,49,9.672556259891746,9.24846578389812,4.773588737521506,4.489445370118161,10.194575508657769,10.1935413959595,7.10435917448106,11.196790274824492,11.274644919164283,11.045759648421086,8.38504057713093,7.7530717011128045,4.483963393713239,6.141587615571755,6.622054893450658,6.218812269917985,14.251764636970977,7.252250819063956,4.0881920315108955,6.26044761728877
2020,1,1,50,10.611231139609801,9.140541817634222,5.324753149965851,4.57617816288043,9.403887636128792,10.105836674247564,6.724618283008649,10.795581105496813,11.720747683058613,11.445112302199782,8.731561377360551,7.387532876198524,4.361049403959393,5.700509121875193,6.727861597030841,5.88510375424772,14.818663996156596,7.575252490405248,3.975487455366977,6.004072174344792
2020,1,1,51,9.69248508315868,9.005371637289443,4.9289181673174305,4.557086818534471,9.46263281139963,10.26103379213456,7.378762414622076,10.910896631777874,11.18119845450923,10.5487691108105,9.320092095672182,7.441994282380785,3.893129114639355,6.764546413440041,6.382609120698987,5.905326365259716,14.03435999323708,7.736567112869193,3.830095480556396,5.861424516972235
2020,1,1,52,9.728563853977542,9.134690717270326,5.4452262073305775,4.366977169771539,9.093479189857224,9.399953397230888,7.050284724723246,11.745205918617302,12.982103889883534,10.456931125517158,8.708827883679593,7.567446136225005,3.8655489061151664,5.462695449477938,6.132142367441281,6.281035550485791,13.106879720493257,7.546081372219828,3.7845551088884637,6.073481277385415
2020,1,1,53,10.429920971897344,8.642842810744865,5.325945213202009,4.290013657214375,9.268599019693669,9.24069432846356,7.3013558511725805,11.2633267002319,12.103852134795696,10.465672258512893,8.78269637855669,7.2586927829153485,4.3064735402821706,6.030915714482709,6.665550529913133,6.262058669778697,14.073781171833488,7.23406491412577,3.9076245647410657,5.963901171731691
2020,1,1,54,10.804534691496896,8.4087209046506,4.793565755814993,4.401672474073221,10.223358834151957,9.043846739594995,7.504084330421192,11.188069385876213,13.188341078874023,11.452474280089223,8.795998557502063,7.81217121791693,4.2638356548238185,6.148497812186982,6.613882718437863,6.3143035277131965,14.500195251039875,7.372311507074916,3.7204162610597766,5.927537507851039
2020,1,1,55,10.552675008360563,9.276453210966235,4.9390234167715015,4.412547920887218,9.827836003075793,10.815636549264365,7.3591195709847765,10.69663146169839,13.072728521973573,11.178001351102909,9.46263952962937,7.713117911329216,4.331584071727411,5.977224017039604,6.501407662838223,6.2030206219981645,14.199929780107853,7.660317390045497,4.0193549439678335,6.2998466869160445
2020,1,1,56,9.98092431426258,9.226814853971394,4.963690295674974,4.214619338246553,9.010403066530811,10.124279067781771,7.513569848386382,11.203816124271746,12.714941814809029,11.651664582554579,9.139189121063776,7.703347712422501,4.016901666712038,6.352355344705306,6.252732129749421,5.8236147965213245,14.297088180671832,7.595126338179963,3.9394950252858743,6.392254352522906
2020,1,1,57,9.723618395563008,9.2599227139091,5.0748757143341745,4.250218569845002,9.92741714635215,10.256694339692386,6.878859976231644,11.156951008188871,11.430823027986213,10.774319734078025,9.755730726259237,7.20187314971979,4.063326983321443,6.26915991424878,6.483266563581161,6.449917717410866,12.97035062623187,7.506224742242745,3.7318421512428697,6.101933130461492
2020,1,1,58,9.951012098848027,9.449770948016914,4.917837829714008,4.805269511313961,10.628175847075152,9.20983626139155,7.60343963726914,10.783648950144466,12.189958632187576,10.464609761016657,8.98580140080358,7.970903039939896,3.798663850002131,6.1785043910566015,6.307153004503596,6.402812159946788,13.2675023485926,7.19415011274172,4.1137065793898815,6.11505767031663
2020,1,1,59,10.17518973574102,9.35514811775899,5.128326295791939,4.214565407567386,9.554452626684393,10.018510250529111,7.169290134292757,11.71151931897652,12.771583453259957,11.687978171281827,9.065540221986662,6.952877589839616,4.113103076416191,6.126301972176972,6.199279403652164,5.982689320669418,13.945067724870702,7.661502428060328,3.6948178542780825,5.9354459021942425
2020,1,1,60,10.092932554894645,9.712030266924037,4.547915952474851,4.4291254139129626,9.448711392564038,9.097327007812838,6.841569028797918,11.690024386697326,12.298147607974073,10.679056714915385,9.26502924469926,7.729672861113086,3.9850738665230447,6.275119696307074,6.478468941256004,6.165495910486894,14.655847049891413,7.752222435246651,3.8901564945535636,5.856312087853501
2020,1,1,61,9.707612299150407,9.600061919002366,4.772787943655941,4.195038415317653,9.933287467010555,9.948021468363262,6.54323707881378,10.876650788504136,11.930652878635888,11.300188684331975,8.914227957108197,7.549843344601735,3.9618593201941317,6.0926466048941625,6.1381014232172735,6.121577540037855,13.577458006506651,7.597646246663907,4.011591541592418,6.311142807156126
2020,1,1,62,10.64513564072704,9.188998259154454,4.854796899454052,4.261863026456236,10.098243668547505,9.77815650138699,7.166115256993302,11.402097263612538,12.280083280032779,10.415532372892624,8.55809610987558,7.708031085933811,4.240666940467362,5.774561624342289,6.579817653525954,5.986110595193523,14.134985186551173,8.210910745576133,3.996149465920276,5.805612761750517
2020,1,1,63,10.653947743002304,9.225577621495416,4.761700153874841,4.12522167929634,10.026474465359023,9.653584970338867,7.027440892681334,10.392554032832232,12.326664358002784,11.082296375343583,9.013740290137036,7.443596806566742,4.064052887562007,6.380275133819104,6.458645668798739,5.794668846455474,14.11340360809531,7.576731218347658,3.7850668679394306,5.964907235958545
2020,1,1,64,10.887626492281882,9.249909351739088,4.553232939503066,4.125639901279096,9.584320197376865,9.558308744666213,7.031939466564761,11.367261053377817,11.3942429681199,10.9309374086625,8.868887528082087,7.533528190247597,4.224482646420064,6.571506201277498,6.358235996416098,6.216047389900674,13.43541865557067,7.693972999690174,3.818096817522075,5.957067253101992
2020,1,1,65,9.451830334943518,8.605106020309826,5.065112045364767,4.388949466459962,9.54416380214038,10.229661016579344,7.352656978236343,11.575183798293494,11.835220934280468,10.37604093200606,9.096310726030236,7.7179524859634405,4.071906106986722,6.1645206064621805,6.376090162925038,5.713778966173232,13.607285807914616,7.544885435909792,3.7337076910494904,6.220203623938063
2020,1,1,66,9.796804858584759,9.504925635509563,4.675532796241004,4.368538762496357,9.037915049667065,9.565789390560253,7.754881802236464,10.720280238149966,12.426177517573613,11.835396073451307,8.92391884945165,7.5080173550420275,4.179229288614273,6.169571128014024,6.112554447355966,5.931706022791178,14.006044579017116,7.318223453349401,3.9160935709286084,6.068157632322998
2020,1,1,67,10.225862150844117,9.382205470992732,4.760198321191585,4.59847682128609,9.229932448069519,10.299059856762081,6.993934641946902,11.231122577943797,12.533349117234176,10.611769146157146,9.307502824442444,7.572936120935744,3.8748542669211408,6.135224585195138,6.127884072223554,6.492486676904227,13.815135698126634,7.01029539732309,4.009466463790841,5.977097115645495
2020,1,1,68,10.126234707616245,8.559735354276325,5.039866857179491,4.287626627716288,9.847512586317212,9.751648923165824,7.282326863446158,11.281671795325638,12.227695669687224,10.591144832629153,9.0139687998141,7.582681575840257,3.9281055846380912,5.821923344279938,6.82940108686589,6.177611510324563,14.480368225098132,7.129995606124173,3.5856254369876863,6.449007477998575
2020,1,1,69,9.94221845294746,9.735784603698573,5.131746224189935,4.309811713434435,9.499881109230358,9.916186746245819,7.090833637927165,12.521525603709266,11.912227469108252,10.7147460452047,8.55170173530912,8.16596242515658,4.163720541869932,6.011220043217355,6.348163797725217,6.169545246236335,13.78419746997242,7.133043561685051,3.9684374371951225,6.515300852878176
2020,1,1,70,9.777542603718771,9.010562742511993,4.781486388569368,4.275821473109829,9.803134050331389,9.985208394721617,6.969178398779968,12.383099725996344,12.016814559450243,10.043687791159172,8.914974325261662,7.029746658037818,4.3664184910044845,6.338661278283349,6.022934533939509,6.00482864206159,14.517657719304662,7.000632450235821,3.805728872491832,6.211773616288404
2020,1,1,71,9.720226498704175,9.122002769345114,4.689278228029127,4.116516353947733,9.614793464996952,9.949797968705148,6.960767678848271,11.368913118874584,11.744413723304785,10.8587505661134,8.702999266687453,7.8969808599290605,4.1658416857319045,6.206326744462255,6.621369048745803,5.69691637831735,13.817289043981198,7.2720100700998405,3.867679891777006,6.151607975583752
2020,1,1,72,10.944808965633888,9.114977794012885,4.733005835213821,4.384135156325443,9.731436018404223,9.859439644245661,7.732248542194838,10.926397699029591,12.059394699727525,10.714864481054686,9.845426844249902,7.644176775178027,4.0920822350902135,6.563778527414967,6.125029854395365,6.177110680290352,14.033596991608821,7.357308545687986,3.71676735095579,5.99329907045623
2020,1,1,73,9.546386728387482,9.10453279388528,5.110281714988349,4.254182631930673,9.714978878579881,10.61140701914477,7.259468781335002,11.334135071030587,12.521570970018155,11.4394610528202,9.159515073680318,7.606974652013674,4.335309208773544,6.32704535627844,6.534021355806318,6.197678745285632,14.468771282612355,7.706922003847238,3.7860304405714724,6.111952840968494
2020,1,1,74,9.493529544423788,10.045695669747458,5.121360121955816,4.037213104886215,9.997163867236496,10.211296567949676,7.200448728805013,11.730044904920907,13.285997395528128,11.141781363877715,9.386661174265193,7.127377717806511,4.053884467370353,6.045142528467172,6.763323477900326,6.269446092466102,13.960059927490063,7.0017186506480495,4.191496464892915,5.821662687055598
2020,1,1,75,9.64309376427304,9.071800420392798,4.958001907631726,4.472880764356946,10.036996514500348,8.770990278253386,7.056727844385514,10.472811409982526,11.526475034824509,10.444762430307698,9.107611947443607,7.853927935205683,3.9592555553535687,6.309555136389058,6.331252887615736,5.980988990080463,13.781210090159023,7.618806883989011,3.8295839085116876,6.358358088368209
2020,1,1,76,10.202114420533706,9.048585234949128,4.940491752508998,4.184742822340559,9.700783821177133,9.68878329627265,7.275130897114266,10.285375379837273,12.723411162017783,10.715183653163153,9.813336064081994,7.168844632623586,4.090685048931404,6.096887593584018,6.6824841252891485,5.97708457172843,13.981372926402882,7.435261695110901,3.880428605660348,6.084245316438441
2020,1,1,77,10.013705158740558,9.174700037914882,4.634100629267623,4.339807359001301,9.628131430512706,10.3509189745556,7.070446643276396,10.709869763408078,12.295229649550437,11.9514882172839,8.681542225928759,7.949802454235314,4.150535943508497,5.742957743137015,6.574187877164542,6.214494282287678,14.521126728505878,7.467150279734757,3.7400562551451104,5.948237888744419
2020,1,1,78,10.291783842013887,8.856454291288744,4.983163192802248,4.345893159300275,9.693516826562712,9.45238784918961,7.815761522589975,11.566653647055386,11.334175622594005,10.601408481272076,8.853182481860976,7.345544142654508,3.882424392472843,6.4009408684141285,6.788640047217309,5.770687758033732,14.206172062522233,7.328051827686908,4.283196385235767,6.035343223942415
2020,1,1,79,9.838092873165218,9.27457906732224,5.045907038653466,4.31917974449425,9.403016027014166,9.771972371872268,7.3286992475850745,11.592825420216332,12.062479206523328,11.365181539508512,9.549659987404961,7.949789455354259,4.1106756918775815,6.269544773502357,6.535358603272031,6.2740384916357,12.81745383599436,7.971908500542103,3.954466812430778,6.289258774657068
2020,1,1,80,10.159944209584111,8.866436127860961,4.924528131495195,4.111098521236479,10.129242822936128,9.801162129223998,7.2960915161564905,11.4229586804276,12.021647407165728,10.703414870666553,8.953359303169284,7.295853059729483,3.8074963549879004,6.864319557113064,6.251660506020176,6.037464942613716,13.615213648912022,7.125002288804823,3.8787802083322815,6.0537023730150565
2020,1,1,81,10.158602109753762,9.351200285755974,4.931656732069379,4.522370817209637,9.489198855102389,10.39235019271871,7.289517495182495,11.723081131920495,12.109018032170082,10.561285427796674,8.869037742988427,7.228632708838467,4.040401325968732,6.014610801216298,5.854578545523028,6.1476407593530835,13.620051041522148,7.192060450842394,4.0250377844522465,5.923820779690262
2020,1,1,82,10.762015832564355,8.78510480166288,4.6902550447398355,4.158327193843187,9.64537751887867,9.361094811084344,7.6351751140453885,11.142852019061518,12.617338188504267,10.764252984050716,8.937346986206071,7.478951261516761,4.06393841498604,6.3250968559797744,6.184369442363253,6.637318094203294,14.347413811019866,7.390999982777068,3.9372417841994647,5.605272062856176
2020,1,1,83,10.844722573448093,8.952236103718016,5.120801794877112,3.862357796828971,9.775872847956679,9.417153012021318,7.249211370977766,11.102728862569984,13.066415829593659,11.649870061022392,9.849154928232714,7.2854087784486365,4.084285427819904,5.964878702458521,6.2584122431628595,6.01032587607791,12.945524211025193,7.472761385886804,3.855393741556286,6.097388489868582
2020,1,1,84,10.063147614249852,8.799048543888913,4.626174122437832,4.428544499031673,9.82783249287178,9.967716601789181,7.117334710996048,11.397279000020543,12.737125866471501,10.356939197601108,9.890382945423081,7.436957220751613,3.7692627890620316,5.933935215165808,6.640310276168928,6.110276850087509,14.177056881551383,7.4225388985037215,3.862198040909703,6.208342818537072
2020,1,1,85,10.470499778942616,8.97245286433254,4.88890576920051,4.422934908914911,9.811867307329027,9.904868508512614,7.302360533551137,11.992704531096695,12.21288453190184,11.291700562091831,9.292513926995648,8.013086642863488,4.105999655423282,6.715571317627172,6.696896309188362,6.083698958630548,14.376861085792212,7.341662501179941,3.6430996779485354,5.9964756891671245
2020,1,1,86,10.190030453849001,8.512403258465476,4.981685230329484,4.078460804647047,9.654383502016577,9.974182593580878,7.485283581122249,11.40897345272834,12.266699925941017,11.539420792615143,9.214607798918669,7.3418291409395815,4.232517026691533,5.6418464249448474,6.106714753192707,5.595442253017377,14.376941280764196,7.511258677410088,3.8253539868239463,5.922186376234544
2020,1,1,87,10.436410333148054,8.270888074964889,5.11543073533664,4.282205190590414,10.346130243425822,9.89609862445656,7.598941743131474,11.18139147227023,13.116831180034648,10.759801599467965,9.429185828045032,7.559837700806809,4.319893662300939,6.1361384100545795,6.6991332059158,6.22503716291961,13.972685609071414,7.533385375166936,3.8036504788802663,5.841136024935796
2020,1,1,88,10.280132774590017,9.049454414570523,5.098338541124336,4.468206420942677,9.736680068190081,9.723845766837693,7.31801829314852,11.405241627733997,11.596970761280977,11.441533484536437,9.286210422151767,7.984631805539804,4.327234214950027,6.570190547309638,6.189135751711666,5.5081921461839345,13.113965388064226,7.344996468832807,3.9319742558644037,6.024432175318947
2020,1,1,89,10.422305071785805,8.604306060520289,5.115077319179311,4.525070098546552,9.609879130520975,9.989126260961722,7.32218796134247,11.863212986319542,12.711455880159932,11.37303981502097,9.206935619885577,7.5790748806655985,4.093711025629109,5.76705701534395,6.173817535318015,6.260523677904886,13.87593171377014,7.896826130068742,3.8492396550724663,5.843849990448659
2020,1,1,90,10.469745557475052,9.803359744911633,4.833030994098687,4.388102542636323,10.405436618512494,9.850411023367077,7.54373430048152,11.062829333529962,11.554069680581318,10.647753629771781,8.977883963696103,7.844998296114787,4.495005483051231,6.019664069097405,6.0332499929094725,5.908315224899311,14.846704309909848,7.486309254608303,3.9886126269420616,5.842255946747724
2020,1,1,91,10.296217070495135,9.035914299158422,5.346912765485131,4.424837056466028,9.40545996732482,9.672808375908625,6.462097455817482,11.023271415318709,11.370874149835165,10.584716178304378,8.917518609040094,7.674351421401208,3.9652230207029038,6.36574448725461,6.473002334758384,5.896981032297319,13.686007973590833,7.275276928835821,3.8976046377232434,5.999253560060648
2020,1,1,92,10.17966729885115,9.427398771047663,5.10502336755955,4.405985976746993,10.404387178034678,9.745378105900171,7.281217329754971,11.011548556340134,12.415535205888826,10.93497522576334,9.32411824914959,7.806974899768385,3.970410041866778,5.8499389210282216,6.237090873135859,6.067072108206149,15.243203176780085,7.722248381947413,3.751487996372137,6.577323336879031
2020,1,1,93,10.546588144622337,9.280908283972373,4.823108351366362,4.259667305308027,8.93264053951824,9.559264368061212,7.086001290118266,11.590416045693228,11.306857997109494,11.05034171507958,9.193552111816986,7.487434170339963,4.092517599758192,6.224220632750138,6.72215047270417,5.754169040014601,14.475076451230542,6.759234832318735,4.1132988099828856,6.6877640333207085
2020,1,1,94,10.069747698671227,8.777871891287113,4.83572047946353,4.096596823943573,9.55146365185875,9.493493471169053,7.272462558135316,10.874514419149126,11.919524079834249,10.840007212305125,9.679714634587361,7.681887386180948,4.22487176859175,5.950526592862008,6.154718317752602,6.049188186230381,13.939970887091047,7.0252577722719085,3.822083579758724,6.404575166588652
2020,1,1,95,9.890973291592582,9.01330815116081,5.040956316145017,4.2384171132196435,9.059101127154026,9.988061410699954,7.358850470692089,11.512021382193977,12.775484524459324,11.251417255055314,9.047953760533826,8.049353633399761,4.194786871516038,6.470743738848655,6.5737711427203935,5.810055838986206,14.146769451711082,7.296347617508997,3.9681845624239913,6.274089044902878
2020,1,1,96,9.494870097801089,9.439165420677519,4.8006840431430575,4.475781267405529,9.178539658192276,9.259434258003518,7.616947648003924,10.563890702754051,11.667122181692132,10.662186113149435,8.804329352580558,7.408359678693608,3.702143295705934,6.4620260947631785,6.077003214279227,5.763035239514475,14.230132786271641,7.009746793963612,3.678528426521499,5.642361860567548
2020,1,1,97,10.296510457042798,9.415271380860455,4.642175826005146,4.474163718495486,9.883291506939505,10.039376966922356,6.853798151214411,11.107781643401452,12.980148063574372,10.601520867446096,8.608337876550122,7.632839723661386,3.931820733690143,6.026427110866076,6.650328332306718,6.023323620940028,13.696499003349345,7.592735008751529,4.001710141258225,6.77121458434956
2020,1,1,98,10.404638471185262,9.48526048812809,4.908308868171527,4.318021073425716,9.818317410574553,9.667051498476457,7.0468681798937665,11.198223875288619,11.016262177074152,11.00447256487479,8.861752329210232,7.304082078912408,4.215057262175315,5.441935546823007,6.416635948933848,6.373800355895855,13.788089245054621,7.582714976852985,3.6280841609831023,6.212372698646445
2020,1,1,99,9.426142905270265,8.926835991082575,4.447483396271851,4.226042415836789,9.471239865834002,9.729838476919733,6.99747577297538,12.027091449404494,12.61563691197477,11.103293238266609,8.616777752903587,7.818115143672899,3.944193443870393,6.269683712597003,6.461558569885417,6.251962050639999,15.13878100792611,7.8363170293623154,4.182920265767362,5.847470709752372
2020,1,1,100,9.875714076136767,9.381761391151558,4.96227550082627,4.580368489589835,10.341813042377343,9.700883161117755,7.079492622409007,11.660019421843419,11.439343212234665,11.58012582563432,9.562354551594733,7.0068118810067705,4.068500075418629,6.393582794686338,6.295151025088505,5.944247249234748,14.85674018300297,7.186390293909963,3.988445570728692,6.773687103202111
2020,1,1,101,10.428412522258519,8.945748130086182,5.016993190046443,4.304414142774741,10.147920043273414,9.966823727363876,6.857947498274382,11.064568131538943,12.015673481602935,11.202688569165902,8.987202560915929,7.418519333674083,4.148301833468589,6.271765889932832,6.2806798129180255,6.036623726414471,13.808318589764886,7.523345947118679,3.8483414187613385,6.092363287362394
2020,1,1,102,10.066091672468612,9.5382521841353,4.840096863763945,4.392367563839773,9.687419560136618,10.348615284792597,7.875954835074534,10.991545654678317,12.214306692198825,11.314955535701927,8.861876576046175,7.808819850274232,4.16867590527787,6.240717454133595,6.513625391153835,5.944438984611639,13.583396827829679,7.73292549747917,3.9708475824458445,6.32056320259262
2020,1,1,103,10.146650500961647,9.526927482447574,5.1171854007909205,4.076456017688449,9.005179751293198,10.474994901761288,7.508326014740387,10.921677361620231,11.973057669935873,10.85088976514759,9.31812682056278,7.461508475475903,4.230351050412387,6.20821940088063,6.8487323872911405,5.786150923113286,13.126718836587358,7.404184782801789,3.6853131901165312,6.039509230790366
2020,1,1,104,10.493869875622078,8.66369400390123,5.058884832170153,4.2735663929820795,10.079773472204517,10.179572462730908,7.030580342183909,10.720527747079958,11.985187283529442,10.85386971548589,9.855460112734027,6.970500821031953,4.29749163130578,6.059966201350815,6.118559798433345,5.821887937324005,15.229598038312902,7.646457839450848,3.850706095584579,6.255327963563537
2020,1,1,105,10.080488211159034,9.268753443986196,4.692762701316422,4.469264007673254,9.520023752331765,9.800846315663993,7.260114999897325,11.949801631025316,11.407045110971906,10.723023206370447,8.986588271322269,7.276194257415347,4.193036365344076,5.95632279544177,6.299693634402154,6.140750692338523,14.594607578303899,7.326915819833467,3.9977986186122574,6.284360812817948
2020,1,1,106,10.27990737796443,8.765878692448833,4.9008101188669455,4.0485450936761165,9.820917300238811,10.082565982970639,7.129442434548079,10.884927074178544,12.795206109388706,11.083188575680031,8.727944234575528,7.301993803247032,3.8887682114469446,6.151754109150657,6.230215319811071,5.898912217665868,14.71918452548054,7.7432173517356135,3.971104792326439,6.326880929042084
2020,1,1,107,9.686538472934927,9.471138759132545,4.790517670397879,4.276539867719088,10.017196663445112,8.979965213129955,7.300928161712344,11.997000621323814,11.514091989805411,11.06680874835002,8.997995348202776,7.978528750845646,4.185489824038195,6.083348525026797,6.000509135019633,6.061677698274953,13.715442871593039,7.132423103304891,3.8809166395719368,6.430455364665572
2020,1,1,108,10.26664308604643,8.75382855006169,4.828927332511711,4.353228350595062,9.551645791004207,10.007723354558314,7.032801615871578,11.26895476329263,11.513658047783446,11.04535483409468,8.462912805918846,7.743767442503961,4.266514123124572,6.307723511446241,5.997293184957539,5.828335551077344,13.678517909702524,6.899814033231745,3.9311211218736632,6.154441194989046
2020,1,1,109,9.58208453193585,9.285849088177688,5.116467714914322,4.527907571599409,10.20399660784617,9.92244445574346,6.813595239378182,11.187344062356296,12.062702013874013,10.913566484643836,9.330893413483752,7.774361198916519,4.163742233059267,5.930561116178502,6.199580069974082,6.268861367115732,13.503393636046821,7.244869081849614,4.049929725633875,6.167793004843521
2020,1,1,110,9.599127264617444,9.438453423270818,5.0145377847715285,4.450384452606606,9.560088273396834,9.16647456995554,7.089537518580984,11.268196465220889,11.772263571726688,10.98396939250201,9.353658903073521,7.137718028865928,4.300535619313974,6.032921588786415,6.2855672460629695,6.231729300376179,12.248033211009732,7.330503395771642,3.994392949570253,6.104740974709354
2020,1,1,111,9.92040031098039,9.192223884367262,4.751738296260788,4.573250024159729,9.916667793182448,9.543057891429749,7.6565102301304915,11.767632738118007,12.516004504261772,11.731933205002948,8.98197561656254,7.5077836368558835,4.128418121355611,6.157223668914526,6.748482241236415,6.454766809237944,13.52971689071789,7.485109879168706,3.5904027921038524,5.86101608849144
2020,1,1,112,10.346535910498092,9.483521423746659,4.936022299721047,4.4256820675080775,10.000679058861863,9.878646345617359,6.824638495685098,10.840773596680911,11.85134547037422,11.123469339854438,8.732925725534585,7.972844357542435,4.068785070624978,5.950353034989936,6.639453508078469,6.407363912765265,14.199404707080252,7.489072309014996,3.8809134551710067,5.895117223561716
2020,1,1,113,10.145529257886842,9.275081471315938,4.744272407207132,4.435583991586164,10.061698493780012,9.919319233146474,7.57402972994181,11.452545277343658,12.109231765002043,11.259500611121215,10.020481046405136,7.774983918253898,3.9510010878054915,5.795152408967532,6.177125193939834,5.852405261653268,14.159478462362665,7.147608966914024,3.8850171811919623,6.041059714311906
2020,1,1,114,9.804645637616499,9.742044271092906,4.797293996316129,4.119494021218002,10.384723412591597,10.14423443288281,7.41812787391837,11.206958879947758,12.165261356301194,11.209089288913846,8.69307942923204,7.3542513326545045,4.422341286543077,6.292065326110949,6.584151660780979,5.867399372705284,13.674629924795036,7.062534879913525,3.687936663964092,6.425270572179845
2020,1,1,115,10.479631329731406,8.763581518876629,5.1933490488440635,4.114560435524561,9.38819822760937,10.42268686690872,7.139632791672959,11.405449093593742,12.581502677671986,10.926056590018726,8.868323565118999,7.741901535820786,3.918564874381186,5.815258688320545,6.182507626215281,6.161818508672054,14.387310717367354,7.834942684666487,3.718169633455403,6.231628304641115
2020,1,1,116,10.253360902674922,9.026761790064986,5.390545775106481,4.571101580339493,9.267572813854956,9.711852348531114,7.473302697070527,11.132584613958404,11.854192643209482,11.23901899293839,9.155150704121747,7.121548116504469,4.088776110101421,6.179868579649106,6.364279502134018,5.860988933235938,13.642105514645893,7.315833859321227,4.114619358015376,6.093658355357742
2020,1,1,117,10.547493243948153,8.463619381159058,5.240281801151348,4.205475141304084,9.582652553109648,9.325429694877368,7.3161623002265195,11.062308513862542,11.30000097769975,11.011893775527039,9.457477958038467,7.249503985130715,4.031275990432477,6.264266630290734,6.469432000093812,6.133593400214672,14.450716481807444,7.216372894077169,3.769382589608678,6.051941985632728
2020,1,1,118,9.763552140913964,9.05879703910212,4.946434082285469,4.190335210747093,10.8892853240676,10.091373409610753,6.6352774650779764,11.46020155147227,11.717624452074467,10.452470190819238,9.08756880783984,6.942050090692228,3.8713072753098787,6.481248657322661,6.925755084195725,5.992266227416018,14.443494721510994,7.4501989558488635,3.8163672000571367,5.83094267046738
2020,1,1,119,10.705121105880831,8.732283532379954,4.928150658299881,3.887817560416597,10.23187520253063,10.273458673928287,7.13820936992701,10.60453453327166,12.660704113120048,10.747190036545293,9.155607773748454,7.472722018857934,4.234847966251571,6.697348823882842,6.455387864345578,6.299211108257208,14.479568714368412,7.070990979238921,3.757938135949344,5.896551008818427
2020,1,1,120,10.764908037593067,8.658996039756845,5.091633481260239,4.464813598409576,9.493844422816004,10.26551595017365,7.146712838482802,11.850220045456512,12.278399746664828,11.880090854040414,9.366482580208277,7.696175626515083,4.171178875925666,6.455747146842376,6.009131531035141,6.306168561730085,14.061592997250868,7.145999508126158,3.946298214314031,6.154334587416599
2020,1,1,121,10.493460031816854,8.597176409295015,4.912018059099589,4.0914491035715495,9.572436445546474,9.95413024439795,7.6749911304541545,11.27284772727079,11.930377376900834,11.516265437484176,10.315018193750808,7.217542994486446,4.129469363557159,5.960931183399476,6.576834225230165,6.001944951358957,13.562462406335293,7.589370071299344,3.925499054007203,6.1184813118170345
2020,1,1,122,10.321849439326632,8.994077039295693,4.613131989487562,4.142629988057707,9.701579537582452,10.55170711220234,7.139287642265354,10.977675995736533,12.139408090782762,10.871201391481286,8.930862853636325,7.478809152599573,3.9869310220708583,6.060818947585308,6.677232043982901,5.631756342991973,13.351518951872006,7.057838684704551,4.183129628058028,6.3068679350362755
2020,1,1,123,10.325318186567726,9.260657374926238,5.248095140673486,4.470653117926393,9.813453121505544,9.66310976918223,7.194419376977635,11.389869150478905,11.981132040085367,11.299776812689993,8.956194247043058,7.254782074045312,4.181718215307487,6.207248537377894,6.61372218697422,6.321993194876409,12.803989083318855,6.965227771136954,3.7988048667547627,6.063491943382171
2020,1,1,124,10.258186395885412,9.342855780628966,4.6597254173185085,3.9047458148977388,9.95641556402936,10.395186243523106,6.91859850322166,10.912563737762268,12.491353252286217,11.09898256344527,9.103311848841587,7.329119267073766,4.046845370016528,6.1182728180005785,6.132721974688555,5.92788593184761,14.444802930506421,7.251712625508309,3.963424774679574,6.255284206882692
2020,1,1,125,9.568186360144884,9.534971462111372,5.128509020816974,4.5159551360485,9.972614509833921,9.31672828679398,7.237247439477601,11.259777735476714,12.273273228721603,11.769746506376041,9.390989262647825,7.192763062451308,4.168246643180669,6.170864404889347,6.418477537832123,6.070709983751407,13.074748011729861,7.432580664678026,3.5891234010009603,5.741815997230959
2020,1,1,126,9.881837496203142,9.513802893381335,5.040835621298921,4.141096478281196,10.172122097253501,8.884536428643225,6.910572175761392,11.262551688444965,11.974712483868531,10.945701563929674,10.066152123435645,7.878246479306018,4.324485729709968,6.437756155467117,6.382137234927552,6.0431873507413085,13.944432498032029,7.76086936108871,3.66188863745841,5.884161898213893
2020,1,1,127,10.082145549712424,8.753674260231481,5.2560907538560855,4.257998750361935,10.485157928043368,9.31023323779421,7.570813121310386,11.789258925989373,12.55430901163685,11.101527914171687,9.102186679900797,7.299169180006068,3.6898315385204166,6.164592117245725,6.8387712701384284,6.169779625681594,14.14243353398272,7.456553730444275,4.088882485017506,6.180944696481058
2020,1,1,128,9.707001302562203,8.895247822565635,5.060936247974296,4.150244606146632,9.655595732162338,9.545622316182163,7.133566849518228,11.349573016415555,12.679836886487417,10.651938049114175,9.345522454443982,7.431570615514439,4.253489292814806,6.356260542232344,6.544273565309162,5.925140926276677,13.420608125091762,7.508226289527175,4.053721398215355,6.1204531643339894
2020,1,1,129,10.705355301671831,9.238263001573584,4.777119573182709,4.055316568926082,9.624463454473693,9.770428678581094,6.909876230594884,10.721708223527651,11.664478706802878,10.943585139488182,8.353070992129641,7.348876571039474,4.477816451713539,5.856258684823871,6.825282222279799,5.80451754313996,13.951068675057103,7.055432448526244,3.951048943919922,6.296938083987397
2020,1,1,130,10.326904137626768,9.244024588418037,5.104537596793829,4.153151736298598,9.566005534349458,9.405673536320169,7.611290024905747,11.485323260656536,11.673336659164864,9.796322964278266,9.16630400830336,7.600734936561274,4.371058594506061,6.250001991945003,6.205498348358311,6.113251645266545,14.199064400379932,7.411331471898346,4.057054875988091,6.404082914884594
2020,1,1,131,10.846075494009067,9.673641769679424,4.821049653159168,4.141431174187286,9.599954526581145,9.820090654473205,6.876572955072794,11.548096625762843,13.272824717683635,11.117034491437225,9.137515870240158,8.252593600291645,4.216005976487561,5.723139332451268,6.331349270455403,6.2773017218807485,13.866880188650823,7.027007112662867,3.715083201169586,6.415260333075755
2020,1,1,132,10.444260044886526,9.061970699009855,4.700873752536393,4.072269058260879,9.850704789585452,10.022935592380142,7.329725613874901,10.500517612466645,12.41307021756029,11.444396048441318,9.515372276245632,8.34121908293036,4.289691289361693,6.405195158842573,6.249384098496266,6.046470652635849,14.278368091777017,7.625722350538538,4.138751622178275,6.504480100954132
2020,1,1,133,9.558648063425101,9.449049004643456,4.533753064241739,4.547437768216471,9.954247922408246,9.90798267742456,6.823970154610894,10.690912553779318,12.918413970106775,11.74750239570399,8.953485462508471,7.440740317327888,3.95057867235158,6.086130747029628,6.636743730855149,6.045728684442144,13.770835595495335,7.389773641078276,3.7214216267879006,6.561943611220677
2020,1,1,134,10.653563612225097,9.11516902652535,4.867954281323566,4.117060998469549,10.377722471265509,9.716318179118783,7.340658108063214,12.126742819400574,12.542057736834881,11.214415140426963,8.695634333150865,7.631586612096484,4.128872874022783,5.794003980302182,6.677843854590393,5.788024694420404,13.86438782899763,7.341114567416985,3.9324572352858267,6.029301215195296
2020,1,1,135,9.941774477726833,9.29874422593373,4.5617120408258645,3.9598659826093243,9.432152287695622,10.240149511522858,7.565447392175173,11.075455568400946,12.33234495971371,10.84192195757437,9.2266714199027,7.794866609534484,4.065024610905915,6.063004377823039,6.486552823089278,6.201363326890542,13.521743071589968,7.505149824920577,4.312554864878122,6.679071213292319
2020,1,1,136,10.676872251537747,9.309963228777502,5.1732680986985455,3.9294739635540172,9.84670093850228,9.457339016241242,7.0674901168690525,11.086001852747433,11.074806322635093,10.641210086663087,8.572509043677965,7.883046846131684,4.013140066002023,6.247036197369456,6.410926700983547,6.218935992893644,13.94412523553894,7.211985308527734,3.745152044169474,6.823354526548278
2020,1,1,137,10.735007394064592,9.15937698462945,4.584746461385376,4.357806344470894,9.381022046963384,9.67589458200103,6.91321181381477,11.208686825546282,11.518280001580314,10.793546780037362,8.848749809290236,7.697421981948037,4.251227107483686,5.828093081815069,6.493454619237853,6.0503475543643095,14.023580166956679,7.213639193362489,4.091513302825481,5.797810775377179
2020,1,1,138,10.671671752059341,8.809654987018574,4.817778803683343,3.9860769362628914,9.864660924620646,9.555221331791717,6.922243616751721,10.936664700023615,12.424813063337407,10.299225280791596,9.1627870339137,7.838405838899694,4.057252259671334,5.916019021557917,6.033518545826165,5.839592926171274,13.50207811935771,7.07654382986829,4.032183860806498,5.972416560856821
2020,1,1,139,10.558970532966828,9.269015793265691,4.826147401706108,4.25264059429032,10.745212364337473,10.025265753653681,7.2395484548979105,10.428556034729732,11.67146050059877,10.891901375252832,8.266174972476348,7.630617980710107,3.7862257108389965,6.034073271598728,6.281661044197232,6.0963064655128525,14.260733546292144,7.880450489305582,3.7992544503758383,6.204577901329259
2020,1,1,140,10.29978448453919,9.403421901435333,4.925753682695002,4.620607098849213,9.654331586053145,9.603874964480319,7.815169921408542,10.720519441578261,12.03798604888787,10.46331772460508,9.04916110350545,7.318406662539743,4.161283795995008,6.3344632527919424,6.302195207669555,6.116736364059052,12.637522552117783,7.28930952172904,4.206669075845341,6.173228717470131
2020,1,1,141,10.120095542178717,9.20679680575532,4.722433594342645,4.314334565783739,10.659742868279544,9.926542678409445,7.5655651245575655,10.937504606433798,12.550765996764106,10.739889761623848,9.720669387590256,7.836544202637913,4.085021631732112,5.638983866868269,6.383242088282206,6.066456346019967,14.626970530495827,7.263371562065521,3.7405520914613843,5.703831266375724
2020,1,1,142,10.887686577698195,8.154416912257187,5.114210296466353,4.338692730559561,9.382462940284261,10.0891844439176,7.595318717198293,10.998557031521495,12.175505216492134,10.912802145063386,8.553532936168416,7.54867089197379,4.202943029292774,6.24281367066503,6.220147999652498,5.813154985342666,13.22524252908364,7.560493301922796,3.876431468173526,5.884114241386846
2020,1,1,143,10.234582449813177,9.10279895669035,4.924067462187055,4.192423370370139,9.528721358271394,9.572068367545763,6.945101325676362,10.878936345693251,12.302966609864049,11.14769345527222,8.89274612926459,7.607475516724789,4.022536763466782,6.068623102297068,6.169743666975043,6.138070697192648,14.603656843571798,7.359791258096759,3.9817398868026337,6.169488744576311
2020,1,1,144,9.96824887305407,9.416377629109284,4.888692648634114,4.280874480991226,9.574409772450368,9.145515797344526,7.573969328319432,10.554552606217324,12.782115961386568,10.276057459221338,9.357877413353057,7.101257202003942,3.807736745809573,6.39266281412066,5.978478035667504,6.1159536287671825,14.368149589744291,6.673193543641007,3.8672785718792366,6.063199309313796
2020,1,1,145,10.303238569164398,8.808263499151144,4.764901716666245,4.246196930127215,9.77534640817712,9.682136949866589,7.542088507587338,10.9758546779015,12.830082021920974,10.85172811946427,9.440881743201494,7.276865154334051,3.930170132335824,6.2288233449302695,6.497098385272647,6.1781990155975715,14.588047560508983,7.9515632628212884,4.3648196805650015,6.26837777930252
2020,1,1,146,10.589519840403586,9.558473362262694,4.999714300324831,4.336060097711302,9.64760425812884,9.459222999705313,7.344136222156758,11.725103404586513,12.082523291678537,11.304659464723844,9.163864408621992,7.392198289087302,3.9398276923766353,6.462905661474456,6.036283523116229,6.043294300662468,13.388606449268083,7.2152147005228375,3.6867521499731706,6.594945756061285
2020,1,1,147,10.574608358109186,8.942873192249612,5.165582580468595,4.567081112207952,10.004096530538229,9.519105490209531,7.072324512489874,10.922701390043116,12.726894130143176,11.61877721717888,9.07454447380635,7.665467565312296,3.9214554252206755,6.231142456360167,6.642046818294318,6.388392847783147,13.905998294547562,7.109268028768284,4.1333591018378515,5.811963759499694
2020,1,1,148,9.68443707361752,9.050307471191813,5.419521533949966,4.210004839430025,8.640523213997357,8.804409400727717,7.537770675380632,11.142528288797223,11.644381969078886,10.97001931401981,9.747351679264629,8.045585979535991,3.9975169513708795,5.834666388355332,6.469470901938303,6.07595557111895,14.184955499647634,7.308490486355744,3.530812644153542,6.682641101309626
2020,1,1,149,10.561769440771833,9.243161112578047,4.7079883687003905,4.148178771095677,9.326975002728119,9.13689020521726,7.058885098959401,11.872631503889519,12.219656672954143,11.969740675301065,9.22047292117805,7.740925729632671,4.208522881479013,6.235556924770061,6.613170787903119,6.415483493382513,14.260176906982599,7.204485694458349,3.4331820166432414,6.576700307240692
2020,1,1,150,10.403437941002842,8.829717987191634,4.865442667751883,4.270227225741347,10.443068983801405,10.082793333197111,7.4463580637303375,10.915756570409002,12.383975909507155,11.310939412996799,8.755871035809678,7.452728851675397,3.863612777394723,6.250957856643212,6.158897414174916,6.130585167226286,14.491338152394322,7.2101295290361005,3.890338360890301,5.694213887276041
2020,1,1,151,9.984371094101796,9.501943545321053,4.518964191232046,4.447666317855956,9.160876951550033,9.403806526423736,7.145126699367973,12.596945852733985,12.0587462866207,11.029876938850412,9.186613245129049,7.21131107205017,4.234007723189587,5.959955257872248,6.862854658941178,5.79488085333049,14.385456624603153,7.39056846014469,3.9965728230187416,5.824384679247105
2020,1,1,152,9.790403490841078,9.631184528063306,5.025186830556013,4.22518855579818,9.56897250793012,10.221903261111956,6.969595429540003,11.62484726694987,12.002242372456388,11.54997759575407,9.093338135430768,7.881214293146075,3.8818526898748935,5.996666385501689,6.953779588814245,6.279566382969308,14.286987852427428,6.809020946261828,4.1135059959119555,6.017650981836666
2020,1,1,153,10.70341987616867,8.76414966059341,4.624991155708873,4.328833930997738,9.945281840862496,9.490486966074018,7.138001730978214,11.259068081538048,11.56756649431004,10.779558590958409,8.982256545376877,7.602898650735205,4.027213992279221,5.540688998346125,6.394391382393668,5.987895990177642,14.295736594035164,7.572574706775814,4.131873029408361,5.883193166476232
2020,1,1,154,10.743410291128287,9.099530143210602,4.946053442091758,4.37077691476297,9.689789294396308,9.960207710560343,7.8267514150563136,11.113007324814818,12.092572562719777,10.541558026521091,8.527845158162545,6.548275843546943,4.0837296105910665,6.307725186526817,6.487222341004031,5.968474020752538,14.403630774510116,7.637119591720534,3.913173628350162,6.258843317237301
2020,1,1,155,10.759988107844798,9.861838277943578,5.133801548301581,4.651966977784749,9.377448529278798,9.671202828012722,6.917246349239115,11.826943984896937,11.330669188391612,11.411540121433827,9.14008166543387,7.8196691707170825,4.040536023375171,6.09281173858645,6.383446431052364,6.32873243572858,14.031308106836088,6.8592094858301875,3.9595078683057947,6.271809601326609
2020,1,1,156,9.594606043241884,9.570715314019157,4.81153702042088,4.441220432433661,9.880284249645685,10.024038582930324,7.5433805342222815,10.913153338012272,12.045290216866437,11.236287230352977,9.355702911296287,7.619297293756631,4.191286414372185,5.986980523296771,6.644055202761715,5.772739319740969,14.662792747501479,7.490410997887543,3.919848918554188,6.151080764683421
2020,1,1,157,10.039387592482278,8.575882865881715,4.70974633492863,4.1336474809714066,10.032004739684822,9.67110035557807,7.4994823324976325,11.030111255358877,12.139013938387373,11.462312453701056,9.417125493663093,6.863153802842053,4.071825706487509,5.8800530983602055,6.589216405650738,5.650632042692434,13.97701418230103,7.104476879548081,4.119074785376643,6.207958842267825
2020,1,1,158,10.147343185435647,9.595512464029392,5.150088481625592,3.907754664051666,9.475648984946362,9.853499584256726,7.202104208299128,11.946006158424463,12.470785545932053,11.452148327490193,9.146741571799222,7.693677333651054,4.063893548706405,6.004216112260735,5.9331635950222825,6.023158100690294,13.07167760580252,7.227523450657146,3.6902757516632008,6.083702985236552
2020,1,1,159,10.732736426644163,7.91306217524522,5.03122508623906,4.308931840474447,9.865641835711243,10.251173527741559,7.09538350149113,11.055783943921236,11.54001325846861,11.887490944514207,9.155675547397934,7.532572750924968,3.700823830093963,6.2322522813048495,6.175536376624443,6.149686272272085,14.718593993303974,7.459853964610635,3.7788887935657325,6.213497666719276
2020,1,1,160,10.451325764886494,9.392946628532654,4.671068909381472,4.162357302401089,10.041690880770458,9.954249369907568,6.893317424291127,11.014848092762058,12.274435830428766,10.363944097824435,8.937898208979766,7.112837348133342,4.155115079302443,6.169074636485432,6.487051114454027,6.287281639844693,14.282644574959651,7.611303008761412,4.015066941497493,6.584442272952195
2020,1,1,161,10.033626687335428,8.853373638751254,4.9194958140893545,4.199939669041792,10.126991226331265,9.501200953536282,7.629604949316546,10.926973936929794,12.385760135929948,10.846717724171988,9.496667451220116,8.118118388160026,4.396874032271765,6.043097210527039,6.584376289509066,6.111622062256256,13.93663438883591,7.45377398732686,4.0455998204443935,5.532491237397386
2020,1,1,162,10.189878279983741,9.336220704427069,4.725093477533197,4.1125276574133,9.85114624232871,9.038109318656595,6.91034798058714,10.356792202961298,12.099116828832203,10.876036561822547,8.707814170888458,7.638562602853064,4.0090877390804485,5.825106796786906,6.424872873881212,5.529374358242796,14.084144236413078,6.947579946826317,4.091099045472589,6.120836467911767
2020,1,1,163,10.413342393079747,9.25808440368353,5.099690757542519,4.1966027649452,10.371233255952383,9.727580432386247,6.446367435261176,11.680013799556654,12.326530465174718,11.516214467574766,8.952129228801569,7.361840961001593,4.197602924114928,6.04021452776803,5.9532593888380925,5.840410724472175,14.865330451868804,7.375229795925941,3.871169078718868,6.230163705320843
2020,1,1,164,10.427066446463046,9.21664356875396,4.916212550934172,4.193182798041142,9.725825646464546,9.93832113858049,7.3449902841289685,11.205078712783095,12.240529425295694,11.16678362262593,8.84796260217709,7.2721648603433335,3.954797060594988,5.919360592748176,6.528904136779527,5.770244524209167,14.076292496978475,7.50037955799118,3.8047700798665125,6.092295010343838
2020,1,1,165,10.804837391912361,9.382329797932588,5.19110054025151,4.263345809141831,9.32574174875779,9.830332203194894,6.8635931397543875,11.70462860082648,10.850050410741288,11.517922516226728,9.101821433024188,7.449403287840853,4.2507529754604425,6.0689688468917,6.852906252214941,5.618207452801194,14.872073793964498,7.128988032820211,3.9914089592285653,6.192997797563777
2020,1,1,166,10.714125846903498,8.985683849720182,4.7098597742136175,4.1679059554565985,9.622613326577612,9.427092012501722,7.22377063807814,11.148551098466905,11.663131022196007,11.127346692695916,9.622765213570274,7.45917760576961,4.174449978639497,6.2736929952156135,5.800127310655511,6.035058732432942,14.28469135573771,7.107468894225375,3.711806563323792,6.4097405354537385
2020,1,1,167,10.629302477217545,8.947944313843857,4.9365915397853595,4.160306073133761,10.178091360595536,9.829428650783164,6.865612386183267,11.034874478664241,13.147735389072679,10.994602702451768,8.708317647599374,7.67936783802337,4.029591962959455,5.989682086925318,6.626675391939761,6.200596220150107,13.816695708943719,7.335335725662889,4.1408658315037306,5.990156286053598
2020,1,1,168,9.814795737746161,9.508795271040055,4.889755580798571,4.3739740868981185,9.360530062166706,10.028023918707882,7.086903859556058,10.926518296239738,12.427577243387022,11.302324724958439,9.24479985506349,7.434887496225111,4.018815874863078,6.529655453369649,6.854758018121465,6.3124758646439085,13.285664176169828,7.525150693312954,3.8040229822565195,6.656896843517793
2020,1,1,169,9.839628662521783,9.169652253342644,4.9419932438338,4.282730776499171,8.836917942763456,10.314762301646086,7.2757607590727815,11.53146652291406,11.818388985091959,11.11772867487222,9.252948148298193,7.382652647307545,4.195125980388218,5.981192197822083,6.627763674828762,6.197072970000601,14.071418265816542,7.1895963791819195,3.839153594994052,5.753178199322564
2020,1,1,170,9.723051769934314,8.958693823649087,4.7813303352890895,4.283934006113765,9.885966108271788,9.681848464494054,7.334424618186392,10.863311490472318,12.28739333390714,11.174270643030532,8.790108136206685,7.553956320198504,4.096252424983399,5.7012220731942715,6.366096418212378,5.940772082888798,14.757153056519897,7.427105084659759,3.998783125164892,6.268271640005634
2020,1,1,171,10.29564243746473,9.102257712027486,4.451663271839781,4.274706357043639,9.535089423818782,10.730348939044763,7.644161313960815,11.39701166920407,12.454194447933444,11.289638312023422,9.072243099434719,7.375666337567523,3.8881281301437065,6.065480390129188,6.615839325688931,6.33949120941493,13.70135899445541,6.98543525142085,3.769335868801664,6.113140116122382
2020,1,1,172,9.934114194917152,9.070473112686608,5.025037705347762,4.1298227934135605,10.580388664079981,10.33809729760406,7.256022265491691,11.241494746879749,12.856309469321769,11.193630701643329,8.814723544669878,7.471706956831933,3.8395960087206706,5.972067090961883,6.3645879345938425,6.025282427395021,14.225756342188186,7.435948305753901,3.703649919845084,6.180041825596819
2020,1,1,173,10.365510621365393,9.040733414809576,4.902645109141105,4.529331288827038,9.8109236593167,9.835920682707371,7.286721464803119,10.75626869906674,11.921218123540754,11.435249316797405,9.179500855059452,7.920446819126392,4.185785293938918,6.953492059016205,6.5251870734665545,6.0911118380170635,14.881046852545873,6.820398640071815,4.061126206640344,6.302738358544027
2020,1,1,174,10.423971160322308,9.330051096727571,4.729482058072358,4.631357836073941,10.1878411719398,9.872401725125368,7.186016429706655,11.023118953679376,11.821094133122296,11.02553416879019,9.099431704406518,7.361408783818533,3.96473105682344,6.006265128164081,6.408002312198956,5.915448097990115,13.025942436205362,7.447522067337986,3.7201461741480997,5.965219285532428
2020,1,1,175,10.22407925201816,8.848432797510283,4.793955726493981,4.4953572938398345,9.516986038858606,10.312957523519232,7.523770098707799,11.228898227639856,11.868695081754993,11.077380225906557,9.692993536217642,7.453819177033501,4.095329558808031,5.745677285218114,6.415148415838873,6.016857549350196,14.243127790248066,7.615712816208496,3.9224668765490858,6.3861491290166414
2020,1,1,176,10.491605768122621,9.725222495748062,4.663341649419553,3.9809100250616063,9.938064884894272,9.393712693442843,6.9273644101159135,11.084976569164011,11.833024490382577,10.562225436660055,8.862795819159174,7.262851024533249,4.185760675751712,6.118891434016062,6.1920807578670365,5.974044557484791,14.33088944294983,7.307247142516398,3.885460662810188,6.599665362160159
2020,1,1,177,9.874936740689508,9.249642113628337,4.52850238657722,4.169813099415893,9.851710422439181,9.456602721120047,7.128624326221228,12.075308716562297,11.81674059146113,11.435394683736192,9.079784281607495,7.82286095584772,3.892856808843689,6.06894566823579,6.268351397258398,5.740631181122639,14.219873136591383,7.520370237298492,3.5871737466508997,6.045512414243353
2020,1,1,178,9.537829472038979,8.494238445923052,5.095415721441625,4.40446658413894,10.243085468404262,9.266815672739806,7.25524536959837,11.329893872036845,12.20057183157523,11.755896560396808,9.00603838442766,6.9853723026903465,3.9236513418775822,5.823998259986937,6.8017776284935865,6.231251559523139,13.064592363351704,7.42853654035887,3.719576659646817,5.989788358584277
2020,1,1,179,9.850557323636139,9.268423959315557,5.0040028906095335,4.15465402849326,9.78175056465488,9.670444260216582,6.992624908983857,11.136337681369872,11.90584884439092,10.209607103200886,9.638834937409113,7.242793899236748,4.354993322958176,6.196694677479376,6.228372200623674,6.117171784146439,13.594377582590822,6.951131588565268,3.937189555585716,6.426034916734022
2020,1,1,180,10.475750497872815,8.826405144054972,4.627719591789731,4.163057657590918,9.504120289945265,9.434056486676406,7.660705254490024,11.061351548285066,12.079729547761216,11.284830071169315,8.962623156576338,7.705573837812341,4.022115787511106,6.2471714770522855,5.887076071065579,6.269619605277926,12.85042916574417,7.008820869938649,4.073583820053928,6.356808844762684
2020,1,1,181,10.881861162196946,9.157467938951337,5.386206727941658,4.048222602548726,10.110744865997233,9.631438228077624,7.348055967870393,11.12145362136461,13.016757615784778,10.938491232805319,8.81676692272521,7.446607596397809,4.256249458990533,6.128647965425323,7.28478802910087,5.9053116869603866,13.281220151035138,7.249823702912257,3.763769207834183,5.733411074348144
2020,1,1,182,10.73602957155556,9.111646559745013,4.671650747386718,4.221093999191454,9.430124922032588,9.756602605456296,6.899899353365122,10.951488980090735,11.645806061104489,10.921599831646033,8.858900244198168,7.756221830269499,4.499703764331892,6.0436367940708955,6.27518888469394,6.247885850574011,14.493330968756954,7.312638345974776,3.7445419516132623,6.251658573814263
2020,1,1,183,10.056629676265358,9.416103022935514,5.031985988332437,4.142413452484972,9.390077188164465,9.231448544463083,7.374127201250205,10.854828883690097,12.272960686708899,11.278973785539506,8.852853997246358,7.433795974847369,4.128686394248788,6.018836152812518,6.318116298609851,5.695115030220594,13.83511774884207,7.126090045205854,3.9801601245169054,6.306164044259721
2020,1,1,184,10.526963774708626,9.411923876333914,4.89288418674152,3.873526952243217,9.690343842008089,10.304087722742045,7.635838737413375,11.493142256511028,11.559724105432823,10.989657169145076,8.930111902099892,7.290258857121731,3.9485455924167807,5.956511212043823,6.28399900525074,6.208016437832953,14.479614998280965,6.9972970372992895,4.0066328861891956,6.103053515091429
2020,1,1,185,9.576611917562621,9.248735531958024,4.645009287707267,4.480441292105484,9.580814969188797,10.235954619937324,7.046748866966022,11.915799517503718,12.55883931357152,11.175494731626978,8.829713604686816,7.455019185886692,4.11033862852694,5.795724218849193,6.3907851953457735,6.240673182534604,14.44893809921696,6.515874391138796,4.0271585145835855,6.483576782089108
2020,1,1,186,10.765906087893894,9.867813656934059,4.960579688248649,4.354558618783086,9.713942389947364,9.590414871592793,7.650793991490503,11.02202193523543,12.651828681204554,10.844435496502639,9.148334187203494,7.104601937884238,4.058677260740909,6.4716900812632865,6.192780803069016,5.8240032215742765,13.390038125706335,7.848813935054385,3.916404080566029,5.723991019728522
2020,1,1,187,10.352440000469235,8.90177318592112,4.8560596810561245,4.05433968956095,9.44808995851564,10.34927485720013,7.330175520553689,11.417161627592845,11.68950862298193,11.665001808571105,8.667760369142137,7.244222554267917,4.100541280524166,6.70446282104307,6.767220872556513,6.347849697023414,14.115106845639584,7.857975466053316,3.7997442093343206,5.59038262729347
2020,1,1,188,10.460461666265765,9.668351120522475,4.767506399986278,4.431866984048019,10.142336845184047,9.92197330323846,7.314150396205108,10.926136644275832,11.77272869433932,10.900192676783213,9.35353857082508,7.765135604286218,4.206862167419198,5.857892537857285,6.33572844907949,6.4552164209908725,13.130589513383233,7.107725075024254,4.003815189809016,6.376993093403209
2020,1,1,189,9.366287394401713,9.678522281778545,5.150292082420277,4.304907690062435,10.136716645897963,10.199709308888973,7.603419833310389,11.270969501789128,12.432753237876206,10.667710543131484,9.15773437625921,7.414129886403479,4.225595709630595,5.96157815812922,6.119611171781212,5.936698818322846,14.174238856463775,6.932500279367889,3.8690899275053505,5.917555465579305
2020,1,1,190,10.32872068958269,9.29126174554898,5.014239338977035,4.481778441836002,10.029986295814302,9.240015504948852,7.314739362937256,10.636898801220333,11.97684256192977,11.155438802938342,9.735766348040643,7.482614709530951,3.7616150102198205,5.8445260376462,5.653841682180961,6.428702299634627,14.257807113563944,7.784494482384526,3.9863157266625753,6.107976362217299
2020,1,1,191,10.888891905850716,9.33579097150773,5.032890532712514,4.4089672545616185,9.991627905924474,9.638707636822287,7.368888290350159,10.84118112737633,12.796260963607955,10.63527053174025,9.313411733750511,7.529017143361305,4.284213974108071,6.326465696926737,6.666421580083421,5.6628052713667,13.89263616938076,6.732620948946526,3.8015596048827933,5.839258612503713
2020,1,1,192,10.262325810787946,9.51619021430944,4.850027140783087,4.150334454744404,8.989857145294247,10.015668210229043,7.282402925042781,10.825160586850362,11.52764430066371,11.106084515854468,9.276483325731553,7.021667753307497,4.134321364378316,5.86078478755088,6.274131892764113,6.043295873536098,13.076843098595592,7.658814026175628,3.8495191673466698,6.324979566770001
2020,1,1,193,10.106173424170635,9.051759034411127,4.961063580481822,4.397767452017301,9.752608763982916,9.706092742240015,6.746623096137386,11.159176633153251,12.631515789350324,11.727633924837393,9.877582873755959,7.02457301569523,3.995734799286969,6.279493834683588,6.482693630586011,5.441036292981333,13.18586329230445,7.54372911007554,3.9652587379553093,6.199833447120146
2020,1,1,194,10.039981011809264,8.981958830195815,4.8868927376519355,4.405019080609411,10.040534313207415,9.70142437785436,7.375050472272448,10.699141750287893,13.193641540994536,10.98301033840269,9.30155053606787,7.606024038066047,4.209652898984421,6.213392413382647,6.149383548799242,6.302373274164713,15.446098532691003,7.253484147327085,3.5626826021654514,6.084008443607978
2020,1,1,195,9.851872798094636,9.00106000994986,4.989840884225651,4.464010161244858,10.228037774524747,9.726905671038116,7.32879999510199,10.218445167672757,12.299724893375258,10.406677504860095,9.064132183324551,7.368690131322165,3.9177212992661063,6.071390425192177,6.410678392105101,5.704454916124042,14.368658600224196,7.766261320593287,4.090003610282255,5.81438538015374
2020,1,1,196,10.180310998837912,9.274792241501695,4.702037353916525,4.454055208479891,9.628279492622603,9.916106717557717,7.145321956841177,10.609253065247398,11.801296775937049,10.820039927296556,8.824796280472494,7.425701192018729,3.925343713555066,6.441121371634678,6.379746250448681,5.602160705165082,13.863801555196229,7.162221812291523,3.8742960998164384,6.077251227209887
2020,1,1,197,9.651448528844597,8.995542644527516,4.427559955364776,4.639235519744506,10.213600090542975,9.813717672975518,6.515676487478425,11.14601116818336,11.733379584012715,11.360302300531735,9.674005975379005,7.676055707455529,4.262788817622205,6.023353719254164,6.621970836474965,6.14017768930194,14.558501808117752,7.6036785338360815,3.444489139792248,6.198096422060558
2020,1,1,198,10.326637677180964,8.902724422390605,5.15752903771457,4.446373687839418,9.826796853803678,10.379066132416188,7.436158608565457,10.868551656988934,12.031319542162823,11.049776952006786,8.773904829019227,7.2115913612295826,4.100522961570483,6.109391910192531,6.4290072628378425,6.328291451134489,14.845482932516006,7.282892598794444,3.9083616329358697,5.9863470623731825
2020,1,1,199,10.593875305020552,8.787720785805636,4.889266136822978,4.14875852311554,8.704482587634995,9.383484148145106,7.005921119362724,10.964371454071406,12.437280997523212,11.311377696062806,8.725933512318182,7.321835104182392,4.346005204820574,5.8115134573772025,6.099845855986031,5.9781027167030265,14.699051139844476,6.998353995298504,3.8148362611588897,5.9947055888028284
2020,1,1,200,9.970439973189833,8.806786803815594,5.00403215322263,4.313544090767151,9.66892451597333,9.807095858998357,6.9286045561224405,11.343123486239417,11.386321716334683,10.724288735703825,8.727569455140959,7.38600735781062,3.9773182979765367,5.512279934877814,7.0004594550694055,6.109546474678675,13.911664071078151,7.95748754674312,3.720262891551275,6.118994871047753
2020,1,1,201,10.299861919343263,8.932978049620772,4.758215009423021,4.103436922642109,9.381222362442617,10.045252475445944,6.901000202057827,10.855740751914091,11.959745839180822,10.821427107589907,8.867494576432097,7.592538784762245,4.137216651477203,6.3678619937190835,6.497733144610818,6.50465855990871,13.832937412384544,7.147885137116377,4.186133194972424,6.281302764810123
2020,1,1,202,10.118644501864605,8.941335537642733,4.848366601525643,4.490368581470875,9.469762036039052,9.284122162174377,6.687059475311026,11.188424763565324,12.173554969614429,11.281608034430569,9.158555130595799,7.383957041243652,4.152932135353184,5.957744806884229,6.145327930163573,5.845346763049226,14.466512861441052,7.230039940134482,4.0120927083639035,6.220176467645007
2020,1,1,203,10.304453677186144,9.206897996799524,5.189656276931572,4.136464086728429,10.115952817941324,9.635837253122018,7.389616616489385,12.183688778218176,12.86262506096704,11.711705860717414,9.046823850729176,7.30203199315251,4.155954936855737,6.391414593485998,6.435028089309815,5.837872442457037,13.888149138087039,7.595699581960242,3.8575915503616502,6.40419246295472
2020,1,1,204,10.513190807266245,8.882910379379465,4.963355750065116,4.665423384384827,9.822955318751735,9.838102324404938,7.939392499418941,11.053318519201374,13.011595749852898,10.832291531445966,9.334806851435314,7.999178776301085,4.191103166017274,6.022742215903999,6.486624919162873,6.340284120134944,14.692391239955835,7.721322390388603,3.8905761618895776,6.094505575000242
2020,1,1,205,10.312443947012778,9.347859612443091,5.323583257933335,4.233068193307601,9.5061520442257,10.357496046701248,7.087316648756297,11.13210641022943,12.046054207416802,11.019193863091653,8.744039997530562,7.503642922832178,4.164743470775966,6.082232268488401,6.51038704798518,6.130941224725081,14.083039175078877,6.968311551850793,3.923593132544228,6.364272958887221
2020,1,1,206,10.492961257270494,9.889148859875851,5.066623899259848,4.275641266293512,9.444717836286696,9.823458862922184,7.493893911174048,11.395196237291282,11.572918956867753,11.486813316055107,8.82385662769536,7.6878804834570635,4.092696052119998,6.15917843507661,6.479524362728105,6.42273305722828,14.4651706501691,7.780332808908812,3.629258226152112,5.831212999124831
2020,1,1,207,10.355833699711619,9.62576759190914,4.761404823905228,4.203554612824038,9.87754298006114,10.066384855981223,7.22844835321499,10.857243318248738,12.1776864678402,11.060410849566283,9.198824764734788,6.949479617996963,3.771946114923769,5.977024043008954,6.449394159400243,5.761478379049684,14.603170227997671,7.35450477079188,4.290334008952266,6.213888068979367
2020,1,1,208,10.494116716139734,8.778477516658572,4.978573627451715,4.160341530946979,9.635863381220595,10.091969562144948,7.335643963066066,10.958702439863618,12.195034954683752,11.283424892558857,8.790067078053443,7.105663637169911,4.230922136500189,5.714127429349681,6.621157108341984,5.641616191347376,13.291725890529593,7.33049366158086,3.8890262747782964,6.200867715440646
2020,1,1,209,10.272614968374013,9.057859290886105,5.221356488851341,4.192305433943325,9.977933382155433,8.69317242829693,7.236284257636311,11.181543617542902,12.684351874592178,10.676988658951108,8.644519864672926,7.667189818704753,3.701245752655157,5.895915419627,6.572662833823037,5.727847468242429,14.101884932976354,7.307089004690565,4.162947436251387,6.693255432119618
2020,1,1,210,10.278696538655158,8.701602784889834,4.935256707129474,4.32285990420331,9.386589426862981,9.80157033880634,7.482663326555222,11.311520378440134,11.89488239939909,11.004298036544816,8.5831979924627,7.419475806988769,3.8877463356730693,5.876687186859551,6.577412522016761,6.248188552382179,14.664147248641111,7.351437091854799,3.750425936585714,5.952496705387594
2020,1,1,211,10.424647668287792,9.23909203108417,5.018451785097351,4.286191260161643,9.55967438144207,9.599883105854278,6.904979133621746,10.806625528750759,11.630735944804155,10.72925862537385,9.124928495236379,7.375906342212075,3.974284445879701,6.100636462180885,5.932861039650731,6.36822046567734,13.567769327118167,6.89751870973154,3.9732334553810618,5.82261412029756
2020,1,1,212,10.115215859006236,9.260335653301452,5.168613401771035,4.2100142474030395,9.27272614436801,10.357601096719407,7.284511222986768,11.474973122713944,12.104160740214583,10.260899604999262,9.117503050557856,7.206860564323854,4.23730514472375,6.381772112548177,5.94365559030018,6.336654175809507,13.7128951108828,7.475991917891728,3.698335443055674,5.928001549208956
2020,1,1,213,10.326721467298773,9.231351856532207,4.43318231835461,4.335677847763856,9.492524606268871,10.043197983047909,7.584968607648533,11.918788163698295,11.945055565886099,10.613472000649853,9.100266467282918,7.783631748611571,4.053207234288689,5.9315214235252105,6.184079628252297,6.211410759181675,14.6939388287134,7.416448467976605,3.434633232217636,5.961801560331884
2020,1,1,214,9.78354378622093,8.782748178345303,5.02938612003014,4.190165540772039,10.553076087825941,10.112011030482332,7.459111975688517,10.365476098559665,11.932206201939128,11.199996010168412,9.58772197073921,7.6877776972638365,4.396267984675526,6.08449715730399,6.323247156840977,6.38092161551576,14.877035013806552,7.248273416657653,4.0225516740766105,6.2167427005469245
2020,1,1,215,9.410459773818888,8.929380611957761,5.155705139989273,4.2823135885229755,9.42148629686971,9.973231036659968,7.3503301966742445,11.400169000254595,11.689205683522005,11.245597643328596,9.253191952850694,7.472134359342361,3.86270350139148,6.167182496660948,6.192573391844147,5.928785351291944,12.045254612924444,7.416879071736756,3.912392250243187,5.808051901866988
2020,1,1,216,10.181751173516435,9.518049074205152,4.7419547909660125,4.585698697375214,9.523615687324881,9.811106482382645,7.283918209971367,11.1833685048066,11.50166686041048,11.340999398183182,9.142798688905954,7.565340386744158,3.9096753783750127,5.914771605031758,6.127209100196542,5.593745175752255,14.692402951719432,7.296000792432225,3.799777786973664,6.2009710083702245
2020,1,1,217,9.820792756954036,9.313091402135427,5.096701562012089,4.184984147931254,9.38746378653343,10.096699947622174,7.150882590354714,11.090999328077789,12.40545512208913,11.226735082780115,9.635652177978697,7.400287168733568,3.72142593648612,6.202990320446391,6.447740320214979,5.683422231520165,12.716383196094098,7.334564991345215,3.3580152217731647,6.124832911443707
2020,1,1,218,10.925924456127563,8.849230881445362,4.8911359842907975,4.231190416039842,9.636291944811008,9.76182096149871,7.15324450333953,11.370867989814442,12.237686256046636,10.905029653436939,9.499241921564094,7.2867436769054015,3.901966826780101,6.377736787811612,6.163742465042628,5.723201997562468,13.984775661377014,7.479246446289492,3.809048529945874,6.340183704790334
2020,1,1,219,9.819617178250823,8.696734976871277,4.561032364985263,4.085314670282102,9.679342422433283,10.272059774453478,6.804808850350822,11.843637768615801,11.72057431045913,10.19596904041822,8.875736748566304,7.336208965283617,3.98607200003463,6.204994593350474,5.772684026105577,5.606069755464589,13.243023930038074,7.289878616663245,3.9246069634789054,6.267960922337953
2020,1,1,220,10.452878901569644,9.140881105345821,5.046865390390546,4.225200777684206,10.180518308603716,9.352377548428315,7.401652259451322,11.339817267384197,12.506972377768511,10.499201298384511,9.447873581445084,7.720744620310017,4.329196639536838,6.096557185997559,6.039730557472035,5.745733693419273,13.713103331945508,7.127629119755361,3.7148301351283655,6.319093468978779
2020,1,1,221,9.855073285257872,9.122615759267845,4.8902834438022715,4.347343469500082,9.549922734450815,10.17575986813516,7.651723674127203,11.655026932346042,11.21725998288381,11.488943618602748,9.791054338744836,7.373425276168695,4.26063023206455,5.903339919990952,6.230943505856481,5.851473007392943,14.079041538038254,7.579650992850557,3.9025970432947843,6.236619623202297
2020,1,1,222,10.13292606933145,8.695892285880245,4.877601916548754,4.192603909584814,9.751794561971856,9.62838998971196,7.3409545954757744,11.20687548813788,11.912172495797444,10.632100526332284,9.792408569825616,7.508876210601409,4.128565188849643,6.0798332072409655,6.3207369945702006,6.2238978684402015,14.31783664081908,7.0400164278966235,3.7835591292764175,6.402167067639791
2020,1,1,223,9.689980287269265,9.054516252136215,5.018587684321063,4.088850265710798,8.97974509871401,10.035692353004737,7.260441262113175,11.388290773469151,12.214117006839592,10.969947336734435,9.49987147894697,7.362957039505722,4.038644968355333,5.924868320234079,6.6163029119359225,6.147947135073184,14.821797401716104,7.665765776901947,3.695513881241867,5.7517720097812415
2020,1,1,224,9.652330801095104,8.989855292057047,4.706409533547152,4.345101059636684,9.371661971044315,9.155913060464233,7.4294840243693985,10.980186667328876,12.646434571173332,11.030351726074008,9.284561596336031,7.773264223037728,4.214654152627887,5.965478941752578,6.497727302676695,6.443062018564589,13.26573855550981,7.255220498050329,3.8600207568396163,5.760333090615493
2020,1,1,225,10.257844578794753,8.952179647776616,5.043184317405112,4.363225589476531,10.12903537818898,9.87555573458724,6.640787380795898,11.241393547715395,11.840719297033464,10.393094924692718,9.248813185715212,7.296844613502042,4.297759587845718,6.078994048987667,5.874451079563215,5.7751195703444775,14.668602635845735,7.614051512641969,3.54517795507285,6.111420003149467
2020,1,1,226,9.981251417222222,9.010620315724433,4.713636265707879,4.388359282512528,9.375140109316245,9.711097685858672,7.108420427438805,11.102277383824946,12.654276422814743,11.148943494146408,9.675580188555134,7.9492925843929525,3.983763029262431,6.057966010642391,6.757803314009193,6.167107667681378,13.86441110167323,7.779448270747728,3.9599835166752047,6.137084039138555
2020,1,1,227,10.442692263704028,9.268150635164218,5.18820309042844,4.070875531351576,10.005510482500812,9.752437253988674,7.23418368855988,11.272337639970766,11.79410983854058,11.675125454513292,8.65347406844919,7.319831600959679,4.000042301192645,6.361271778795604,6.335795370418896,6.396295631083388,13.876349009898712,7.338898747094021,3.89739163672663,5.865918024781761
2020,1,1,228,10.647290062539899,9.20040005621143,5.115047868221159,4.517977862260966,9.348026991323186,9.079391538090428,6.760270674604708,10.481222864655034,12.50771091917319,10.994481168626459,9.606251825546536,7.32017824085713,4.018978821136136,5.965165524358401,6.404384415983523,5.952240497209301,14.973791335200259,7.612975314553796,3.976052147706896,6.253516246161858
2020,1,1,229,9.496301814290295,9.627851081573128,5.19307661522264,4.1995816770668135,9.640299870213914,9.783007867276286,7.302195310970396,10.723722279219604,12.924628247777392,10.884217940671313,9.190365675605138,8.092029678756365,3.805825885006183,6.203797873802633,6.417685734686687,5.968203737671652,14.492624549598313,7.5418360630924415,4.057373228000369,5.797331685614569
2020,1,1,230,10.566805399347588,9.240099159269628,4.982998753876852,4.11052199213798,10.37333888224129,9.82083942329192,6.718482924071814,11.757814847339416,11.625438069391258,10.492915967696854,8.805236987485467,7.172067690005029,4.2876462753455975,5.9953090315597155,6.168882059627334,6.412256585568794,13.076717429872666,7.410147600419785,3.8428788546092565,6.050879161408063
2020,1,1,231,9.734973811199023,9.462685546605988,4.809238018576709,4.45869900431285,9.996755141840975,9.073893295514921,7.456197808904775,11.85028422530563,12.183154791789505,10.882196057979629,8.710408473374958,7.48047628108237,3.9941230413956936,5.886228270312377,6.530651710737622,5.9899152615058835,13.97624700488264,7.533707690882118,3.4647276347275584,6.112057998096683
2020,1,1,232,9.98939578033367,8.68221685777104,4.7510886520679625,4.511935962526231,8.949428751949434,9.320457218550748,7.321165569084418,10.446995615926854,12.37167378396427,11.240950331272717,8.518916832081853,7.794838497134049,4.042227022501548,6.257063639188422,5.88898619824587,6.424772336289812,13.600855940416851,7.274003785833791,3.8422524349112224,6.256419690148746
2020,1,1,233,9.556558447575101,9.223229083141577,4.739404114434991,4.229142882216163,10.958298589828637,9.83178281291254,7.20022547434125,10.969805216651949,11.507094120673722,10.999930634733438,9.349111718763844,7.029150057723196,4.327731852526903,6.2111890772859155,6.729070311306534,5.71633200850773,13.776430737218377,7.839491248399834,3.7043120336266893,5.993134250441351
2020,1,1,234,9.568658230889614,9.030993923621226,4.85837843109237,4.140500666096144,9.304159130827834,9.929177789353867,7.476604350132344,10.888615238458488,12.319296150165618,10.809213949072843,9.84572874066709,7.569046683347723,4.0012898322161865,5.962187985782876,6.434623320087065,6.4699617181122635,13.946471049883376,7.381156643143191,4.1045943336698665,6.413856420774446
2020,1,1,235,9.336528927835701,9.433011919442622,4.757849910703604,4.358946639862863,10.432122863565793,9.750375687716978,7.298288798016934,11.338125255525693,11.83543437194554,11.445440156633085,8.960117402786178,7.030480024677953,4.2966657339376235,5.345186418344464,6.479510945743401,6.382040534572758,14.27996166826038,7.141449423759775,3.824537414472196,6.527528389821385
2020,1,1,236,9.960471859342821,9.260740030038887,4.955723001610373,4.054882015739851,9.534178053171967,9.787715097288118,7.3935866238069785,11.186770222858035,11.70149995466028,10.887613396072362,8.830368497677904,7.502651794797982,3.803587435491478,6.382654254107231,6.521249890150221,5.843959478802659,13.316180002994527,7.2286517711761515,4.0127664966357255,6.49273714153674
2020,1,1,237,10.14907225706259,9.745151676122088,4.73455069343571,4.7203212595591655,9.230305714223116,9.78066921817902,7.337909626727924,11.529790541990273,11.904751322129949,10.814436916211996,9.584617951770914,8.10177036413285,4.181401265932015,6.298739234643811,6.273939011397362,6.0015004827611795,13.895816183181887,7.617509802187126,4.108992005529834,6.558756229354988
2020,1,1,238,9.973838558877125,8.825847175503974,4.770400000231806,4.1063373663992,9.532279573191763,9.557225950744561,7.006022123157617,10.617698549104738,11.86950045744688,11.064882219297196,9.184181158045952,6.787116446920307,4.01668830681967,6.39087023623966,6.7114556733984285,5.774766461559864,13.798822420934293,7.085526012115354,3.766009498996601,6.377287189826696
2020,1,1,239,9.399118848928762,8.906722352612142,4.81761846581361,4.344187667575837,9.453767732010656,9.700500593204612,7.7107654739912554,11.381498291195104,12.497648966965103,11.577954965736458,9.601403008649323,7.469038988118364,3.8311972853183933,6.403963974719915,6.2014457476006895,5.956449691648165,14.235614508652777,7.913084839969692,3.8938437157472756,6.266965083201741
2020,1,1,240,9.33176482835871,9.292686232597466,4.7402679344762975,4.255628993295614,9.494598398451974,9.222410983081323,7.61716131495145,11.074485101336675,12.10936166670276,10.934720268495582,8.785799962152886,7.355382735574444,3.903809646868971,6.112429191351321,6.131097571550409,5.696315577991094,13.990470138794981,7.740538735308632,3.888211813210306,5.933154830886929
2020,1,1,241,10.1283725834335,9.11997263817328,4.825189082899638,4.125589889994343,9.730648285775944,9.541668197902641,7.38003880697997,10.893374168633716,13.229099516631168,10.613000974841494,9.381327366157798,7.189821145627403,4.112526005464761,6.0070781436298,6.424782942766569,5.64374533853709,14.546078722883292,6.994080824743075,4.224719137956806,5.978438653436773
2020,1,1,242,10.443809610902601,8.82155615102506,5.006400636723514,4.122841020973524,9.893072468929088,9.753577950941976,7.2992571242789435,11.42269968917796,11.850124799135882,11.242953879350072,9.806496879432121,7.033189658582869,3.932526218610293,5.6710577197342795,6.034735788252805,5.771647489745344,14.165193036109425,7.583912752984755,4.078727952154503,6.348583936721627
2020,1,1,243,10.224623068718216,9.304436152162971,4.719185124316013,4.476378132097486,10.258992929171802,10.253168853687942,7.473381447425294,11.113416159306542,12.339347128585368,10.856725520914695,8.758709301670642,7.821009443910267,4.152211819468655,6.1419600604403675,6.24204456787096,6.328426939941272,14.358499225074166,7.071585959484847,3.716860324638634,5.680738693178174
2020,1,1,244,10.880724068988785,8.985942670309733,4.656593431075337,4.34608908034903,9.790703590122611,9.722615791640155,7.621344644956639,11.17916027006716,12.03682049588694,11.2469245792582,9.02536873525143,7.550933372991558,3.967635288097587,5.9990315722794305,6.453334609876301,5.624298481956155,14.150787667862476,7.1110831881250185,3.787292088219892,6.4402775738922
2020,1,1,245,10.10883941688416,9.332772976737765,4.857276320764074,4.163905342412044,9.737539899009006,10.57578080938451,7.808221041352506,11.824364762814666,11.491630976136252,10.10107888899678,9.010437210716292,6.93463272446419,3.8246476332840658,5.91754046619646,6.574497768652178,6.4100767884984595,13.375500101981833,7.218369462569969,3.810081623480939,5.968142071494518
2020,1,1,246,10.252016900647613,8.544205042180527,4.669228457221463,4.187236913004637,9.42686357975387,10.524397893854026,7.098457919522338,11.256211232285933,12.880198152208113,11.018939700695505,9.416781537111085,7.209537364566105,4.248202401351084,5.776811282153722,6.37715629185175,6.298702335561097,13.810052216165737,7.1379201198574345,3.7559860620739975,5.985783573308948
2020,1,1,247,10.115766921635991,9.059970072136679,5.153708348245924,4.1437678954225605,9.598620905899514,9.79739647327797,7.559139022557313,12.097624556459072,12.167719703630283,10.893315267447962,9.603701337626873,7.327212138508048,4.137716853083821,5.857068784465305,6.155703173394554,6.396621410541575,13.645138034161432,7.569822194206884,3.832974075395112,6.306280850950834
2020,1,1,248,9.807779880271429,9.225101610759575,4.755434271149039,4.434113551144012,9.511700679881994,9.608455369695626,7.230308752494326,10.178375043178898,11.731511050415483,10.58041056305493,8.893346709776415,7.02080947565123,3.794618331181738,5.779952344231471,6.3005707334943315,6.160203188171537,14.44576738908614,7.4309805591582805,3.7998215479854305,6.185064090232126
2020,1,1,249,10.0577637830698,9.229645536071823,4.901563860595189,4.441185526773901,9.174236791119004,10.655734224661161,6.788598675943643,11.220084402739035,12.303487620300325,10.468903322244255,10.056228893700569,7.517947086956781,4.196385580598067,6.351457146082093,6.216046800687066,6.477252187241048,14.497696242103725,7.4807240596335935,3.8877611558107454,6.013814703124488
2020,1,1,250,10.46384687176323,9.423894839442843,4.98099183936686,4.373515448705931,10.697958943664695,10.061698113373422,7.498844200551441,10.725297518189457,12.61037804924054,10.879479710384821,9.163328521778773,7.568112412067695,4.109547653732227,6.38144119063656,6.361768848475158,5.72780183938312,13.974259519749134,7.357242773430613,3.864228368324576,5.893654864069266
2020,1,1,251,10.479665982189616,9.077911477563958,4.645175775029178,4.32664234130601,9.801572339678973,9.941573433985289,7.681476172746398,10.807691000464741,11.698619865312196,10.532068189061835,8.935080659249419,7.563851735580479,4.018959574269065,5.92745306923544,6.228259729738463,6.409000958127699,14.10163711070925,7.201028359894246,4.061274483024507,5.749151908766573
2020,1,1,252,10.269079334114469,9.331710353920387,4.726853426336693,4.390527889722617,9.806475623960042,9.488192376963498,7.538013425764209,10.930040138806962,12.134190727225192,9.697442780258006,9.664782222419793,8.097223573261006,4.025446043840698,6.408072882355,6.13704359986871,6.815659319014262,13.134385117917848,7.203156203687566,3.763827831602946,5.5872181470269595
2020,1,1,253,10.765049059146179,9.14208783449433,4.768867950080095,4.000656256852992,10.180272758693443,9.603084072123501,7.206542439102037,11.63859500328158,12.61373327505088,10.48547833332412,9.193896394175711,7.209745797762957,4.308828176220225,6.133932061128391,6.105236910566239,6.0123679725698915,13.801592917143353,7.681696089776644,3.62292344232416,6.4744291284088655
2020,1,1,254,10.30954504709293,9.436459331985008,5.045274335625924,4.330308030098685,8.705039051403384,9.379158805947604,7.368087259066753,11.041796257944426,12.18976359563458,10.466418857265428,9.005086646650533,7.349937154634731,4.14176050689909,6.46760236936943,5.917078475699491,6.06296239953399,12.61700026148263,7.253712916583484,3.8055244857031125,6.063471140849747
2020,1,1,255,10.256602114399866,8.603665629358767,5.2505602868663885,4.466221564113903,10.576744081805751,10.351674265194417,7.458441581426587,10.711842514107394,12.378238491253283,11.01561260970597,8.944330204974984,7.333730490871437,4.316800958614867,6.25458461596921,6.6629467366015405,5.852460538479639,14.473946296243522,7.7670389201382655,3.7868923017966187,5.899011848197235
2020,1,1,256,10.732623820655961,8.212551409658547,5.255332775217935,4.322743313305958,9.373941288145684,9.966162496809638,7.421903793096603,11.520579107392594,11.981894475977958,10.479525065450064,9.91146520501367,7.747777482025106,4.167387912482956,6.2633021000694695,6.569577433761656,6.092551472819341,15.270181034370355,7.169369160918005,4.110901243289825,6.300320756688939
2020,1,1,257,9.834709555635264,9.627280563199916,5.141321071460279,4.29224215518059,9.364448924685469,9.648891275559924,7.612616161844418,10.693519746071903,11.347909853615082,11.002441520441957,8.77920134612024,7.714975192757105,4.127974689250091,6.168699243021974,6.072868626629152,6.121660128605564,13.721153429212457,7.369888425541217,4.0133952460627365,5.9257989457789
2020,1,1,258,10.702587553258063,8.959073700700166,4.649501326437321,4.174204885823787,9.496653790141089,9.585587294008569,7.5292940680076255,11.97507304545608,11.987837800934773,10.583246460092031,9.554396790341805,7.152838251653591,3.965679437198712,5.93247436088191,6.552964979725711,5.502072105248451,14.148508468974146,7.44739618552747,4.083657310499877,5.93058373529877
2020,1,1,259,9.729856308162587,8.542927994191396,4.720645697508123,4.185613287512367,10.0896577891181,9.38275711800883,7.087626482193328,10.644735510015364,11.838236221912931,11.347121017615306,8.845853736645,7.9247426508701615,4.11537093561369,5.7862076443386945,6.39754231339755,6.225174706147103,14.254165896402318,7.704147918199625,4.031592654772443,6.407520816656251
2020,1,1,260,10.016544897731924,9.108605272954616,5.163659791071756,4.193514008773233,10.540099554964618,9.742864134158834,7.263301656341807,11.095383179550394,12.056998634799792,11.16762173371006,8.914935495935863,7.219575113293661,4.25657658277762,6.158889306838479,6.056656282444567,6.346111843495779,13.38278308850213,7.641596507796219,3.575849485946688,6.29787670063572
2020,1,1,261,9.380581329455268,8.97739216425817,5.190682181641858,4.321376290163414,10.344082208449132,9.836869309364461,7.109119051394522,12.088390645601459,11.843542786636872,10.87065012147584,9.112706531839866,7.747558332244664,4.102844813927403,6.085531769688434,6.118345381347613,5.8622425761089465,13.946447719156884,7.446809125687231,3.7497319740138306,6.161265864640051
2020,1,1,262,10.226021760600876,9.302899125519946,5.047862975572347,4.200059616291446,9.520319003457038,8.880875732590464,7.302409313457649,11.078635812173424,12.192289235215124,11.066080241536223,9.312882452687617,7.729482196470543,4.406318101100706,6.744016404631804,6.348638191923156,5.973259526955792,14.282482350435469,7.378331255095309,3.6494071919687316,5.980859545891723
2020,1,1,263,10.661108811493804,9.348066624011553,5.0498361170451265,3.970770694156984,9.009185223390972,9.393344202964588,6.713229011625223,11.414581317070233,11.941855733158077,11.255688870339508,8.541182976581771,7.6109389356601636,4.256332077140659,6.29152971136698,6.57606414968934,6.282577957044263,14.114951497575952,7.088965005922113,4.125466804503487,6.173604832850393
2020,1,1,264,9.744490958149994,9.014480186912435,4.808191016444841,4.419842677680274,9.546556770543548,9.505752086605206,7.815243518460676,11.175204237827455,12.501602743697411,11.029645977022918,8.943570125662019,7.392969021787228,3.893547552917349,5.902473417505887,6.538498278993165,5.850567573745877,14.053587665626694,7.299730598166248,4.012560831372562,6.258476240405991
2020,1,1,265,10.00974411223072,9.50821466315508,5.22797679641626,4.372637315936247,9.4591198629114,10.194370428654572,7.029333674474037,11.22378577428798,12.408026265756504,11.06486731911717,9.51901873887329,7.398495521654781,4.010237208440223,6.088210362649641,6.249099990282136,6.25707196333437,13.853966906548266,8.02217258053791,3.943968722587826,6.179591360042303
2020,1,1,266,10.034514136846285,8.723509588745648,4.749097585940904,4.344034239400142,9.06876389439051,9.553737514566734,7.1066863997862475,10.856898342577875,11.662011490872514,10.075282058912574,9.517360823271025,7.635893264688132,4.199704586028638,6.018821631331345,6.504046600400317,6.145947673358138,13.562497253350383,7.074317399091628,3.7938039878357994,6.4135684205789145
2020,1,1,267,10.037171622329677,8.30562117209935,4.576993352253121,4.122660958975179,9.93377037753151,9.06890764239677,7.27963252578632,11.427851598174202,12.718470296185368,10.774601073353343,9.036498123790155,7.649400781656179,3.839777386666107,6.099221450602473,6.345157096876688,6.643926745554813,14.399269972957176,7.190826121372061,3.811338634304149,5.871474386923246
2020,1,1,268,9.699924936135483,9.221689181074558,5.048955013409256,4.198828932785654,9.709166462608104,9.339898620484572,6.8557762562224065,11.820319618848355,11.759458330869583,10.66007595347554,8.712858588141653,7.704303784590795,4.070508833678667,5.788369639066061,6.198966225952983,6.045259444970184,15.007404146212854,6.949660047755448,3.748555526662345,6.053309863454093
2020,1,1,269,10.139464374431306,9.072966300727208,4.7781105609484245,4.372084607350859,9.901815316171298,10.44408106596053,7.158280364096623,10.352429004508476,11.565190850640242,11.465217659486377,9.221494448251294,7.704418094292307,3.9369939900437165,6.330583146216328,6.632103612095835,5.946670370643597,12.895535443157723,7.136469249506039,3.9830342244712713,6.252713768669963
2020,1,1,270,10.76008413133876,8.472829978558488,4.638041260667729,4.287696627828646,9.991561121644546,9.624472863266433,7.304549988652457,10.809372633486202,12.62100776240912,10.830909132305068,9.447502337852242,7.59428994732297,4.096217118937801,6.012259609143911,6.426504829562411,6.13648349130148,12.8126186960931,7.008212830251814,3.898218032667488,5.976346370763148
2020,1,1,271,9.921429736576146,9.390999464037172,5.06396573097636,4.16359204555411,9.97332623124168,9.364319178869719,7.73409696404739,10.976265153487795,11.822893824256548,10.705777309245196,9.209068774460189,7.9152081142573385,3.938304582006047,6.268714679614296,6.517218901870161,6.104530308082799,13.339063272487932,6.995651569659062,3.989855799763881,6.349574330885368
2020,1,1,272,10.217507894506712,8.54476708979666,4.5343833595136,4.505830959907493,9.682447557422847,9.116111812688057,7.296854424387805,10.826001645345809,12.157187915906686,11.258399211414732,9.656631243574783,7.311809885709101,4.261879275313989,5.9613348245221776,6.106279890576751,6.4730724332141385,13.772747306615582,7.451352783085969,3.947120596800913,6.44497214404803
2020,1,1,273,10.214264060962941,9.12631705311737,4.981058040044067,4.138035061076539,10.344240631349678,9.779695207845021,7.137889328944489,11.512925064429698,11.485991688721734,10.33421252239304,9.044020010375643,7.504398544880243,4.0062642882364825,6.011697026697479,6.253958428149148,6.4603150437706,13.873090954208681,7.571293058606936,4.010313452087931,6.130970726403951
2020,1,1,274,9.964049893412083,9.448797939852156,4.804755532075035,3.771748939344901,9.517183269720086,9.820859518386069,6.928930049984003,10.952307009937515,11.932499255391155,10.964806154597282,8.660681786392711,7.324389497131284,4.198282612329437,6.253801604212761,6.596237188075233,5.899089945568068,14.091488968237178,7.4601320146461765,3.96233223214368,6.2101148133415
2020,1,1,275,10.236965066911676,9.261728626540503,5.2055168942842815,4.298127257546064,9.459512462556551,9.942543896996895,7.876206436060658,11.260727781466116,12.053917625189522,10.13290962966499,8.925153522629296,8.223943545788822,3.845241516807441,5.602741941874519,6.315007108665179,6.029696233836258,14.060830333941116,7.055723573607975,4.053258173477346,6.06538526576957
2020,1,1,276,9.970047017024713,9.241069210084701,4.981638559048483,4.305423710698746,9.617455186602728,10.835790153751415,7.277875036625548,11.89384773644111,11.91965610837917,10.68573603853268,9.143234707014681,7.720711046740232,4.039718352870311,6.350076261129612,6.329773325945319,5.907585777937533,13.942417157562788,6.860817211024571,3.9969902255272713,6.044853815106459
2020,1,1,277,10.293404386311133,8.99366718363564,5.1022876661777525,4.293100553109877,9.916350735583052,9.287020992513073,7.279537238687145,10.418547660639831,11.860917658609612,10.798994633008862,8.885418921582886,7.795346405866269,3.8802464018176157,6.4679897465263245,6.115634218804431,5.864533608711849,14.73361020109292,6.754618300855618,3.802262146188626,6.430433076892782
2020,1,1,278,10.095723509865735,9.229347070975768,4.679954961789753,4.35200805174424,9.972375528753108,9.625862014420008,6.857580609465705,11.366704538337984,12.129648558336068,11.644003569657139,8.952652799566604,7.625432721444878,4.28477435002986,6.463231735405799,6.43700831239331,5.283871131536951,13.500964639271452,6.997670652162111,3.958093351911146,5.911879853711363
2020,1,1,279,9.554983404992505,9.354043456225126,4.560647520460293,4.187742228123801,9.575316774424621,9.884442048326745,7.407908588505868,11.169275643758079,12.58936577897862,10.937197841907775,9.494379222429975,7.47475783776104,3.9628820229634982,5.9375525136091145,6.1110249173698525,6.486898725896629,14.528976248070135,7.054458981605152,3.9301454098987003,6.318725712867744
2020,1,1,280,9.395711297215033,8.931185553145339,4.821257607239052,4.458968261649233,9.583402570166397,9.599149943498649,7.084944031696974,11.170601662253665,11.653687886834085,10.610822120448354,8.84559576697436,8.292010223986468,4.075284701550296,6.182560190444619,6.48015928215652,5.913488086605539,15.13343961164286,7.2213396867649156,3.852533997086357,5.995867944466988
2020,1,1,281,9.258467503395426,8.752874835483325,5.011858354443223,4.049104803173516,10.214082904176985,8.962890339832109,7.68273295996918,10.818029118871225,10.885514724969234,10.943988658657373,8.655145127702212,7.8559193395930755,4.1471252644918435,5.999788763337248,6.13307070867263,5.967986776044006,13.195472831157733,7.433528255086042,3.8794384319338784,5.909589719479248
2020,1,1,282,9.95817586524565,9.456630302951043,4.906101415619353,4.279498831022767,9.199689159286905,9.969985336628463,7.390393740033426,11.053502678227474,12.710215534681275,11.636770905635643,9.438883531647104,7.395557002541532,3.967451943834096,5.74567814624236,6.333220064447421,6.7497210295435766,12.926736520384164,7.242547518046796,4.038466432254401,6.363068649779677
2020,1,1,283,10.460678617768094,9.846583856300917,5.11734165045826,4.1759508155398954,10.77413152284282,9.523420127516893,7.291896818500467,11.220819407955213,11.790918733125334,10.098507441478317,9.378697728411586,7.41015764431189,3.893208246468288,6.130509531619539,6.789084168364767,5.920812833728627,14.124270614355565,7.822586640854369,3.9661130570520147,6.2868363462571555
2020,1,1,284,9.828621729960295,9.715675982248678,4.9990803064196605,4.4556511049227,9.590704855685667,9.354351624743291,6.871706806978255,11.14173013035751,11.83218218511293,11.342753959012496,8.763367985212037,7.5581977155840825,4.1199192949485814,5.752898898599963,6.480160626855709,6.031918850960181,14.382921805123875,8.03512249810521,4.0266295172268425,5.956616332912936
2020,1,1,285,10.024286350796498,8.204449946001466,4.686794152495737,4.14704798184974,9.62806744043353,9.420988798112262,7.227119470207757,11.537367393667527,11.845628185061726,11.169675579621757,9.40138663918131,7.329606438584077,3.7734735075542054,6.255309694275369,6.298206980587443,6.141348904808916,14.040484470258795,7.325040314630398,3.888360581167492,6.075282539740838
2020,1,1,286,9.859492812497953,9.626446752530018,4.983076914360283,4.295322071274009,9.851034549980259,10.376361726301177,7.193562307946676,10.733207455416823,11.466357789143574,10.951390116279374,8.729204528532062,7.387502679656572,4.309052412597248,6.30890213366052,6.605607047213713,6.158590973123584,12.828012226270532,6.793130509631435,4.060668862328676,6.08599168755709
2020,1,1,287,9.786135980060273,8.93495600044245,4.925799003334881,4.297753974100549,9.91402193545219,10.277825666545633,7.291304968121938,10.597231639166578,11.91851252559468,10.866038694129475,8.878073566270052,7.03626389341946,4.0672003450886125,6.424347859105287,6.201884059505229,5.926043747757073,13.074202516307773,7.198381050041268,4.002232364946609,6.173973264444175
2020,1,1,288,11.01626605910684,9.827865634230577,5.140835173943882,4.316716925325482,9.453149274540253,9.343726583064061,6.683863031092894,10.323646527670244,11.974264505125227,11.635220380811537,8.738780628915379,6.773852060487951,3.848412841255976,6.234044573933837,6.134767741436188,6.349438074975712,13.735263979686643,7.277855925500314,3.7569255904437795,5.99671236321094
2020,1,2,1,9.801082095910587,8.786722756130372,4.710941274262431,4.158117940685315,9.838841792605685,9.093361802170742,6.991638207906748,11.287834006611831,12.320632550955864,11.318907532756842,8.975033203394371,8.084092563054222,4.04626814360382,6.007751161761043,6.293546442694851,6.115448799206392,14.253329123507934,7.558208340286704,3.8265278233757676,6.541318203527072
2020,1,2,2,9.576662050871347,8.753817791472626,4.762364657006927,4.345819084622532,9.344910093472718,10.121242796755796,7.111700734396955,11.564007194316273,11.84451129285412,10.546060048325723,9.348953414954606,7.339953150491146,4.184076271188126,6.062664269176684,6.667392627961355,6.1037193579863205,13.821356792558662,6.963202730749198,3.750173004029781,5.8452091344203945
2020,1,2,3,9.761848168919654,9.149202370519157,4.969821586818657,4.2880698044243495,9.474908465357837,10.574516545239245,7.400788965602377,10.697573676207107,10.927218545557135,11.012567027612432,9.241363246928673,7.400575254921223,3.955901797167082,6.138837953754157,6.653038886745267,5.912658893620528,14.13983863220606,6.878759538881155,3.714493564567356,5.7455517745955325
2020,1,2,4,10.154550812454486,9.020255581940763,5.168810927478603,4.342001393794522,9.084315793977268,10.681786838439377,6.695366610606236,10.657525080816969,11.461996981614869,11.55077140512394,8.845088186251699,7.512362175503661,3.7718821054497114,6.46628508470548,6.259832945010229,6.044676675928673,14.124075019941229,7.433463821737205,4.298226916417052,6.087812795974675
2020,1,2,5,9.892037920781382,9.038463927745648,4.853144356823862,4.552906829683407,9.762100812800385,9.216792896024874,7.656625953220282,12.07229488306118,12.650134600611587,11.239462716189246,9.211956793689348,7.700240509687906,4.069378669939207,6.4688601817523566,6.314177224760963,6.313326341878016,14.54236947378132,7.19545071493152,4.14115074094985,5.630201526976696
2020,1,2,6,10.240067998910014,9.513402076869951,5.008885453367869,4.303048045120717,9.638990431547636,10.300813322284464,7.616066467360024,11.797891668797487,11.70283816390299,11.11820103367754,9.282409131640554,7.7241856798278095,4.214074384139375,6.088278082578772,6.494093072088171,6.314127001582301,13.369173957420152,7.190805221837489,4.061577714455923,5.926410761089457
2020,1,2,7,9.828528227940044,9.62102078077749,4.899045101965631,4.112684386447654,8.925520958122089,9.768062020342382,6.967016457975777,11.82320220075827,12.374190892131574,10.429227999919762,9.492088368003714,7.800066887925285,4.127680853947643,6.3490014831846855,7.007037457149755,5.972119599074249,14.069615592596016,7.09749887714378,3.951840058143542,5.961613558642784
2020,1,2,8,9.886164020882907,8.821439167466162,4.8838472314561185,4.619144129527651,9.443025507407892,9.015980369877598,7.972190637057557,11.381164782128742,11.764212438094741,12.020863885158422,9.27406179827086,7.663947642261662,4.155446671763159,5.982736996800262,6.326018526274229,5.888288711019417,14.827019559176302,7.237542076368138,3.7979479340543065,6.120165732077278
2020,1,2,9,9.837818170617677,9.76906789510761,5.117560742193978,4.450914204870038,9.6962864453075,9.434219780587044,7.324790885061543,11.541083556324454,12.503530922181168,11.320244995118713,9.412454843141312,7.411371289487486,4.246061787339604,6.21543235557958,6.739909150838201,6.289947843824883,13.577138033097036,7.414939434257112,3.710031754723388,6.068172080207216
2020,1,2,10,10.087261503421312,8.716285087443064,4.913650936205717,4.395220462839773,10.041125205438089,9.463071089712807,7.223995715593513,11.095503186706228,12.157797343943203,11.787654015089945,9.166372821243561,7.870635269301591,4.348500870600196,6.023442017292371,6.45044746958654,6.149653442494923,13.668609444311565,6.649225445414199,3.84954388487083,6.174196856289301
2020,1,2,11,10.413242482307671,8.945920756961629,4.805549842224945,4.251875591237177,9.209702118568991,9.955977571685873,7.428036640216951,10.5851584662559,11.40678760019088,11.135331537304989,8.844671701429126,7.438164792700258,3.6489629602369265,6.16843665766106,6.6046980947617415,6.28953850935771,14.06855380749492,7.36117160996917,3.7702672878171244,5.925606694650578
2020,1,2,12,10.45602320116934,10.09657675704057,4.793979522171334,4.409897849551038,9.590579512227977,9.235959225071024,7.3769585876683985,10.607855383722756,11.54260652414341,10.99470908023676,9.201851039622463,7.800820458078562,3.8728549775698236,5.907998857390631,6.645650619714451,5.840915705859203,13.427279631901422,7.558686246647562,3.992969898055483,6.023869431509009
2020,1,2,13,10.694285685140374,9.303125022135664,4.832060026296774,3.930682857193287,9.280254819635811,10.139083220581695,7.289632940289238,11.225809471650201,11.388164923435948,10.719138896555293,9.58722994369368,7.0302380827011195,4.117021553593935,5.761751570010382,6.431671298004608,6.071199878166251,13.367225256958205,7.487935072195454,3.905731577003102,6.2580491955482636
2020,1,2,14,9.592742651048258,8.926618969176358,4.756729500270398,4.548081104958821,9.989030174851559,9.95597159814726,6.94086122589689,11.6396846031229,12.551793830001246,11.431940405094625,9.606326922604016,7.881655671954745,4.134880343652851,5.804302388540006,6.379476465070738,6.290142873219521,13.82549678272496,7.976417745294746,4.015088516479536,5.561232179938167
2020,1,2,15,9.703164182132308,9.264342754379399,4.845595056348738,4.43673282549367,9.447955850488574,10.168809589792234,7.128737025494833,11.149184678194855,11.500063614459314,11.661837847105755,8.198616051403286,7.224508350350055,3.836194952213183,6.251307092947143,6.333784782595071,5.903331544317612,13.88330997302451,7.227620081593063,3.919759076664016,6.2193886837230625
2020,1,2,16,9.752257406972882,9.42629316159394,4.903667624533545,4.252831897230242,9.908899921367267,9.51214695456869,7.359313017677559,11.497809448652896,11.930934962248198,11.461032070412701,9.372677860252525,7.057149497069057,3.9616076538722087,5.836557343823544,6.4762906140154275,6.535129146830104,14.441604786951928,7.329016780420768,3.6195881878082092,5.591750835360264
2020,1,2,17,10.122922599400168,9.291268067198313,4.948264617732504,4.432382696345835,9.568302420336407,9.92511636280686,7.497698384410603,11.184103325105886,12.07092364146988,11.995475390747965,8.96193322815107,7.102385382733418,4.37125843782071,6.025462472766585,6.69016766619652,6.472654280541162,13.517293526941234,7.731105657729561,3.8553497140098925,6.119048406062294
2020,1,2,18,9.688066982091142,9.637096435889976,4.6993603444624625,4.389190769125434,9.045832564236035,9.365328853998154,7.673414277703211,11.361037005559988,12.217337035843045,11.060414101876745,9.289180356363739,7.552464125175249,4.031639862675074,6.326401996952269,6.724630975391343,6.026869375843646,14.037269167357403,7.372258035895336,3.9423014148942306,6.243657927640512
2020,1,2,19,9.845225541599795,8.850282544658803,4.809853730132666,4.1102354043684555,9.680284420115898,10.034616420709266,7.122924296713225,11.5704705201373,11.886480964883487,10.729478077817145,8.643152826236243,8.176692655032687,4.1239643474340815,6.382591419754823,6.695976110402759,6.028602304962751,14.712387263904569,7.79935236703489,3.9248053623657504,6.191741160678993
2020,1,2,20,10.4014613819115,8.927801278975414,4.819425155506128,4.31382200988506,9.24753996550127,9.67741440832178,7.278613903947516,11.821898972642188,11.346630810501537,11.11596995594894,8.985363612499892,7.432917165761323,4.382507261536386,5.869508724985025,6.267681311525748,6.154479609932271,14.679022100149366,7.59671862489996,3.7959934592019304,5.96470987605384
2020,1,2,21,10.557627322438343,8.841124184224872,4.742777144868222,4.34741938684238,10.142110738294093,9.715764158460404,7.063977828728077,11.352492471741776,11.525238017979197,11.356617358613631,8.556024428801749,7.458018295996299,4.104964971756965,5.52229896423889,6.241564190946566,6.117730474202345,13.958380118029673,7.398685054313675,3.806026971464029,6.179312940884993
2020,1,2,22,10.404929483688422,8.862952296686974,4.77877006655295,4.260236115848292,10.413457189512094,9.757368010360299,7.573077490773044,12.095111925429732,11.600237978352506,10.88708838215445,8.984453229913704,7.721944245330501,4.218359833034061,5.91247461932124,6.175165793863219,6.371634170675044,14.126122130238587,7.352980735095699,3.7788456058860427,5.885910306781477
2020,1,2,23,10.254077558195995,9.183118658252624,5.0684132633282,4.2456064073205635,9.95506859048446,9.089615131326049,7.165259011660455,11.119724800806374,10.827021263129623,10.983620289027234,9.364869792893888,7.319126077673817,4.182971205040054,6.157831115510079,6.426064631424663,5.862324548117258,13.512512430176706,7.287290503358588,3.6227965589407387,6.454579304436254
2020,1,2,24,9.855938031852933,8.777483083065079,5.159065746490519,4.43757627328926,9.458700696885291,10.235151238213778,7.084987063287741,11.818688928411904,12.318858624552842,11.09684391668474,9.30542987132265,7.4468369224584645,4.034605257887871,6.272831322031671,6.625044137390662,5.864904026218428,14.182167787217788,7.346142370562158,3.8776039421979522,6.31983486559682
2020,1,2,25,10.132888304840153,9.274140102980855,4.83089894490356,4.313320605766647,9.71610216692641,9.802540771708218,7.273598340012396,11.48590976643997,12.354628719163125,11.219961377045456,9.927449531437828,7.387229307648683,4.02525720238141,5.820552257972392,6.242368363727039,6.142281515008041,14.878403617972266,7.107558344769964,4.003109122155629,5.884269835446594
2020,1,2,26,10.586227368526687,9.399589861835262,4.753018661900966,4.604889551876963,9.820100351184305,10.236725896439816,6.770062048434447,10.40248733122638,11.590629770349999,11.062060646568675,8.954320851093891,8.081200322052224,4.282849166375755,5.677135648625734,6.3399684780848595,6.196715164092815,14.748851971978757,7.555685684328105,3.808244079118464,6.453317133981797
2020,1,2,27,10.392187023887631,8.719223297735695,4.87624983116633,4.171257027622969,10.128605722939954,10.207915289875192,7.412641595861489,11.85906620231585,12.741706802862652,11.095561484362312,8.82147001158985,7.514336500118536,4.088240945477402,5.887008605726297,6.55191800425622,6.067693889457528,14.007701261202927,7.919649184190306,3.68926116813736,6.164069238340698
2020,1,2,28,10.482532688068577,8.936523943328167,4.90864784731979,4.353318692906964,9.634315810935895,9.452319435458525,7.165703369604929,10.812137544493702,12.058262622194851,11.28260354961642,9.649514603043848,7.716018554446265,3.924529406798705,5.981968174101059,6.304669448915019,6.29407562300221,14.214160232826975,6.82321866014764,4.036528909375337,5.840074421477609
2020,1,2,29,10.509262958257548,8.980373009021456,5.027581813713517,4.125468176603471,9.865940119993981,9.664694116770285,8.058833829418502,11.112651165290737,12.52031910552146,11.34102485578352,8.515003818496673,7.278248755235545,4.266606895104222,6.618946647772711,6.338084879289481,6.408761544628755,13.607702250150313,7.70323826600834,4.093733981710289,6.402113419508327
2020,1,2,30,9.99145824086915,9.087139247387075,4.8145870355093905,4.3992396260420135,9.055433251235042,9.16409046019345,7.076200277233369,11.61640079735035,12.485641159923828,10.784878728215372,9.213325833596151,7.1503658979769185,3.6225601357970914,6.1356680959822745,6.671394845716741,6.258014426696541,13.498773428078152,7.42756913976734,3.813720070665184,6.5185667832060785
2020,1,2,31,10.380922567401756,9.107189665024467,4.786085154660991,4.092248515449204,9.801327680245308,10.249269940544034,7.178029652726614,10.890102250431855,12.044815512740712,10.194564233812603,9.326577835824995,7.690620597855204,4.347739697261724,6.267326522933918,6.392769137454094,6.166644561878246,13.815895992320906,7.663683918950588,3.7364816254338353,6.053884812654177
2020,1,2,32,9.970482171529971,9.499549406157037,5.371897016572395,4.332545057600572,9.373373877021733,9.89701878532343,7.550844750320716,11.192468709607775,11.12681775895153,10.545801429288536,8.29781687862729,7.567440168046129,4.059042075602262,6.37765294286051,6.202711351202078,6.023781428709369,14.172018845290543,7.183620038765408,3.8596268058650036,6.205996458794222
2020,1,2,33,10.365301701973427,9.526823224837285,4.639017099851866,4.485440708302978,9.724077668751207,9.848772287423165,7.482572986416834,11.519450616225038,12.20621572334546,11.205643608179534,8.743945697577761,7.800355466293348,4.090864334966265,5.998983024317401,6.4113295386566715,6.094650357911352,14.425037099665266,7.302990110394808,3.925732305430595,6.113245384352519
2020,1,2,34,10.621062125856705,8.871108061749135,5.068489748699083,4.292072785748243,9.30433880231467,9.662268395479828,7.556265040176283,10.855226035635651,12.364790167553881,10.681093531043539,8.643389764721322,7.225938626977685,4.103140423627244,6.133377964612973,6.497419916425563,5.744337232237428,13.975724616543287,7.7287452981164275,3.8123204493844276,6.258202968786322
2020,1,2,35,10.753531086131376,9.421201623830715,5.18366890737477,4.113440574454579,9.867219772673742,9.391168328452004,7.17443007603439,11.1184919623984,11.793706623429394,11.119606003037502,9.447369850023705,7.46397436031669,4.307236149729585,6.170650884025644,7.026544818101679,5.787285437486871,14.26701614589778,7.34185245416133,3.638326006976829,6.310915810856914
2020,1,2,36,10.365113597410945,9.671748802069965,4.84248358839656,4.445085308892475,9.955191249950762,10.271446719578195,6.922736226426313,11.06569642953456,12.187701878438604,10.977540676048827,8.907717175683771,7.1056108074804305,4.118050334310026,6.256983591435682,6.77479296400238,6.382356110208174,12.589106438737879,7.5991156081861195,4.0312956821452595,6.357702693414068
2020,1,2,37,10.283798520935132,9.611099233192949,4.97823960255783,4.344879662961483,9.616976812887394,10.553910737840404,8.029986222566198,11.657173710997561,12.095912446100233,11.032198218159527,9.047454806747249,7.343509071756307,4.085847791163426,6.077410600575908,7.202263188773368,6.502643976427514,14.115764215742455,7.183204735824197,3.9197273576778207,5.664356580692952
2020,1,2,38,10.68627267252195,9.24268555539607,4.5640217394474,4.268567062653787,9.371174748332557,10.286626339815893,7.405467593025628,11.928515502859566,11.648038743527048,11.218984259781568,8.552585881638217,7.058546087717334,3.9337743577467275,6.363927606516584,6.114553885099744,5.744348531831523,13.672350971880068,7.298000483760319,4.1226312132974225,5.9896688512734615
2020,1,2,39,9.7741509024827,9.147631590797063,4.897020298397439,4.117363328521784,9.93029629974365,9.70474355432793,7.321121698870003,10.730485313317802,12.061419720523734,11.526462603965191,8.84649529699579,7.406459662996572,3.972821477720704,6.378473108894082,6.742130035194117,6.209249237271879,13.318699404763336,7.5062271335000785,3.8886918781996234,6.352631892573298
2020,1,2,40,10.709797663873232,8.652848920827244,5.119051214209416,4.00726922273694,10.312132518932051,9.922635640912135,7.489487273082609,11.259274114889136,11.863145073839297,10.995408326611903,8.853724832053343,7.883591359916539,4.194590016335924,6.03957290599994,6.783436157386711,5.705858381840219,14.2747752157083,7.475432370103028,4.110745511393909,5.945641115796547
2020,1,2,41,10.177209228243528,9.016074807905333,4.915731127890739,4.66892679235131,10.453615486091744,10.188292060782972,6.877392513002183,10.989060100513383,12.291482965351243,10.544090987105529,9.062897826535425,7.234512520419695,4.125985706967807,6.294314125664184,6.394503635391165,6.476966426315182,14.831754173746464,7.599671313673064,3.8469588139131528,6.2013985359360415
2020,1,2,42,10.180167479534227,8.619717398119173,4.899632025684754,4.184965649616948,9.861171731470247,9.806929066036423,7.123147790043597,11.23830875937858,11.824007496015527,11.139599004192105,9.030796708104743,7.230744163227925,4.365541304144821,6.203935419216474,6.286465530489177,6.072362157945419,14.012483466936587,7.256027616686232,3.7882833384894026,5.892248920466955
2020,1,2,43,9.941671273826408,9.585643103525811,5.231520564043444,4.113050200370027,9.815481373241994,10.530120238982322,6.952912757737926,12.017594815343562,11.765075460510339,11.316512175471642,9.68033517709484,7.441638232534502,3.956266178633102,6.759249297654377,6.575065736208698,6.688743303821142,14.513570907389369,7.356351119591982,3.804441457150764,6.282308546026698
2020,1,2,44,9.64916036932596,9.070841434076744,5.05243605921035,4.337077851531345,9.196752525492025,10.258030764364566,7.3040589403943645,11.394911658027935,11.31649454977278,10.0108776466941,9.395627109102538,7.436505551168911,3.900804997945363,6.327818065433018,6.303466678316341,5.9216804756030506,13.785922513170016,7.641536243082602,4.165399251650698,6.1256248678953344
2020,1,2,45,10.720222959036494,9.135866271371473,5.030747138311767,4.1087405067454865,10.217626212200688,10.85874237494134,6.8556511464572445,10.971587152578556,13.178587441288789,10.684831373620323,8.493027147556043,7.7224391780021335,4.138597989284472,6.203210735995099,6.094478149348246,5.952520621494279,15.171436468956173,7.780854519767023,3.852988555833112,6.264226555030775
2020,1,2,46,10.287887983176763,8.941137751133137,4.733535059413573,4.368513785178335,8.805499126179676,9.846063572900203,7.451161100925344,10.610068483523744,11.890580522871693,11.015602669975056,9.51479232988227,7.102402573353364,4.075586226592052,5.969723246393834,6.024657449575669,6.173538726491633,13.136234529183882,7.109476389573495,4.12771601468348,6.213088003772985
2020,1,2,47,9.974770788975373,8.65040159706204,4.413724374272781,4.514640775619604,10.170157339295965,8.826427642628893,7.599108495678394,11.672947357558986,11.56218978820751,10.79135016726474,9.464522554631863,6.741367821572883,3.893501910000644,5.856052899652715,6.004340267321452,6.296068092740606,13.963608065118606,7.705939269871869,3.810471160127707,5.772652835863786
2020,1,2,48,10.26601779639215,9.428847058442786,4.965154060449475,4.101926160109349,9.717790751495984,9.79823655996147,7.588428392979194,11.018216598223399,12.402138655602515,11.061911791402114,9.16758880145151,7.510707603980344,4.004656683990339,6.23778703545979,6.4462656261775,6.27359292304083,14.441588648339875,7.130167957509626,3.6671103263304863,6.628995349926628
2020,1,2,49,9.987935888805147,9.35164981670304,4.893236185019002,4.231984272285102,8.763129109729594,9.621789190205943,7.383436854511592,10.87597887197827,12.200347905587622,10.728071658325554,9.503165285461822,7.998311570826596,4.204846454296198,5.691406366379983,6.558201133013903,6.313153249553001,14.002865002710013,7.417498935660529,3.990654296099478,5.796477682084486
2020,1,2,50,9.43388297275526,9.509908460668205,5.041369963271119,4.356983014655626,9.838157417579843,9.837665474541303,7.311405635803332,11.360865218011778,12.375344999197079,11.415151277992864,9.582457058195985,7.433575081152248,3.8735911237455802,6.505642653273155,6.137728988514613,6.021482555216417,14.792080127714568,7.439391968061449,3.78251901716376,6.724524741119234
2020,1,2,51,10.052155358286587,8.525014395267887,4.91655012628987,4.074470050322665,9.646697434050639,10.466982928970662,7.134307140978501,11.484336589655634,12.426639828312508,11.025351472394808,8.965013025724167,7.610339282219548,3.9034743217694636,5.605614862333149,6.510272734792663,6.315953228556414,12.857580955486803,7.212966685688487,3.929273368886296,5.587926599571692
2020,1,2,52,9.554496715222882,9.651157464210826,4.9008371906725845,4.127109716806421,9.533208891860466,9.558400636324517,7.385795924699701,11.058921492968652,12.641211402278598,10.210638181595582,8.696598605570713,7.467837154179142,3.9704290032608465,5.857349996047207,6.508472390583508,6.616864606788639,13.95781901906528,7.30411158514009,3.913332867042807,6.133111958711936
2020,1,2,53,10.22059439174417,9.121494607032833,4.898153760446381,4.263164533265776,9.602661118069562,9.445166198471208,7.223746988972481,10.799678703127029,11.594040763977313,11.324625307962851,9.349240906382992,7.7150865433022595,3.973790172145719,6.353187706879315,6.475296523889437,6.271156871974356,13.880349523031017,6.835766033698605,3.9110362659106395,5.772081029671064
2020,1,2,54,10.766519362254357,9.452615089640794,4.674999196402752,4.619096310581108,9.70007988574018,9.517368324637548,6.713000837031884,11.838828173611581,12.180802086264046,11.352578686292091,8.84443880747226,7.403457735313075,4.219287260367623,6.100177126561441,6.560410904791294,5.877598123163966,13.958313173957508,7.569623530292899,4.138117397674869,6.511762015410465
2020,1,2,55,9.864551022019791,8.201088890682982,4.531105414284235,4.137061287710405,9.698931767889563,10.612006856298708,7.076622760768295,11.531271105364226,11.344926275746984,10.986303097651547,9.239334632076964,7.469593195714332,3.9987360986719516,6.15355418230222,6.441780666744791,6.180191040633925,13.132454344431506,7.274674740555286,3.9212950036060352,5.868269369387686
2020,1,2,56,10.444577969560665,9.317983527767433,4.718847773502034,4.234716913877591,9.134452701413515,9.59008796591943,7.485563339541073,11.667631564054888,11.961228871400097,10.193209480390012,8.76306428496059,7.982576616579566,4.356426860519701,5.940841391386879,6.7272231743886275,5.600581025456239,13.856790708031891,7.344037914628576,3.900686830961616,5.848555554450028
2020,1,2,57,9.865131343194147,9.140602164933,4.676382753141365,4.70798556808848,9.863894655897996,9.871550693713878,6.928901050099681,11.064111673241914,12.434660971266602,11.399694593334806,9.49888484707321,7.834514411886706,3.9189386283459946,6.077650946964113,6.546067356442439,6.247129820352101,13.830897403815234,7.187938559905064,3.8270287346661984,6.124812549445845
2020,1,2,58,10.116005433983744,9.086640027936388,4.883190286700726,4.4193983577271645,9.560039119486808,10.49176756359592,6.923197026441723,10.85188131672781,11.676168817152307,10.552935373819624,8.864945274550076,7.284379665552535,4.149241244396297,6.276019728364738,6.066212952874976,5.67113643028665,14.156547220935712,7.570588888868648,3.965647821399111,6.466377872091795
2020,1,2,59,9.768727752777032,9.131519053252772,4.572592497003872,3.9928959616272675,10.323627815570134,10.02949941428872,7.197660438287737,10.985187325659352,13.190417841325793,10.843723897678478,9.06552692081773,7.292203767544674,4.082995213700025,5.905465076257389,6.8567874054150355,6.251000636096118,14.636089365493778,7.410880467065826,3.9513778870871836,6.418091770220652
2020,1,2,60,10.37508415691822,8.948965994860673,4.799026439477745,4.243156744184745,10.041410355227182,8.889080673039576,6.6261466536790765,10.540300527380568,12.118535178137861,10.75004183211843,9.042036498562869,7.31305945010545,4.090083615576378,6.0447952321941845,6.14126568362206,6.0666133161880875,14.08269771191759,7.018211252939334,3.819779954859438,6.061965690717056
2020,1,2,61,10.669559341783232,8.649671894137644,5.2697204043624595,4.383388041993109,10.08510069759679,9.581327485017368,7.467363891202152,11.074187179643852,11.232894526972819,10.36918631566507,8.624734517086951,7.1548931605363295,3.686845637373336,6.110123927794334,6.382577260444164,6.320639533886885,14.254464469757833,7.323269088372606,4.02842513168662,6.03805044242163
2020,1,2,62,10.202211031571293,8.703919888851006,4.877559527479119,4.531022574558802,10.430308343750845,9.515032434237071,7.441703722765603,10.921163077632889,12.45141290724657,11.005433345128804,9.537460539666426,7.326161617276023,3.910039546980485,6.0426607761866205,7.038702750854729,6.088209223453238,14.725401713330147,7.051788090774955,3.8503426053618033,6.244054734684863
2020,1,2,63,10.341153762474415,9.177393752970637,4.901560096638979,4.521802924274726,9.993238655499871,9.089081872353562,7.530509650526956,11.189494122311396,13.185245703720792,11.091965649862615,9.612648684489445,7.455266137661491,4.062171596673468,6.292302303034444,6.51182122467966,6.419928355999212,14.687091544402355,7.362346008110796,3.9722090138951858,6.1021958334480475
2020,1,2,64,10.340397607163482,9.648455386131515,4.895186029937552,4.379123526812744,9.650649594211002,9.58402004722594,7.319825692149574,11.246392855288873,11.026495904542072,11.052641329080005,9.090216087593534,7.25990535655301,3.7673733429931135,6.221095694798314,6.176582085739852,6.215565585147357,12.682983154910682,7.557265069733254,3.67618918298095,6.1361844995650605
2020,1,2,65,10.023606854019935,9.573446345097835,4.9336270317597455,4.405995828795081,8.71398250905764,8.706316776866213,7.008089067355194,11.265104497953017,12.455870874863434,10.910606219070175,8.864901450847478,7.644937742599827,3.6113877010609263,6.083265362105678,6.472749043156365,6.3441744966847615,14.467363979121497,7.413051784170209,4.023986287713697,6.08178302428618
2020,1,2,66,10.653728795400275,9.252021012002793,4.789134803869587,4.060608554361201,9.800990510614437,9.897182402545592,6.898623566534046,10.961568512444511,11.63057232112907,10.674864181772096,9.057096865265825,6.990161847986039,3.8875835009366875,5.691962991360167,6.5201599480995185,5.983060231549925,14.463842015729536,7.484167775988408,3.770615852231411,6.265808917511869
2020,1,2,67,9.9146309481197,8.988346014849462,4.85983590699715,4.164513854645058,10.37950064503335,9.773065351362222,7.415517958462412,10.690886352104176,12.083628524885482,11.649298774232673,8.957618454141388,7.138093440136715,4.144738479824252,6.397614604764538,6.438105890849293,5.970264248980528,13.873129094967704,7.667415924251044,3.9870009856687894,6.226771689089229
2020,1,2,68,9.487504783203736,9.924088586078826,4.78609478578789,4.060908173478578,10.054835299785749,9.493408752537452,7.463254559357199,10.57687070806318,11.475647922489824,11.084304221738579,9.134359112816195,7.689191512357615,4.167624633563177,5.883109947251891,6.2572514772792225,5.737637848153096,13.76303557242152,7.115461791145148,4.0810172505978235,6.488683315399681
2020,1,2,69,9.751138694438287,9.417245749003088,4.600006845555401,4.459720373456298,9.510375698092718,9.063015621752552,6.931503777121446,11.312093988624175,12.523230404006233,10.591017284208514,9.028677811765606,8.06131775777031,3.8894035065349235,6.542814707377032,6.059759120018819,5.799923376183897,13.386956224052321,7.227286210378563,3.9457895444316033,5.960640402508366
2020,1,2,70,10.37363280862728,9.385615927725288,5.121689706566269,4.347693237650685,9.730695113305401,10.315133579116573,6.892640183389394,11.285150955380457,11.955560200544209,11.196582626654207,8.810904134167233,7.56745163327305,4.056620922516742,5.902390882107685,6.089183544924926,6.099977468748639,12.93153328959801,6.826752793152774,4.061100437229358,5.958387691418547
2020,1,2,71,9.967577339266368,8.678940578578569,4.719525309043237,4.301381661937158,9.491619288545676,9.548040310583634,7.250093096503656,10.599373255814637,12.67188421699889,11.16312197662447,9.556435921299888,7.241687609359454,4.1588680343092435,6.170930471258478,6.187622083833854,6.092341448591445,14.496745047027174,7.244690213370556,3.714658373843463,6.093777169778656
2020,1,2,72,10.16186064447321,9.2612640172841,5.205367619840219,4.547617139566156,9.826165706572054,10.199097458589303,7.295261792306539,11.864825991483944,11.611064619200294,11.27354976649613,9.064377866558079,7.158111118967572,4.306318648503139,6.264220979636775,6.717527213458343,6.17413512555311,14.449257806627529,7.175889478955962,3.869275413292557,6.066979537550369
2020,1,2,73,10.027671805567595,8.71364048772648,4.7424976224062245,4.37537096084282,9.509262119954819,9.720997375897984,7.526939482088337,11.599162175615536,12.009733761661028,10.988555475647098,9.849091243656222,7.379224553390501,4.299954161065852,6.060787744957595,6.075315664604576,5.9089419819735625,13.964114210647214,7.548802747316489,3.7815288423958,6.327562359052493
2020,1,2,74,10.197531359511629,9.930904434217432,4.626300473252089,4.478156954382318,10.26635349869765,10.340470299782844,7.447856745582911,10.765757432916104,10.989035046678328,10.72871058380708,9.180797856879149,7.8712247720023205,4.238629071225772,6.185056746188359,6.4265039567771245,6.117785836793365,14.418269407342484,7.492110762773147,3.7795062410165383,5.85836728131256
2020,1,2,75,10.567052154253505,8.859166760992332,5.270980651407338,4.412749102970141,9.754172842473277,9.998560710898301,7.232389420773343,11.343574572223632,13.36811136929872,10.400032300918735,8.994634128726272,7.645770737340366,4.001342248220859,6.039793650080606,6.743945932178642,6.403715472556562,14.594203986159672,7.797994669790024,3.6370689918072165,6.427185888120488
2020,1,2,76,10.742073835591826,8.945050827842994,4.60260619585816,4.429456141630972,9.807476239503872,9.813730309900974,7.556147089033458,11.162932272492059,13.039668515362328,10.76934607163279,9.039495340624173,7.1209759381306785,4.081497350248224,6.570458852711615,6.552965139702254,6.181858078124285,13.01308790521044,7.208813356140566,3.8946235673150067,6.046859606488829
2020,1,2,77,9.73172405046351,8.92946934274195,4.4489974985175404,4.104533778421335,9.385843106990103,9.441997949270005,7.154171450889965,11.34272260837522,13.165421756694123,10.273767039998308,9.008366155635276,7.6002573093007335,4.1012178378513156,6.1582394588999465,6.749835560686802,6.086159341685877,14.159994095416804,7.47305935207696,4.0281965372216835,6.405473755549415
2020,1,2,78,10.501720431175503,9.031818635538322,4.60911544276976,4.450080381527847,9.54524918566045,10.277830399172043,7.166067072187581,11.30160057202336,12.852425399262229,11.135119864412621,9.103856893898474,7.921611161624448,4.0541294450844205,6.0803870198690815,6.236922827399439,6.145954435624615,13.884057859005463,7.574199172780508,4.0787494269306155,6.7357483819935
2020,1,2,79,10.203940887353772,9.413398730888026,4.865172775991946,4.364229799551179,9.25874886560945,9.689873600286441,7.501803710228122,11.525942561305524,11.823573055343545,10.295849864237338,9.224588043387179,7.8455291230079185,3.8643793183637176,6.168506859330036,6.547186323835666,6.378775520556616,14.262586323237533,8.030584369964204,3.718050252834952,6.367594656026858
2020,1,2,80,9.628916647505678,9.168670249094284,4.630369395621574,4.213112528593838,10.257722414489141,9.451684122873074,7.533524949528437,11.888497312528553,12.088418725260217,10.846295417377862,8.732363511884522,7.890396676220357,4.3252961883296965,6.385493687571565,6.680736312439357,6.118726652137724,14.124681425854458,7.484523342769626,3.807621750346728,6.269333586483961
2020,1,2,81,10.324430131722657,9.183082298021596,4.782058073719963,4.4004372299932495,9.508141106654719,9.708697486044302,7.541118682286597,11.35870469443372,12.250973689373119,11.32355843455759,8.7691566912788,7.731489063671097,4.160355528164349,6.20423140892869,6.6271552291896585,5.950191506358156,14.451935491756704,7.342218214007424,3.7670951849661156,6.389413064035511
2020,1,2,82,10.872855960772888,9.431258102987865,4.494237564170904,4.503467276195567,9.769463139441466,9.752115577427766,7.203523941488389,11.463661975712892,12.291184633373325,10.896191779196746,9.427988497678557,7.10743609487548,4.231878007144081,6.1536482405813375,6.614059070954303,5.952609370279298,13.132505894571407,7.393325981705262,3.756476601686964,6.044456026857267
2020,1,2,83,9.825377630811017,8.611136529143492,5.104955218610389,4.266347270195788,9.105988107094129,10.111774179025195,7.276401507089479,11.882050049342268,11.579146807007735,10.976726803978858,9.330159765460644,7.249730842551872,4.197603809019215,5.758269727505545,6.081524304959977,5.944162783347241,14.757058324180896,7.4932753306230335,3.836058078928028,6.180800309751553
2020,1,2,84,10.031654017923666,9.441905132737881,4.974315630634824,4.154747249390607,9.22909894970268,9.034620221889451,7.004179861745929,10.982897844913667,11.554781021570534,11.19791313323422,8.566661393254982,8.01295968451052,4.01865718491008,6.39114289732043,6.5571289143037434,5.938070283590591,13.726503179028168,7.760480211778898,3.885178744573932,5.9519880941810985
2020,1,2,85,9.473928774497143,9.216936439477076,4.644442391788314,4.162652739306913,9.610240256674805,10.70149028464371,7.516803799691137,10.80545489817866,11.462131252006825,11.22864567844986,9.333784068523167,7.389757573703161,3.844339316310395,6.194421803206648,6.511321681108281,6.268356678759822,13.94488369796737,7.231152226358025,3.8370677177813715,5.96754032540146
2020,1,2,86,10.07698837209498,8.909847415484847,4.439037149150188,4.044125995517058,9.58655984793391,9.951236865848486,7.084005060923939,11.52606908458757,11.903194290515703,11.459527315654986,9.450008117378253,6.9233468731265395,4.212371019140082,6.000000552575551,6.34831120982279,6.489751795179925,13.03340799010381,7.147164592231536,3.6658746724645934,6.191907476957592
2020,1,2,87,10.18914788776662,9.215878843925507,4.715297441718217,4.25428043409551,9.802480766183507,9.763944800247785,6.676164747623072,10.675329613771932,11.954821185751205,11.25066432632453,9.234991339912686,7.673384153440745,4.201844325135376,6.188664327844819,6.23217791254369,5.977106384785188,13.962100894172627,8.127864959716916,4.032598259169246,6.139872425907872
2020,1,2,88,10.92361489240024,9.20910900425494,5.019383452149465,4.384287370109713,10.488360955847513,9.943674117444461,7.127609859166079,10.86178061297544,11.890530545559809,11.160213743579046,8.53776505589244,7.8099409043910795,4.136944098893983,6.448698532681238,6.501789894878434,5.8571384783228,14.009983740156,7.024786604870806,3.9097615206008216,6.222002126208061
2020,1,2,89,9.74591068599112,8.205374262089954,5.102851454768025,4.580199493225343,8.924147095403459,9.171649383954762,7.00724719920248,11.90008015128221,12.231491815158867,10.139482018631856,8.653687025861597,7.467580734295534,4.441659658341617,6.283556708410981,6.134482264049386,5.767658316260714,13.975427337724003,7.608131615168069,3.9432366695388295,6.149292754360507
2020,1,2,90,10.514636447891577,9.671703119949953,4.8460485844528405,4.145116188550048,10.087382111447987,9.818629168445124,6.469984599181977,10.453092109884386,11.439944468928537,11.109091416936046,9.125483419366615,7.656419633068796,3.9969282332752902,6.589852232328188,6.276531852807686,6.4960369992562725,13.607462610810963,7.478837358273053,3.9521859990739543,6.047372155019413
2020,1,2,91,10.246039529772714,9.610807834240964,4.794026118452597,4.344715731428058,9.900899158052935,10.02431629772455,7.08917837099683,11.360352588283394,11.695948909075195,11.732686825191074,9.8310620187501,7.243494075245023,4.038086137840345,6.322481341005043,6.627402561937633,6.3113230095812405,13.336205981722456,7.451100358920409,3.9778453095860526,6.342452935802766
2020,1,2,92,11.029014207790206,8.688617976914793,4.778933277604172,4.287048247060174,9.467436622904101,9.655033724593979,7.482705253295762,10.576864608550848,11.741509946833498,11.287664112958671,8.94578238549492,7.352536801844158,4.123366990920776,5.637378506599163,6.6529143902333905,5.910891656182685,14.379827791560082,6.9951235144787285,3.905954578214976,5.965379341397625
2020,1,2,93,10.195235817354574,8.890402411982269,4.951709756045014,4.281694140646961,9.539066872530123,9.974777554846774,7.37567941425064,11.408694335847267,12.506495567762272,11.429484271598808,9.364099490083166,6.949609383933269,4.008221767995824,6.416944638354959,6.50987476193976,6.110514995247559,13.045975177944321,8.153512867076754,3.752726196372844,6.177890188707185
2020,1,2,94,10.103446357368215,9.663932587664139,5.064653511438452,4.021072150259263,10.142371109697066,10.080104127709845,7.37513514885061,12.047085056677293,12.205464225902116,10.705978124858625,8.90716656735308,7.169967638541115,4.051156050271119,5.682870884340112,6.269252716960563,6.417420447017157,14.471397350515394,7.4082825895065225,4.117420201833443,6.3972371967695425
2020,1,2,95,10.467129224912897,9.411221633503079,4.864141214230033,4.109982853211199,9.683262983472092,9.485472420519708,7.669385386564731,10.769688073718134,12.27362204144255,10.97242868562958,9.764353832551583,7.922208313758682,4.258464878436668,6.438936876806885,6.1027550104577015,6.06093641738203,14.97047570079092,7.204775961043231,3.981262459270929,6.2900317581170135
2020,1,2,96,10.322260840981231,9.310142512361052,4.818990969995821,4.594064344235348,9.58243479741796,10.258185409598465,7.087619710356816,10.280040075812087,11.657406888374053,11.251207737883034,9.157842756696569,6.498341686143735,3.983641506931457,6.325109264296911,6.187593447002828,6.286085639544841,15.263361823160812,6.965092734214856,3.7427186481776364,6.109379825856139
2020,1,2,97,10.503199715277391,9.327394927804598,5.04493314550243,4.456082241273087,9.300260332141903,9.74660860493433,6.92319567291713,11.38448524438092,12.129416815864221,11.197714472207677,8.699200543151358,7.3755979885808625,3.994787215324813,6.519334607915988,6.715148237879579,6.038471081915271,13.412505729335797,6.764656874562919,3.744937220865371,5.67703516092376
2020,1,2,98,10.35156739648591,9.304698508630146,5.184579990976479,4.331629374499547,9.382802245905282,10.515238086140895,7.3989760862119525,10.94261252904441,11.734681428201013,11.35046709543548,8.844421883208582,7.331725301082718,4.184039135910123,6.2170511421521475,6.436414759769823,6.004606467235659,14.351522491385289,7.5635551931832365,4.191124517118783,6.033248779589171
2020,1,2,99,9.526754388550588,8.777085899003817,4.836065358039013,4.362296624977587,9.235157152064241,10.281887999993923,7.359247985219371,11.141729139462395,11.751262762162611,10.503508506242603,8.814895572422904,7.6698204788134845,3.873668616152419,6.178767632484237,6.360677413639069,5.432603469249382,13.704694623246978,7.109884132848501,3.8568947275090664,6.63622672398885
2020,1,2,100,10.335723272237601,8.960504679105041,4.908770611625543,4.410539015170496,10.050899748132089,9.928994314392039,6.888125119996225,11.388126305306162,12.28882171798116,10.653683699333678,9.185219595767707,6.852380629872925,4.076158230029889,6.411499063561872,6.428475841195689,5.97808055435058,14.706896354453102,7.277464034402854,3.7769079605878138,6.055756423071413
2020,1,2,101,10.326301755427076,9.533302939097414,4.745105177367351,4.206373292075463,9.402950967224442,9.452892752338323,7.204505654673369,11.477124609854542,11.796451429089089,10.433323605044052,8.88802420637045,7.26289275028279,4.067581294438762,5.8212746090227645,6.561599631608807,5.9461073265081446,14.240596268635322,7.179097108259432,3.799759656374229,6.115203666847779
2020,1,2,102,9.824729572931671,9.408209527836295,4.907866910089469,4.213419562679964,9.24380406149047,9.726570078180984,7.411902350547763,11.481537730998404,12.058692054399788,11.11656971719514,8.961576534274638,7.315339358869943,4.192068675531596,6.118680390857215,6.124453888093996,6.202906286672933,13.856273090029742,7.514610516524075,3.9521534887789316,6.157943681192491
2020,1,2,103,10.24154704710974,9.271702640056343,4.71084124403651,4.17765590439576,9.775278174918085,10.16402611108343,7.335369874002228,11.212050600596145,11.979068721459399,10.92030755954267,9.854448884645642,7.613113872757329,4.220963829437671,6.052626794848873,6.262465746240411,6.137118091564861,13.509622492075142,7.4709802780028385,3.8082700739283664,6.221001550522999
2020,1,2,104,9.380801553227741,8.929956723826868,5.170391473921168,4.312103335404875,9.390510130983376,9.55145286400411,7.468025699156688,11.420010024864787,11.541015036427353,10.917100961267188,8.928227965222385,7.488781011093169,4.063409037837366,6.003885155395167,6.551765054312677,6.124486508590439,13.812921394395888,7.5776567118528915,3.902826904384792,5.956151071928751
2020,1,2,105,10.22766638236146,9.530310402744403,5.065556906499999,4.086038812851165,10.308044209939103,9.939557448404571,7.06053380093559,11.139981157950173,11.83006392145795,10.703171328709956,9.207204048901628,6.995417413236202,4.075504222099727,5.969378423463625,6.447970811261443,6.307931298194206,13.642005421072781,7.588884466718156,4.240722007067342,6.3019122400647625
2020,1,2,106,10.401584024322858,8.813095858741427,5.2320642479023,4.169405588027244,9.723408927736422,9.983716909407818,6.843955615049029,11.076678027153251,11.837815769651503,10.631523413222428,9.042847214041231,7.390155972612817,4.083803192585259,6.1474509621912325,6.66929232591432,5.508287706013559,14.006536056436277,7.14567547368814,3.638140411521335,6.216466377544666
2020,1,2,107,10.51284703599136,9.710587595627974,4.782567112540916,4.369868994096648,9.787074539084376,9.726205702579303,6.990549743473347,11.217069447070116,11.924918274125336,11.003548397648968,9.124683067372262,7.258703587780038,4.03918252538572,6.284350063479201,6.579185697873658,6.064383995240889,14.035425648178439,6.960096358272709,3.81907852486099,5.695043589685023
2020,1,2,108,10.408060587578412,8.90156787475831,5.297294249215061,4.222700898146377,9.788142765603535,9.449039938654831,7.506474066890993,11.483552630562794,11.236485370345608,11.490094025312152,9.386543917097885,7.630571171056516,4.3009044093759785,6.472258007961021,6.189475666611385,5.792092706470785,13.709186174276518,7.312668767750396,3.8916406669471493,5.49399839907992
2020,1,2,109,9.765376254007553,8.84796177408564,4.940009941726614,3.9832467428877685,9.92913764391745,10.394503887006827,7.556191320706661,10.93388064299165,11.756542206279224,11.692562868133288,8.338773765816722,7.41791157192585,4.171639006903958,6.039239667859672,5.534079126033865,5.772215249514363,13.658955303348108,7.508587415304026,3.608199256289531,5.985095734898922
2020,1,2,110,9.530839429968543,9.178628455316353,4.865971125023142,4.218197615933,9.983298914738224,9.955815658508914,7.20699486804862,11.320828815050238,12.551496802266447,11.694111418110747,9.197643216057191,8.015664797910285,4.296690638734428,6.01902411316614,6.4389026181371065,6.005789163304691,14.37204269811336,7.388214903418097,3.9624109919817587,5.820212048696121
2020,1,2,111,10.505433122687924,9.245527022252691,5.138344493956168,4.376625047748606,9.718828758117208,9.65219365650634,7.6946116204928385,11.018291662083275,12.321669215715586,10.796576880722446,9.005107455863747,7.29271508983703,3.946132873146979,5.419512662784328,6.119678804788172,6.081677087419864,14.413020694577948,6.8063071198610094,4.021143373346036,6.192132127425514
2020,1,2,112,10.288255099661376,9.203148707768513,4.692450908805358,4.303042918009786,9.312964869066835,9.4613499588776,7.208570753314767,10.893953934104696,11.91630848172736,10.48207569373964,9.206863707084642,7.321501990942188,4.294233712731617,6.466688257559485,6.516390744949056,6.198516382371221,13.564370529753193,7.373272394541327,3.6665181470764177,6.024866684384492
2020,1,2,113,10.323997298516456,8.68248491378602,4.898708161439948,3.993665752837501,9.647786458334265,10.121303725151247,7.106890454619699,11.69643846748682,11.5383441914229,11.391659809915632,9.068293250327878,7.332229055632167,4.1091105525480165,5.776992432018982,6.7930351201707655,6.182388717787322,13.989591438316966,7.061933611977579,3.8694784069143298,6.231474284241942
2020,1,2,114,10.805142511482906,9.322141433043507,4.861549803142715,4.46002818563637,9.730487941770098,9.743032670000533,6.846132136260669,11.391004728166024,12.158434750892452,11.563705623918546,9.071580029230685,7.433835795632295,4.20147994392525,6.226223684794735,6.123672282288986,5.875530858588894,13.535513314585062,7.362869956636591,3.910553574079428,6.234676043779726
2020,1,2,115,9.473395768992404,9.5266895242919,4.973863316478902,4.240939109983981,9.073690168103823,10.152152666822385,7.2336461366251825,11.395146287681689,12.578538584376169,11.186528060463532,9.250759176807286,7.743930109018358,3.777278068864075,6.180320982948714,6.551864972655136,6.0285281988065185,15.48269921783559,7.640171865338076,3.971364009298267,5.870390373475424
2020,1,2,116,10.854466846182175,9.137825274526756,4.805330278035377,4.341256650034281,8.890177382788673,9.409772624446813,7.563400735038945,10.799936265648123,12.844645037794338,10.992629241862991,8.941464168899811,7.359160167005195,4.3556029542158194,6.350826523077613,6.609034393642751,6.42570499240878,13.492669302193914,6.622685933560793,4.296566579871886,6.027334412338293
2020,1,2,117,9.896614350307622,8.600580220790365,4.78659755961831,4.462156181292755,9.236561891366703,9.888417892055127,7.6237709588184,11.113661394692363,11.85598437365223,10.72684292262916,9.862052490056112,7.373167516962619,4.161614231371743,5.893901830840965,6.475034904723823,6.468687733778671,14.162228934245668,7.799832302192249,3.767006747410678,5.981089996019147
2020,1,2,118,10.45834932506815,9.090072039839018,4.817650620860478,4.261959434887401,8.949900324025844,9.582649108228582,7.565946894279476,11.494099621932168,11.596305772180347,11.269243106229291,8.79083444224929,7.598664985407183,4.394435789404047,6.249123998380345,6.470479498246775,6.001822839274822,14.269781817550125,7.048555749348435,3.9655676418052295,6.344734653734159
2020,1,2,119,10.118946309341476,8.75213299218396,4.835309187669461,3.9560941988721416,9.518556332001934,10.450741731945685,7.400582815976249,11.391492538435651,12.343162778129852,11.256111306608416,9.66897952369131,7.208083847258253,4.271433106192052,6.5067567453008,5.856254921820506,6.098984377977235,13.647049193373313,7.649407280685426,3.862323293033916,6.073473016077232
2020,1,2,120,9.984291282970135,8.459201382674292,4.907544424384834,4.583936040459325,9.407340258961264,9.914061528065325,7.71902818268349,12.375822982035032,12.283750993617726,11.127279199613705,8.688740168606408,7.680677791200349,3.754660125909057,6.1656453850265525,6.403458964900105,5.858568451289921,13.537699450310374,7.603835161665079,3.835818470625702,6.422515468246453
2020,1,2,121,9.513208161578447,8.966528415189192,5.144196948069783,3.90493480182852,9.741875159333222,9.380996998445667,6.974479306495253,11.323107178438379,12.114856859220646,10.51577412941559,9.046280199972102,7.378419660749706,4.3384632670512655,5.894734987651546,6.384498775308089,6.326104970241856,13.863452876441508,7.2677340296973965,3.8846366527600793,6.436126993957025
2020,1,2,122,9.851966317326209,9.76313200627292,4.470156879756119,4.226192341719989,9.982842978318681,10.13554626907962,7.599537951103506,10.925823200468155,11.80211296256169,10.565451159915177,9.256322240069332,7.221132978652207,4.120130688545575,5.750319378223369,6.654888149202739,6.639339696246827,13.535053677375174,7.490082368493959,3.945903984023111,6.083290443924465
2020,1,2,123,10.313405506271264,9.137290507398895,5.042127744626902,4.505151240512313,9.819803563926522,10.252689471677202,7.337239789256009,11.029004463617177,11.475810645046588,10.961403233661445,8.801544991681308,6.940542269137756,4.1945651568301745,6.472657756415074,6.63195163186958,5.946340888592519,14.125841753908595,7.149944367571382,3.8836142962526603,5.97152845353224
2020,1,2,124,10.26805525193906,9.06743110052196,4.7997473628549985,4.16370573646631,9.876144781126019,9.638440221449908,7.31672937227317,10.839825859910984,12.436571162119924,11.4612756377012,8.77631737630226,7.161418489812768,4.178206969132506,6.001513330225819,6.256338596185757,6.362304579763116,13.543650396168593,6.848503505517625,3.924881050981036,5.902221079339816
2020,1,2,125,10.5098177334847,9.427923265467928,4.8571443925126205,4.173838871641287,10.074758275609891,9.453685757879995,6.842612300813441,10.934177465257108,12.544077362416274,11.403092533682118,9.03995667352604,7.429757097723208,4.073410675054146,6.050057355696121,5.901338192879387,6.255455786310138,14.102404373787826,7.691141727375743,3.8696364876657485,6.290149525637403
2020,1,2,126,9.844190026059382,9.39165270846231,4.679496995719796,4.246037394965357,9.580819171999835,8.909246082327885,7.354683519295012,11.26915359107047,11.935432134350783,10.827088657822028,9.470264981690933,7.463989604333033,4.0233962065089655,6.726678777511581,5.978985256235157,6.035631435543252,12.862451582042038,7.15533197759004,3.7366177313974323,6.091902978202696
2020,1,2,127,10.42670326821694,8.630040367392505,4.901184435245186,4.252216957611958,8.695230580865427,10.200350804785469,7.590542416090659,11.016160639624646,12.938374344124993,10.198709151499921,9.1726479803049,7.406512049762888,4.204988957389757,6.33435294590799,6.746598558071339,5.907229116211907,13.567634258118956,7.886243245756315,4.010311871354957,5.938132306485996
2020,1,2,128,10.151067579962376,9.85295285193903,4.8155655635858166,4.135780462599923,9.03009587919102,9.08507198679853,6.637810487012266,11.824246494770597,12.224225959738899,11.590392593998372,9.835595280682154,7.048208817364134,3.953424323309298,6.388775264440629,6.36697012606331,6.678806043422768,13.784618209763357,7.616189951409684,4.041557620828187,6.335933865142864
2020,1,2,129,10.380543953399094,9.240084135720405,4.848134038923216,4.174227459649298,9.900974724412928,9.751261926080115,7.486504936486787,11.61993044128598,12.025054567986338,11.5488691102079,9.349178111508806,7.42819977288557,4.094180485147918,6.509961287457921,6.0171450743286155,6.26263343953903,14.58135901953743,7.107828020957029,4.034494165562257,6.340415382901721
2020,1,2,130,10.332096368254204,9.50003984505352,5.0062620663516455,4.467297877999227,9.783625717285348,9.095938089897587,6.592431367232884,11.612324390237456,11.536829832421416,11.057275067065587,8.975429511148604,7.026280021495917,4.3188765855848645,5.727646256694,6.048900038366025,6.30941278957893,12.983939622038985,7.529542028699203,3.986836502216129,5.884403760734155
2020,1,2,131,9.933332488477893,8.949360405725239,5.01648422728007,4.192159696960584,9.97737093035997,10.474000799973027,6.844256456384546,11.111289379478789,11.2861076446356,10.813494167628788,8.157424841678154,7.111126344164405,3.8900734510103043,6.48384495467506,6.4456775514272815,6.024993035476489,14.589587354200361,7.511687445349371,3.761636575835668,6.204909201522943
2020,1,2,132,10.22640954036301,8.450584024633136,5.170022018611924,4.36925595434469,10.81118306164189,10.291708931320375,7.228248114089973,11.634661596408854,11.861812310904757,10.867535164179223,8.575518544239223,7.816846319382522,4.0570202875542645,6.5171175421724135,6.417616867979385,6.091243345018955,14.390150060866922,7.86322078780515,3.7340564066648754,6.260486073183334
2020,1,2,133,10.310929774851681,9.12469896088513,4.776251306763506,4.126775668548478,9.792641517840122,9.887451933438323,7.714958273334689,11.683738010442555,12.28842243146702,11.412535299340362,9.045628706485102,7.451174504141899,4.280639981212487,5.999811845461637,6.809744414074592,5.780667217425367,13.018831781624142,7.212481564567151,4.024350610048249,6.532758200512739
2020,1,2,134,10.442779095251678,8.763341344567678,5.025679437665114,4.5203603927960385,9.670365316537353,10.179604632196249,7.218441788140733,11.940877251345684,13.240170913432454,11.239027036834653,8.570367973740744,7.618128130726461,3.955731863237492,6.292584911377855,6.366224544603843,6.26135323750372,14.32192576414629,7.288011048312877,3.6951291960794603,6.076080544276185
2020,1,2,135,10.733817620727892,9.597017633164883,5.016120081154141,4.443809927259635,9.841843329531068,9.718490692832011,7.392012506823411,10.981422437017525,12.142528459246114,10.81436392788332,9.072232582872058,7.911280327350527,3.7774251244576535,6.345250528197039,6.485370637031826,5.9853836113883565,13.498595274176422,7.483853832143211,3.7756873942872238,6.1165026859878315
2020,1,2,136,9.867367488287258,8.64794271267698,4.909327563589586,4.267814790647376,9.245293385763874,9.447842237216626,6.991555625241353,11.229592326213943,12.39668674497378,11.971686731331353,9.224341932094719,7.464879775857843,3.7653618732417153,5.93586948355021,6.3760070694056346,5.826914298429442,14.340513837824734,7.361701220185316,4.215380264088188,6.2781849289338645
2020,1,2,137,9.651923872277498,9.177299462696373,5.221969226442083,4.39304642201192,10.0005728858871,9.11498975937085,7.199234718544511,10.887273820540292,11.70908807793727,10.329374240972419,9.035653806093368,7.769959862691411,4.012646750753523,6.332296291668354,6.595926746294301,5.868619441344525,14.373800622913228,6.947266271564127,3.9609830065074956,6.426911213073535
2020,1,2,138,10.64533467039532,9.387358521741556,4.767250515896751,4.543906320675848,9.64091706919273,10.0796748060082,7.239689618134477,12.409352362166068,12.210871642233043,10.737971094921027,9.04345503632001,7.598097347203125,4.365062753310451,5.953608704895525,6.836354793665726,6.662330930934642,14.464984537952498,7.654977737937353,3.906877532421756,6.214470091125359
2020,1,2,139,9.603340918803232,9.32346553149,4.921688259796509,4.111528287573251,10.360862719327526,9.375682210757006,7.728455672623671,11.13374619525641,12.147574265335159,10.747808063786048,9.85859454956281,7.266439452842276,3.964787522778648,6.742205915117851,6.627991659656178,6.00411216702617,13.699692546546698,7.826628991085812,3.594542093174515,6.171614953451764
2020,1,2,140,10.542847888814416,8.983856224189914,4.951826238761006,4.102263496473954,9.085967940658731,10.757545892123064,7.038734358848036,11.79718529825788,11.651821793000268,11.049412664523878,9.166718756333571,7.43866686659302,4.042452721638184,6.148333287009848,6.890250979078872,6.165910810258711,14.402706086100904,7.401473953149312,3.777900118988085,5.979126013657886
2020,1,2,141,9.756083879714142,8.514798029258088,4.65774571578963,4.3472339370756785,9.709213051505484,9.335438718703038,7.064307708518769,11.294688654072436,12.758007027694024,11.501103282661779,9.092293220253021,7.256761323143551,4.098242590151116,6.247399783923465,6.524912535000841,5.7859713619449105,14.88379618512872,6.981873756631395,4.011943074719906,6.037277604388456
2020,1,2,142,9.86928946487903,8.614937364316381,5.13968447899695,4.061678075941807,9.463761985625847,10.165680633626986,7.568138318862299,11.619220173061914,12.044867363139522,11.36743954745846,8.779051614226045,7.66508422218425,4.270499616674486,5.711126383651407,5.9815312280200645,6.030458816325037,13.856826309866557,7.323074292718322,3.6517848286105323,6.080004979617265
2020,1,2,143,10.092253578294258,8.889878295517605,4.871292423845191,4.017231538562712,9.29334226805172,10.268826171309634,7.183984064834161,11.217875537143364,12.645230080197216,11.058494766280004,9.141485115838092,7.780647091003436,4.229751768828357,6.205594224387041,6.176203025646156,5.743302194619304,13.928058183049538,7.08878961761477,3.9446489035993775,6.2880228803284295
2020,1,2,144,9.536510560599552,8.650459328871909,4.97771985312425,4.0084933574332755,9.949227155775429,9.24656075634616,7.288461868831926,11.638857150079657,12.114475022252957,10.418657700367325,8.967675746878966,7.072101505850234,4.064463953047015,6.406938270309422,6.596418450961948,6.166793726380017,14.418574267289857,7.280107168555871,3.6674953204598832,6.226247269208266
2020,1,2,145,9.731445394489617,9.139888929231986,5.201284609710187,4.308601337165614,9.584149043783409,9.594426761067671,7.381919003786435,11.34843855307974,11.949274912516861,11.423107854258374,9.801573690945194,7.218298514818531,4.187620803648434,5.890233051634372,6.325076312413323,5.855108159193003,12.423758391170566,7.410923626068392,3.7852406240679564,5.947836088274635
2020,1,2,146,9.446674646491513,8.887939759550969,4.934227458339543,3.9344357743107237,10.224094366255088,9.68030265265456,7.070886857313005,11.989956954558043,11.731356841317668,10.503108550685473,9.350894695129968,7.374562974012662,4.263113679113141,5.9812177111326355,6.387187660949198,6.270410024821003,13.469727217591814,7.549402267632182,3.637788613340934,6.324357975250793
2020,1,2,147,10.395290586086611,8.693488876179533,4.900050010119303,4.214058634264902,9.501310849244774,11.131179429847496,6.659979702051789,11.361853241686932,11.940089849306062,10.82589039926034,9.662121838382799,7.23741600385118,3.8203889388858685,5.935126424537686,6.179751516139508,5.641415669626372,14.58500094691938,7.769832042737776,3.896887981004284,6.075087243949764
2020,1,2,148,10.119581149780544,8.64586114830398,4.905148078680912,3.695463080504007,9.555007289739518,9.674270606707546,7.56765404340484,10.900010406417687,12.819289898411999,10.96948590342864,9.218913671421602,7.411463362772854,4.0279210907969185,5.826794024854538,6.755721597790611,5.92278602845028,14.10640782445456,7.540887468916303,3.618035573959756,6.07857322690264
2020,1,2,149,10.130117472993266,8.58378929838273,4.695501984912486,4.358185985948921,10.489731295003793,9.325346946368613,7.28932474673667,11.456995735151631,11.674492253706825,10.647359114553241,9.598294947504252,7.590462313239382,3.8931495261937332,5.792306747719918,6.777945807478653,6.362428955522661,13.899331225000159,7.04504068112331,3.869108636206173,6.3043632280523765
2020,1,2,150,10.099535662970224,9.146868425565675,4.817679309714715,4.3696678853160495,9.18290540436423,9.962333539796388,6.885006730190892,11.228534145812082,12.432563063852069,10.638783633735546,8.776707883041652,7.867086390416313,3.9706997447557777,6.360331129533143,6.328214619141426,6.449042033335787,13.492118353522088,7.556998283924103,3.9813096175354405,6.334874934186874
2020,1,2,151,10.117117011312638,8.898439626906995,4.862518716161794,4.246771518587775,9.403166749335863,9.360780788463831,7.481439906048853,10.781423953080115,11.959067468133135,11.393021995029322,9.23395660147572,7.33017562735628,4.195901773803191,5.799555801649147,6.330710465704637,6.077869450474506,14.035091701700278,7.272276969896072,3.913154347040854,6.201081291124224
2020,1,2,152,9.929068980828053,9.176997110698304,4.9113683413041445,4.4856147352147895,8.507672535006959,9.74610483783203,7.8387464901806645,11.394646974100292,12.395348166293143,11.642744120442659,8.824791342636514,7.316196534053462,3.893214443421128,5.672989980321104,6.712546139143385,5.982029532838312,13.722448207431905,7.305467824028592,3.954298510402709,6.574348192133832
2020,1,2,153,10.511574620414509,9.139184601988132,5.161933391143791,4.419457830743492,9.533933979328204,9.592363308614653,7.601740333904073,10.94745127408194,12.210009173188666,10.970176814208504,8.981898492988476,7.593128774999977,4.467341138577891,5.978798085178312,6.653958083229092,6.104730396895622,13.040524435817408,7.352228661687468,3.9171879114090933,5.657776621134719
2020,1,2,154,9.41024730665866,9.093004394262227,5.073971142048414,4.147581696237151,9.975675018483129,9.972599146754229,7.859557313439213,11.118524797326996,11.463966411274422,10.219769453434008,9.157897804027714,7.466102610689846,4.197363779697612,6.121091123989053,5.970058573604221,6.57516769327424,14.750695734080855,7.396103010574084,3.868002569730022,6.352709704202106
2020,1,2,155,9.54005107903525,9.404922245665182,4.777161566952568,4.132838961259773,9.866570465339532,9.550831585579814,6.899286025191675,11.242826430094546,12.190060554419102,11.126201791380387,8.792626638432598,7.014354915896298,3.993926966931168,6.250636722989857,6.560303267152873,6.011169212075306,13.630485563029794,7.654320717036216,3.871490182265092,5.871949774128115
2020,1,2,156,10.674318621715717,8.627290165288667,4.887558871858762,4.434558343137454,9.763449712647379,9.498104971487528,7.328039665932546,10.314155791038125,13.15886688061834,10.696359331092852,8.607954931391768,7.222945645271917,4.068047436472068,5.891993406917265,6.513376543626108,6.0772564302922625,13.867732958043629,7.502549787227643,3.927623339845173,6.112322730393698
2020,1,2,157,10.232434621873248,9.406901284999966,5.1662649059828425,4.400486409739776,9.367190868328953,10.19185311130483,7.358600433081656,11.030721143130343,12.258741861644172,11.161430984601667,9.502413015646004,7.3762836604972195,3.8788259253618853,5.965091275629062,6.43440397245848,5.820503299406275,13.020182257416979,7.007512999139397,3.7125774962788713,6.122451906316495
2020,1,2,158,9.304344718918363,9.311510941857858,4.554793515713964,4.23707181258628,9.633519657345081,9.883124109649602,7.221729601628092,11.639147996607072,12.558863684195076,11.132781868372417,8.528065255322664,7.7139014645506165,3.8483496060115736,6.241006161044569,6.162515943561234,5.911702401916842,13.72007478435514,6.91435641975596,3.820631066655798,6.10432936613226
2020,1,2,159,10.253629296788025,9.095033859735956,4.8476367211991365,3.981712809698346,9.553078689074223,9.781192995902206,7.160497277545042,11.138050857914429,12.25377665157089,10.174624691384224,9.760748992184777,7.81335112280231,4.026510098284116,6.329850172221735,6.168080899429908,6.183508752567272,14.58431456198758,7.547681370193024,4.19797332252852,5.895628289583949
2020,1,2,160,9.480560815507364,8.87127172304342,4.6365562812620595,4.442376140918625,9.705323672926209,9.01787159612969,6.3966874207680355,10.370529660086573,12.491612739350368,10.830925251081355,8.844380496080351,7.162596284740687,4.303611472768021,6.412681403061794,5.595142060878606,6.293493176287509,14.54225704854371,7.514870433322302,3.9573903542067272,5.786312538523618
2020,1,2,161,10.65089831366521,9.182052591346794,5.370301632353622,4.294604469402524,9.775092447575249,10.013172724656117,7.746820203468569,11.187707285099947,11.761994418725696,11.273999488133658,9.349849780187963,7.249610250816403,3.859420057976438,6.226005664967084,6.219020869717938,6.149915034066815,14.034347215314893,7.727448628931046,4.076093206263663,5.6481485807351755
2020,1,2,162,10.496876953149851,9.332063249214183,5.043279801101331,4.273239991872953,9.57123812624624,9.586217621271269,6.786387636468616,11.441217793288127,12.050981468877149,10.961722377050863,9.371266876685302,7.738849029086473,4.291259889041125,5.703756768615492,5.883263966265356,6.2783187609424775,13.669772718685104,7.3273822910739455,3.9349730583426825,6.067705543506517
2020,1,2,163,10.973603008652708,8.654144963962173,4.795043531795963,3.7967434226162946,9.716699791629548,9.878961818314497,7.517895003022403,11.090662473504718,12.536103539744946,10.520213042670676,8.738336125474392,7.341749881134959,4.05918300902102,5.894976796882767,6.248534969141103,5.833236479587358,14.03465865495966,7.438747411208381,3.768464467596427,6.151605347235896
2020,1,2,164,10.003198725469865,9.391187278051996,4.885151011863525,4.3744524857270655,9.669473187309116,9.049395008761081,7.258799751045788,11.10518611883355,11.940184788275108,11.29157778222274,9.310938589612737,7.5871267300760215,4.128598685701248,6.415239890785064,6.489454857079241,5.8091472281003025,14.30376463924399,7.496842812493046,3.8348156984140602,6.263978853598392
2020,1,2,165,9.631431685871815,9.805188645934658,4.731344798888803,4.272710735124518,9.44535900052366,9.878495213266016,7.246768284011852,11.024000225500389,12.629149150545166,10.269745509779625,9.205446035014912,7.422747454098488,4.101506477850061,6.541527725425301,6.088411396806068,6.269503237776607,13.180664598577392,6.898972153714321,3.6115678320501186,6.402709774465281
2020,1,2,166,9.905365637372443,9.143731092955584,5.281834027074229,4.190623971965741,9.738325062283348,9.845625668236421,7.195981365782364,11.503020182661283,11.623694129758146,11.105736292096783,9.37353156113672,7.4893625105056945,4.216246314308029,6.087402895583101,6.726979920423364,5.960682660373911,14.160716758361376,6.881945134830628,4.095545684234855,6.324154036949175
2020,1,2,167,9.91463036885566,9.645458984107346,4.443400109748086,4.139848462733208,9.211553020539105,9.680451003960778,7.313376936599322,10.855290415267438,12.138288738694811,10.765493132225648,9.585023784796924,7.355578593964901,4.269118475528687,6.065903180033639,6.886396107441918,5.7909412163161,14.450034445471708,7.572895753052995,4.021167291244941,6.360294993797666
2020,1,2,168,10.280409723972058,9.341725646824097,4.956229781137402,4.302159076498942,9.77787545852696,9.423891148732533,7.441586711142699,11.469639463424622,11.984407092524526,11.193766361690127,9.440243583607751,7.814275114575905,4.054461039991149,5.864242839702472,6.447240599645279,6.1257173549501065,13.986371074829412,7.465003763236339,3.7522359897321946,5.873751644247404
2020,1,2,169,9.382548763964847,9.264181213503333,4.878224551796159,4.363342921591585,9.276141414650867,10.22585402264363,7.531822833198085,11.104089191200636,13.387761593561814,10.902332924615768,8.825103683758973,7.014696780984411,4.1729604818280635,6.455889917241101,6.542180765675673,6.097283060196107,14.009253183769,7.752638215603977,4.000797242797728,6.38872694957074
2020,1,2,170,10.122110443390735,8.91060397236478,4.690838502382614,4.217698103560318,9.697538701852494,9.478404630617318,7.219077410575096,11.787007693488464,11.920993215807123,11.216705146043344,9.092929332728163,7.360732612684731,4.302339883245288,5.850222296224208,5.9732482334053705,6.0302721641079176,13.612814223235846,7.898885810468921,3.986870775593251,6.210136747318044
2020,1,2,171,9.713456444448248,9.042498389909081,4.8429790684126965,4.378992705508048,9.888172550679315,10.125868010150013,6.905753857137329,11.006486012867715,12.313353359869728,11.601775600768717,8.841321145502299,7.786383905337432,4.222728561946401,6.588183149617651,6.433570034628118,6.462149262875695,14.186836572319947,7.267963187371114,3.8941127178578414,5.8007060252009275
2020,1,2,172,9.916538210751733,8.807890231064441,4.57499903912869,4.085748531644991,9.34792392064354,10.179392503533624,6.895793602741215,10.725679658426554,11.14518387055588,11.308265677409178,8.932089119988788,7.4155839038986935,4.021972016290244,6.088877737123646,6.027742223026223,6.532064226494795,14.922094695922612,7.252635226748708,3.956058427133342,6.380562620529323
2020,1,2,173,10.684345956780607,9.513449740080091,5.19934488581724,4.171404756672554,10.108500617481669,9.444919825291205,7.557140535982796,11.502221595592482,11.544116123079394,11.300286371335538,9.321121714827509,7.444629529128293,4.057646453338496,5.898706215746985,5.946285057003747,6.309697550909729,14.80884764234419,6.957179607719973,3.970637285143508,5.902767278290487
2020,1,2,174,10.530337497143188,8.894533370407574,4.897166030063014,4.400745135243356,10.401827026031919,10.062500988993696,7.176874666048062,11.445616441723852,12.257908796331995,11.259282269501881,9.36395822197308,7.764851681868714,3.9281822872172723,5.673121791788468,6.063284656360388,6.180808013081935,13.697370770042031,7.508804282538641,3.9418354006308616,5.865119204822865
2020,1,2,175,10.419809858899313,9.813696727908985,5.07121606224723,4.2138726331684735,9.455038561532026,9.602224601787773,6.958199855322966,11.409304335611578,11.981974926048649,10.247171589025983,9.355527312720634,7.615934070817234,4.386909854861137,6.042743283073271,6.3472819294388065,6.411857793580396,13.810127703090904,6.750708092042951,3.905589943636279,6.495972417235839
2020,1,2,176,10.382019512813546,9.32830118318765,4.797324426427468,4.577302330830085,9.65124522978968,10.019696402572578,7.040342419767758,11.604428646211698,11.991296166850455,11.038175103349342,9.24792516257013,7.730168108522564,4.139692787484666,6.077981195696081,6.376320194510502,6.1147671194629245,14.785980467346482,7.070835155736952,3.8954363712757747,6.177107313978782
2020,1,2,177,10.017180647067246,9.312057209176988,5.155269568401467,4.330615399900434,10.178038451776983,9.404402677031465,7.228364851721395,10.774581748006561,11.952385393966079,11.121440062367267,9.303814756849766,7.835289499871674,3.8599848211324006,6.030933114461714,6.368117224012523,6.029322401109256,14.353855441434835,7.447178954256158,3.794026781571648,5.863421812247533
2020,1,2,178,10.104636511666277,8.682216217688204,4.8989565484887265,4.083055359001408,9.009247339561508,9.72517595296865,6.883151173668546,10.870414576681291,12.020176636199803,11.24605959744845,8.976377625461865,7.043909468002471,3.9521798273472304,6.110062665394526,6.089410871921636,5.934564795249643,14.34256172666483,7.162482493916309,4.023173198670409,5.986932088004207
2020,1,2,179,9.487428674983724,9.41159409760945,5.102109167392931,4.014352798983664,9.720414150812866,9.800271332992565,7.2465793693483835,11.816885662878343,11.280766455472437,10.96553495589762,9.63679439151127,7.339133538223221,4.064437734730393,6.447408519125161,6.413833936011615,5.886288604322717,13.006099367708522,7.3424510470244515,4.189805622790949,6.377350861267983
2020,1,2,180,9.624596995418994,9.086764983871438,5.003190800636688,4.417556340379261,9.590162942195267,9.758668343409518,7.6192861656305695,11.419912292090002,12.067770482334709,11.317660603431976,9.386981758366813,7.229082845063558,4.309097795290281,6.260042915063562,6.209067901368433,6.301978314843457,14.53321220482686,7.2954413029439795,3.708208616696766,5.824709429676161
2020,1,2,181,10.175593085873418,8.960706391479718,4.88557153323604,4.179146584540137,10.057097899835933,9.919133716245748,7.22116993140705,11.019801339256716,12.003571633182071,10.5807623282986,9.134984273288527,7.57253118135063,4.0583146499231235,6.1564282610756855,6.419594442205298,5.711379135984816,13.862886979537194,7.029152670784247,3.8874583629716057,6.0838225168567535
2020,1,2,182,9.670786359023074,8.92703181595889,5.0877767239564,4.440233851700484,9.612265591471942,9.454077242943855,6.7426235959126775,10.432562252295085,12.626395697179866,11.87978690713753,9.554555419117637,7.78662747723025,4.1883548619007245,6.387804543933794,6.32643157316688,5.931970326322813,14.151115483584679,6.748471299909695,3.780635384388608,6.083680580943255
2020,1,2,183,10.40360650159681,8.712405969089888,5.711175680829758,4.1906043086835085,9.88294787752678,9.554291330428729,7.507468000391421,10.665744625676139,12.514340501384874,11.248419306412496,8.954270411006581,6.725460800581306,3.9726609958567853,5.884934240256272,5.92619352062205,5.9904463738819045,13.624559911734575,7.5623598509686,3.967592092283376,6.784525508321875
2020,1,2,184,10.10414948270508,9.171186585606101,4.6707974732981095,4.324625341276713,9.387816701203823,10.049130330746564,7.577821565911234,10.794509763690288,10.739585932506472,10.59768862218811,9.186402271958142,7.0001703592550495,4.194963648366888,6.28314270043284,6.213160168156095,5.734340770989269,14.945282044001729,7.304024834961947,3.948349333663296,5.761810199820772
2020,1,2,185,10.003773357840087,9.106329499550755,4.868498442035276,4.225700284778042,10.076950876572074,9.609009866922761,7.593124508425815,10.972403964204878,11.753947672506758,11.599289438586302,9.469941593248231,6.853073830127459,4.302413690840688,6.2784972493571605,6.525756902569792,5.98128305338645,13.473421652638125,7.456277781129531,3.9030357060345846,5.771924082030899
2020,1,2,186,9.87851729239832,8.685857692561564,4.638998979684369,4.326937962948382,9.271934919018392,9.575819282212937,7.272737859999248,11.361539276182398,12.98272523917002,10.511582132762953,8.697214046429783,7.214810801293602,4.2187398849496125,6.475286190593076,6.600969360157841,6.099202342961875,15.115163424497645,7.339138631245801,3.7902807000663894,5.9796736497852185
2020,1,2,187,10.30682444704092,9.356323053796272,4.973306237860673,4.408125192261113,10.045586259177382,9.44116749969833,7.9322694365856075,10.611158204613071,12.548621138414473,11.006893087237444,9.95552282097468,7.481756514000616,3.6876444310048018,5.773914252146677,6.0720181781920495,6.3260999695712,14.036251595186974,7.333895956766844,3.8086730763713454,5.961801451985533
2020,1,2,188,10.39877360553601,9.948078759157244,4.93633377975134,4.2864457275221595,9.737035698925208,9.59036960156023,7.46921424966796,10.987402375665946,12.347569181759482,11.053498628038115,8.927322822119045,7.952993436984474,4.064600739501154,5.897177122474236,6.191502016653422,5.953423776205444,13.926318515783118,7.404466473941514,3.764003637363779,6.126941271090225
2020,1,2,189,9.767801301789708,8.645368123670153,5.272302298274921,4.396415333048903,8.793226407781013,9.368776683565073,8.123330130597875,10.657111769940371,11.866283267103336,10.822329188890263,8.97718361129171,7.075007991505485,3.9165356254934425,5.910866018016404,6.272454927684459,6.100889787912663,13.524949402640987,7.2997568119820535,3.6147856297729786,6.003007676747134
2020,1,2,190,9.911917136380069,9.12603441500878,4.841935238300284,3.992148923806206,9.731927700791271,10.055171694421356,7.647881994640352,11.035196163232547,12.468299915048673,10.94900202097821,9.150027177927036,8.183538811809365,4.19936340683078,6.225677202838018,6.6860029470821845,5.713232438680891,13.72702569982677,7.256741029568061,4.0729868215275085,6.325561538685899
2020,1,2,191,10.048052210885874,9.775667489885073,5.0784170474871235,4.354374933801132,9.943130624683226,9.594659790923851,7.603454791413225,12.295031131826855,11.37580068275219,11.030573018084011,9.413308147212085,7.622733154329906,4.101049874533035,6.16356250986581,6.506568694814836,5.780740742173162,13.906159085255842,7.06062430496503,3.9859515494776523,6.139878433880282
2020,1,2,192,10.254263577008127,8.882494119799798,4.485190189217882,4.287110629520187,9.230092608144195,9.346651204016212,7.074907342769674,11.758326761936116,11.835668516640526,10.530358767669517,9.448259568332043,7.633678253903538,4.369557397073168,6.247563549403186,6.059728788097728,5.613732691906761,14.09576095530864,8.08684489001852,4.082480671983535,5.88217007084006
2020,1,2,193,10.249121336098584,9.328789514718856,4.921853425183099,4.238260780338776,9.378561441596373,9.690757142135073,6.980483275447986,11.481888015458768,12.276838675692996,11.123046072287476,9.69092425622117,7.679194581645709,4.035190825609696,5.5940102955755435,6.51243135788335,6.314340410383658,14.322715056213516,7.652661733753178,3.827953271292827,6.06026333996077
2020,1,2,194,10.082879252431306,9.31149141005686,4.721943086419767,3.8735084951718255,9.741941374573798,9.224401976529764,7.2891409724531595,10.989901999271025,12.404123927197846,11.004052682352665,9.1193209042496,7.041034366346614,4.1014724368337445,6.468565851224708,6.710839704738265,5.996727472316923,13.90319481144153,7.795093943438926,3.9582150006944543,6.052375783027038
2020,1,2,195,10.41107581871969,9.408942177431728,5.008052297261963,3.9972877258067725,9.508815409034005,9.435715208338173,7.19974068827317,10.74086606416336,12.21462200605901,11.858275806821268,9.263382061097136,7.2872213315294365,4.06940749244786,6.166255409950639,6.441999113927358,6.130121873487784,14.32226357963123,7.729778098659793,3.750492546480279,6.398370155200408
2020,1,2,196,10.06929468028077,9.839591803293011,5.117450460770201,4.322119464414972,9.835425513580832,10.299500147052614,7.099597585843903,11.185462945317422,12.300446050601174,11.655813610754807,8.580148767750272,7.157669878427063,4.207127938804651,6.243851027483389,6.188724869081689,6.203655951865715,14.683481088413984,7.274191913689674,3.793666465536272,6.3303276494924985
2020,1,2,197,9.558667626860762,8.511217252886262,4.774751907739845,4.343733529683982,9.626198529826905,9.344907728152565,7.21784479605574,10.526915377432804,12.189331435060678,10.68005740240447,8.751085983982001,7.656853574462054,3.9306226381280527,6.199319125801394,6.603398841616783,6.272921252124158,14.613915274093001,7.302878322714989,4.200356621042586,6.2933041868561155
2020,1,2,198,10.665803289913596,9.23755469078907,4.997935081357249,4.353300812678365,9.195013400701837,9.714103207813926,7.198140553092686,11.515371331300411,11.957094958990842,10.940667423641441,9.109277702214612,7.191370023780554,3.925957997734179,5.955420302435405,6.43397425090925,6.563830682141768,14.37163344278124,7.3572012555049415,3.824172916715557,5.940889444291427
2020,1,2,199,10.521130760831692,8.983846132293074,4.822309177035203,4.281928966759095,10.611554421118571,10.632429339647489,7.069834243179502,11.13538410095897,12.759224621399492,10.697455913812172,9.273546011881455,7.398087333503723,3.9974137376077747,6.2354108511101565,6.322931192295056,6.066370970487075,14.300754462564276,7.2491981921607875,4.02922660318831,6.195402838755826
2020,1,2,200,9.566597272050462,9.15297426487773,4.901410350029689,4.0778209179253375,9.575489421056897,9.867566613748389,7.44635013425477,11.212016418644883,13.006581289258296,10.890500136735316,9.125792997771692,7.262331159728569,4.185215850885119,6.127456388481329,6.6148769719365355,5.9034718125461065,13.425568963296387,7.614684141663776,3.9211212646076588,5.837122690252198
2020,1,2,201,10.196569171658107,9.184074358544976,4.972644751820384,4.107036625161791,9.755702164971613,9.570536016880364,7.037461380575312,10.477193329247909,12.085198866198898,11.381005029850323,9.33439644506348,7.889910177818671,4.25953910172559,6.1242115039543705,6.385717691449775,6.246154076886357,14.137347573766458,7.116993513394548,3.6655123093200466,6.278527008967273
2020,1,2,202,10.650970159751344,9.059697513411422,4.695686481523786,3.9218158527107785,10.395671029809003,8.993363581895839,7.243094935768879,11.246743776413666,11.540514132386022,10.957579465332795,9.121912810230526,7.27917577740654,4.074341494600518,6.2293432576307195,6.407328247648987,6.65073384789414,13.41184930623194,7.042431246984801,3.861224595491246,6.416462390137392
2020,1,2,203,10.001070378717106,8.768848034312331,4.696647077880097,4.304518181776576,10.042509844323156,9.835390350972325,6.903167870021789,11.117052285437,11.996006668479037,10.783123266481212,9.057111985021203,7.131718393116606,4.186325536402426,6.083779132714362,6.606469228892159,5.945366057637054,14.59050996694934,6.974887333717634,3.9407848859272407,5.608335180361568
2020,1,2,204,10.436766264013249,8.793825049224576,5.061863782328317,4.609661655774723,9.920046110871308,9.470133720620334,7.284664287476899,10.794865263471776,12.151869081577766,11.269183082593594,10.020459773369556,7.6056530580771815,4.172652156110191,5.776341879847835,6.25873288678566,5.883191352941058,14.182015090060816,7.261013217389861,3.992329807551679,6.098333347490404
2020,1,2,205,10.574017755288708,9.947025908296606,4.759601336048265,4.267423449693062,10.118190650089844,9.988148747306202,7.3140448214332965,11.325155230817217,11.039303171797455,10.1503906512141,9.046420469569002,7.442652494480143,4.080149428357892,6.064479738903193,6.091308504004591,5.455415248334019,14.65371870934164,7.217506670182207,3.604621069766292,6.098078895697109
2020,1,2,206,10.2328864084125,8.660933139770838,5.142569833062377,4.152919860333178,9.92157641711774,9.505873478493145,6.9766156183009835,11.045459288863741,12.7581483707356,10.832686946731256,9.512931025728408,7.882079196716979,4.076261070194345,6.5059095587136495,6.469806781425432,5.573992177782575,14.679287920216618,7.1742695531480605,3.732213759138138,6.342026046583847
2020,1,2,207,10.992147239842144,9.617371982055397,4.544793918910688,4.287556785617937,9.921562158781795,9.878473812925863,7.276069512741069,11.356687718249164,11.800619895105482,11.605677713124294,8.665162421751967,7.553511922063382,4.214295508752593,5.97359984067342,6.784435772727972,6.421405713138606,14.26757906556033,7.381000836204364,3.9303318177764828,5.975877109660508
2020,1,2,208,10.387449826688714,8.788008966530667,5.0751866699010435,4.2599231347609985,9.927667324631852,10.335409527705332,7.227227309912631,11.501987162339375,11.709316239666546,11.626627631286704,9.187755417554653,7.543505397113149,4.402920131782932,6.131820031718324,5.805647383480959,6.034240475841482,13.640884206985007,7.013299938941686,3.73601994469491,5.972458267246451
2020,1,2,209,10.1656084700964,9.202536405843407,4.893765572739468,3.985693404994115,9.64192584222271,10.03249163595239,7.121892507514653,10.737317242930274,11.945323397799365,11.577227784458007,8.895993848119202,7.724825520786563,4.251181209029312,6.312706447156511,6.574074055442037,5.799874256350883,12.762541681301753,7.5747752658060445,4.0713999686359115,6.160184333174048
2020,1,2,210,10.05662490141231,9.88929487655968,4.873842156699502,4.326712810029353,10.124790365681417,9.254943667194574,7.12463360970231,11.272425446309283,11.880806130622176,10.460842411527635,9.866777487421022,7.599500830446977,4.286326777047316,6.62669172000472,6.39560026274048,6.077155213473022,14.324596581316097,7.033550119829757,3.872453884464312,6.269825815281858
2020,1,2,211,10.105143309856162,9.4590267340498,4.920990798479067,4.2645608057153,9.969333130258724,9.804925319686369,7.385577999757735,11.2639570662371,12.137257278039653,10.457545047141805,8.938755980442913,7.699036201429149,4.423120702016838,6.046338451160573,6.250259765071775,6.708679074343474,13.925914523051443,7.011289474619311,3.9576722443373002,6.171582412376213
2020,1,2,212,9.895687583014958,8.640198860015513,4.609211853638803,4.253943804714832,8.81450500551973,10.146690716768983,7.263840882924552,11.782756067034386,12.492304920727765,10.785445360563712,9.131372786861991,7.673920354543545,3.9753659516674005,5.808962822080481,6.221598238111935,6.077434925545875,14.469016125445032,7.1669493745424155,4.083341679838938,6.3368554494622975
2020,1,2,213,9.673346272587985,9.043970533512299,5.111726631279153,4.623815736932698,10.037822986783953,9.176280402641492,7.533548415465129,11.601964715518882,12.727667438670945,11.008252367308092,8.841517637019173,7.363444053008493,4.204303592471333,6.273162258773393,6.617393227380004,6.5417961256028905,14.411775127577812,7.31572814960638,3.6935089019973617,6.289869687123571
2020,1,2,214,9.76014421559418,9.158073079477113,4.8079504846213394,4.2658170085144365,9.399358537983117,10.429535030510454,6.9548382890345115,11.067987523745007,12.492731100238135,10.680113784005421,8.81951693004957,7.1018519929081165,4.32777992555128,5.910349809139049,6.5604044015455285,5.848689343785242,14.355760696068662,7.609574268992889,3.9539262914876603,5.9948374133892735
2020,1,2,215,10.066569112457943,9.545471470605786,4.72889922026638,4.5954264309280095,9.801774894131402,9.82522915905484,7.201181858894098,11.033239578662721,11.653127957991924,10.263083107191937,9.114814034242322,7.408702406819739,4.24319509296489,6.180991950702667,6.121768666880385,6.431350584363459,14.158754931531444,7.334393342435561,3.9030412214929644,6.127230267746659
2020,1,2,216,10.449592598505044,9.184889344101508,5.315724395912577,4.141458076865466,9.05811242143092,9.995437250621784,7.077300127524843,11.291564971046308,12.056984610171371,11.411083863218634,9.275263803651894,6.860488660311116,3.991562122209498,6.256914829157165,6.464536540754862,5.9400434661809305,13.089963105630673,6.884174741551068,3.9077643838642055,6.255954536278718
2020,1,2,217,10.256509971928251,9.109301434674997,4.823881870294526,4.024446581083927,9.480956213825515,9.635786180320245,7.273165729169773,10.719896081099623,12.160503615398666,11.337733542423283,9.529452779174274,7.240906456359398,3.959215257535579,5.991694762358754,6.737297217092996,5.889353228051532,14.728924682256594,7.499814913347301,3.847376806501065,5.9278086399009435
2020,1,2,218,10.1927308139191,9.798276042313208,4.723150398854124,4.144420882883305,9.565974375473449,9.788258896722551,7.333738363104795,10.78724570987754,12.25861039335839,10.742746339385594,8.930905282243009,7.34345476377251,4.3566970406933505,6.042350266714875,6.564883700360048,5.848048231485007,13.315249781323569,7.494160748124555,3.9068509633116317,5.955430388480045
2020,1,2,219,10.982959184382489,9.747071855994538,5.051228488428325,4.484181801291105,9.915834620691152,9.420600619389818,6.91259682899137,11.01430804009461,12.346803076067545,11.316083264425874,8.924788372226649,7.850765541442905,4.157558675801861,6.309009128067386,5.960623203721517,5.997680821166829,13.657187162315235,7.1855828199715805,3.4277923955213936,5.7648179914969
2020,1,2,220,10.805784527636625,9.42376077415015,4.9437114547323375,4.153204152257782,9.479246580158753,10.374763465679779,7.4277248565485205,10.155079472810018,12.147485074382166,11.417965454191677,9.612649223110287,7.416477285511559,4.139545214222461,6.375814669457737,6.551748562955963,6.313615066081984,13.834844335099925,7.4066298117198075,4.0753194368574865,6.410625149721077
2020,1,2,221,9.754726213782078,8.937961403139226,5.089780325063458,4.038841560362771,8.866446167275274,10.470893171024638,7.883312320025294,10.780046107647712,12.067936656648472,9.955323091962395,9.725573396209588,7.987513121664115,4.0927477674713515,6.119634206031272,6.068033143071013,5.959336142935922,14.030470412124533,7.778490525187613,3.67462770095388,6.652376046623562
2020,1,2,222,10.40954513322028,8.19533448549414,4.908475711421247,4.341466175856437,9.517060299112119,10.609086853882342,7.305135130172969,11.075204606295774,12.550954879826108,11.285926317260241,9.11189774438209,7.603222927744423,4.336580813677443,6.150029205859303,6.442428803769556,6.336403550996356,13.841213364992315,7.102064888619427,4.157675931559069,5.956422202617018
2020,1,2,223,9.643464613617942,8.69852306846937,5.079059131364347,4.217466589845111,9.559677940147175,9.080096140351193,7.0037560955923475,12.461751214252194,12.045478980943646,10.975943582684067,9.312982609848861,6.973594988594067,4.24890777260811,5.834192995905787,6.195708014840728,5.902056748615966,13.708494222444386,7.6389870721951905,3.7346922719631888,6.262997102350011
2020,1,2,224,10.232716459894743,8.601441804900428,5.293790098373258,4.381588082436224,9.953270118509526,9.898943780872212,7.170874107871245,10.935181002356373,12.573336000631368,9.896646001650039,9.75324881543724,7.805841668701108,4.059125723256726,6.137682710591906,6.489540275946502,6.056470203372267,14.47026155601498,7.728751347620719,3.727954692345116,6.427818155090766
2020,1,2,225,9.568215814302237,9.145121998974252,4.743850407209693,4.168103503262326,9.764944670697181,9.939030944411257,7.161534323699825,11.520803666010924,12.50382945476895,11.450842974454385,10.111368040257844,7.774706216055026,4.238651256667025,6.013129570691843,6.21562053141499,5.947412729359925,13.273408436193067,7.408096634893905,3.9450261113394385,5.836733725660255
2020,1,2,226,9.878471124217663,9.511495507401836,4.802356579709248,4.124979367257022,9.409757742195293,9.494420947410763,7.061954573817572,11.135446199382969,12.81349710849151,11.0376941388397,9.295853432287103,6.959551601440349,4.118708690750313,6.128049611342497,6.119400282993023,6.516817249290682,13.787781399091896,6.994725033311652,3.9242666019789927,6.207648976014861
2020,1,2,227,10.376933039274931,9.892096899691051,4.578542311891363,4.567464719802871,9.8150255895573,9.915855102648024,7.465369032212552,11.421910944519654,12.215278566185228,10.300238501656553,9.418166444614092,7.679788815507556,4.2321767777877515,6.455375608164953,6.46716462484068,6.202204661491857,12.844370071541622,7.740922166110388,3.9521152777387156,6.447404159674481
2020,1,2,228,9.940233743592778,9.634594734617151,4.9665105363983635,4.140511631766824,10.419459307213025,9.208721448753113,6.726493514794923,10.738358920847658,12.80911406057928,11.17767800368352,9.191269214637689,7.895149467023912,4.311410098704972,5.833649411857467,6.416193485526818,6.145496646736828,13.442026403539968,7.625891559916053,3.938308696278513,6.058517923005441
2020,1,2,229,9.687358954088149,8.907308496796826,4.9166384235619125,4.1400290177263,10.161892662055974,10.345264523590567,7.334695514030875,10.530430854064234,11.962790648567687,11.08239666342366,8.601376170879231,6.820173991045131,4.291807361687424,6.396030775748547,6.596612230179874,6.008635361725415,13.143575246388709,7.517721749363534,3.8602947907927314,6.103999262837232
2020,1,2,230,9.845843091094823,9.2606875458297,5.139256468169914,4.362265137079403,8.966000193640939,9.170983221846225,7.630145803778338,11.842775690277632,12.277216744412367,11.240764175022548,9.269396860587936,7.139590664373581,3.8072573546595683,6.156418068301012,6.251249472383825,5.934741641030781,14.431818150451548,7.34094156212883,3.825034345094298,6.461866046166957
2020,1,2,231,9.742078207526074,9.315090386639548,4.88655367542648,3.805746703924278,10.668531607615837,9.868026774239347,7.6114327842845295,10.62720965077169,12.480367864269443,10.151501273444246,9.64412566281449,7.747326509694144,4.173584766182316,6.102246823118327,5.999950420096075,5.831757800964662,14.124931325499563,7.696922025982894,3.9725381595685505,6.0205632511035425
2020,1,2,232,10.291296334727715,8.595697477573305,4.875673477197488,4.40871434907706,10.167118847260015,10.078577403118103,7.552953989040728,11.890490634060306,11.62024146762355,10.870489048235662,8.867240066832498,7.409777681210717,4.331349247877627,5.896552389390579,6.55942415519291,6.397734310136212,13.56655997466766,7.106221761150959,3.7747169036121715,5.983911927870526
2020,1,2,233,10.611351411103238,8.847195720793838,4.930454923246218,4.5895806481511805,10.323054100756744,9.53586836277841,7.064037557425309,11.057807867198985,11.919546099814537,10.571091536156686,8.464479054369361,7.907437814509904,3.971972992566464,6.177133869999633,6.756352689968229,5.683998385641241,12.22628095032814,7.608569119937419,3.9006414418376276,6.079424444753062
2020,1,2,234,10.044492826330908,9.009604973862686,4.846329564374453,4.431408108603764,9.117287042897411,10.306579007091761,7.678632448962351,10.853048485619583,11.786290776102996,10.931013625954067,9.358748080037879,7.748546069896663,4.4149648859601065,6.639436001548219,6.239101994911058,5.988351057123011,13.164482258474946,7.261697745238336,3.6189674265425853,6.570512111313215
2020,1,2,235,10.541197145954843,9.948614266615035,4.964172259803658,4.104801190533761,9.546592024528492,9.056936236811056,7.362020712883132,10.992527656344832,12.0819032936694,10.255335653003067,8.500387688399867,7.714991357713376,4.191093672793695,5.4863236480073585,6.510908892357328,6.290926888793786,13.403842676841949,6.863056764516103,3.921563436086749,6.320677893130357
2020,1,2,236,9.89212121346204,9.309272728988642,4.936466080204468,4.159248769859115,9.93596582753826,9.758184416749991,7.668683300811104,11.94371619969032,11.851763769597166,10.511068474114586,8.567750720327473,7.816542831037545,4.246348704629792,5.630991808534664,6.307083579737133,5.669214528506557,13.81798146227281,7.060748198637225,3.8974074767869054,6.257685037251848
2020,1,2,237,10.08331394899596,8.685494465833703,4.997616839206997,4.294191574038943,9.271944672580426,9.111008824308918,7.569512860829368,10.910768671386505,12.16141145025756,11.680284674895388,8.544903903560273,7.2212866105610924,4.246201212994712,6.065632195893735,6.8804198537406975,6.119746608755201,14.445173168967925,7.475214457100529,3.8757591394959596,6.255118528711555
2020,1,2,238,10.846712065339736,9.011770234208004,4.847561420103728,4.345729291486758,9.912407448432484,9.46795126202998,7.346862100781471,11.052828139463001,12.072048867544744,11.513929704888126,8.410202539755023,7.373898441964214,3.8696304028624233,6.188735873141295,6.252360386258083,5.8648101405591975,13.213347348694523,7.421738556700707,4.147064396969266,5.853579277175626
2020,1,2,239,10.052253046469593,9.33213553467637,4.999795077684782,4.559683788237257,10.341641490704117,9.5771684565711,7.184592349788655,11.662240214034382,11.97444558818044,11.430354820368867,9.529360979407038,8.049962636032266,4.252391631300535,6.338406922593051,6.3749405322325385,6.082891847447664,13.26265727762912,7.48678774856562,4.114248511844163,6.2649391456894525
2020,1,2,240,10.557577922662277,9.075469146009189,5.012912751248046,4.551962520726827,9.578072809644702,9.553318411200763,7.941739239463413,11.437081550990444,12.182849287211276,11.650012694246328,9.193251512424096,7.361808767115639,4.170233783013876,6.219304693419546,5.870144618593144,6.035448665368683,13.08029587377985,7.2483504696145,4.024117207835241,6.024452942858064
2020,1,2,241,9.832673264791737,9.036954837018834,4.8282903367335726,4.246291183939603,10.368863204258314,10.266830533166745,6.739053243051018,12.157115615918054,11.77925997038851,10.179921970688893,9.894817584467017,7.794724588368819,4.016279164868336,5.709072675880107,6.788589615521108,5.528350826074712,14.021739097391801,7.418452130045088,4.020706589757191,6.0821823784011615
2020,1,2,242,10.116118849608913,9.435983062710928,4.8761706648551835,4.1921426069688215,9.980227113608649,9.311977715246698,7.205273823220928,11.747572864637402,11.692163980045553,10.977813858531988,9.411351181128957,7.407525338498159,4.3551362259836415,6.259379043654409,6.250202849257582,6.231482564641291,12.80369121485624,7.54040397256224,3.898529330231619,6.069647068717415
2020,1,2,243,9.77673381317427,9.681484062367732,4.857728706220728,4.149255493260874,8.985728732178114,9.162736206024471,6.847732759211755,10.911771075743282,11.531802174309874,11.110093130198226,9.89655545110305,7.237223462592326,3.7796001052096964,6.066667640703989,6.7184341048723475,5.83632229322232,13.030251138764047,8.050779139842263,3.92985390743971,6.361382842016551
2020,1,2,244,10.15119501191062,9.613527268033604,4.652042688238101,4.393583599509637,9.370055828391859,9.601693413261213,7.289570972935623,11.809200126062022,11.243724986819947,10.832230928874937,8.907163107487927,7.171050611699987,3.989358930058143,6.325159077916993,6.215520039576595,5.943051044346665,14.284534174832523,7.240970296683455,3.9493082862354023,6.579121812997464
2020,1,2,245,10.22125143411398,9.057459424789274,4.797087980453465,4.468184194709878,10.137784559921839,9.814447961838347,7.359144156051411,10.361357080907158,11.78055974289041,10.183760922007833,9.27521287162161,7.632595788186054,4.327313226810273,5.933608624885947,6.366604362103947,6.0887367953000915,14.874856213524314,7.657889911542719,3.975680592399887,5.908404801271257
2020,1,2,246,10.430697107646466,9.107029970258138,5.040997706473924,4.294865342227721,9.306645068887414,9.966808519326921,7.069023108467354,11.570194771439166,12.370801184699024,11.391630061182148,8.676708037259807,7.857697466740215,4.254617961053576,5.734521514546857,6.1871034211901375,6.167734054171402,14.055902953779007,7.5466196157185665,3.8932060189603153,6.394382786268795
2020,1,2,247,9.889732310351585,9.0542009212491,5.057736255380028,4.282959197640047,10.12650778217904,10.22107686103295,7.090851169484696,10.930448854228109,12.014033632069204,11.274646792488175,9.041255054136935,7.613558866022983,4.001612467712028,5.998616886889416,6.147945113391101,6.185155743911921,13.844075070521473,7.392446790350375,3.966296034515064,6.096756984781981
2020,1,2,248,10.056550902892878,9.554793820225326,4.958402433559996,4.645192408160995,9.944926423670031,8.929917017911837,6.872343284776521,11.491796518863476,12.115704136426414,10.729574656426594,9.66731147622383,7.543200974304819,3.9730693761097013,6.2288163930874205,6.311841346383217,6.2686415918134255,15.241631637420594,6.973429675138162,3.892148996007979,6.327283446018753
2020,1,2,249,10.605656536115259,9.024944642075923,4.693876999889018,4.399668723541725,9.828782895718035,10.43008724581633,7.386773031183462,12.10595433168726,11.913770032828113,11.37488675734549,9.12785222599729,7.1228907201551355,4.063078199113464,6.202406329175245,6.351336413196234,5.476641885393374,13.727662786163728,7.765333382110297,3.9475887530280045,6.215300096508601
2020,1,2,250,9.634680805197412,8.462228594330865,5.083679819575366,3.9314511104474423,9.483294642384008,9.45030916734292,7.12027629478655,10.474410397808965,13.045753324877369,11.057454936710885,9.056794693809056,7.467362661423199,4.153637637962025,6.1129583413545925,6.293511482796638,6.1937572158603675,13.729525443753623,7.429578678043511,4.024612152304646,5.991766736019234
2020,1,2,251,9.121899100695256,9.344491063079662,5.254564031491089,4.277295783352988,9.82438117716857,9.66132826039077,7.378211619609381,11.638745474026123,12.189991871821759,11.281684496426934,9.134567774533497,7.521171524076821,4.03336349633458,5.959392961588641,5.997919659409038,6.079082779133334,13.719349703989362,7.182483545441746,3.780233362184401,5.988063068518419
2020,1,2,252,9.859644662438582,9.361658296591171,5.008269252172577,4.3176848984450995,10.360748060094435,9.779211401083526,7.103606085171752,11.601577573144377,11.83433520009828,10.60029738993816,9.195173038483242,7.20344233292234,4.091839289012915,6.0765846977613025,6.459183881597749,5.941911500288644,14.861754074191271,7.0961194463216435,3.902668401030998,6.090282032966503
2020,1,2,253,10.371365693240868,9.018928023300534,4.891609567681421,4.237005785848792,9.555995757342828,8.921958904741773,7.327351373427341,11.520814700509957,11.597874577274451,11.10777255438101,9.195637778635728,7.597241634465001,4.121078872112422,6.470902305085347,5.886819219046895,6.140240825412728,14.322431579696536,7.433158271273432,3.8939056847713736,6.230693241764103
2020,1,2,254,10.157843983890597,9.8471207229735,4.723093726658717,4.49934020868637,9.944356167131332,9.601158992041373,7.470260172812737,10.78429963260582,12.93965955352936,11.112427716482427,9.630183314235857,7.2607166084118795,4.053207162073519,6.732454966668966,6.300395364654958,6.300162120098371,14.316492234848681,7.080381508086473,3.7240035655310253,6.26457652991866
2020,1,2,255,9.737045654779278,8.968717310515116,4.889422418905636,4.226668027235153,10.486497509886478,10.157855236954731,7.3944897612096785,11.184194695510568,11.430731294589187,10.900841488588323,8.878982849465741,7.3495921888285904,4.03595246968371,6.21282212136484,5.9829574040311515,5.863366666965635,14.203314767146159,7.189014230447444,4.098135448385883,6.8700025397125755
2020,1,2,256,10.153194311697797,9.687430052684014,4.795316932549004,4.114467440323973,9.809302796904367,10.016921543560573,7.316752500743339,10.79199213483931,11.724829446366638,9.825918743107344,9.067077238117891,7.699081534284932,3.9178816395528178,6.359333746352037,6.616714722938999,6.417178871228751,13.764077002203795,7.182341117160863,3.7539230658887663,6.277144026450692
2020,1,2,257,9.97578337460335,8.676536979135195,4.853194191864206,4.161495570465689,9.51693725136569,9.574576887561511,7.225605448471728,11.417438423638387,11.72511303450139,11.07832880355697,9.178489388219473,7.946511128978516,4.106049815117139,5.931093931342338,6.70148371895734,6.355038330054708,13.838935563241995,7.36994259848732,4.104581792742948,5.826593697602202
2020,1,2,258,9.490266687507564,9.268906009629342,5.144430736415251,4.398727571385471,9.512710514747253,9.853413212522002,7.394107473494679,10.638775010503066,12.092992312231686,11.108285412317088,8.81226092925276,7.920403896666695,4.102802310590643,6.4395070745856335,6.537922354708562,6.166380663147119,13.479233881761468,7.533054145931631,3.6736668269958863,6.452095846641369
2020,1,2,259,9.986446336070362,8.871022284857286,5.064969222644577,4.051038421683139,8.898345935255882,9.950526551052548,7.080697271458823,11.028053749201467,12.281786149659611,10.586554807018551,8.9793063398622,7.425146224352827,3.9571080437471253,6.023501880584977,6.265050250677396,5.779133435267072,13.798023481699863,7.262874432760815,3.649725805252975,6.29038501447232
2020,1,2,260,10.425853788842005,9.140762805864368,4.8250445735734235,4.1987101931650495,9.237050590180283,9.669023192504984,7.198856518283086,11.507277625821754,12.1429540889251,11.254593537411743,9.422959629268295,7.632198045086184,4.156513545949334,5.799288770922368,6.197274706394323,6.600199085309278,14.178656706199487,7.293803807774017,3.8299275426626602,6.104904194273106
2020,1,2,261,10.011737536838783,9.44681789431794,4.909343180774278,4.428314984024286,9.838798941142553,9.962624516668448,7.356205246387089,10.895393838547314,11.933169560677218,11.110413431536767,8.841293795733103,7.658130154668583,4.3029518793167725,6.390394005780638,6.321905564006282,6.145547324328637,13.91055743112706,7.388214445188911,3.9438911187183434,5.873674944956757
2020,1,2,262,9.511560707339283,8.958641129497227,4.891203496520511,4.050103341062591,10.084033247090735,9.457337705577528,7.7017508332158675,11.046464761770824,11.433018926346858,11.18296174707699,10.15706015141406,7.656367855604846,4.12071891328452,6.130734795194361,6.372706700949378,6.112466817166932,14.474007038483954,7.13609812650808,3.9430271242561026,6.0766954830089475
2020,1,2,263,10.823183328558095,8.91163652858354,4.8073577323917736,4.105455705030544,9.541995356259864,9.400710265467136,7.0780044887162274,10.817375696294866,13.009134804676641,10.836610781678267,9.741194476887992,7.506421142232157,4.18056928692327,6.449404104628925,6.510012527088269,6.104031162083474,14.167400272107402,7.1835605386027455,4.082898473732695,6.431418070556716
2020,1,2,264,9.722051249271555,9.085936596865603,4.629250418969416,3.9927527636220703,10.079038383531731,9.654090818072689,6.998707547853815,11.339631007688972,12.23812312764806,10.250697407877118,9.207373167166452,7.856831825996767,4.27180609028521,6.310755561785367,6.488354403201774,6.21072041793138,14.126629871672653,7.2188439292279405,3.76255329413616,6.267025947548224
2020,1,2,265,10.275274437320984,10.546218647292642,5.054185900946965,4.129735717846283,10.05462287934325,8.82663806753307,7.338391950762632,11.162577725152378,12.384748524343031,10.260446099676077,9.353183499303183,7.284862013534576,4.104599113802834,5.792722469614277,5.865991524396823,6.301714790072751,13.533475588124478,7.441107542703382,4.02591888465859,6.477074407814636
2020,1,2,266,10.462477308740512,9.241729873657967,5.123434684423998,4.193657582224487,9.408154643361591,10.041092793605978,7.605954556468084,10.895441891554333,11.78234590858968,11.305308146408422,9.424464247773859,7.126735560351777,4.25623467965686,6.153939284194607,6.555872662162345,6.070306755669444,13.33234890715841,7.829750576526984,3.624594699559429,6.464092018729379
2020,1,2,267,10.295063921754753,9.22003449041001,4.773288549199566,4.242518653837302,9.476109792183676,9.80265046071819,7.491212271259202,10.941216121132522,11.96588658761148,10.521307802351725,9.347479379293468,7.5748244726423675,3.7334509985327733,5.889694613557736,6.485226561337897,5.774351966816259,13.388540444551781,6.9898063430590565,3.731971809090151,6.1954131100235745
2020,1,2,268,10.030165556797947,9.32702623215553,4.764346622826238,4.126107800010694,9.184747165581236,9.683328406119866,7.261959371792763,11.295359330810932,12.67792341848054,10.651521348668226,9.177573684664896,7.3755227826384635,3.9943810922654692,6.417641184864018,6.186983260140508,6.327963193240943,14.630253213219087,7.4267268946980005,3.8412417521012348,5.374485117184092
2020,1,2,269,9.388702350318038,8.538273598772,5.0697926869242815,4.21768594022257,9.996322275294926,10.081453552662857,7.611325344139599,10.7492650092862,11.041618756329086,11.372261542085825,10.149047152391095,8.04336774389928,3.9299420225819777,6.129894435525016,6.139548144973067,5.878249505938697,13.051580820723858,7.28881269308895,3.7112555362887996,5.924136241479963
2020,1,2,270,10.599053436181011,9.505245432101471,4.761837878131105,4.4510122409760084,9.708903587235124,9.921441663122865,6.73026591915787,11.204494121593296,12.479634826058227,10.062474210138317,8.879969839695,7.329506496192973,4.340841998983423,5.947981695202751,6.402459481947976,5.8322006249300165,14.126667732612995,7.306398201102843,3.967077318394523,5.767723950235075
2020,1,2,271,9.651844739850626,9.428412706658094,4.620799572441882,4.340377942449883,10.052136676010578,10.185896586045729,7.549162193002034,11.239279869772735,11.99014685767981,10.295683478923108,9.001145089102982,7.778850272872417,4.2134910532552325,5.612747905471863,6.4327194698222785,6.060935598257221,14.126975746023692,7.212759974733127,3.781028157890953,6.491660429559084
2020,1,2,272,10.517954408659323,8.513408654974851,4.805263457863694,4.648849770616051,9.684267111642841,10.3875685416323,7.164432128898595,11.294476166693334,12.311301405327274,11.35003595403664,9.169245045495739,7.610955113994703,3.9123419430682507,6.3937939176413625,6.105184229491012,5.965630709833139,13.636442123750994,7.69217353796076,4.037880367712094,6.270637038641979
2020,1,2,273,10.574154562442342,10.049262574273072,5.157502783515925,4.167863278348488,9.342229152690232,9.899341622872438,7.438455057097286,10.986295813401798,12.916267333176858,11.03983242928359,9.378564838436782,7.0498312923842095,3.9504279694081816,6.025102537267022,6.401601084939725,6.168782220605534,14.000041071468283,6.642540067339897,4.016997513442352,6.0917476223388105
2020,1,2,274,9.629678977879793,9.168673021732587,4.789732502290983,4.2062089631236255,10.010224946336772,9.488876884379398,7.5481578537519,11.49604775830802,11.878354665784231,10.125378199715167,9.87839898777916,7.647042200657076,3.8857358947874787,6.044856970701839,6.433851266079034,6.214986147619022,14.11620557131802,7.0221881153479675,3.7772761093608,6.017055846209245
2020,1,2,275,9.623555560769356,8.758035023555424,4.765287521145919,4.309581824908527,8.938031711642004,10.053448354784056,7.311837526295828,11.656116833274933,10.80096859235143,10.809263039926622,9.142070578204367,7.273934319846026,4.163574786650416,6.227051164113881,6.605919654519424,5.962163046077803,13.372362819790734,7.677097640893996,3.8274297579063306,6.409642768837166
2020,1,2,276,9.965072596724763,9.282563843904455,4.799988872384252,4.195025022554899,9.576546165571528,9.490169426091215,7.275973550446048,11.5150116125468,11.581152987231036,11.080188930570374,9.354247804784613,8.189270931656738,4.1417259068930194,5.892714061083404,6.358353185627373,6.105893310482409,13.577454517158596,7.6991144014865815,3.868245898197972,5.924453186232139
2020,1,2,277,10.496698209769455,8.834281945369547,4.666952633989732,4.278612516608238,9.406773873234107,9.472262404410522,7.141995627368621,11.318584987986872,12.116060737796658,10.51776656019771,9.28368906979811,7.232789865193808,4.040873644465704,5.737864096283483,5.868622664148407,5.958454500366387,13.94497716651644,7.874230168227975,4.092432403157871,5.828490535565189
2020,1,2,278,9.882233712687356,8.577028470208733,4.634325612265021,3.9546177279844805,10.299815170006426,9.655782846856491,7.746531970456324,10.583951410230465,12.908612599201968,10.366346923376648,9.112440006621314,7.192879177283088,3.966582955330785,6.155994057221562,6.4511031891402775,6.262797122630175,13.962248027752194,7.4465856752146085,3.7357700649698633,5.80743033285095
2020,1,2,279,10.162294590731422,9.06761423847739,4.840816475714318,4.21965781080848,10.386878749258265,10.222760515561003,7.3555916627032945,11.976674104636635,11.921775319403485,10.259558987665184,9.596789620102223,6.815438558747147,4.10487539667458,5.881327409811562,5.954802005508363,6.195575738867434,13.22275285653774,7.498246736595225,3.513515738652736,6.170440874192664
2020,1,2,280,9.920949629097715,9.084116805890272,4.617651018941213,4.433545584481058,9.871758688112681,10.063335423987594,7.320146398683286,11.250693445219646,12.859661062395546,11.375226643772312,9.2993485151966,7.239923936478365,4.5315017486591325,6.090059937566442,6.169578041986794,6.250805730119738,14.022024532508953,6.8081351265476036,3.8163548805359895,5.94457670499514
2020,1,2,281,10.442454589012378,8.590164493357994,4.814186155623739,4.60931792321457,9.482693277057285,10.116349851323875,7.693694469167864,11.36438334175495,10.983780388814289,11.461899320254165,9.504226035190472,7.687101285065694,4.0471844732146085,5.897371254691488,6.041636150500658,6.007343498723329,14.043260462969002,7.3572207930252596,3.7393225901716183,6.387849525976024
2020,1,2,282,9.867156518063561,8.881425358974042,4.943711818327973,4.5313841337312555,10.375776452667688,9.818183253232222,7.109776964660461,10.907843049769959,11.865872509160093,11.334883489811446,9.035480987573134,7.160350157478421,4.297035889616676,5.776696769523472,6.512883038703651,6.139204587232485,14.533762866044533,7.521010570214857,3.6442855070239415,6.13963657266302
2020,1,2,283,9.832380950129842,8.788733549610097,4.965885566158256,4.30473436734998,9.436271120937539,9.992683803699583,7.183126128094009,11.127945570610649,12.612549781100457,11.545083360967153,8.944942408380316,7.623749094374618,4.060931727423135,5.7077527801188666,6.109233657849602,6.200388132754688,13.961171847851677,7.212784959509814,3.8763969551470354,5.799128914491366
2020,1,2,284,9.706161444227142,9.036517631807815,4.864627395640487,4.365608165951322,9.170019199933531,10.004985054228072,7.527682342047262,11.753893625889905,12.567003930337751,11.566260717881528,9.01717090533653,7.5468129658151,4.268351185991514,6.133510517800199,6.642011489428702,6.2584314490120745,13.74708461371126,7.3292253226146284,3.699915574112048,6.08046458742298
2020,1,2,285,9.693666988624814,9.405067462932596,4.657657412573852,4.339791404666879,8.935855363378558,9.501164543482775,7.770578585917698,11.575779761347135,11.163191985757729,10.335514191315257,9.252004894037505,7.177137581796602,4.208399932022779,6.376764476633651,6.090902225839052,6.237525822034827,14.40361241237001,7.718933344369689,3.9345792340839894,5.899469817823719
2020,1,2,286,10.555177069928769,9.219396267799851,4.811660519865284,4.188201946956897,9.747190289263866,10.000061782399476,7.268541591400706,11.08462233891934,11.702892510457227,11.443414129452517,9.55142083884729,7.4338403192396205,4.104315138162464,6.347800542452945,5.8723181690561725,6.046564207721976,14.597837252862163,7.785013577322394,3.6953424560507266,6.106301216328207
2020,1,2,287,9.979372952254032,9.155574867574096,4.959712180436326,4.118838843246603,9.041524453644397,9.76861879097906,7.36781324530568,11.910265433045126,12.042764322429086,11.052118297254914,9.909451534553671,7.187349449474297,4.214195002375101,6.114903714644622,6.297833235962351,5.796972960044725,13.19652204694424,7.430011059165872,4.340716238414368,6.402892939020127
2020,1,2,288,9.739153069850161,8.498280233460822,5.01361079978594,4.325704911859121,10.258394949262302,9.61189090549956,6.794616056362783,10.771243376025685,11.78811550053053,11.838745491134713,9.206667578881117,7.726898507579075,4.305679510701786,6.456974710937457,6.047477134583952,6.198343009267429,13.678557270345888,7.341393378171961,4.046599160831918,6.097615823306504
