Year,Month,Day,Period,308_RTPV_1,313_RTPV_1,313_RTPV_2,313_RTPV_3,313_RTPV_4,313_RTPV_5,313_RTPV_6,313_RTPV_7,313_RTPV_8,313_RTPV_9,313_RTPV_10,313_RTPV_11,313_RTPV_12,320_RTPV_1,320_RTPV_2,320_RTPV_3,313_RTPV_13,320_RTPV_4,320_RTPV_5,118_RTPV_1,118_RTPV_2,118_RTPV_3,118_RTPV_4,118_RTPV_5,118_RTPV_6,320_RTPV_6,118_RTPV_7,118_RTPV_8,118_RTPV_9,118_RTPV_10,213_RTPV_1
2020,1,1,1,0.0,0.0,0.0,0.0,0.0,0.0,0.0,0.0,0.0,0.0,0.0,0.0,0.0,0.0,0.0,0.0,0.0,0.0,0.0,0.0,0.0,0.0,0.0,0.0,0.0,0.0,0.0,0.0,0.0,0.0,0.0
2020,1,1,2,0.0,0.0,0.0,0.0,0.0,0.0,0.0,0.0,0.0,0.0,0.0,0.0,0.0,0.0,0.0,0.0,0.0,0.0,0.0,0.0,0.0,0.0,0.0,0.0,0.0,0.0,0.0,0.0,0.0,0.0,0.0
2020,1,1,3,0.0,0.0,0.0,0.0,0.0,0.0,0.0,0.0,0.0,0.0,0.0,0.0,0.0,0.0,0.0,0.0,0.0,0.0,0.0,0.0,0.0,0.0,0.0,0.0,0.0,0.0,0.0,0.0,0.0,0.0,0.0
2020,1,1,4,0.0,0.0,0.0,0.0,0.0,0.0,0.0,0.0,0.0,0.0,0.0,0.0,0.0,0.0,0.0,0.0,0.0,0.0,0.0,0.0,0.0,0.0,0.0,0.0,0.0,0.0,0.0,0.0,0.0,0.0,0.0
2020,1,1,5,0.0,0.0,0.0,0.0,0.0,0.0,0.0,0.0,0.0,0.0,0.0,0.0,0.0,0.0,0.0,0.0,0.0,0.0,0.0,0.0,0.0,0.0,0.0,0.0,0.0,0.0,0.0,0.0,0.0,0.0,0.0
2020,1,1,6,0.0,0.0,0.0,0.0,0.0,0.0,0.0,0.0,0.0,0.0,0.0,0.0,0.0,0.0,0.0,0.0,0.0,0.0,0.0,0.0,0.0,0.0,0.0,0.0,0.0,0.0,0.0,0.0,0.0,0.0,0.0
2020,1,1,7,0.0,0.0,0.0,0.0,0.0,0.0,0.0,0.0,0.0,0.0,0.0,0.0,0.0,0.0,0.0,0.0,0.0,0.0,0.0,0.0,0.0,0.0,0.0,0.0,0.0,0.0,0.0,0.0,0.0,0.0,0.0
2020,1,1,8,0.0,0.0,0.0,0.0,0.0,0.0,0.0,0.0,0.0,0.0,0.0,0.0,0.0,0.0,0.0,0.0,0.0,0.0,0.0,0.0,0.0,0.0,0.0,0.0,0.0,0.0,0.0,0.0,0.0,0.0,0.0
2020,1,1,9,0.0,0.0,0.0,0.0,0.0,0.0,0.0,0.0,0.0,0.0,0.0,0.0,0.0,0.0,0.0,0.0,0.0,0.0,0.0,0.0,0.0,0.0,0.0,0.0,0.0,0.0,0.0,0.0,0.0,0.0,0.0
2020,1,1,10,0.0,0.0,0.0,0.0,0.0,0.0,0.0,0.0,0.0,0.0,0.0,0.0,0.0,0.0,0.0,0.0,0.0,0.0,0.0,0.0,0.0,0.0,0.0,0.0,0.0,0.0,0.0,0.0,0.0,0.0,0.0
2020,1,1,11,0.0,0.0,0.0,0.0,0.0,0.0,0.0,0.0,0.0,0.0,0.0,0.0,0.0,0.0,0.0,0.0,0.0,0.0,0.0,0.0,0.0,0.0,0.0,0.0,0.0,0.0,0.0,0.0,0.0,0.0,0.0
2020,1,1,12,0.0,0.0,0.0,0.0,0.0,0.0,0.0,0.0,0.0,0.0,0.0,0.0,0.0,0.0,0.0,0.0,0.0,0.0,0.0,0.0,0.0,0.0,0.0,0.0,0.0,0.0,0.0,0.0,0.0,0.0,0.0
2020,1,1,13,0.0,0.0,0.0,0.0,0.0,0.0,0.0,0.0,0.0,0.0,0.0,0.0,0.0,0.0,0.0,0.0,0.0,0.0,0.0,0.0,0.0,0.0,0.0,0.0,0.0,0.0,0.0,0.0,0.0,0.0,0.0
2020,1,1,14,0.0,0.0,0.0,0.0,0.0,0.0,0.0,0.0,0.0,0.0,0.0,0.0,0.0,0.0,0.0,0.0,0.0,0.0,0.0,0.0,0.0,0.0,0.0,0.0,0.0,0.0,0.0,0.0,0.0,0.0,0.0
2020,1,1,15,0.0,0.0,0.0,0.0,0.0,0.0,0.0,0.0,0.0,0.0,0.0,0.0,0.0,0.0,0.0,0.0,0.0,0.0,0.0,0.0,0.0,0.0,0.0,0.0,0.0,0.0,0.0,0.0,0.0,0.0,0.0
2020,1,1,16,0.0,0.0,0.0,0.0,0.0,0.0,0.0,0.0,0.0,0.0,0.0,0.0,0.0,0.0,0.0,0.0,0.0,0.0,0.0,0.0,0.0,0.0,0.0,0.0,0.0,0.0,0.0,0.0,0.0,0.0,0.0
2020,1,1,17,0.0,0.0,0.0,0.0,0.0,0.0,0.0,0.0,0.0,0.0,0.0,0.0,0.0,0.0,0.0,0.0,0.0,0.0,0.0,0.0,0.0,0.0,0.0,0.0,0.0,0.0,0.0,0.0,0.0,0.0,0.0
2020,1,1,18,0.0,0.0,0.0,0.0,0.0,0.0,0.0,0.0,0.0,0.0,0.0,0.0,0.0,0.0,0.0,0.0,0.0,0.0,0.0,0.0,0.0,0.0,0.0,0.0,0.0,0.0,0.0,0.0,0.0,0.0,0.0
2020,1,1,19,0.0,0.0,0.0,0.0,0.0,0.0,0.0,0.0,0.0,0.0,0.0,0.0,0.0,0.0,0.0,0.0,0.0,0.0,0.0,0.0,0.0,0.0,0.0,0.0,0.0,0.0,0.0,0.0,0.0,0.0,0.0
2020,1,1,20,0.0,0.0,0.0,0.0,0.0,0.0,0.0,0.0,0.0,0.0,0.0,0.0,0.0,0.0,0.0,0.0,0.0,0.0,0.0,0.0,0.0,0.0,0.0,0.0,0.0,0.0,0.0,0.0,0.0,0.0,0.0
2020,1,1,21,0.0,0.0,0.0,0.0,0.0,0.0,0.0,0.0,0.0,0.0,0.0,0.0,0.0,0.0,0.0,0.0,0.0,0.0,0.0,0.0,0.0,0.0,0.0,0.0,0.0,0.0,0.0,0.0,0.0,0.0,0.0
2020,1,1,22,0.0,0.0,0.0,0.0,0.0,0.0,0.0,0.0,0.0,0.0,0.0,0.0,0.0,0.0,0.0,0.0,0.0,0.0,0.0,0.0,0.0,0.0,0.0,0.0,0.0,0.0,0.0,0.0,0.0,0.0,0.0
2020,1,1,23,0.0,0.0,0.0,0.0,0.0,0.0,0.0,0.0,0.0,0.0,0.0,0.0,0.0,0.0,0.0,0.0,0.0,0.0,0.0,0.0,0.0,0.0,0.0,0.0,0.0,0.0,0.0,0.0,0.0,0.0,0.0
2020,1,1,24,0.0,0.0,0.0,0.0,0.0,0.0,0.0,0.0,0.0,0.0,0.0,0.0,0.0,0.0,0.0,0.0,0.0,0.0,0.0,0.0,0.0,0.0,0.0,0.0,0.0,0.0,0.0,0.0,0.0,0.0,0.0
2020,1,1,25,0.0,0.0,0.0,0.0,0.0,0.0,0.0,0.0,0.0,0.0,0.0,0.0,0.0,0.0,0.0,0.0,0.0,0.0,0.0,0.0,0.0,0.0,0.0,0.0,0.0,0.0,0.0,0.0,0.0,0.0,0.0
2020,1,1,26,0.0,0.0,0.0,0.0,0.0,0.0,0.0,0.0,0.0,0.0,0.0,0.0,0.0,0.0,0.0,0.0,0.0,0.0,0.0,0.0,0.0,0.0,0.0,0.0,0.0,0.0,0.0,0.0,0.0,0.0,0.0
2020,1,1,27,0.0,0.0,0.0,0.0,0.0,0.0,0.0,0.0,0.0,0.0,0.0,0.0,0.0,0.0,0.0,0.0,0.0,0.0,0.0,0.0,0.0,0.0,0.0,0.0,0.0,0.0,0.0,0.0,0.0,0.0,0.0
2020,1,1,28,0.0,0.0,0.0,0.0,0.0,0.0,0.0,0.0,0.0,0.0,0.0,0.0,0.0,0.0,0.0,0.0,0.0,0.0,0.0,0.0,0.0,0.0,0.0,0.0,0.0,0.0,0.0,0.0,0.0,0.0,0.0
2020,1,1,29,0.0,0.0,0.0,0.0,0.0,0.0,0.0,0.0,0.0,0.0,0.0,0.0,0.0,0.0,0.0,0.0,0.0,0.0,0.0,0.0,0.0,0.0,0.0,0.0,0.0,0.0,0.0,0.0,0.0,0.0,0.0
2020,1,1,30,0.0,0.0,0.0,0.0,0.0,0.0,0.0,0.0,0.0,0.0,0.0,0.0,0.0,0.0,0.0,0.0,0.0,0.0,0.0,0.0,0.0,0.0,0.0,0.0,0.0,0.0,0.0,0.0,0.0,0.0,0.0
2020,1,1,31,0.0,0.0,0.0,0.0,0.0,0.0,0.0,0.0,0.0,0.0,0.0,0.0,0.0,0.0,0.0,0.0,0.0,0.0,0.0,0.0,0.0,0.0,0.0,0.0,0.0,0.0,0.0,0.0,0.0,0.0,0.0
2020,1,1,32,0.0,0.0,0.0,0.0,0.0,0.0,0.0,0.0,0.0,0.0,0.0,0.0,0.0,0.0,0.0,0.0,0.0,0.0,0.0,0.0,0.0,0.0,0.0,0.0,0.0,0.0,0.0,0.0,0.0,0.0,0.0
2020,1,1,33,0.0,0.0,0.0,0.0,0.0,0.0,0.0,0.0,0.0,0.0,0.0,0.0,0.0,0.0,0.0,0.0,0.0,0.0,0.0,0.0,0.0,0.0,0.0,0.0,0.0,0.0,0.0,0.0,0.0,0.0,0.0
2020,1,1,34,0.0,0.0,0.0,0.0,0.0,0.0,0.0,0.0,0.0,0.0,0.0,0.0,0.0,0.0,0.0,0.0,0.0,0.0,0.0,0.0,0.0,0.0,0.0,0.0,0.0,0.0,0.0,0.0,0.0,0.0,0.0
2020,1,1,35,0.0,0.0,0.0,0.0,0.0,0.0,0.0,0.0,0.0,0.0,0.0,0.0,0.0,0.0,0.0,0.0,0.0,0.0,0.0,0.0,0.0,0.0,0.0,0.0,0.0,0.0,0.0,0.0,0.0,0.0,0.0
2020,1,1,36,0.0,0.0,0.0,0.0,0.0,0.0,0.0,0.0,0.0,0.0,0.0,0.0,0.0,0.0,0.0,0.0,0.0,0.0,0.0,0.0,0.0,0.0,0.0,0.0,0.0,0.0,0.0,0.0,0.0,0.0,0.0
2020,1,1,37,0.0,0.0,0.0,0.0,0.0,0.0,0.0,0.0,0.0,0.0,0.0,0.0,0.0,0.0,0.0,0.0,0.0,0.0,0.0,0.0,0.0,0.0,0.0,0.0,0.0,0.0,0.0,0.0,0.0,0.0,0.0
2020,1,1,38,0.0,0.0,0.0,0.0,0.0,0.0,0.0,0.0,0.0,0.0,0.0,0.0,0.0,0.0,0.0,0.0,0.0,0.0,0.0,0.0,0.0,0.0,0.0,0.0,0.0,0.0,0.0,0.0,0.0,0.0,0.0
2020,1,1,39,0.0,0.0,0.0,0.0,0.0,0.0,0.0,0.0,0.0,0.0,0.0,0.0,0.0,0.0,0.0,0.0,0.0,0.0,0.0,0.0,0.0,0.0,0.0,0.0,0.0,0.0,0.0,0.0,0.0,0.0,0.0
2020,1,1,40,0.0,0.0,0.0,0.0,0.0,0.0,0.0,0.0,0.0,0.0,0.0,0.0,0.0,0.0,0.0,0.0,0.0,0.0,0.0,0.0,0.0,0.0,0.0,0.0,0.0,0.0,0.0,0.0,0.0,0.0,0.0
2020,1,1,41,0.0,0.0,0.0,0.0,0.0,0.0,0.0,0.0,0.0,0.0,0.0,0.0,0.0,0.0,0.0,0.0,0.0,0.0,0.0,0.0,0.0,0.0,0.0,0.0,0.0,0.0,0.0,0.0,0.0,0.0,0.0
2020,1,1,42,0.0,0.0,0.0,0.0,0.0,0.0,0.0,0.0,0.0,0.0,0.0,0.0,0.0,0.0,0.0,0.0,0.0,0.0,0.0,0.0,0.0,0.0,0.0,0.0,0.0,0.0,0.0,0.0,0.0,0.0,0.0
2020,1,1,43,0.0,0.0,0.0,0.0,0.0,0.0,0.0,0.0,0.0,0.0,0.0,0.0,0.0,0.0,0.0,0.0,0.0,0.0,0.0,0.0,0.0,0.0,0.0,0.0,0.0,0.0,0.0,0.0,0.0,0.0,0.0
2020,1,1,44,0.0,0.0,0.0,0.0,0.0,0.0,0.0,0.0,0.0,0.0,0.0,0.0,0.0,0.0,0.0,0.0,0.0,0.0,0.0,0.0,0.0,0.0,0.0,0.0,0.0,0.0,0.0,0.0,0.0,0.0,0.0
2020,1,1,45,0.0,0.0,0.0,0.0,0.0,0.0,0.0,0.0,0.0,0.0,0.0,0.0,0.0,0.0,0.0,0.0,0.0,0.0,0.0,0.0,0.0,0.0,0.0,0.0,0.0,0.0,0.0,0.0,0.0,0.0,0.0
2020,1,1,46,0.0,0.0,0.0,0.0,0.0,0.0,0.0,0.0,0.0,0.0,0.0,0.0,0.0,0.0,0.0,0.0,0.0,0.0,0.0,0.0,0.0,0.0,0.0,0.0,0.0,0.0,0.0,0.0,0.0,0.0,0.0
2020,1,1,47,0.0,0.0,0.0,0.0,0.0,0.0,0.0,0.0,0.0,0.0,0.0,0.0,0.0,0.0,0.0,0.0,0.0,0.0,0.0,0.0,0.0,0.0,0.0,0.0,0.0,0.0,0.0,0.0,0.0,0.0,0.0
2020,1,1,48,0.0,0.0,0.0,0.0,0.0,0.0,0.0,0.0,0.0,0.0,0.0,0.0,0.0,0.0,0.0,0.0,0.0,0.0,0.0,0.0,0.0,0.0,0.0,0.0,0.0,0.0,0.0,0.0,0.0,0.0,0.0
2020,1,1,49,0.0,0.0,0.0,0.0,0.0,0.0,0.0,0.0,0.0,0.0,0.0,0.0,0.0,0.0,0.0,0.0,0.0,0.0,0.0,0.0,0.0,0.0,0.0,0.0,0.0,0.0,0.0,0.0,0.0,0.0,0.0
2020,1,1,50,0.0,0.0,0.0,0.0,0.0,0.0,0.0,0.0,0.0,0.0,0.0,0.0,0.0,0.0,0.0,0.0,0.0,0.0,0.0,0.0,0.0,0.0,0.0,0.0,0.0,0.0,0.0,0.0,0.0,0.0,0.0
2020,1,1,51,0.0,0.0,0.0,0.0,0.0,0.0,0.0,0.0,0.0,0.0,0.0,0.0,0.0,0.0,0.0,0.0,0.0,0.0,0.0,0.0,0.0,0.0,0.0,0.0,0.0,0.0,0.0,0.0,0.0,0.0,0.0
2020,1,1,52,0.0,0.0,0.0,0.0,0.0,0.0,0.0,0.0,0.0,0.0,0.0,0.0,0.0,0.0,0.0,0.0,0.0,0.0,0.0,0.0,0.0,0.0,0.0,0.0,0.0,0.0,0.0,0.0,0.0,0.0,0.0
2020,1,1,53,0.0,0.0,0.0,0.0,0.0,0.0,0.0,0.0,0.0,0.0,0.0,0.0,0.0,0.0,0.0,0.0,0.0,0.0,0.0,0.0,0.0,0.0,0.0,0.0,0.0,0.0,0.0,0.0,0.0,0.0,0.0
2020,1,1,54,0.0,0.0,0.0,0.0,0.0,0.0,0.0,0.0,0.0,0.0,0.0,0.0,0.0,0.0,0.0,0.0,0.0,0.0,0.0,0.0,0.0,0.0,0.0,0.0,0.0,0.0,0.0,0.0,0.0,0.0,0.0
2020,1,1,55,0.0,0.0,0.0,0.0,0.0,0.0,0.0,0.0,0.0,0.0,0.0,0.0,0.0,0.0,0.0,0.0,0.0,0.0,0.0,0.0,0.0,0.0,0.0,0.0,0.0,0.0,0.0,0.0,0.0,0.0,0.0
2020,1,1,56,0.0,0.0,0.0,0.0,0.0,0.0,0.0,0.0,0.0,0.0,0.0,0.0,0.0,0.0,0.0,0.0,0.0,0.0,0.0,0.0,0.0,0.0,0.0,0.0,0.0,0.0,0.0,0.0,0.0,0.0,0.0
2020,1,1,57,0.0,0.0,0.0,0.0,0.0,0.0,0.0,0.0,0.0,0.0,0.0,0.0,0.0,0.0,0.0,0.0,0.0,0.0,0.0,0.0,0.0,0.0,0.0,0.0,0.0,0.0,0.0,0.0,0.0,0.0,0.0
2020,1,1,58,0.0,0.0,0.0,0.0,0.0,0.0,0.0,0.0,0.0,0.0,0.0,0.0,0.0,0.0,0.0,0.0,0.0,0.0,0.0,0.0,0.0,0.0,0.0,0.0,0.0,0.0,0.0,0.0,0.0,0.0,0.0
2020,1,1,59,0.0,0.0,0.0,0.0,0.0,0.0,0.0,0.0,0.0,0.0,0.0,0.0,0.0,0.0,0.0,0.0,0.0,0.0,0.0,0.0,0.0,0.0,0.0,0.0,0.0,0.0,0.0,0.0,0.0,0.0,0.0
2020,1,1,60,0.0,0.0,0.0,0.0,0.0,0.0,0.0,0.0,0.0,0.0,0.0,0.0,0.0,0.0,0.0,0.0,0.0,0.0,0.0,0.0,0.0,0.0,0.0,0.0,0.0,0.0,0.0,0.0,0.0,0.0,0.0
2020,1,1,61,0.0,0.0,0.0,0.0,0.0,0.0,0.0,0.0,0.0,0.0,0.0,0.0,0.0,0.0,0.0,0.0,0.0,0.0,0.0,0.0,0.0,0.0,0.0,0.0,0.0,0.0,0.0,0.0,0.0,0.0,0.0
2020,1,1,62,0.0,0.0,0.0,0.0,0.0,0.0,0.0,0.0,0.0,0.0,0.0,0.0,0.0,0.0,0.0,0.0,0.0,0.0,0.0,0.0,0.0,0.0,0.0,0.0,0.0,0.0,0.0,0.0,0.0,0.0,0.0
2020,1,1,63,0.0,0.0,0.0,0.0,0.0,0.0,0.0,0.0,0.0,0.0,0.0,0.0,0.0,0.0,0.0,0.0,0.0,0.0,0.0,0.0,0.0,0.0,0.0,0.0,0.0,0.0,0.0,0.0,0.0,0.0,0.0
2020,1,1,64,0.0,0.0,0.0,0.0,0.0,0.0,0.0,0.0,0.0,0.0,0.0,0.0,0.0,0.0,0.0,0.0,0.0,0.0,0.0,0.0,0.0,0.0,0.0,0.0,0.0,0.0,0.0,0.0,0.0,0.0,0.0
2020,1,1,65,0.0,0.0,0.0,0.0,0.0,0.0,0.0,0.0,0.0,0.0,0.0,0.0,0.0,0.0,0.0,0.0,0.0,0.0,0.0,0.0,0.0,0.0,0.0,0.0,0.0,0.0,0.0,0.0,0.0,0.0,0.0
2020,1,1,66,0.0,0.0,0.0,0.0,0.0,0.0,0.0,0.0,0.0,0.0,0.0,0.0,0.0,0.0,0.0,0.0,0.0,0.0,0.0,0.0,0.0,0.0,0.0,0.0,0.0,0.0,0.0,0.0,0.0,0.0,0.0
2020,1,1,67,0.0,0.0,0.0,0.0,0.0,0.0,0.0,0.0,0.0,0.0,0.0,0.0,0.0,0.0,0.0,0.0,0.0,0.0,0.0,0.0,0.0,0.0,0.0,0.0,0.0,0.0,0.0,0.0,0.0,0.0,0.0
2020,1,1,68,0.0,0.0,0.0,0.0,0.0,0.0,0.0,0.0,0.0,0.0,0.0,0.0,0.0,0.0,0.0,0.0,0.0,0.0,0.0,0.0,0.0,0.0,0.0,0.0,0.0,0.0,0.0,0.0,0.0,0.0,0.0
2020,1,1,69,0.0,0.0,0.0,0.0,0.0,0.0,0.0,0.0,0.0,0.0,0.0,0.0,0.0,0.0,0.0,0.0,0.0,0.0,0.0,0.0,0.0,0.0,0.0,0.0,0.0,0.0,0.0,0.0,0.0,0.0,0.0
2020,1,1,70,0.0,0.0,0.0,0.0,0.0,0.0,0.0,0.0,0.0,0.0,0.0,0.0,0.0,0.0,0.0,0.0,0.0,0.0,0.0,0.0,0.0,0.0,0.0,0.0,0.0,0.0,0.0,0.0,0.0,0.0,0.0
2020,1,1,71,0.0,0.0,0.0,0.0,0.0,0.0,0.0,0.0,0.0,0.0,0.0,0.0,0.0,0.0,0.0,0.0,0.0,0.0,0.0,0.0,0.0,0.0,0.0,0.0,0.0,0.0,0.0,0.0,0.0,0.0,0.0
2020,1,1,72,0.0,0.0,0.0,0.0,0.0,0.0,0.0,0.0,0.0,0.0,0.0,0.0,0.0,0.0,0.0,0.0,0.0,0.0,0.0,0.0,0.0,0.0,0.0,0.0,0.0,0.0,0.0,0.0,0.0,0.0,0.0
2020,1,1,73,0.14377180305229997,0.2635709326780108,0.06758610026914723,0.12188879771667223,0.3842341213643567,0.36099724599927485,0.48295346247189835,0.1969607935779258,0.2008942074486172,0.2561874877639097,0.1240592753480321,0.10275438692558012,0.2787123164789811,0.15245193056368378,0.3448257897444265,0.22325673315377179,0.40450661143004135,0.36672359952496025,0.19308927745243673,0.4303406323647827,0.39213646800953694,0.23232452671954898,0.16743637863833863,0.3348356581935973,0.11272323632609249,0.13855166161648552,0.04994412853707933,0.39110169191176525,0.35898652898910016,0.3733953502208059,0.4042204553703667
2020,1,1,74,0.14377180305229997,0.2635709326780108,0.06758610026914723,0.12188879771667223,0.3842341213643567,0.36099724599927485,0.48295346247189835,0.1969607935779258,0.2008942074486172,0.2561874877639097,0.1240592753480321,0.10275438692558012,0.2787123164789811,0.15245193056368378,0.3448257897444265,0.22325673315377179,0.40450661143004135,0.36672359952496025,0.19308927745243673,0.4303406323647827,0.39213646800953694,0.23232452671954898,0.16743637863833863,0.3348356581935973,0.11272323632609249,0.13855166161648552,0.04994412853707933,0.39110169191176525,0.35898652898910016,0.3733953502208059,0.4042204553703667
2020,1,1,75,0.14377180305229997,0.2635709326780108,0.06758610026914723,0.12188879771667223,0.3842341213643567,0.36099724599927485,0.48295346247189835,0.1969607935779258,0.2008942074486172,0.2561874877639097,0.1240592753480321,0.10275438692558012,0.2787123164789811,0.15245193056368378,0.3448257897444265,0.22325673315377179,0.40450661143004135,0.36672359952496025,0.19308927745243673,0.4303406323647827,0.39213646800953694,0.23232452671954898,0.16743637863833863,0.3348356581935973,0.11272323632609249,0.13855166161648552,0.04994412853707933,0.39110169191176525,0.35898652898910016,0.3733953502208059,0.4042204553703667
2020,1,1,76,0.14377180305229997,0.2635709326780108,0.06758610026914723,0.12188879771667223,0.3842341213643567,0.36099724599927485,0.48295346247189835,0.1969607935779258,0.2008942074486172,0.2561874877639097,0.1240592753480321,0.10275438692558012,0.2787123164789811,0.15245193056368378,0.3448257897444265,0.22325673315377179,0.40450661143004135,0.36672359952496025,0.19308927745243673,0.4303406323647827,0.39213646800953694,0.23232452671954898,0.16743637863833863,0.3348356581935973,0.11272323632609249,0.13855166161648552,0.04994412853707933,0.39110169191176525,0.35898652898910016,0.3733953502208059,0.4042204553703667
2020,1,1,77,0.14377180305229997,0.2635709326780108,0.06758610026914723,0.12188879771667223,0.3842341213643567,0.36099724599927485,0.48295346247189835,0.1969607935779258,0.2008942074486172,0.2561874877639097,0.1240592753480321,0.10275438692558012,0.2787123164789811,0.15245193056368378,0.3448257897444265,0.22325673315377179,0.40450661143004135,0.36672359952496025,0.19308927745243673,0.4303406323647827,0.39213646800953694,0.23232452671954898,0.16743637863833863,0.3348356581935973,0.11272323632609249,0.13855166161648552,0.04994412853707933,0.39110169191176525,0.35898652898910016,0.3733953502208059,0.4042204553703667
2020,1,1,78,0.14377180305229997,0.2635709326780108,0.06758610026914723,0.12188879771667223,0.3842341213643567,0.36099724599927485,0.48295346247189835,0.1969607935779258,0.2008942074486172,0.2561874877639097,0.1240592753480321,0.10275438692558012,0.2787123164789811,0.15245193056368378,0.3448257897444265,0.22325673315377179,0.40450661143004135,0.36672359952496025,0.19308927745243673,0.4303406323647827,0.39213646800953694,0.23232452671954898,0.16743637863833863,0.3348356581935973,0.11272323632609249,0.13855166161648552,0.04994412853707933,0.39110169191176525,0.35898652898910016,0.3733953502208059,0.4042204553703667
2020,1,1,79,0.14377180305229997,0.2635709326780108,0.06758610026914723,0.12188879771667223,0.3842341213643567,0.36099724599927485,0.48295346247189835,0.1969607935779258,0.2008942074486172,0.2561874877639097,0.1240592753480321,0.10275438692558012,0.2787123164789811,0.15245193056368378,0.3448257897444265,0.22325673315377179,0.40450661143004135,0.36672359952496025,0.19308927745243673,0.4303406323647827,0.39213646800953694,0.23232452671954898,0.16743637863833863,0.3348356581935973,0.11272323632609249,0.13855166161648552,0.04994412853707933,0.39110169191176525,0.35898652898910016,0.3733953502208059,0.4042204553703667
2020,1,1,80,0.14377180305229997,0.2635709326780108,0.06758610026914723,0.12188879771667223,0.3842341213643567,0.36099724599927485,0.48295346247189835,0.1969607935779258,0.2008942074486172,0.2561874877639097,0.1240592753480321,0.10275438692558012,0.2787123164789811,0.15245193056368378,0.3448257897444265,0.22325673315377179,0.40450661143004135,0.36672359952496025,0.19308927745243673,0.4303406323647827,0.39213646800953694,0.23232452671954898,0.16743637863833863,0.3348356581935973,0.11272323632609249,0.13855166161648552,0.04994412853707933,0.39110169191176525,0.35898652898910016,0.3733953502208059,0.4042204553703667
2020,1,1,81,0.14377180305229997,0.2635709326780108,0.06758610026914723,0.12188879771667223,0.3842341213643567,0.36099724599927485,0.48295346247189835,0.1969607935779258,0.2008942074486172,0.2561874877639097,0.1240592753480321,0.10275438692558012,0.2787123164789811,0.15245193056368378,0.3448257897444265,0.22325673315377179,0.40450661143004135,0.36672359952496025,0.19308927745243673,0.4303406323647827,0.39213646800953694,0.23232452671954898,0.16743637863833863,0.3348356581935973,0.11272323632609249,0.13855166161648552,0.04994412853707933,0.39110169191176525,0.35898652898910016,0.3733953502208059,0.4042204553703667
2020,1,1,82,0.14377180305229997,0.2635709326780108,0.06758610026914723,0.12188879771667223,0.3842341213643567,0.36099724599927485,0.48295346247189835,0.1969607935779258,0.2008942074486172,0.2561874877639097,0.1240592753480321,0.10275438692558012,0.2787123164789811,0.15245193056368378,0.3448257897444265,0.22325673315377179,0.40450661143004135,0.36672359952496025,0.19308927745243673,0.4303406323647827,0.39213646800953694,0.23232452671954898,0.16743637863833863,0.3348356581935973,0.11272323632609249,0.13855166161648552,0.04994412853707933,0.39110169191176525,0.35898652898910016,0.3733953502208059,0.4042204553703667
2020,1,1,83,0.14377180305229997,0.2635709326780108,0.06758610026914723,0.12188879771667223,0.3842341213643567,0.36099724599927485,0.48295346247189835,0.1969607935779258,0.2008942074486172,0.2561874877639097,0.1240592753480321,0.10275438692558012,0.2787123164789811,0.15245193056368378,0.3448257897444265,0.22325673315377179,0.40450661143004135,0.36672359952496025,0.19308927745243673,0.4303406323647827,0.39213646800953694,0.23232452671954898,0.16743637863833863,0.3348356581935973,0.11272323632609249,0.13855166161648552,0.04994412853707933,0.39110169191176525,0.35898652898910016,0.3733953502208059,0.4042204553703667
2020,1,1,84,0.14377180305229997,0.2635709326780108,0.06758610026914723,0.12188879771667223,0.3842341213643567,0.36099724599927485,0.48295346247189835,0.1969607935779258,0.2008942074486172,0.2561874877639097,0.1240592753480321,0.10275438692558012,0.2787123164789811,0.15245193056368378,0.3448257897444265,0.22325673315377179,0.40450661143004135,0.36672359952496025,0.19308927745243673,0.4303406323647827,0.39213646800953694,0.23232452671954898,0.16743637863833863,0.3348356581935973,0.11272323632609249,0.13855166161648552,0.04994412853707933,0.39110169191176525,0.35898652898910016,0.3733953502208059,0.4042204553703667
2020,1,1,85,0.24048210819456123,0.5078462548773751,0.12237193925027362,0.21756625297396986,0.6382814398961414,0.6676551659247728,0.7981736609814357,0.3840974510529762,0.44400918028538267,0.47441531651785046,0.26521528656759585,0.2101060015770437,0.5021631179314608,0.2665215269192392,0.6909392852698875,0.4637044418997325,0.7942116418257956,0.727057594433224,0.3368119655658728,0.8475244171923941,0.8424413813256518,0.3951396290238843,0.3278537301107444,0.6469839360560984,0.21502723954775313,0.24524289802397328,0.09733308861049501,0.7851699162741885,0.7129181528102031,0.6667096672109118,0.8082752453194333
2020,1,1,86,0.24048210819456123,0.5078462548773751,0.12237193925027362,0.21756625297396986,0.6382814398961414,0.6676551659247728,0.7981736609814357,0.3840974510529762,0.44400918028538267,0.47441531651785046,0.26521528656759585,0.2101060015770437,0.5021631179314608,0.2665215269192392,0.6909392852698875,0.4637044418997325,0.7942116418257956,0.727057594433224,0.3368119655658728,0.8475244171923941,0.8424413813256518,0.3951396290238843,0.3278537301107444,0.6469839360560984,0.21502723954775313,0.24524289802397328,0.09733308861049501,0.7851699162741885,0.7129181528102031,0.6667096672109118,0.8082752453194333
2020,1,1,87,0.24048210819456123,0.5078462548773751,0.12237193925027362,0.21756625297396986,0.6382814398961414,0.6676551659247728,0.7981736609814357,0.3840974510529762,0.44400918028538267,0.47441531651785046,0.26521528656759585,0.2101060015770437,0.5021631179314608,0.2665215269192392,0.6909392852698875,0.4637044418997325,0.7942116418257956,0.727057594433224,0.3368119655658728,0.8475244171923941,0.8424413813256518,0.3951396290238843,0.3278537301107444,0.6469839360560984,0.21502723954775313,0.24524289802397328,0.09733308861049501,0.7851699162741885,0.7129181528102031,0.6667096672109118,0.8082752453194333
2020,1,1,88,0.24048210819456123,0.5078462548773751,0.12237193925027362,0.21756625297396986,0.6382814398961414,0.6676551659247728,0.7981736609814357,0.3840974510529762,0.44400918028538267,0.47441531651785046,0.26521528656759585,0.2101060015770437,0.5021631179314608,0.2665215269192392,0.6909392852698875,0.4637044418997325,0.7942116418257956,0.727057594433224,0.3368119655658728,0.8475244171923941,0.8424413813256518,0.3951396290238843,0.3278537301107444,0.6469839360560984,0.21502723954775313,0.24524289802397328,0.09733308861049501,0.7851699162741885,0.7129181528102031,0.6667096672109118,0.8082752453194333
2020,1,1,89,0.24048210819456123,0.5078462548773751,0.12237193925027362,0.21756625297396986,0.6382814398961414,0.6676551659247728,0.7981736609814357,0.3840974510529762,0.44400918028538267,0.47441531651785046,0.26521528656759585,0.2101060015770437,0.5021631179314608,0.2665215269192392,0.6909392852698875,0.4637044418997325,0.7942116418257956,0.727057594433224,0.3368119655658728,0.8475244171923941,0.8424413813256518,0.3951396290238843,0.3278537301107444,0.6469839360560984,0.21502723954775313,0.24524289802397328,0.09733308861049501,0.7851699162741885,0.7129181528102031,0.6667096672109118,0.8082752453194333
2020,1,1,90,0.24048210819456123,0.5078462548773751,0.12237193925027362,0.21756625297396986,0.6382814398961414,0.6676551659247728,0.7981736609814357,0.3840974510529762,0.44400918028538267,0.47441531651785046,0.26521528656759585,0.2101060015770437,0.5021631179314608,0.2665215269192392,0.6909392852698875,0.4637044418997325,0.7942116418257956,0.727057594433224,0.3368119655658728,0.8475244171923941,0.8424413813256518,0.3951396290238843,0.3278537301107444,0.6469839360560984,0.21502723954775313,0.24524289802397328,0.09733308861049501,0.7851699162741885,0.7129181528102031,0.6667096672109118,0.8082752453194333
2020,1,1,91,0.24048210819456123,0.5078462548773751,0.12237193925027362,0.21756625297396986,0.6382814398961414,0.6676551659247728,0.7981736609814357,0.3840974510529762,0.44400918028538267,0.47441531651785046,0.26521528656759585,0.2101060015770437,0.5021631179314608,0.2665215269192392,0.6909392852698875,0.4637044418997325,0.7942116418257956,0.727057594433224,0.3368119655658728,0.8475244171923941,0.8424413813256518,0.3951396290238843,0.3278537301107444,0.6469839360560984,0.21502723954775313,0.24524289802397328,0.09733308861049501,0.7851699162741885,0.7129181528102031,0.6667096672109118,0.8082752453194333
2020,1,1,92,0.24048210819456123,0.5078462548773751,0.12237193925027362,0.21756625297396986,0.6382814398961414,0.6676551659247728,0.7981736609814357,0.3840974510529762,0.44400918028538267,0.47441531651785046,0.26521528656759585,0.2101060015770437,0.5021631179314608,0.2665215269192392,0.6909392852698875,0.4637044418997325,0.7942116418257956,0.727057594433224,0.3368119655658728,0.8475244171923941,0.8424413813256518,0.3951396290238843,0.3278537301107444,0.6469839360560984,0.21502723954775313,0.24524289802397328,0.09733308861049501,0.7851699162741885,0.7129181528102031,0.6667096672109118,0.8082752453194333
2020,1,1,93,0.24048210819456123,0.5078462548773751,0.12237193925027362,0.21756625297396986,0.6382814398961414,0.6676551659247728,0.7981736609814357,0.3840974510529762,0.44400918028538267,0.47441531651785046,0.26521528656759585,0.2101060015770437,0.5021631179314608,0.2665215269192392,0.6909392852698875,0.4637044418997325,0.7942116418257956,0.727057594433224,0.3368119655658728,0.8475244171923941,0.8424413813256518,0.3951396290238843,0.3278537301107444,0.6469839360560984,0.21502723954775313,0.24524289802397328,0.09733308861049501,0.7851699162741885,0.7129181528102031,0.6667096672109118,0.8082752453194333
2020,1,1,94,0.24048210819456123,0.5078462548773751,0.12237193925027362,0.21756625297396986,0.6382814398961414,0.6676551659247728,0.7981736609814357,0.3840974510529762,0.44400918028538267,0.47441531651785046,0.26521528656759585,0.2101060015770437,0.5021631179314608,0.2665215269192392,0.6909392852698875,0.4637044418997325,0.7942116418257956,0.727057594433224,0.3368119655658728,0.8475244171923941,0.8424413813256518,0.3951396290238843,0.3278537301107444,0.6469839360560984,0.21502723954775313,0.24524289802397328,0.09733308861049501,0.7851699162741885,0.7129181528102031,0.6667096672109118,0.8082752453194333
2020,1,1,95,0.24048210819456123,0.5078462548773751,0.12237193925027362,0.21756625297396986,0.6382814398961414,0.6676551659247728,0.7981736609814357,0.3840974510529762,0.44400918028538267,0.47441531651785046,0.26521528656759585,0.2101060015770437,0.5021631179314608,0.2665215269192392,0.6909392852698875,0.4637044418997325,0.7942116418257956,0.727057594433224,0.3368119655658728,0.8475244171923941,0.8424413813256518,0.3951396290238843,0.3278537301107444,0.6469839360560984,0.21502723954775313,0.24524289802397328,0.09733308861049501,0.7851699162741885,0.7129181528102031,0.6667096672109118,0.8082752453194333
2020,1,1,96,0.24048210819456123,0.5078462548773751,0.12237193925027362,0.21756625297396986,0.6382814398961414,0.6676551659247728,0.7981736609814357,0.3840974510529762,0.44400918028538267,0.47441531651785046,0.26521528656759585,0.2101060015770437,0.5021631179314608,0.2665215269192392,0.6909392852698875,0.4637044418997325,0.7942116418257956,0.727057594433224,0.3368119655658728,0.8475244171923941,0.8424413813256518,0.3951396290238843,0.3278537301107444,0.6469839360560984,0.21502723954775313,0.24524289802397328,0.09733308861049501,0.7851699162741885,0.7129181528102031,0.6667096672109118,0.8082752453194333
2020,1,1,97,0.47442803978291964,0.8739813031609002,0.22635103826914127,0.40171015632972545,1.1831004872466258,1.1403373453052512,1.4591899375582211,0.613573063844075,0.6586902889552971,0.7976920621244267,0.43767320387534636,0.3654278831914959,0.9081307089549493,0.5085525026518329,1.1172416752056356,0.7889799017014878,1.4566792599519092,1.1803780416665592,0.6467544335804052,1.4478774518778013,1.2257494705095435,0.7107691088825311,0.5709624726141599,1.1075150348365252,0.36092692929171527,0.44353793265488933,0.1821381368712411,1.386044935607886,1.0531572983000779,1.2146466696280143,1.1949462896769718
2020,1,1,98,0.47442803978291964,0.8739813031609002,0.22635103826914127,0.40171015632972545,1.1831004872466258,1.1403373453052512,1.4591899375582211,0.613573063844075,0.6586902889552971,0.7976920621244267,0.43767320387534636,0.3654278831914959,0.9081307089549493,0.5085525026518329,1.1172416752056356,0.7889799017014878,1.4566792599519092,1.1803780416665592,0.6467544335804052,1.4478774518778013,1.2257494705095435,0.7107691088825311,0.5709624726141599,1.1075150348365252,0.36092692929171527,0.44353793265488933,0.1821381368712411,1.386044935607886,1.0531572983000779,1.2146466696280143,1.1949462896769718
2020,1,1,99,0.47442803978291964,0.8739813031609002,0.22635103826914127,0.40171015632972545,1.1831004872466258,1.1403373453052512,1.4591899375582211,0.613573063844075,0.6586902889552971,0.7976920621244267,0.43767320387534636,0.3654278831914959,0.9081307089549493,0.5085525026518329,1.1172416752056356,0.7889799017014878,1.4566792599519092,1.1803780416665592,0.6467544335804052,1.4478774518778013,1.2257494705095435,0.7107691088825311,0.5709624726141599,1.1075150348365252,0.36092692929171527,0.44353793265488933,0.1821381368712411,1.386044935607886,1.0531572983000779,1.2146466696280143,1.1949462896769718
2020,1,1,100,0.47442803978291964,0.8739813031609002,0.22635103826914127,0.40171015632972545,1.1831004872466258,1.1403373453052512,1.4591899375582211,0.613573063844075,0.6586902889552971,0.7976920621244267,0.43767320387534636,0.3654278831914959,0.9081307089549493,0.5085525026518329,1.1172416752056356,0.7889799017014878,1.4566792599519092,1.1803780416665592,0.6467544335804052,1.4478774518778013,1.2257494705095435,0.7107691088825311,0.5709624726141599,1.1075150348365252,0.36092692929171527,0.44353793265488933,0.1821381368712411,1.386044935607886,1.0531572983000779,1.2146466696280143,1.1949462896769718
2020,1,1,101,0.47442803978291964,0.8739813031609002,0.22635103826914127,0.40171015632972545,1.1831004872466258,1.1403373453052512,1.4591899375582211,0.613573063844075,0.6586902889552971,0.7976920621244267,0.43767320387534636,0.3654278831914959,0.9081307089549493,0.5085525026518329,1.1172416752056356,0.7889799017014878,1.4566792599519092,1.1803780416665592,0.6467544335804052,1.4478774518778013,1.2257494705095435,0.7107691088825311,0.5709624726141599,1.1075150348365252,0.36092692929171527,0.44353793265488933,0.1821381368712411,1.386044935607886,1.0531572983000779,1.2146466696280143,1.1949462896769718
2020,1,1,102,0.47442803978291964,0.8739813031609002,0.22635103826914127,0.40171015632972545,1.1831004872466258,1.1403373453052512,1.4591899375582211,0.613573063844075,0.6586902889552971,0.7976920621244267,0.43767320387534636,0.3654278831914959,0.9081307089549493,0.5085525026518329,1.1172416752056356,0.7889799017014878,1.4566792599519092,1.1803780416665592,0.6467544335804052,1.4478774518778013,1.2257494705095435,0.7107691088825311,0.5709624726141599,1.1075150348365252,0.36092692929171527,0.44353793265488933,0.1821381368712411,1.386044935607886,1.0531572983000779,1.2146466696280143,1.1949462896769718
2020,1,1,103,0.47442803978291964,0.8739813031609002,0.22635103826914127,0.40171015632972545,1.1831004872466258,1.1403373453052512,1.4591899375582211,0.613573063844075,0.6586902889552971,0.7976920621244267,0.43767320387534636,0.3654278831914959,0.9081307089549493,0.5085525026518329,1.1172416752056356,0.7889799017014878,1.4566792599519092,1.1803780416665592,0.6467544335804052,1.4478774518778013,1.2257494705095435,0.7107691088825311,0.5709624726141599,1.1075150348365252,0.36092692929171527,0.44353793265488933,0.1821381368712411,1.386044935607886,1.0531572983000779,1.2146466696280143,1.1949462896769718
2020,1,1,104,0.47442803978291964,0.8739813031609002,0.22635103826914127,0.40171015632972545,1.1831004872466258,1.1403373453052512,1.4591899375582211,0.613573063844075,0.6586902889552971,0.7976920621244267,0.43767320387534636,0.3654278831914959,0.9081307089549493,0.5085525026518329,1.1172416752056356,0.7889799017014878,1.4566792599519092,1.1803780416665592,0.6467544335804052,1.4478774518778013,1.2257494705095435,0.7107691088825311,0.5709624726141599,1.1075150348365252,0.36092692929171527,0.44353793265488933,0.1821381368712411,1.386044935607886,1.0531572983000779,1.2146466696280143,1.1949462896769718
2020,1,1,105,0.47442803978291964,0.8739813031609002,0.22635103826914127,0.40171015632972545,1.1831004872466258,1.1403373453052512,1.4591899375582211,0.613573063844075,0.6586902889552971,0.7976920621244267,0.43767320387534636,0.3654278831914959,0.9081307089549493,0.5085525026518329,1.1172416752056356,0.7889799017014878,1.4566792599519092,1.1803780416665592,0.6467544335804052,1.4478774518778013,1.2257494705095435,0.7107691088825311,0.5709624726141599,1.1075150348365252,0.36092692929171527,0.44353793265488933,0.1821381368712411,1.386044935607886,1.0531572983000779,1.2146466696280143,1.1949462896769718
2020,1,1,106,0.47442803978291964,0.8739813031609002,0.22635103826914127,0.40171015632972545,1.1831004872466258,1.1403373453052512,1.4591899375582211,0.613573063844075,0.6586902889552971,0.7976920621244267,0.43767320387534636,0.3654278831914959,0.9081307089549493,0.5085525026518329,1.1172416752056356,0.7889799017014878,1.4566792599519092,1.1803780416665592,0.6467544335804052,1.4478774518778013,1.2257494705095435,0.7107691088825311,0.5709624726141599,1.1075150348365252,0.36092692929171527,0.44353793265488933,0.1821381368712411,1.386044935607886,1.0531572983000779,1.2146466696280143,1.1949462896769718
2020,1,1,107,0.47442803978291964,0.8739813031609002,0.22635103826914127,0.40171015632972545,1.1831004872466258,1.1403373453052512,1.4591899375582211,0.613573063844075,0.6586902889552971,0.7976920621244267,0.43767320387534636,0.3654278831914959,0.9081307089549493,0.5085525026518329,1.1172416752056356,0.7889799017014878,1.4566792599519092,1.1803780416665592,0.6467544335804052,1.4478774518778013,1.2257494705095435,0.7107691088825311,0.5709624726141599,1.1075150348365252,0.36092692929171527,0.44353793265488933,0.1821381368712411,1.386044935607886,1.0531572983000779,1.2146466696280143,1.1949462896769718
2020,1,1,108,0.47442803978291964,0.8739813031609002,0.22635103826914127,0.40171015632972545,1.1831004872466258,1.1403373453052512,1.4591899375582211,0.613573063844075,0.6586902889552971,0.7976920621244267,0.43767320387534636,0.3654278831914959,0.9081307089549493,0.5085525026518329,1.1172416752056356,0.7889799017014878,1.4566792599519092,1.1803780416665592,0.6467544335804052,1.4478774518778013,1.2257494705095435,0.7107691088825311,0.5709624726141599,1.1075150348365252,0.36092692929171527,0.44353793265488933,0.1821381368712411,1.386044935607886,1.0531572983000779,1.2146466696280143,1.1949462896769718
2020,1,1,109,0.7105905264821293,1.402821897534573,0.34953619493834903,0.5938870727894452,1.8085322971072664,1.9115739911298333,2.4591755324266384,1.0787982729370764,1.2251542584715505,1.2956789045967578,0.7051301456867682,0.5739586977342674,1.3040892859657143,0.781959901934291,1.8156503465051543,1.275292373483761,1.9738174022394483,1.773872022411804,1.0153636572485234,2.235461887100982,2.068200485763049,1.144308262223299,0.8490619916281675,1.9088692974521275,0.5932828493298004,0.6653694479171558,0.2681420797338596,2.066763081642594,1.6852884631765126,1.8916235905121717,1.9004344727977838
2020,1,1,110,0.7105905264821293,1.402821897534573,0.34953619493834903,0.5938870727894452,1.8085322971072664,1.9115739911298333,2.4591755324266384,1.0787982729370764,1.2251542584715505,1.2956789045967578,0.7051301456867682,0.5739586977342674,1.3040892859657143,0.781959901934291,1.8156503465051543,1.275292373483761,1.9738174022394483,1.773872022411804,1.0153636572485234,2.235461887100982,2.068200485763049,1.144308262223299,0.8490619916281675,1.9088692974521275,0.5932828493298004,0.6653694479171558,0.2681420797338596,2.066763081642594,1.6852884631765126,1.8916235905121717,1.9004344727977838
2020,1,1,111,0.7105905264821293,1.402821897534573,0.34953619493834903,0.5938870727894452,1.8085322971072664,1.9115739911298333,2.4591755324266384,1.0787982729370764,1.2251542584715505,1.2956789045967578,0.7051301456867682,0.5739586977342674,1.3040892859657143,0.781959901934291,1.8156503465051543,1.275292373483761,1.9738174022394483,1.773872022411804,1.0153636572485234,2.235461887100982,2.068200485763049,1.144308262223299,0.8490619916281675,1.9088692974521275,0.5932828493298004,0.6653694479171558,0.2681420797338596,2.066763081642594,1.6852884631765126,1.8916235905121717,1.9004344727977838
2020,1,1,112,0.7105905264821293,1.402821897534573,0.34953619493834903,0.5938870727894452,1.8085322971072664,1.9115739911298333,2.4591755324266384,1.0787982729370764,1.2251542584715505,1.2956789045967578,0.7051301456867682,0.5739586977342674,1.3040892859657143,0.781959901934291,1.8156503465051543,1.275292373483761,1.9738174022394483,1.773872022411804,1.0153636572485234,2.235461887100982,2.068200485763049,1.144308262223299,0.8490619916281675,1.9088692974521275,0.5932828493298004,0.6653694479171558,0.2681420797338596,2.066763081642594,1.6852884631765126,1.8916235905121717,1.9004344727977838
2020,1,1,113,0.7105905264821293,1.402821897534573,0.34953619493834903,0.5938870727894452,1.8085322971072664,1.9115739911298333,2.4591755324266384,1.0787982729370764,1.2251542584715505,1.2956789045967578,0.7051301456867682,0.5739586977342674,1.3040892859657143,0.781959901934291,1.8156503465051543,1.275292373483761,1.9738174022394483,1.773872022411804,1.0153636572485234,2.235461887100982,2.068200485763049,1.144308262223299,0.8490619916281675,1.9088692974521275,0.5932828493298004,0.6653694479171558,0.2681420797338596,2.066763081642594,1.6852884631765126,1.8916235905121717,1.9004344727977838
2020,1,1,114,0.7105905264821293,1.402821897534573,0.34953619493834903,0.5938870727894452,1.8085322971072664,1.9115739911298333,2.4591755324266384,1.0787982729370764,1.2251542584715505,1.2956789045967578,0.7051301456867682,0.5739586977342674,1.3040892859657143,0.781959901934291,1.8156503465051543,1.275292373483761,1.9738174022394483,1.773872022411804,1.0153636572485234,2.235461887100982,2.068200485763049,1.144308262223299,0.8490619916281675,1.9088692974521275,0.5932828493298004,0.6653694479171558,0.2681420797338596,2.066763081642594,1.6852884631765126,1.8916235905121717,1.9004344727977838
2020,1,1,115,0.7105905264821293,1.402821897534573,0.34953619493834903,0.5938870727894452,1.8085322971072664,1.9115739911298333,2.4591755324266384,1.0787982729370764,1.2251542584715505,1.2956789045967578,0.7051301456867682,0.5739586977342674,1.3040892859657143,0.781959901934291,1.8156503465051543,1.275292373483761,1.9738174022394483,1.773872022411804,1.0153636572485234,2.235461887100982,2.068200485763049,1.144308262223299,0.8490619916281675,1.9088692974521275,0.5932828493298004,0.6653694479171558,0.2681420797338596,2.066763081642594,1.6852884631765126,1.8916235905121717,1.9004344727977838
2020,1,1,116,0.7105905264821293,1.402821897534573,0.34953619493834903,0.5938870727894452,1.8085322971072664,1.9115739911298333,2.4591755324266384,1.0787982729370764,1.2251542584715505,1.2956789045967578,0.7051301456867682,0.5739586977342674,1.3040892859657143,0.781959901934291,1.8156503465051543,1.275292373483761,1.9738174022394483,1.773872022411804,1.0153636572485234,2.235461887100982,2.068200485763049,1.144308262223299,0.8490619916281675,1.9088692974521275,0.5932828493298004,0.6653694479171558,0.2681420797338596,2.066763081642594,1.6852884631765126,1.8916235905121717,1.9004344727977838
2020,1,1,117,0.7105905264821293,1.402821897534573,0.34953619493834903,0.5938870727894452,1.8085322971072664,1.9115739911298333,2.4591755324266384,1.0787982729370764,1.2251542584715505,1.2956789045967578,0.7051301456867682,0.5739586977342674,1.3040892859657143,0.781959901934291,1.8156503465051543,1.275292373483761,1.9738174022394483,1.773872022411804,1.0153636572485234,2.235461887100982,2.068200485763049,1.144308262223299,0.8490619916281675,1.9088692974521275,0.5932828493298004,0.6653694479171558,0.2681420797338596,2.066763081642594,1.6852884631765126,1.8916235905121717,1.9004344727977838
2020,1,1,118,0.7105905264821293,1.402821897534573,0.34953619493834903,0.5938870727894452,1.8085322971072664,1.9115739911298333,2.4591755324266384,1.0787982729370764,1.2251542584715505,1.2956789045967578,0.7051301456867682,0.5739586977342674,1.3040892859657143,0.781959901934291,1.8156503465051543,1.275292373483761,1.9738174022394483,1.773872022411804,1.0153636572485234,2.235461887100982,2.068200485763049,1.144308262223299,0.8490619916281675,1.9088692974521275,0.5932828493298004,0.6653694479171558,0.2681420797338596,2.066763081642594,1.6852884631765126,1.8916235905121717,1.9004344727977838
2020,1,1,119,0.7105905264821293,1.402821897534573,0.34953619493834903,0.5938870727894452,1.8085322971072664,1.9115739911298333,2.4591755324266384,1.0787982729370764,1.2251542584715505,1.2956789045967578,0.7051301456867682,0.5739586977342674,1.3040892859657143,0.781959901934291,1.8156503465051543,1.275292373483761,1.9738174022394483,1.773872022411804,1.0153636572485234,2.235461887100982,2.068200485763049,1.144308262223299,0.8490619916281675,1.9088692974521275,0.5932828493298004,0.6653694479171558,0.2681420797338596,2.066763081642594,1.6852884631765126,1.8916235905121717,1.9004344727977838
2020,1,1,120,0.7105905264821293,1.402821897534573,0.34953619493834903,0.5938870727894452,1.8085322971072664,1.9115739911298333,2.4591755324266384,1.0787982729370764,1.2251542584715505,1.2956789045967578,0.7051301456867682,0.5739586977342674,1.3040892859657143,0.781959901934291,1.8156503465051543,1.275292373483761,1.9738174022394483,1.773872022411804,1.0153636572485234,2.235461887100982,2.068200485763049,1.144308262223299,0.8490619916281675,1.9088692974521275,0.5932828493298004,0.6653694479171558,0.2681420797338596,2.066763081642594,1.6852884631765126,1.8916235905121717,1.9004344727977838
2020,1,1,121,0.935660711409132,1.8820768102601362,0.5043391784139372,0.8122582959718673,2.5191463723098058,2.7382130589293845,3.7137041137416524,1.3243183887033134,1.575200525402813,1.8019407876823206,0.9637530180028747,0.8352784630880689,1.9288812923050183,1.060944194721128,2.541194813585576,1.798022529570472,2.894960674727367,2.5574657657418345,1.2875972142481913,2.777552479979935,2.7949269143641513,1.5216314367934363,1.2971479782100914,2.7125771188759202,0.8120923474388939,1.0340220239472695,0.3734154219950286,2.8135544190524997,2.86827507417602,2.6890934402446143,3.019834079935506
2020,1,1,122,0.935660711409132,1.8820768102601362,0.5043391784139372,0.8122582959718673,2.5191463723098058,2.7382130589293845,3.7137041137416524,1.3243183887033134,1.575200525402813,1.8019407876823206,0.9637530180028747,0.8352784630880689,1.9288812923050183,1.060944194721128,2.541194813585576,1.798022529570472,2.894960674727367,2.5574657657418345,1.2875972142481913,2.777552479979935,2.7949269143641513,1.5216314367934363,1.2971479782100914,2.7125771188759202,0.8120923474388939,1.0340220239472695,0.3734154219950286,2.8135544190524997,2.86827507417602,2.6890934402446143,3.019834079935506
2020,1,1,123,0.935660711409132,1.8820768102601362,0.5043391784139372,0.8122582959718673,2.5191463723098058,2.7382130589293845,3.7137041137416524,1.3243183887033134,1.575200525402813,1.8019407876823206,0.9637530180028747,0.8352784630880689,1.9288812923050183,1.060944194721128,2.541194813585576,1.798022529570472,2.894960674727367,2.5574657657418345,1.2875972142481913,2.777552479979935,2.7949269143641513,1.5216314367934363,1.2971479782100914,2.7125771188759202,0.8120923474388939,1.0340220239472695,0.3734154219950286,2.8135544190524997,2.86827507417602,2.6890934402446143,3.019834079935506
2020,1,1,124,0.935660711409132,1.8820768102601362,0.5043391784139372,0.8122582959718673,2.5191463723098058,2.7382130589293845,3.7137041137416524,1.3243183887033134,1.575200525402813,1.8019407876823206,0.9637530180028747,0.8352784630880689,1.9288812923050183,1.060944194721128,2.541194813585576,1.798022529570472,2.894960674727367,2.5574657657418345,1.2875972142481913,2.777552479979935,2.7949269143641513,1.5216314367934363,1.2971479782100914,2.7125771188759202,0.8120923474388939,1.0340220239472695,0.3734154219950286,2.8135544190524997,2.86827507417602,2.6890934402446143,3.019834079935506
2020,1,1,125,0.935660711409132,1.8820768102601362,0.5043391784139372,0.8122582959718673,2.5191463723098058,2.7382130589293845,3.7137041137416524,1.3243183887033134,1.575200525402813,1.8019407876823206,0.9637530180028747,0.8352784630880689,1.9288812923050183,1.060944194721128,2.541194813585576,1.798022529570472,2.894960674727367,2.5574657657418345,1.2875972142481913,2.777552479979935,2.7949269143641513,1.5216314367934363,1.2971479782100914,2.7125771188759202,0.8120923474388939,1.0340220239472695,0.3734154219950286,2.8135544190524997,2.86827507417602,2.6890934402446143,3.019834079935506
2020,1,1,126,0.935660711409132,1.8820768102601362,0.5043391784139372,0.8122582959718673,2.5191463723098058,2.7382130589293845,3.7137041137416524,1.3243183887033134,1.575200525402813,1.8019407876823206,0.9637530180028747,0.8352784630880689,1.9288812923050183,1.060944194721128,2.541194813585576,1.798022529570472,2.894960674727367,2.5574657657418345,1.2875972142481913,2.777552479979935,2.7949269143641513,1.5216314367934363,1.2971479782100914,2.7125771188759202,0.8120923474388939,1.0340220239472695,0.3734154219950286,2.8135544190524997,2.86827507417602,2.6890934402446143,3.019834079935506
2020,1,1,127,0.935660711409132,1.8820768102601362,0.5043391784139372,0.8122582959718673,2.5191463723098058,2.7382130589293845,3.7137041137416524,1.3243183887033134,1.575200525402813,1.8019407876823206,0.9637530180028747,0.8352784630880689,1.9288812923050183,1.060944194721128,2.541194813585576,1.798022529570472,2.894960674727367,2.5574657657418345,1.2875972142481913,2.777552479979935,2.7949269143641513,1.5216314367934363,1.2971479782100914,2.7125771188759202,0.8120923474388939,1.0340220239472695,0.3734154219950286,2.8135544190524997,2.86827507417602,2.6890934402446143,3.019834079935506
2020,1,1,128,0.935660711409132,1.8820768102601362,0.5043391784139372,0.8122582959718673,2.5191463723098058,2.7382130589293845,3.7137041137416524,1.3243183887033134,1.575200525402813,1.8019407876823206,0.9637530180028747,0.8352784630880689,1.9288812923050183,1.060944194721128,2.541194813585576,1.798022529570472,2.894960674727367,2.5574657657418345,1.2875972142481913,2.777552479979935,2.7949269143641513,1.5216314367934363,1.2971479782100914,2.7125771188759202,0.8120923474388939,1.0340220239472695,0.3734154219950286,2.8135544190524997,2.86827507417602,2.6890934402446143,3.019834079935506
2020,1,1,129,0.935660711409132,1.8820768102601362,0.5043391784139372,0.8122582959718673,2.5191463723098058,2.7382130589293845,3.7137041137416524,1.3243183887033134,1.575200525402813,1.8019407876823206,0.9637530180028747,0.8352784630880689,1.9288812923050183,1.060944194721128,2.541194813585576,1.798022529570472,2.894960674727367,2.5574657657418345,1.2875972142481913,2.777552479979935,2.7949269143641513,1.5216314367934363,1.2971479782100914,2.7125771188759202,0.8120923474388939,1.0340220239472695,0.3734154219950286,2.8135544190524997,2.86827507417602,2.6890934402446143,3.019834079935506
2020,1,1,130,0.935660711409132,1.8820768102601362,0.5043391784139372,0.8122582959718673,2.5191463723098058,2.7382130589293845,3.7137041137416524,1.3243183887033134,1.575200525402813,1.8019407876823206,0.9637530180028747,0.8352784630880689,1.9288812923050183,1.060944194721128,2.541194813585576,1.798022529570472,2.894960674727367,2.5574657657418345,1.2875972142481913,2.777552479979935,2.7949269143641513,1.5216314367934363,1.2971479782100914,2.7125771188759202,0.8120923474388939,1.0340220239472695,0.3734154219950286,2.8135544190524997,2.86827507417602,2.6890934402446143,3.019834079935506
2020,1,1,131,0.935660711409132,1.8820768102601362,0.5043391784139372,0.8122582959718673,2.5191463723098058,2.7382130589293845,3.7137041137416524,1.3243183887033134,1.575200525402813,1.8019407876823206,0.9637530180028747,0.8352784630880689,1.9288812923050183,1.060944194721128,2.541194813585576,1.798022529570472,2.894960674727367,2.5574657657418345,1.2875972142481913,2.777552479979935,2.7949269143641513,1.5216314367934363,1.2971479782100914,2.7125771188759202,0.8120923474388939,1.0340220239472695,0.3734154219950286,2.8135544190524997,2.86827507417602,2.6890934402446143,3.019834079935506
2020,1,1,132,0.935660711409132,1.8820768102601362,0.5043391784139372,0.8122582959718673,2.5191463723098058,2.7382130589293845,3.7137041137416524,1.3243183887033134,1.575200525402813,1.8019407876823206,0.9637530180028747,0.8352784630880689,1.9288812923050183,1.060944194721128,2.541194813585576,1.798022529570472,2.894960674727367,2.5574657657418345,1.2875972142481913,2.777552479979935,2.7949269143641513,1.5216314367934363,1.2971479782100914,2.7125771188759202,0.8120923474388939,1.0340220239472695,0.3734154219950286,2.8135544190524997,2.86827507417602,2.6890934402446143,3.019834079935506
2020,1,1,133,1.3513541553859088,2.1354604962117913,0.6264754450655349,1.1785488568760831,3.125271915213734,3.3574923675445927,4.753327301680688,1.659120953632257,2.0348028461689047,2.447599988243818,1.2017499941960528,0.8888559453068889,2.233375916411078,1.3766056672824833,3.200956892985845,2.1021664484817277,3.9277297093947516,3.2652919880610094,1.6534278139221288,3.7959075765257224,3.6519944820194348,1.9980134831042473,1.6051895969534886,3.155000022570974,0.9796140119099795,1.3265089630046527,0.5069812431724424,3.9026281450963483,3.2823449370912785,3.1147984477521478,3.873117178724373
2020,1,1,134,1.3513541553859088,2.1354604962117913,0.6264754450655349,1.1785488568760831,3.125271915213734,3.3574923675445927,4.753327301680688,1.659120953632257,2.0348028461689047,2.447599988243818,1.2017499941960528,0.8888559453068889,2.233375916411078,1.3766056672824833,3.200956892985845,2.1021664484817277,3.9277297093947516,3.2652919880610094,1.6534278139221288,3.7959075765257224,3.6519944820194348,1.9980134831042473,1.6051895969534886,3.155000022570974,0.9796140119099795,1.3265089630046527,0.5069812431724424,3.9026281450963483,3.2823449370912785,3.1147984477521478,3.873117178724373
2020,1,1,135,1.3513541553859088,2.1354604962117913,0.6264754450655349,1.1785488568760831,3.125271915213734,3.3574923675445927,4.753327301680688,1.659120953632257,2.0348028461689047,2.447599988243818,1.2017499941960528,0.8888559453068889,2.233375916411078,1.3766056672824833,3.200956892985845,2.1021664484817277,3.9277297093947516,3.2652919880610094,1.6534278139221288,3.7959075765257224,3.6519944820194348,1.9980134831042473,1.6051895969534886,3.155000022570974,0.9796140119099795,1.3265089630046527,0.5069812431724424,3.9026281450963483,3.2823449370912785,3.1147984477521478,3.873117178724373
2020,1,1,136,1.3513541553859088,2.1354604962117913,0.6264754450655349,1.1785488568760831,3.125271915213734,3.3574923675445927,4.753327301680688,1.659120953632257,2.0348028461689047,2.447599988243818,1.2017499941960528,0.8888559453068889,2.233375916411078,1.3766056672824833,3.200956892985845,2.1021664484817277,3.9277297093947516,3.2652919880610094,1.6534278139221288,3.7959075765257224,3.6519944820194348,1.9980134831042473,1.6051895969534886,3.155000022570974,0.9796140119099795,1.3265089630046527,0.5069812431724424,3.9026281450963483,3.2823449370912785,3.1147984477521478,3.873117178724373
2020,1,1,137,1.3513541553859088,2.1354604962117913,0.6264754450655349,1.1785488568760831,3.125271915213734,3.3574923675445927,4.753327301680688,1.659120953632257,2.0348028461689047,2.447599988243818,1.2017499941960528,0.8888559453068889,2.233375916411078,1.3766056672824833,3.200956892985845,2.1021664484817277,3.9277297093947516,3.2652919880610094,1.6534278139221288,3.7959075765257224,3.6519944820194348,1.9980134831042473,1.6051895969534886,3.155000022570974,0.9796140119099795,1.3265089630046527,0.5069812431724424,3.9026281450963483,3.2823449370912785,3.1147984477521478,3.873117178724373
2020,1,1,138,1.3513541553859088,2.1354604962117913,0.6264754450655349,1.1785488568760831,3.125271915213734,3.3574923675445927,4.753327301680688,1.659120953632257,2.0348028461689047,2.447599988243818,1.2017499941960528,0.8888559453068889,2.233375916411078,1.3766056672824833,3.200956892985845,2.1021664484817277,3.9277297093947516,3.2652919880610094,1.6534278139221288,3.7959075765257224,3.6519944820194348,1.9980134831042473,1.6051895969534886,3.155000022570974,0.9796140119099795,1.3265089630046527,0.5069812431724424,3.9026281450963483,3.2823449370912785,3.1147984477521478,3.873117178724373
2020,1,1,139,1.3513541553859088,2.1354604962117913,0.6264754450655349,1.1785488568760831,3.125271915213734,3.3574923675445927,4.753327301680688,1.659120953632257,2.0348028461689047,2.447599988243818,1.2017499941960528,0.8888559453068889,2.233375916411078,1.3766056672824833,3.200956892985845,2.1021664484817277,3.9277297093947516,3.2652919880610094,1.6534278139221288,3.7959075765257224,3.6519944820194348,1.9980134831042473,1.6051895969534886,3.155000022570974,0.9796140119099795,1.3265089630046527,0.5069812431724424,3.9026281450963483,3.2823449370912785,3.1147984477521478,3.873117178724373
2020,1,1,140,1.3513541553859088,2.1354604962117913,0.6264754450655349,1.1785488568760831,3.125271915213734,3.3574923675445927,4.753327301680688,1.659120953632257,2.0348028461689047,2.447599988243818,1.2017499941960528,0.8888559453068889,2.233375916411078,1.3766056672824833,3.200956892985845,2.1021664484817277,3.9277297093947516,3.2652919880610094,1.6534278139221288,3.7959075765257224,3.6519944820194348,1.9980134831042473,1.6051895969534886,3.155000022570974,0.9796140119099795,1.3265089630046527,0.5069812431724424,3.9026281450963483,3.2823449370912785,3.1147984477521478,3.873117178724373
2020,1,1,141,1.3513541553859088,2.1354604962117913,0.6264754450655349,1.1785488568760831,3.125271915213734,3.3574923675445927,4.753327301680688,1.659120953632257,2.0348028461689047,2.447599988243818,1.2017499941960528,0.8888559453068889,2.233375916411078,1.3766056672824833,3.200956892985845,2.1021664484817277,3.9277297093947516,3.2652919880610094,1.6534278139221288,3.7959075765257224,3.6519944820194348,1.9980134831042473,1.6051895969534886,3.155000022570974,0.9796140119099795,1.3265089630046527,0.5069812431724424,3.9026281450963483,3.2823449370912785,3.1147984477521478,3.873117178724373
2020,1,1,142,1.3513541553859088,2.1354604962117913,0.6264754450655349,1.1785488568760831,3.125271915213734,3.3574923675445927,4.753327301680688,1.659120953632257,2.0348028461689047,2.447599988243818,1.2017499941960528,0.8888559453068889,2.233375916411078,1.3766056672824833,3.200956892985845,2.1021664484817277,3.9277297093947516,3.2652919880610094,1.6534278139221288,3.7959075765257224,3.6519944820194348,1.9980134831042473,1.6051895969534886,3.155000022570974,0.9796140119099795,1.3265089630046527,0.5069812431724424,3.9026281450963483,3.2823449370912785,3.1147984477521478,3.873117178724373
2020,1,1,143,1.3513541553859088,2.1354604962117913,0.6264754450655349,1.1785488568760831,3.125271915213734,3.3574923675445927,4.753327301680688,1.659120953632257,2.0348028461689047,2.447599988243818,1.2017499941960528,0.8888559453068889,2.233375916411078,1.3766056672824833,3.200956892985845,2.1021664484817277,3.9277297093947516,3.2652919880610094,1.6534278139221288,3.7959075765257224,3.6519944820194348,1.9980134831042473,1.6051895969534886,3.155000022570974,0.9796140119099795,1.3265089630046527,0.5069812431724424,3.9026281450963483,3.2823449370912785,3.1147984477521478,3.873117178724373
2020,1,1,144,1.3513541553859088,2.1354604962117913,0.6264754450655349,1.1785488568760831,3.125271915213734,3.3574923675445927,4.753327301680688,1.659120953632257,2.0348028461689047,2.447599988243818,1.2017499941960528,0.8888559453068889,2.233375916411078,1.3766056672824833,3.200956892985845,2.1021664484817277,3.9277297093947516,3.2652919880610094,1.6534278139221288,3.7959075765257224,3.6519944820194348,1.9980134831042473,1.6051895969534886,3.155000022570974,0.9796140119099795,1.3265089630046527,0.5069812431724424,3.9026281450963483,3.2823449370912785,3.1147984477521478,3.873117178724373
2020,1,1,145,1.375874185333854,2.551084180419693,0.6827698240019983,1.1344542265684268,3.4358265051786123,3.7198490542731184,4.753199528644356,1.9662141116216838,2.16706867715691,2.6130011507411357,1.3320453093403302,1.0846467740096224,2.640672168016702,1.4497785963841847,3.2141419442116015,2.4635550918311497,4.247051882260268,3.536516494289182,1.9056498862191849,4.042128112474106,4.031912154603864,2.2436527056357853,1.7974764676860984,3.568080541407336,1.118846665591803,1.3140834844250946,0.4965839882741894,3.8244889380346514,3.4918288546641447,3.673244203818508,3.5860310023296744
2020,1,1,146,1.375874185333854,2.551084180419693,0.6827698240019983,1.1344542265684268,3.4358265051786123,3.7198490542731184,4.753199528644356,1.9662141116216838,2.16706867715691,2.6130011507411357,1.3320453093403302,1.0846467740096224,2.640672168016702,1.4497785963841847,3.2141419442116015,2.4635550918311497,4.247051882260268,3.536516494289182,1.9056498862191849,4.042128112474106,4.031912154603864,2.2436527056357853,1.7974764676860984,3.568080541407336,1.118846665591803,1.3140834844250946,0.4965839882741894,3.8244889380346514,3.4918288546641447,3.673244203818508,3.5860310023296744
2020,1,1,147,1.375874185333854,2.551084180419693,0.6827698240019983,1.1344542265684268,3.4358265051786123,3.7198490542731184,4.753199528644356,1.9662141116216838,2.16706867715691,2.6130011507411357,1.3320453093403302,1.0846467740096224,2.640672168016702,1.4497785963841847,3.2141419442116015,2.4635550918311497,4.247051882260268,3.536516494289182,1.9056498862191849,4.042128112474106,4.031912154603864,2.2436527056357853,1.7974764676860984,3.568080541407336,1.118846665591803,1.3140834844250946,0.4965839882741894,3.8244889380346514,3.4918288546641447,3.673244203818508,3.5860310023296744
2020,1,1,148,1.375874185333854,2.551084180419693,0.6827698240019983,1.1344542265684268,3.4358265051786123,3.7198490542731184,4.753199528644356,1.9662141116216838,2.16706867715691,2.6130011507411357,1.3320453093403302,1.0846467740096224,2.640672168016702,1.4497785963841847,3.2141419442116015,2.4635550918311497,4.247051882260268,3.536516494289182,1.9056498862191849,4.042128112474106,4.031912154603864,2.2436527056357853,1.7974764676860984,3.568080541407336,1.118846665591803,1.3140834844250946,0.4965839882741894,3.8244889380346514,3.4918288546641447,3.673244203818508,3.5860310023296744
2020,1,1,149,1.375874185333854,2.551084180419693,0.6827698240019983,1.1344542265684268,3.4358265051786123,3.7198490542731184,4.753199528644356,1.9662141116216838,2.16706867715691,2.6130011507411357,1.3320453093403302,1.0846467740096224,2.640672168016702,1.4497785963841847,3.2141419442116015,2.4635550918311497,4.247051882260268,3.536516494289182,1.9056498862191849,4.042128112474106,4.031912154603864,2.2436527056357853,1.7974764676860984,3.568080541407336,1.118846665591803,1.3140834844250946,0.4965839882741894,3.8244889380346514,3.4918288546641447,3.673244203818508,3.5860310023296744
2020,1,1,150,1.375874185333854,2.551084180419693,0.6827698240019983,1.1344542265684268,3.4358265051786123,3.7198490542731184,4.753199528644356,1.9662141116216838,2.16706867715691,2.6130011507411357,1.3320453093403302,1.0846467740096224,2.640672168016702,1.4497785963841847,3.2141419442116015,2.4635550918311497,4.247051882260268,3.536516494289182,1.9056498862191849,4.042128112474106,4.031912154603864,2.2436527056357853,1.7974764676860984,3.568080541407336,1.118846665591803,1.3140834844250946,0.4965839882741894,3.8244889380346514,3.4918288546641447,3.673244203818508,3.5860310023296744
2020,1,1,151,1.375874185333854,2.551084180419693,0.6827698240019983,1.1344542265684268,3.4358265051786123,3.7198490542731184,4.753199528644356,1.9662141116216838,2.16706867715691,2.6130011507411357,1.3320453093403302,1.0846467740096224,2.640672168016702,1.4497785963841847,3.2141419442116015,2.4635550918311497,4.247051882260268,3.536516494289182,1.9056498862191849,4.042128112474106,4.031912154603864,2.2436527056357853,1.7974764676860984,3.568080541407336,1.118846665591803,1.3140834844250946,0.4965839882741894,3.8244889380346514,3.4918288546641447,3.673244203818508,3.5860310023296744
2020,1,1,152,1.375874185333854,2.551084180419693,0.6827698240019983,1.1344542265684268,3.4358265051786123,3.7198490542731184,4.753199528644356,1.9662141116216838,2.16706867715691,2.6130011507411357,1.3320453093403302,1.0846467740096224,2.640672168016702,1.4497785963841847,3.2141419442116015,2.4635550918311497,4.247051882260268,3.536516494289182,1.9056498862191849,4.042128112474106,4.031912154603864,2.2436527056357853,1.7974764676860984,3.568080541407336,1.118846665591803,1.3140834844250946,0.4965839882741894,3.8244889380346514,3.4918288546641447,3.673244203818508,3.5860310023296744
2020,1,1,153,1.375874185333854,2.551084180419693,0.6827698240019983,1.1344542265684268,3.4358265051786123,3.7198490542731184,4.753199528644356,1.9662141116216838,2.16706867715691,2.6130011507411357,1.3320453093403302,1.0846467740096224,2.640672168016702,1.4497785963841847,3.2141419442116015,2.4635550918311497,4.247051882260268,3.536516494289182,1.9056498862191849,4.042128112474106,4.031912154603864,2.2436527056357853,1.7974764676860984,3.568080541407336,1.118846665591803,1.3140834844250946,0.4965839882741894,3.8244889380346514,3.4918288546641447,3.673244203818508,3.5860310023296744
2020,1,1,154,1.375874185333854,2.551084180419693,0.6827698240019983,1.1344542265684268,3.4358265051786123,3.7198490542731184,4.753199528644356,1.9662141116216838,2.16706867715691,2.6130011507411357,1.3320453093403302,1.0846467740096224,2.640672168016702,1.4497785963841847,3.2141419442116015,2.4635550918311497,4.247051882260268,3.536516494289182,1.9056498862191849,4.042128112474106,4.031912154603864,2.2436527056357853,1.7974764676860984,3.568080541407336,1.118846665591803,1.3140834844250946,0.4965839882741894,3.8244889380346514,3.4918288546641447,3.673244203818508,3.5860310023296744
2020,1,1,155,1.375874185333854,2.551084180419693,0.6827698240019983,1.1344542265684268,3.4358265051786123,3.7198490542731184,4.753199528644356,1.9662141116216838,2.16706867715691,2.6130011507411357,1.3320453093403302,1.0846467740096224,2.640672168016702,1.4497785963841847,3.2141419442116015,2.4635550918311497,4.247051882260268,3.536516494289182,1.9056498862191849,4.042128112474106,4.031912154603864,2.2436527056357853,1.7974764676860984,3.568080541407336,1.118846665591803,1.3140834844250946,0.4965839882741894,3.8244889380346514,3.4918288546641447,3.673244203818508,3.5860310023296744
2020,1,1,156,1.375874185333854,2.551084180419693,0.6827698240019983,1.1344542265684268,3.4358265051786123,3.7198490542731184,4.753199528644356,1.9662141116216838,2.16706867715691,2.6130011507411357,1.3320453093403302,1.0846467740096224,2.640672168016702,1.4497785963841847,3.2141419442116015,2.4635550918311497,4.247051882260268,3.536516494289182,1.9056498862191849,4.042128112474106,4.031912154603864,2.2436527056357853,1.7974764676860984,3.568080541407336,1.118846665591803,1.3140834844250946,0.4965839882741894,3.8244889380346514,3.4918288546641447,3.673244203818508,3.5860310023296744
2020,1,1,157,1.2332049242577698,2.3656501414775124,0.6814086898739147,1.1179079876012747,3.573720289591046,3.851429701585177,4.812379533938869,1.9177455086860236,2.16706867715691,2.4758314107311263,1.3526211158792856,1.0846467740096224,2.5551245319110514,1.5210920707289786,3.351679905266956,2.4671836349254885,4.022267701379198,3.4684247504504064,1.898076620341573,4.245169106278405,4.121439608735608,2.0895966836198587,1.7974764676860984,3.370110453066893,1.128886176241894,1.3995869111379875,0.5331302138795249,3.850956101058303,3.4918288546641447,3.3342232084782877,4.013280639598856
2020,1,1,158,1.2332049242577698,2.3656501414775124,0.6814086898739147,1.1179079876012747,3.573720289591046,3.851429701585177,4.812379533938869,1.9177455086860236,2.16706867715691,2.4758314107311263,1.3526211158792856,1.0846467740096224,2.5551245319110514,1.5210920707289786,3.351679905266956,2.4671836349254885,4.022267701379198,3.4684247504504064,1.898076620341573,4.245169106278405,4.121439608735608,2.0895966836198587,1.7974764676860984,3.370110453066893,1.128886176241894,1.3995869111379875,0.5331302138795249,3.850956101058303,3.4918288546641447,3.3342232084782877,4.013280639598856
2020,1,1,159,1.2332049242577698,2.3656501414775124,0.6814086898739147,1.1179079876012747,3.573720289591046,3.851429701585177,4.812379533938869,1.9177455086860236,2.16706867715691,2.4758314107311263,1.3526211158792856,1.0846467740096224,2.5551245319110514,1.5210920707289786,3.351679905266956,2.4671836349254885,4.022267701379198,3.4684247504504064,1.898076620341573,4.245169106278405,4.121439608735608,2.0895966836198587,1.7974764676860984,3.370110453066893,1.128886176241894,1.3995869111379875,0.5331302138795249,3.850956101058303,3.4918288546641447,3.3342232084782877,4.013280639598856
2020,1,1,160,1.2332049242577698,2.3656501414775124,0.6814086898739147,1.1179079876012747,3.573720289591046,3.851429701585177,4.812379533938869,1.9177455086860236,2.16706867715691,2.4758314107311263,1.3526211158792856,1.0846467740096224,2.5551245319110514,1.5210920707289786,3.351679905266956,2.4671836349254885,4.022267701379198,3.4684247504504064,1.898076620341573,4.245169106278405,4.121439608735608,2.0895966836198587,1.7974764676860984,3.370110453066893,1.128886176241894,1.3995869111379875,0.5331302138795249,3.850956101058303,3.4918288546641447,3.3342232084782877,4.013280639598856
2020,1,1,161,1.2332049242577698,2.3656501414775124,0.6814086898739147,1.1179079876012747,3.573720289591046,3.851429701585177,4.812379533938869,1.9177455086860236,2.16706867715691,2.4758314107311263,1.3526211158792856,1.0846467740096224,2.5551245319110514,1.5210920707289786,3.351679905266956,2.4671836349254885,4.022267701379198,3.4684247504504064,1.898076620341573,4.245169106278405,4.121439608735608,2.0895966836198587,1.7974764676860984,3.370110453066893,1.128886176241894,1.3995869111379875,0.5331302138795249,3.850956101058303,3.4918288546641447,3.3342232084782877,4.013280639598856
2020,1,1,162,1.2332049242577698,2.3656501414775124,0.6814086898739147,1.1179079876012747,3.573720289591046,3.851429701585177,4.812379533938869,1.9177455086860236,2.16706867715691,2.4758314107311263,1.3526211158792856,1.0846467740096224,2.5551245319110514,1.5210920707289786,3.351679905266956,2.4671836349254885,4.022267701379198,3.4684247504504064,1.898076620341573,4.245169106278405,4.121439608735608,2.0895966836198587,1.7974764676860984,3.370110453066893,1.128886176241894,1.3995869111379875,0.5331302138795249,3.850956101058303,3.4918288546641447,3.3342232084782877,4.013280639598856
2020,1,1,163,1.2332049242577698,2.3656501414775124,0.6814086898739147,1.1179079876012747,3.573720289591046,3.851429701585177,4.812379533938869,1.9177455086860236,2.16706867715691,2.4758314107311263,1.3526211158792856,1.0846467740096224,2.5551245319110514,1.5210920707289786,3.351679905266956,2.4671836349254885,4.022267701379198,3.4684247504504064,1.898076620341573,4.245169106278405,4.121439608735608,2.0895966836198587,1.7974764676860984,3.370110453066893,1.128886176241894,1.3995869111379875,0.5331302138795249,3.850956101058303,3.4918288546641447,3.3342232084782877,4.013280639598856
2020,1,1,164,1.2332049242577698,2.3656501414775124,0.6814086898739147,1.1179079876012747,3.573720289591046,3.851429701585177,4.812379533938869,1.9177455086860236,2.16706867715691,2.4758314107311263,1.3526211158792856,1.0846467740096224,2.5551245319110514,1.5210920707289786,3.351679905266956,2.4671836349254885,4.022267701379198,3.4684247504504064,1.898076620341573,4.245169106278405,4.121439608735608,2.0895966836198587,1.7974764676860984,3.370110453066893,1.128886176241894,1.3995869111379875,0.5331302138795249,3.850956101058303,3.4918288546641447,3.3342232084782877,4.013280639598856
2020,1,1,165,1.2332049242577698,2.3656501414775124,0.6814086898739147,1.1179079876012747,3.573720289591046,3.851429701585177,4.812379533938869,1.9177455086860236,2.16706867715691,2.4758314107311263,1.3526211158792856,1.0846467740096224,2.5551245319110514,1.5210920707289786,3.351679905266956,2.4671836349254885,4.022267701379198,3.4684247504504064,1.898076620341573,4.245169106278405,4.121439608735608,2.0895966836198587,1.7974764676860984,3.370110453066893,1.128886176241894,1.3995869111379875,0.5331302138795249,3.850956101058303,3.4918288546641447,3.3342232084782877,4.013280639598856
2020,1,1,166,1.2332049242577698,2.3656501414775124,0.6814086898739147,1.1179079876012747,3.573720289591046,3.851429701585177,4.812379533938869,1.9177455086860236,2.16706867715691,2.4758314107311263,1.3526211158792856,1.0846467740096224,2.5551245319110514,1.5210920707289786,3.351679905266956,2.4671836349254885,4.022267701379198,3.4684247504504064,1.898076620341573,4.245169106278405,4.121439608735608,2.0895966836198587,1.7974764676860984,3.370110453066893,1.128886176241894,1.3995869111379875,0.5331302138795249,3.850956101058303,3.4918288546641447,3.3342232084782877,4.013280639598856
2020,1,1,167,1.2332049242577698,2.3656501414775124,0.6814086898739147,1.1179079876012747,3.573720289591046,3.851429701585177,4.812379533938869,1.9177455086860236,2.16706867715691,2.4758314107311263,1.3526211158792856,1.0846467740096224,2.5551245319110514,1.5210920707289786,3.351679905266956,2.4671836349254885,4.022267701379198,3.4684247504504064,1.898076620341573,4.245169106278405,4.121439608735608,2.0895966836198587,1.7974764676860984,3.370110453066893,1.128886176241894,1.3995869111379875,0.5331302138795249,3.850956101058303,3.4918288546641447,3.3342232084782877,4.013280639598856
2020,1,1,168,1.2332049242577698,2.3656501414775124,0.6814086898739147,1.1179079876012747,3.573720289591046,3.851429701585177,4.812379533938869,1.9177455086860236,2.16706867715691,2.4758314107311263,1.3526211158792856,1.0846467740096224,2.5551245319110514,1.5210920707289786,3.351679905266956,2.4671836349254885,4.022267701379198,3.4684247504504064,1.898076620341573,4.245169106278405,4.121439608735608,2.0895966836198587,1.7974764676860984,3.370110453066893,1.128886176241894,1.3995869111379875,0.5331302138795249,3.850956101058303,3.4918288546641447,3.3342232084782877,4.013280639598856
2020,1,1,169,1.2420690419560405,2.403278884573025,0.6259043499741298,1.0801824390686083,3.005279142463048,3.526165155339368,4.161624830395164,1.7776292731917884,2.100307658938392,2.4262694175539288,1.2492098164144125,0.9981526094957034,2.2592834161586604,1.31360628847276,2.9298586981368877,2.0628763756656907,3.9067843810957363,3.3353262648012367,1.601211946786719,4.013445351136919,3.7351445481480305,2.037121641073639,1.714955850998403,3.2070247656033506,1.079918426739396,1.3106910114501473,0.4624525038488478,3.376231362266033,3.115742412761555,3.177204716110335,3.885342400824363
2020,1,1,170,1.2420690419560405,2.403278884573025,0.6259043499741298,1.0801824390686083,3.005279142463048,3.526165155339368,4.161624830395164,1.7776292731917884,2.100307658938392,2.4262694175539288,1.2492098164144125,0.9981526094957034,2.2592834161586604,1.31360628847276,2.9298586981368877,2.0628763756656907,3.9067843810957363,3.3353262648012367,1.601211946786719,4.013445351136919,3.7351445481480305,2.037121641073639,1.714955850998403,3.2070247656033506,1.079918426739396,1.3106910114501473,0.4624525038488478,3.376231362266033,3.115742412761555,3.177204716110335,3.885342400824363
2020,1,1,171,1.2420690419560405,2.403278884573025,0.6259043499741298,1.0801824390686083,3.005279142463048,3.526165155339368,4.161624830395164,1.7776292731917884,2.100307658938392,2.4262694175539288,1.2492098164144125,0.9981526094957034,2.2592834161586604,1.31360628847276,2.9298586981368877,2.0628763756656907,3.9067843810957363,3.3353262648012367,1.601211946786719,4.013445351136919,3.7351445481480305,2.037121641073639,1.714955850998403,3.2070247656033506,1.079918426739396,1.3106910114501473,0.4624525038488478,3.376231362266033,3.115742412761555,3.177204716110335,3.885342400824363
2020,1,1,172,1.2420690419560405,2.403278884573025,0.6259043499741298,1.0801824390686083,3.005279142463048,3.526165155339368,4.161624830395164,1.7776292731917884,2.100307658938392,2.4262694175539288,1.2492098164144125,0.9981526094957034,2.2592834161586604,1.31360628847276,2.9298586981368877,2.0628763756656907,3.9067843810957363,3.3353262648012367,1.601211946786719,4.013445351136919,3.7351445481480305,2.037121641073639,1.714955850998403,3.2070247656033506,1.079918426739396,1.3106910114501473,0.4624525038488478,3.376231362266033,3.115742412761555,3.177204716110335,3.885342400824363
2020,1,1,173,1.2420690419560405,2.403278884573025,0.6259043499741298,1.0801824390686083,3.005279142463048,3.526165155339368,4.161624830395164,1.7776292731917884,2.100307658938392,2.4262694175539288,1.2492098164144125,0.9981526094957034,2.2592834161586604,1.31360628847276,2.9298586981368877,2.0628763756656907,3.9067843810957363,3.3353262648012367,1.601211946786719,4.013445351136919,3.7351445481480305,2.037121641073639,1.714955850998403,3.2070247656033506,1.079918426739396,1.3106910114501473,0.4624525038488478,3.376231362266033,3.115742412761555,3.177204716110335,3.885342400824363
2020,1,1,174,1.2420690419560405,2.403278884573025,0.6259043499741298,1.0801824390686083,3.005279142463048,3.526165155339368,4.161624830395164,1.7776292731917884,2.100307658938392,2.4262694175539288,1.2492098164144125,0.9981526094957034,2.2592834161586604,1.31360628847276,2.9298586981368877,2.0628763756656907,3.9067843810957363,3.3353262648012367,1.601211946786719,4.013445351136919,3.7351445481480305,2.037121641073639,1.714955850998403,3.2070247656033506,1.079918426739396,1.3106910114501473,0.4624525038488478,3.376231362266033,3.115742412761555,3.177204716110335,3.885342400824363
2020,1,1,175,1.2420690419560405,2.403278884573025,0.6259043499741298,1.0801824390686083,3.005279142463048,3.526165155339368,4.161624830395164,1.7776292731917884,2.100307658938392,2.4262694175539288,1.2492098164144125,0.9981526094957034,2.2592834161586604,1.31360628847276,2.9298586981368877,2.0628763756656907,3.9067843810957363,3.3353262648012367,1.601211946786719,4.013445351136919,3.7351445481480305,2.037121641073639,1.714955850998403,3.2070247656033506,1.079918426739396,1.3106910114501473,0.4624525038488478,3.376231362266033,3.115742412761555,3.177204716110335,3.885342400824363
2020,1,1,176,1.2420690419560405,2.403278884573025,0.6259043499741298,1.0801824390686083,3.005279142463048,3.526165155339368,4.161624830395164,1.7776292731917884,2.100307658938392,2.4262694175539288,1.2492098164144125,0.9981526094957034,2.2592834161586604,1.31360628847276,2.9298586981368877,2.0628763756656907,3.9067843810957363,3.3353262648012367,1.601211946786719,4.013445351136919,3.7351445481480305,2.037121641073639,1.714955850998403,3.2070247656033506,1.079918426739396,1.3106910114501473,0.4624525038488478,3.376231362266033,3.115742412761555,3.177204716110335,3.885342400824363
2020,1,1,177,1.2420690419560405,2.403278884573025,0.6259043499741298,1.0801824390686083,3.005279142463048,3.526165155339368,4.161624830395164,1.7776292731917884,2.100307658938392,2.4262694175539288,1.2492098164144125,0.9981526094957034,2.2592834161586604,1.31360628847276,2.9298586981368877,2.0628763756656907,3.9067843810957363,3.3353262648012367,1.601211946786719,4.013445351136919,3.7351445481480305,2.037121641073639,1.714955850998403,3.2070247656033506,1.079918426739396,1.3106910114501473,0.4624525038488478,3.376231362266033,3.115742412761555,3.177204716110335,3.885342400824363
2020,1,1,178,1.2420690419560405,2.403278884573025,0.6259043499741298,1.0801824390686083,3.005279142463048,3.526165155339368,4.161624830395164,1.7776292731917884,2.100307658938392,2.4262694175539288,1.2492098164144125,0.9981526094957034,2.2592834161586604,1.31360628847276,2.9298586981368877,2.0628763756656907,3.9067843810957363,3.3353262648012367,1.601211946786719,4.013445351136919,3.7351445481480305,2.037121641073639,1.714955850998403,3.2070247656033506,1.079918426739396,1.3106910114501473,0.4624525038488478,3.376231362266033,3.115742412761555,3.177204716110335,3.885342400824363
2020,1,1,179,1.2420690419560405,2.403278884573025,0.6259043499741298,1.0801824390686083,3.005279142463048,3.526165155339368,4.161624830395164,1.7776292731917884,2.100307658938392,2.4262694175539288,1.2492098164144125,0.9981526094957034,2.2592834161586604,1.31360628847276,2.9298586981368877,2.0628763756656907,3.9067843810957363,3.3353262648012367,1.601211946786719,4.013445351136919,3.7351445481480305,2.037121641073639,1.714955850998403,3.2070247656033506,1.079918426739396,1.3106910114501473,0.4624525038488478,3.376231362266033,3.115742412761555,3.177204716110335,3.885342400824363
2020,1,1,180,1.2420690419560405,2.403278884573025,0.6259043499741298,1.0801824390686083,3.005279142463048,3.526165155339368,4.161624830395164,1.7776292731917884,2.100307658938392,2.4262694175539288,1.2492098164144125,0.9981526094957034,2.2592834161586604,1.31360628847276,2.9298586981368877,2.0628763756656907,3.9067843810957363,3.3353262648012367,1.601211946786719,4.013445351136919,3.7351445481480305,2.037121641073639,1.714955850998403,3.2070247656033506,1.079918426739396,1.3106910114501473,0.4624525038488478,3.376231362266033,3.115742412761555,3.177204716110335,3.885342400824363
2020,1,1,181,1.0206410493060245,1.9466446442010763,0.5235567580481849,0.8672447228735691,2.686612225024822,2.787210567666578,3.5880065057541564,1.4391983698503725,1.4687352127643676,1.9332176530524132,1.0474299054456642,0.8001932515197147,1.8634470010768227,1.0688548363306187,2.5221479649592617,1.6923238990571776,3.2450381217438804,2.484678370561805,1.420136151122794,2.897230818888803,2.7603569162558568,1.7015740510441313,1.379293668615929,2.588320635875334,0.8164916144751111,0.9698004576742156,0.398559197968765,2.7590093440320507,2.2600925562188885,2.426339645526414,2.75164182267222
2020,1,1,182,1.0206410493060245,1.9466446442010763,0.5235567580481849,0.8672447228735691,2.686612225024822,2.787210567666578,3.5880065057541564,1.4391983698503725,1.4687352127643676,1.9332176530524132,1.0474299054456642,0.8001932515197147,1.8634470010768227,1.0688548363306187,2.5221479649592617,1.6923238990571776,3.2450381217438804,2.484678370561805,1.420136151122794,2.897230818888803,2.7603569162558568,1.7015740510441313,1.379293668615929,2.588320635875334,0.8164916144751111,0.9698004576742156,0.398559197968765,2.7590093440320507,2.2600925562188885,2.426339645526414,2.75164182267222
2020,1,1,183,1.0206410493060245,1.9466446442010763,0.5235567580481849,0.8672447228735691,2.686612225024822,2.787210567666578,3.5880065057541564,1.4391983698503725,1.4687352127643676,1.9332176530524132,1.0474299054456642,0.8001932515197147,1.8634470010768227,1.0688548363306187,2.5221479649592617,1.6923238990571776,3.2450381217438804,2.484678370561805,1.420136151122794,2.897230818888803,2.7603569162558568,1.7015740510441313,1.379293668615929,2.588320635875334,0.8164916144751111,0.9698004576742156,0.398559197968765,2.7590093440320507,2.2600925562188885,2.426339645526414,2.75164182267222
2020,1,1,184,1.0206410493060245,1.9466446442010763,0.5235567580481849,0.8672447228735691,2.686612225024822,2.787210567666578,3.5880065057541564,1.4391983698503725,1.4687352127643676,1.9332176530524132,1.0474299054456642,0.8001932515197147,1.8634470010768227,1.0688548363306187,2.5221479649592617,1.6923238990571776,3.2450381217438804,2.484678370561805,1.420136151122794,2.897230818888803,2.7603569162558568,1.7015740510441313,1.379293668615929,2.588320635875334,0.8164916144751111,0.9698004576742156,0.398559197968765,2.7590093440320507,2.2600925562188885,2.426339645526414,2.75164182267222
2020,1,1,185,1.0206410493060245,1.9466446442010763,0.5235567580481849,0.8672447228735691,2.686612225024822,2.787210567666578,3.5880065057541564,1.4391983698503725,1.4687352127643676,1.9332176530524132,1.0474299054456642,0.8001932515197147,1.8634470010768227,1.0688548363306187,2.5221479649592617,1.6923238990571776,3.2450381217438804,2.484678370561805,1.420136151122794,2.897230818888803,2.7603569162558568,1.7015740510441313,1.379293668615929,2.588320635875334,0.8164916144751111,0.9698004576742156,0.398559197968765,2.7590093440320507,2.2600925562188885,2.426339645526414,2.75164182267222
2020,1,1,186,1.0206410493060245,1.9466446442010763,0.5235567580481849,0.8672447228735691,2.686612225024822,2.787210567666578,3.5880065057541564,1.4391983698503725,1.4687352127643676,1.9332176530524132,1.0474299054456642,0.8001932515197147,1.8634470010768227,1.0688548363306187,2.5221479649592617,1.6923238990571776,3.2450381217438804,2.484678370561805,1.420136151122794,2.897230818888803,2.7603569162558568,1.7015740510441313,1.379293668615929,2.588320635875334,0.8164916144751111,0.9698004576742156,0.398559197968765,2.7590093440320507,2.2600925562188885,2.426339645526414,2.75164182267222
2020,1,1,187,1.0206410493060245,1.9466446442010763,0.5235567580481849,0.8672447228735691,2.686612225024822,2.787210567666578,3.5880065057541564,1.4391983698503725,1.4687352127643676,1.9332176530524132,1.0474299054456642,0.8001932515197147,1.8634470010768227,1.0688548363306187,2.5221479649592617,1.6923238990571776,3.2450381217438804,2.484678370561805,1.420136151122794,2.897230818888803,2.7603569162558568,1.7015740510441313,1.379293668615929,2.588320635875334,0.8164916144751111,0.9698004576742156,0.398559197968765,2.7590093440320507,2.2600925562188885,2.426339645526414,2.75164182267222
2020,1,1,188,1.0206410493060245,1.9466446442010763,0.5235567580481849,0.8672447228735691,2.686612225024822,2.787210567666578,3.5880065057541564,1.4391983698503725,1.4687352127643676,1.9332176530524132,1.0474299054456642,0.8001932515197147,1.8634470010768227,1.0688548363306187,2.5221479649592617,1.6923238990571776,3.2450381217438804,2.484678370561805,1.420136151122794,2.897230818888803,2.7603569162558568,1.7015740510441313,1.379293668615929,2.588320635875334,0.8164916144751111,0.9698004576742156,0.398559197968765,2.7590093440320507,2.2600925562188885,2.426339645526414,2.75164182267222
2020,1,1,189,1.0206410493060245,1.9466446442010763,0.5235567580481849,0.8672447228735691,2.686612225024822,2.787210567666578,3.5880065057541564,1.4391983698503725,1.4687352127643676,1.9332176530524132,1.0474299054456642,0.8001932515197147,1.8634470010768227,1.0688548363306187,2.5221479649592617,1.6923238990571776,3.2450381217438804,2.484678370561805,1.420136151122794,2.897230818888803,2.7603569162558568,1.7015740510441313,1.379293668615929,2.588320635875334,0.8164916144751111,0.9698004576742156,0.398559197968765,2.7590093440320507,2.2600925562188885,2.426339645526414,2.75164182267222
2020,1,1,190,1.0206410493060245,1.9466446442010763,0.5235567580481849,0.8672447228735691,2.686612225024822,2.787210567666578,3.5880065057541564,1.4391983698503725,1.4687352127643676,1.9332176530524132,1.0474299054456642,0.8001932515197147,1.8634470010768227,1.0688548363306187,2.5221479649592617,1.6923238990571776,3.2450381217438804,2.484678370561805,1.420136151122794,2.897230818888803,2.7603569162558568,1.7015740510441313,1.379293668615929,2.588320635875334,0.8164916144751111,0.9698004576742156,0.398559197968765,2.7590093440320507,2.2600925562188885,2.426339645526414,2.75164182267222
2020,1,1,191,1.0206410493060245,1.9466446442010763,0.5235567580481849,0.8672447228735691,2.686612225024822,2.787210567666578,3.5880065057541564,1.4391983698503725,1.4687352127643676,1.9332176530524132,1.0474299054456642,0.8001932515197147,1.8634470010768227,1.0688548363306187,2.5221479649592617,1.6923238990571776,3.2450381217438804,2.484678370561805,1.420136151122794,2.897230818888803,2.7603569162558568,1.7015740510441313,1.379293668615929,2.588320635875334,0.8164916144751111,0.9698004576742156,0.398559197968765,2.7590093440320507,2.2600925562188885,2.426339645526414,2.75164182267222
2020,1,1,192,1.0206410493060245,1.9466446442010763,0.5235567580481849,0.8672447228735691,2.686612225024822,2.787210567666578,3.5880065057541564,1.4391983698503725,1.4687352127643676,1.9332176530524132,1.0474299054456642,0.8001932515197147,1.8634470010768227,1.0688548363306187,2.5221479649592617,1.6923238990571776,3.2450381217438804,2.484678370561805,1.420136151122794,2.897230818888803,2.7603569162558568,1.7015740510441313,1.379293668615929,2.588320635875334,0.8164916144751111,0.9698004576742156,0.398559197968765,2.7590093440320507,2.2600925562188885,2.426339645526414,2.75164182267222
2020,1,1,193,0.7219983159186844,1.3978691463821493,0.3628982102564119,0.6336319775467847,1.894306324620201,2.058115678152213,2.682477205066578,1.0992370054491385,1.1039107483993205,1.2624289212943791,0.6874270054742819,0.5501479095148354,1.2003012098545902,0.7612218963754995,1.7229532073636722,1.3212099648795879,2.1751640036229505,1.7308519221655014,0.940594263243413,2.174531922096201,2.053789583783065,1.1749809874098809,0.8879213818204093,1.813416796716592,0.5812490604587088,0.6473406025241484,0.27222915621518656,2.2042001631949115,1.7235344925251253,1.9640036722962355,2.2232312336582933
2020,1,1,194,0.7219983159186844,1.3978691463821493,0.3628982102564119,0.6336319775467847,1.894306324620201,2.058115678152213,2.682477205066578,1.0992370054491385,1.1039107483993205,1.2624289212943791,0.6874270054742819,0.5501479095148354,1.2003012098545902,0.7612218963754995,1.7229532073636722,1.3212099648795879,2.1751640036229505,1.7308519221655014,0.940594263243413,2.174531922096201,2.053789583783065,1.1749809874098809,0.8879213818204093,1.813416796716592,0.5812490604587088,0.6473406025241484,0.27222915621518656,2.2042001631949115,1.7235344925251253,1.9640036722962355,2.2232312336582933
2020,1,1,195,0.7219983159186844,1.3978691463821493,0.3628982102564119,0.6336319775467847,1.894306324620201,2.058115678152213,2.682477205066578,1.0992370054491385,1.1039107483993205,1.2624289212943791,0.6874270054742819,0.5501479095148354,1.2003012098545902,0.7612218963754995,1.7229532073636722,1.3212099648795879,2.1751640036229505,1.7308519221655014,0.940594263243413,2.174531922096201,2.053789583783065,1.1749809874098809,0.8879213818204093,1.813416796716592,0.5812490604587088,0.6473406025241484,0.27222915621518656,2.2042001631949115,1.7235344925251253,1.9640036722962355,2.2232312336582933
2020,1,1,196,0.7219983159186844,1.3978691463821493,0.3628982102564119,0.6336319775467847,1.894306324620201,2.058115678152213,2.682477205066578,1.0992370054491385,1.1039107483993205,1.2624289212943791,0.6874270054742819,0.5501479095148354,1.2003012098545902,0.7612218963754995,1.7229532073636722,1.3212099648795879,2.1751640036229505,1.7308519221655014,0.940594263243413,2.174531922096201,2.053789583783065,1.1749809874098809,0.8879213818204093,1.813416796716592,0.5812490604587088,0.6473406025241484,0.27222915621518656,2.2042001631949115,1.7235344925251253,1.9640036722962355,2.2232312336582933
2020,1,1,197,0.7219983159186844,1.3978691463821493,0.3628982102564119,0.6336319775467847,1.894306324620201,2.058115678152213,2.682477205066578,1.0992370054491385,1.1039107483993205,1.2624289212943791,0.6874270054742819,0.5501479095148354,1.2003012098545902,0.7612218963754995,1.7229532073636722,1.3212099648795879,2.1751640036229505,1.7308519221655014,0.940594263243413,2.174531922096201,2.053789583783065,1.1749809874098809,0.8879213818204093,1.813416796716592,0.5812490604587088,0.6473406025241484,0.27222915621518656,2.2042001631949115,1.7235344925251253,1.9640036722962355,2.2232312336582933
2020,1,1,198,0.7219983159186844,1.3978691463821493,0.3628982102564119,0.6336319775467847,1.894306324620201,2.058115678152213,2.682477205066578,1.0992370054491385,1.1039107483993205,1.2624289212943791,0.6874270054742819,0.5501479095148354,1.2003012098545902,0.7612218963754995,1.7229532073636722,1.3212099648795879,2.1751640036229505,1.7308519221655014,0.940594263243413,2.174531922096201,2.053789583783065,1.1749809874098809,0.8879213818204093,1.813416796716592,0.5812490604587088,0.6473406025241484,0.27222915621518656,2.2042001631949115,1.7235344925251253,1.9640036722962355,2.2232312336582933
2020,1,1,199,0.7219983159186844,1.3978691463821493,0.3628982102564119,0.6336319775467847,1.894306324620201,2.058115678152213,2.682477205066578,1.0992370054491385,1.1039107483993205,1.2624289212943791,0.6874270054742819,0.5501479095148354,1.2003012098545902,0.7612218963754995,1.7229532073636722,1.3212099648795879,2.1751640036229505,1.7308519221655014,0.940594263243413,2.174531922096201,2.053789583783065,1.1749809874098809,0.8879213818204093,1.813416796716592,0.5812490604587088,0.6473406025241484,0.27222915621518656,2.2042001631949115,1.7235344925251253,1.9640036722962355,2.2232312336582933
2020,1,1,200,0.7219983159186844,1.3978691463821493,0.3628982102564119,0.6336319775467847,1.894306324620201,2.058115678152213,2.682477205066578,1.0992370054491385,1.1039107483993205,1.2624289212943791,0.6874270054742819,0.5501479095148354,1.2003012098545902,0.7612218963754995,1.7229532073636722,1.3212099648795879,2.1751640036229505,1.7308519221655014,0.940594263243413,2.174531922096201,2.053789583783065,1.1749809874098809,0.8879213818204093,1.813416796716592,0.5812490604587088,0.6473406025241484,0.27222915621518656,2.2042001631949115,1.7235344925251253,1.9640036722962355,2.2232312336582933
2020,1,1,201,0.7219983159186844,1.3978691463821493,0.3628982102564119,0.6336319775467847,1.894306324620201,2.058115678152213,2.682477205066578,1.0992370054491385,1.1039107483993205,1.2624289212943791,0.6874270054742819,0.5501479095148354,1.2003012098545902,0.7612218963754995,1.7229532073636722,1.3212099648795879,2.1751640036229505,1.7308519221655014,0.940594263243413,2.174531922096201,2.053789583783065,1.1749809874098809,0.8879213818204093,1.813416796716592,0.5812490604587088,0.6473406025241484,0.27222915621518656,2.2042001631949115,1.7235344925251253,1.9640036722962355,2.2232312336582933
2020,1,1,202,0.7219983159186844,1.3978691463821493,0.3628982102564119,0.6336319775467847,1.894306324620201,2.058115678152213,2.682477205066578,1.0992370054491385,1.1039107483993205,1.2624289212943791,0.6874270054742819,0.5501479095148354,1.2003012098545902,0.7612218963754995,1.7229532073636722,1.3212099648795879,2.1751640036229505,1.7308519221655014,0.940594263243413,2.174531922096201,2.053789583783065,1.1749809874098809,0.8879213818204093,1.813416796716592,0.5812490604587088,0.6473406025241484,0.27222915621518656,2.2042001631949115,1.7235344925251253,1.9640036722962355,2.2232312336582933
2020,1,1,203,0.7219983159186844,1.3978691463821493,0.3628982102564119,0.6336319775467847,1.894306324620201,2.058115678152213,2.682477205066578,1.0992370054491385,1.1039107483993205,1.2624289212943791,0.6874270054742819,0.5501479095148354,1.2003012098545902,0.7612218963754995,1.7229532073636722,1.3212099648795879,2.1751640036229505,1.7308519221655014,0.940594263243413,2.174531922096201,2.053789583783065,1.1749809874098809,0.8879213818204093,1.813416796716592,0.5812490604587088,0.6473406025241484,0.27222915621518656,2.2042001631949115,1.7235344925251253,1.9640036722962355,2.2232312336582933
2020,1,1,204,0.7219983159186844,1.3978691463821493,0.3628982102564119,0.6336319775467847,1.894306324620201,2.058115678152213,2.682477205066578,1.0992370054491385,1.1039107483993205,1.2624289212943791,0.6874270054742819,0.5501479095148354,1.2003012098545902,0.7612218963754995,1.7229532073636722,1.3212099648795879,2.1751640036229505,1.7308519221655014,0.940594263243413,2.174531922096201,2.053789583783065,1.1749809874098809,0.8879213818204093,1.813416796716592,0.5812490604587088,0.6473406025241484,0.27222915621518656,2.2042001631949115,1.7235344925251253,1.9640036722962355,2.2232312336582933
2020,1,1,205,0.48724943378655716,0.8769150808440797,0.24581473541269733,0.43249582759082494,1.1540388118748188,1.2262582389789374,1.6981805692219298,0.6613006113720387,0.6829634535172362,0.8565766906000686,0.4365095536605069,0.3571710138457265,0.8188761371805127,0.5179949464151851,1.1281342853097238,0.8153289739267633,1.3276381984442625,1.1345127106328237,0.5670867914426088,1.4148442494816056,1.3567410785551983,0.7358022456850333,0.5493509416445373,1.198905555911185,0.3449938844999982,0.4360559828864706,0.17788396906120554,1.4155173990039658,1.143057213764606,1.23339826594011,1.3093860422326942
2020,1,1,206,0.48724943378655716,0.8769150808440797,0.24581473541269733,0.43249582759082494,1.1540388118748188,1.2262582389789374,1.6981805692219298,0.6613006113720387,0.6829634535172362,0.8565766906000686,0.4365095536605069,0.3571710138457265,0.8188761371805127,0.5179949464151851,1.1281342853097238,0.8153289739267633,1.3276381984442625,1.1345127106328237,0.5670867914426088,1.4148442494816056,1.3567410785551983,0.7358022456850333,0.5493509416445373,1.198905555911185,0.3449938844999982,0.4360559828864706,0.17788396906120554,1.4155173990039658,1.143057213764606,1.23339826594011,1.3093860422326942
2020,1,1,207,0.48724943378655716,0.8769150808440797,0.24581473541269733,0.43249582759082494,1.1540388118748188,1.2262582389789374,1.6981805692219298,0.6613006113720387,0.6829634535172362,0.8565766906000686,0.4365095536605069,0.3571710138457265,0.8188761371805127,0.5179949464151851,1.1281342853097238,0.8153289739267633,1.3276381984442625,1.1345127106328237,0.5670867914426088,1.4148442494816056,1.3567410785551983,0.7358022456850333,0.5493509416445373,1.198905555911185,0.3449938844999982,0.4360559828864706,0.17788396906120554,1.4155173990039658,1.143057213764606,1.23339826594011,1.3093860422326942
2020,1,1,208,0.48724943378655716,0.8769150808440797,0.24581473541269733,0.43249582759082494,1.1540388118748188,1.2262582389789374,1.6981805692219298,0.6613006113720387,0.6829634535172362,0.8565766906000686,0.4365095536605069,0.3571710138457265,0.8188761371805127,0.5179949464151851,1.1281342853097238,0.8153289739267633,1.3276381984442625,1.1345127106328237,0.5670867914426088,1.4148442494816056,1.3567410785551983,0.7358022456850333,0.5493509416445373,1.198905555911185,0.3449938844999982,0.4360559828864706,0.17788396906120554,1.4155173990039658,1.143057213764606,1.23339826594011,1.3093860422326942
2020,1,1,209,0.48724943378655716,0.8769150808440797,0.24581473541269733,0.43249582759082494,1.1540388118748188,1.2262582389789374,1.6981805692219298,0.6613006113720387,0.6829634535172362,0.8565766906000686,0.4365095536605069,0.3571710138457265,0.8188761371805127,0.5179949464151851,1.1281342853097238,0.8153289739267633,1.3276381984442625,1.1345127106328237,0.5670867914426088,1.4148442494816056,1.3567410785551983,0.7358022456850333,0.5493509416445373,1.198905555911185,0.3449938844999982,0.4360559828864706,0.17788396906120554,1.4155173990039658,1.143057213764606,1.23339826594011,1.3093860422326942
2020,1,1,210,0.48724943378655716,0.8769150808440797,0.24581473541269733,0.43249582759082494,1.1540388118748188,1.2262582389789374,1.6981805692219298,0.6613006113720387,0.6829634535172362,0.8565766906000686,0.4365095536605069,0.3571710138457265,0.8188761371805127,0.5179949464151851,1.1281342853097238,0.8153289739267633,1.3276381984442625,1.1345127106328237,0.5670867914426088,1.4148442494816056,1.3567410785551983,0.7358022456850333,0.5493509416445373,1.198905555911185,0.3449938844999982,0.4360559828864706,0.17788396906120554,1.4155173990039658,1.143057213764606,1.23339826594011,1.3093860422326942
2020,1,1,211,0.48724943378655716,0.8769150808440797,0.24581473541269733,0.43249582759082494,1.1540388118748188,1.2262582389789374,1.6981805692219298,0.6613006113720387,0.6829634535172362,0.8565766906000686,0.4365095536605069,0.3571710138457265,0.8188761371805127,0.5179949464151851,1.1281342853097238,0.8153289739267633,1.3276381984442625,1.1345127106328237,0.5670867914426088,1.4148442494816056,1.3567410785551983,0.7358022456850333,0.5493509416445373,1.198905555911185,0.3449938844999982,0.4360559828864706,0.17788396906120554,1.4155173990039658,1.143057213764606,1.23339826594011,1.3093860422326942
2020,1,1,212,0.48724943378655716,0.8769150808440797,0.24581473541269733,0.43249582759082494,1.1540388118748188,1.2262582389789374,1.6981805692219298,0.6613006113720387,0.6829634535172362,0.8565766906000686,0.4365095536605069,0.3571710138457265,0.8188761371805127,0.5179949464151851,1.1281342853097238,0.8153289739267633,1.3276381984442625,1.1345127106328237,0.5670867914426088,1.4148442494816056,1.3567410785551983,0.7358022456850333,0.5493509416445373,1.198905555911185,0.3449938844999982,0.4360559828864706,0.17788396906120554,1.4155173990039658,1.143057213764606,1.23339826594011,1.3093860422326942
2020,1,1,213,0.48724943378655716,0.8769150808440797,0.24581473541269733,0.43249582759082494,1.1540388118748188,1.2262582389789374,1.6981805692219298,0.6613006113720387,0.6829634535172362,0.8565766906000686,0.4365095536605069,0.3571710138457265,0.8188761371805127,0.5179949464151851,1.1281342853097238,0.8153289739267633,1.3276381984442625,1.1345127106328237,0.5670867914426088,1.4148442494816056,1.3567410785551983,0.7358022456850333,0.5493509416445373,1.198905555911185,0.3449938844999982,0.4360559828864706,0.17788396906120554,1.4155173990039658,1.143057213764606,1.23339826594011,1.3093860422326942
2020,1,1,214,0.48724943378655716,0.8769150808440797,0.24581473541269733,0.43249582759082494,1.1540388118748188,1.2262582389789374,1.6981805692219298,0.6613006113720387,0.6829634535172362,0.8565766906000686,0.4365095536605069,0.3571710138457265,0.8188761371805127,0.5179949464151851,1.1281342853097238,0.8153289739267633,1.3276381984442625,1.1345127106328237,0.5670867914426088,1.4148442494816056,1.3567410785551983,0.7358022456850333,0.5493509416445373,1.198905555911185,0.3449938844999982,0.4360559828864706,0.17788396906120554,1.4155173990039658,1.143057213764606,1.23339826594011,1.3093860422326942
2020,1,1,215,0.48724943378655716,0.8769150808440797,0.24581473541269733,0.43249582759082494,1.1540388118748188,1.2262582389789374,1.6981805692219298,0.6613006113720387,0.6829634535172362,0.8565766906000686,0.4365095536605069,0.3571710138457265,0.8188761371805127,0.5179949464151851,1.1281342853097238,0.8153289739267633,1.3276381984442625,1.1345127106328237,0.5670867914426088,1.4148442494816056,1.3567410785551983,0.7358022456850333,0.5493509416445373,1.198905555911185,0.3449938844999982,0.4360559828864706,0.17788396906120554,1.4155173990039658,1.143057213764606,1.23339826594011,1.3093860422326942
2020,1,1,216,0.48724943378655716,0.8769150808440797,0.24581473541269733,0.43249582759082494,1.1540388118748188,1.2262582389789374,1.6981805692219298,0.6613006113720387,0.6829634535172362,0.8565766906000686,0.4365095536605069,0.3571710138457265,0.8188761371805127,0.5179949464151851,1.1281342853097238,0.8153289739267633,1.3276381984442625,1.1345127106328237,0.5670867914426088,1.4148442494816056,1.3567410785551983,0.7358022456850333,0.5493509416445373,1.198905555911185,0.3449938844999982,0.4360559828864706,0.17788396906120554,1.4155173990039658,1.143057213764606,1.23339826594011,1.3093860422326942
2020,1,1,217,0.2768597307142169,0.5148912532278044,0.13912865464725827,0.21680960602039173,0.6929637656206825,0.6876297376098619,0.915433894494594,0.35988462525953835,0.37459559220391325,0.5019424489366551,0.248803279758218,0.21201255289952334,0.5182703350416241,0.2951180419311613,0.6241050836934564,0.4695126366636344,0.8372573460451184,0.681540444722749,0.3692848237669948,0.8379219952938554,0.8072175509003383,0.40961514120091497,0.35529879812886345,0.6849296594992934,0.23154912748445863,0.256480069246287,0.0993722223902725,0.7604506135419974,0.635915038864565,0.7096058796648174,0.7699357157998254
2020,1,1,218,0.2768597307142169,0.5148912532278044,0.13912865464725827,0.21680960602039173,0.6929637656206825,0.6876297376098619,0.915433894494594,0.35988462525953835,0.37459559220391325,0.5019424489366551,0.248803279758218,0.21201255289952334,0.5182703350416241,0.2951180419311613,0.6241050836934564,0.4695126366636344,0.8372573460451184,0.681540444722749,0.3692848237669948,0.8379219952938554,0.8072175509003383,0.40961514120091497,0.35529879812886345,0.6849296594992934,0.23154912748445863,0.256480069246287,0.0993722223902725,0.7604506135419974,0.635915038864565,0.7096058796648174,0.7699357157998254
2020,1,1,219,0.2768597307142169,0.5148912532278044,0.13912865464725827,0.21680960602039173,0.6929637656206825,0.6876297376098619,0.915433894494594,0.35988462525953835,0.37459559220391325,0.5019424489366551,0.248803279758218,0.21201255289952334,0.5182703350416241,0.2951180419311613,0.6241050836934564,0.4695126366636344,0.8372573460451184,0.681540444722749,0.3692848237669948,0.8379219952938554,0.8072175509003383,0.40961514120091497,0.35529879812886345,0.6849296594992934,0.23154912748445863,0.256480069246287,0.0993722223902725,0.7604506135419974,0.635915038864565,0.7096058796648174,0.7699357157998254
2020,1,1,220,0.2768597307142169,0.5148912532278044,0.13912865464725827,0.21680960602039173,0.6929637656206825,0.6876297376098619,0.915433894494594,0.35988462525953835,0.37459559220391325,0.5019424489366551,0.248803279758218,0.21201255289952334,0.5182703350416241,0.2951180419311613,0.6241050836934564,0.4695126366636344,0.8372573460451184,0.681540444722749,0.3692848237669948,0.8379219952938554,0.8072175509003383,0.40961514120091497,0.35529879812886345,0.6849296594992934,0.23154912748445863,0.256480069246287,0.0993722223902725,0.7604506135419974,0.635915038864565,0.7096058796648174,0.7699357157998254
2020,1,1,221,0.2768597307142169,0.5148912532278044,0.13912865464725827,0.21680960602039173,0.6929637656206825,0.6876297376098619,0.915433894494594,0.35988462525953835,0.37459559220391325,0.5019424489366551,0.248803279758218,0.21201255289952334,0.5182703350416241,0.2951180419311613,0.6241050836934564,0.4695126366636344,0.8372573460451184,0.681540444722749,0.3692848237669948,0.8379219952938554,0.8072175509003383,0.40961514120091497,0.35529879812886345,0.6849296594992934,0.23154912748445863,0.256480069246287,0.0993722223902725,0.7604506135419974,0.635915038864565,0.7096058796648174,0.7699357157998254
2020,1,1,222,0.2768597307142169,0.5148912532278044,0.13912865464725827,0.21680960602039173,0.6929637656206825,0.6876297376098619,0.915433894494594,0.35988462525953835,0.37459559220391325,0.5019424489366551,0.248803279758218,0.21201255289952334,0.5182703350416241,0.2951180419311613,0.6241050836934564,0.4695126366636344,0.8372573460451184,0.681540444722749,0.3692848237669948,0.8379219952938554,0.8072175509003383,0.40961514120091497,0.35529879812886345,0.6849296594992934,0.23154912748445863,0.256480069246287,0.0993722223902725,0.7604506135419974,0.635915038864565,0.7096058796648174,0.7699357157998254
2020,1,1,223,0.2768597307142169,0.5148912532278044,0.13912865464725827,0.21680960602039173,0.6929637656206825,0.6876297376098619,0.915433894494594,0.35988462525953835,0.37459559220391325,0.5019424489366551,0.248803279758218,0.21201255289952334,0.5182703350416241,0.2951180419311613,0.6241050836934564,0.4695126366636344,0.8372573460451184,0.681540444722749,0.3692848237669948,0.8379219952938554,0.8072175509003383,0.40961514120091497,0.35529879812886345,0.6849296594992934,0.23154912748445863,0.256480069246287,0.0993722223902725,0.7604506135419974,0.635915038864565,0.7096058796648174,0.7699357157998254
2020,1,1,224,0.2768597307142169,0.5148912532278044,0.13912865464725827,0.21680960602039173,0.6929637656206825,0.6876297376098619,0.915433894494594,0.35988462525953835,0.37459559220391325,0.5019424489366551,0.248803279758218,0.21201255289952334,0.5182703350416241,0.2951180419311613,0.6241050836934564,0.4695126366636344,0.8372573460451184,0.681540444722749,0.3692848237669948,0.8379219952938554,0.8072175509003383,0.40961514120091497,0.35529879812886345,0.6849296594992934,0.23154912748445863,0.256480069246287,0.0993722223902725,0.7604506135419974,0.635915038864565,0.7096058796648174,0.7699357157998254
2020,1,1,225,0.2768597307142169,0.5148912532278044,0.13912865464725827,0.21680960602039173,0.6929637656206825,0.6876297376098619,0.915433894494594,0.35988462525953835,0.37459559220391325,0.5019424489366551,0.248803279758218,0.21201255289952334,0.5182703350416241,0.2951180419311613,0.6241050836934564,0.4695126366636344,0.8372573460451184,0.681540444722749,0.3692848237669948,0.8379219952938554,0.8072175509003383,0.40961514120091497,0.35529879812886345,0.6849296594992934,0.23154912748445863,0.256480069246287,0.0993722223902725,0.7604506135419974,0.635915038864565,0.7096058796648174,0.7699357157998254
2020,1,1,226,0.2768597307142169,0.5148912532278044,0.13912865464725827,0.21680960602039173,0.6929637656206825,0.6876297376098619,0.915433894494594,0.35988462525953835,0.37459559220391325,0.5019424489366551,0.248803279758218,0.21201255289952334,0.5182703350416241,0.2951180419311613,0.6241050836934564,0.4695126366636344,0.8372573460451184,0.681540444722749,0.3692848237669948,0.8379219952938554,0.8072175509003383,0.40961514120091497,0.35529879812886345,0.6849296594992934,0.23154912748445863,0.256480069246287,0.0993722223902725,0.7604506135419974,0.635915038864565,0.7096058796648174,0.7699357157998254
2020,1,1,227,0.2768597307142169,0.5148912532278044,0.13912865464725827,0.21680960602039173,0.6929637656206825,0.6876297376098619,0.915433894494594,0.35988462525953835,0.37459559220391325,0.5019424489366551,0.248803279758218,0.21201255289952334,0.5182703350416241,0.2951180419311613,0.6241050836934564,0.4695126366636344,0.8372573460451184,0.681540444722749,0.3692848237669948,0.8379219952938554,0.8072175509003383,0.40961514120091497,0.35529879812886345,0.6849296594992934,0.23154912748445863,0.256480069246287,0.0993722223902725,0.7604506135419974,0.635915038864565,0.7096058796648174,0.7699357157998254
2020,1,1,228,0.2768597307142169,0.5148912532278044,0.13912865464725827,0.21680960602039173,0.6929637656206825,0.6876297376098619,0.915433894494594,0.35988462525953835,0.37459559220391325,0.5019424489366551,0.248803279758218,0.21201255289952334,0.5182703350416241,0.2951180419311613,0.6241050836934564,0.4695126366636344,0.8372573460451184,0.681540444722749,0.3692848237669948,0.8379219952938554,0.8072175509003383,0.40961514120091497,0.35529879812886345,0.6849296594992934,0.23154912748445863,0.256480069246287,0.0993722223902725,0.7604506135419974,0.635915038864565,0.7096058796648174,0.7699357157998254
2020,1,1,229,0.13519030841268284,0.23227373588346537,0.0726596489502112,0.11246433357664397,0.3438146884092162,0.3637266394893117,0.4509478496831021,0.1971168701644493,0.20319709121757684,0.2554559573201127,0.1408056391911996,0.10851219466763572,0.2605225436894339,0.12816781384928214,0.3339046466060663,0.25147682399777593,0.4473263590811323,0.3365209585371674,0.17632531750127664,0.37717295046140303,0.4482823746167141,0.22660979028501993,0.18635045697869687,0.32805627100613494,0.11514274759644053,0.14618252906170282,0.05391288033491172,0.40160397306653095,0.3287028847699284,0.3824393486505724,0.37518031401851853
2020,1,1,230,0.13519030841268284,0.23227373588346537,0.0726596489502112,0.11246433357664397,0.3438146884092162,0.3637266394893117,0.4509478496831021,0.1971168701644493,0.20319709121757684,0.2554559573201127,0.1408056391911996,0.10851219466763572,0.2605225436894339,0.12816781384928214,0.3339046466060663,0.25147682399777593,0.4473263590811323,0.3365209585371674,0.17632531750127664,0.37717295046140303,0.4482823746167141,0.22660979028501993,0.18635045697869687,0.32805627100613494,0.11514274759644053,0.14618252906170282,0.05391288033491172,0.40160397306653095,0.3287028847699284,0.3824393486505724,0.37518031401851853
2020,1,1,231,0.13519030841268284,0.23227373588346537,0.0726596489502112,0.11246433357664397,0.3438146884092162,0.3637266394893117,0.4509478496831021,0.1971168701644493,0.20319709121757684,0.2554559573201127,0.1408056391911996,0.10851219466763572,0.2605225436894339,0.12816781384928214,0.3339046466060663,0.25147682399777593,0.4473263590811323,0.3365209585371674,0.17632531750127664,0.37717295046140303,0.4482823746167141,0.22660979028501993,0.18635045697869687,0.32805627100613494,0.11514274759644053,0.14618252906170282,0.05391288033491172,0.40160397306653095,0.3287028847699284,0.3824393486505724,0.37518031401851853
2020,1,1,232,0.13519030841268284,0.23227373588346537,0.0726596489502112,0.11246433357664397,0.3438146884092162,0.3637266394893117,0.4509478496831021,0.1971168701644493,0.20319709121757684,0.2554559573201127,0.1408056391911996,0.10851219466763572,0.2605225436894339,0.12816781384928214,0.3339046466060663,0.25147682399777593,0.4473263590811323,0.3365209585371674,0.17632531750127664,0.37717295046140303,0.4482823746167141,0.22660979028501993,0.18635045697869687,0.32805627100613494,0.11514274759644053,0.14618252906170282,0.05391288033491172,0.40160397306653095,0.3287028847699284,0.3824393486505724,0.37518031401851853
2020,1,1,233,0.13519030841268284,0.23227373588346537,0.0726596489502112,0.11246433357664397,0.3438146884092162,0.3637266394893117,0.4509478496831021,0.1971168701644493,0.20319709121757684,0.2554559573201127,0.1408056391911996,0.10851219466763572,0.2605225436894339,0.12816781384928214,0.3339046466060663,0.25147682399777593,0.4473263590811323,0.3365209585371674,0.17632531750127664,0.37717295046140303,0.4482823746167141,0.22660979028501993,0.18635045697869687,0.32805627100613494,0.11514274759644053,0.14618252906170282,0.05391288033491172,0.40160397306653095,0.3287028847699284,0.3824393486505724,0.37518031401851853
2020,1,1,234,0.13519030841268284,0.23227373588346537,0.0726596489502112,0.11246433357664397,0.3438146884092162,0.3637266394893117,0.4509478496831021,0.1971168701644493,0.20319709121757684,0.2554559573201127,0.1408056391911996,0.10851219466763572,0.2605225436894339,0.12816781384928214,0.3339046466060663,0.25147682399777593,0.4473263590811323,0.3365209585371674,0.17632531750127664,0.37717295046140303,0.4482823746167141,0.22660979028501993,0.18635045697869687,0.32805627100613494,0.11514274759644053,0.14618252906170282,0.05391288033491172,0.40160397306653095,0.3287028847699284,0.3824393486505724,0.37518031401851853
2020,1,1,235,0.13519030841268284,0.23227373588346537,0.0726596489502112,0.11246433357664397,0.3438146884092162,0.3637266394893117,0.4509478496831021,0.1971168701644493,0.20319709121757684,0.2554559573201127,0.1408056391911996,0.10851219466763572,0.2605225436894339,0.12816781384928214,0.3339046466060663,0.25147682399777593,0.4473263590811323,0.3365209585371674,0.17632531750127664,0.37717295046140303,0.4482823746167141,0.22660979028501993,0.18635045697869687,0.32805627100613494,0.11514274759644053,0.14618252906170282,0.05391288033491172,0.40160397306653095,0.3287028847699284,0.3824393486505724,0.37518031401851853
2020,1,1,236,0.13519030841268284,0.23227373588346537,0.0726596489502112,0.11246433357664397,0.3438146884092162,0.3637266394893117,0.4509478496831021,0.1971168701644493,0.20319709121757684,0.2554559573201127,0.1408056391911996,0.10851219466763572,0.2605225436894339,0.12816781384928214,0.3339046466060663,0.25147682399777593,0.4473263590811323,0.3365209585371674,0.17632531750127664,0.37717295046140303,0.4482823746167141,0.22660979028501993,0.18635045697869687,0.32805627100613494,0.11514274759644053,0.14618252906170282,0.05391288033491172,0.40160397306653095,0.3287028847699284,0.3824393486505724,0.37518031401851853
2020,1,1,237,0.13519030841268284,0.23227373588346537,0.0726596489502112,0.11246433357664397,0.3438146884092162,0.3637266394893117,0.4509478496831021,0.1971168701644493,0.20319709121757684,0.2554559573201127,0.1408056391911996,0.10851219466763572,0.2605225436894339,0.12816781384928214,0.3339046466060663,0.25147682399777593,0.4473263590811323,0.3365209585371674,0.17632531750127664,0.37717295046140303,0.4482823746167141,0.22660979028501993,0.18635045697869687,0.32805627100613494,0.11514274759644053,0.14618252906170282,0.05391288033491172,0.40160397306653095,0.3287028847699284,0.3824393486505724,0.37518031401851853
2020,1,1,238,0.13519030841268284,0.23227373588346537,0.0726596489502112,0.11246433357664397,0.3438146884092162,0.3637266394893117,0.4509478496831021,0.1971168701644493,0.20319709121757684,0.2554559573201127,0.1408056391911996,0.10851219466763572,0.2605225436894339,0.12816781384928214,0.3339046466060663,0.25147682399777593,0.4473263590811323,0.3365209585371674,0.17632531750127664,0.37717295046140303,0.4482823746167141,0.22660979028501993,0.18635045697869687,0.32805627100613494,0.11514274759644053,0.14618252906170282,0.05391288033491172,0.40160397306653095,0.3287028847699284,0.3824393486505724,0.37518031401851853
2020,1,1,239,0.13519030841268284,0.23227373588346537,0.0726596489502112,0.11246433357664397,0.3438146884092162,0.3637266394893117,0.4509478496831021,0.1971168701644493,0.20319709121757684,0.2554559573201127,0.1408056391911996,0.10851219466763572,0.2605225436894339,0.12816781384928214,0.3339046466060663,0.25147682399777593,0.4473263590811323,0.3365209585371674,0.17632531750127664,0.37717295046140303,0.4482823746167141,0.22660979028501993,0.18635045697869687,0.32805627100613494,0.11514274759644053,0.14618252906170282,0.05391288033491172,0.40160397306653095,0.3287028847699284,0.3824393486505724,0.37518031401851853
2020,1,1,240,0.13519030841268284,0.23227373588346537,0.0726596489502112,0.11246433357664397,0.3438146884092162,0.3637266394893117,0.4509478496831021,0.1971168701644493,0.20319709121757684,0.2554559573201127,0.1408056391911996,0.10851219466763572,0.2605225436894339,0.12816781384928214,0.3339046466060663,0.25147682399777593,0.4473263590811323,0.3365209585371674,0.17632531750127664,0.37717295046140303,0.4482823746167141,0.22660979028501993,0.18635045697869687,0.32805627100613494,0.11514274759644053,0.14618252906170282,0.05391288033491172,0.40160397306653095,0.3287028847699284,0.3824393486505724,0.37518031401851853
2020,1,1,241,0.0,0.0,0.0,0.0,0.0,0.0,0.0,0.0,0.0,0.0,0.0,0.0,0.0,0.0,0.0,0.0,0.0,0.0,0.0,0.0,0.0,0.0,0.0,0.0,0.0,0.0,0.0,0.0,0.0,0.0,0.0
2020,1,1,242,0.0,0.0,0.0,0.0,0.0,0.0,0.0,0.0,0.0,0.0,0.0,0.0,0.0,0.0,0.0,0.0,0.0,0.0,0.0,0.0,0.0,0.0,0.0,0.0,0.0,0.0,0.0,0.0,0.0,0.0,0.0
2020,1,1,243,0.0,0.0,0.0,0.0,0.0,0.0,0.0,0.0,0.0,0.0,0.0,0.0,0.0,0.0,0.0,0.0,0.0,0.0,0.0,0.0,0.0,0.0,0.0,0.0,0.0,0.0,0.0,0.0,0.0,0.0,0.0
2020,1,1,244,0.0,0.0,0.0,0.0,0.0,0.0,0.0,0.0,0.0,0.0,0.0,0.0,0.0,0.0,0.0,0.0,0.0,0.0,0.0,0.0,0.0,0.0,0.0,0.0,0.0,0.0,0.0,0.0,0.0,0.0,0.0
2020,1,1,245,0.0,0.0,0.0,0.0,0.0,0.0,0.0,0.0,0.0,0.0,0.0,0.0,0.0,0.0,0.0,0.0,0.0,0.0,0.0,0.0,0.0,0.0,0.0,0.0,0.0,0.0,0.0,0.0,0.0,0.0,0.0
2020,1,1,246,0.0,0.0,0.0,0.0,0.0,0.0,0.0,0.0,0.0,0.0,0.0,0.0,0.0,0.0,0.0,0.0,0.0,0.0,0.0,0.0,0.0,0.0,0.0,0.0,0.0,0.0,0.0,0.0,0.0,0.0,0.0
2020,1,1,247,0.0,0.0,0.0,0.0,0.0,0.0,0.0,0.0,0.0,0.0,0.0,0.0,0.0,0.0,0.0,0.0,0.0,0.0,0.0,0.0,0.0,0.0,0.0,0.0,0.0,0.0,0.0,0.0,0.0,0.0,0.0
2020,1,1,248,0.0,0.0,0.0,0.0,0.0,0.0,0.0,0.0,0.0,0.0,0.0,0.0,0.0,0.0,0.0,0.0,0.0,0.0,0.0,0.0,0.0,0.0,0.0,0.0,0.0,0.0,0.0,0.0,0.0,0.0,0.0
2020,1,1,249,0.0,0.0,0.0,0.0,0.0,0.0,0.0,0.0,0.0,0.0,0.0,0.0,0.0,0.0,0.0,0.0,0.0,0.0,0.0,0.0,0.0,0.0,0.0,0.0,0.0,0.0,0.0,0.0,0.0,0.0,0.0
2020,1,1,250,0.0,0.0,0.0,0.0,0.0,0.0,0.0,0.0,0.0,0.0,0.0,0.0,0.0,0.0,0.0,0.0,0.0,0.0,0.0,0.0,0.0,0.0,0.0,0.0,0.0,0.0,0.0,0.0,0.0,0.0,0.0
2020,1,1,251,0.0,0.0,0.0,0.0,0.0,0.0,0.0,0.0,0.0,0.0,0.0,0.0,0.0,0.0,0.0,0.0,0.0,0.0,0.0,0.0,0.0,0.0,0.0,0.0,0.0,0.0,0.0,0.0,0.0,0.0,0.0
2020,1,1,252,0.0,0.0,0.0,0.0,0.0,0.0,0.0,0.0,0.0,0.0,0.0,0.0,0.0,0.0,0.0,0.0,0.0,0.0,0.0,0.0,0.0,0.0,0.0,0.0,0.0,0.0,0.0,0.0,0.0,0.0,0.0
2020,1,1,253,0.0,0.0,0.0,0.0,0.0,0.0,0.0,0.0,0.0,0.0,0.0,0.0,0.0,0.0,0.0,0.0,0.0,0.0,0.0,0.0,0.0,0.0,0.0,0.0,0.0,0.0,0.0,0.0,0.0,0.0,0.0
2020,1,1,254,0.0,0.0,0.0,0.0,0.0,0.0,0.0,0.0,0.0,0.0,0.0,0.0,0.0,0.0,0.0,0.0,0.0,0.0,0.0,0.0,0.0,0.0,0.0,0.0,0.0,0.0,0.0,0.0,0.0,0.0,0.0
2020,1,1,255,0.0,0.0,0.0,0.0,0.0,0.0,0.0,0.0,0.0,0.0,0.0,0.0,0.0,0.0,0.0,0.0,0.0,0.0,0.0,0.0,0.0,0.0,0.0,0.0,0.0,0.0,0.0,0.0,0.0,0.0,0.0
2020,1,1,256,0.0,0.0,0.0,0.0,0.0,0.0,0.0,0.0,0.0,0.0,0.0,0.0,0.0,0.0,0.0,0.0,0.0,0.0,0.0,0.0,0.0,0.0,0.0,0.0,0.0,0.0,0.0,0.0,0.0,0.0,0.0
2020,1,1,257,0.0,0.0,0.0,0.0,0.0,0.0,0.0,0.0,0.0,0.0,0.0,0.0,0.0,0.0,0.0,0.0,0.0,0.0,0.0,0.0,0.0,0.0,0.0,0.0,0.0,0.0,0.0,0.0,0.0,0.0,0.0
2020,1,1,258,0.0,0.0,0.0,0.0,0.0,0.0,0.0,0.0,0.0,0.0,0.0,0.0,0.0,0.0,0.0,0.0,0.0,0.0,0.0,0.0,0.0,0.0,0.0,0.0,0.0,0.0,0.0,0.0,0.0,0.0,0.0
2020,1,1,259,0.0,0.0,0.0,0.0,0.0,0.0,0.0,0.0,0.0,0.0,0.0,0.0,0.0,0.0,0.0,0.0,0.0,0.0,0.0,0.0,0.0,0.0,0.0,0.0,0.0,0.0,0.0,0.0,0.0,0.0,0.0
2020,1,1,260,0.0,0.0,0.0,0.0,0.0,0.0,0.0,0.0,0.0,0.0,0.0,0.0,0.0,0.0,0.0,0.0,0.0,0.0,0.0,0.0,0.0,0.0,0.0,0.0,0.0,0.0,0.0,0.0,0.0,0.0,0.0
2020,1,1,261,0.0,0.0,0.0,0.0,0.0,0.0,0.0,0.0,0.0,0.0,0.0,0.0,0.0,0.0,0.0,0.0,0.0,0.0,0.0,0.0,0.0,0.0,0.0,0.0,0.0,0.0,0.0,0.0,0.0,0.0,0.0
2020,1,1,262,0.0,0.0,0.0,0.0,0.0,0.0,0.0,0.0,0.0,0.0,0.0,0.0,0.0,0.0,0.0,0.0,0.0,0.0,0.0,0.0,0.0,0.0,0.0,0.0,0.0,0.0,0.0,0.0,0.0,0.0,0.0
2020,1,1,263,0.0,0.0,0.0,0.0,0.0,0.0,0.0,0.0,0.0,0.0,0.0,0.0,0.0,0.0,0.0,0.0,0.0,0.0,0.0,0.0,0.0,0.0,0.0,0.0,0.0,0.0,0.0,0.0,0.0,0.0,0.0
2020,1,1,264,0.0,0.0,0.0,0.0,0.0,0.0,0.0,0.0,0.0,0.0,0.0,0.0,0.0,0.0,0.0,0.0,0.0,0.0,0.0,0.0,0.0,0.0,0.0,0.0,0.0,0.0,0.0,0.0,0.0,0.0,0.0
2020,1,1,265,0.0,0.0,0.0,0.0,0.0,0.0,0.0,0.0,0.0,0.0,0.0,0.0,0.0,0.0,0.0,0.0,0.0,0.0,0.0,0.0,0.0,0.0,0.0,0.0,0.0,0.0,0.0,0.0,0.0,0.0,0.0
2020,1,1,266,0.0,0.0,0.0,0.0,0.0,0.0,0.0,0.0,0.0,0.0,0.0,0.0,0.0,0.0,0.0,0.0,0.0,0.0,0.0,0.0,0.0,0.0,0.0,0.0,0.0,0.0,0.0,0.0,0.0,0.0,0.0
2020,1,1,267,0.0,0.0,0.0,0.0,0.0,0.0,0.0,0.0,0.0,0.0,0.0,0.0,0.0,0.0,0.0,0.0,0.0,0.0,0.0,0.0,0.0,0.0,0.0,0.0,0.0,0.0,0.0,0.0,0.0,0.0,0.0
2020,1,1,268,0.0,0.0,0.0,0.0,0.0,0.0,0.0,0.0,0.0,0.0,0.0,0.0,0.0,0.0,0.0,0.0,0.0,0.0,0.0,0.0,0.0,0.0,0.0,0.0,0.0,0.0,0.0,0.0,0.0,0.0,0.0
2020,1,1,269,0.0,0.0,0.0,0.0,0.0,0.0,0.0,0.0,0.0,0.0,0.0,0.0,0.0,0.0,0.0,0.0,0.0,0.0,0.0,0.0,0.0,0.0,0.0,0.0,0.0,0.0,0.0,0.0,0.0,0.0,0.0
2020,1,1,270,0.0,0.0,0.0,0.0,0.0,0.0,0.0,0.0,0.0,0.0,0.0,0.0,0.0,0.0,0.0,0.0,0.0,0.0,0.0,0.0,0.0,0.0,0.0,0.0,0.0,0.0,0.0,0.0,0.0,0.0,0.0
2020,1,1,271,0.0,0.0,0.0,0.0,0.0,0.0,0.0,0.0,0.0,0.0,0.0,0.0,0.0,0.0,0.0,0.0,0.0,0.0,0.0,0.0,0.0,0.0,0.0,0.0,0.0,0.0,0.0,0.0,0.0,0.0,0.0
2020,1,1,272,0.0,0.0,0.0,0.0,0.0,0.0,0.0,0.0,0.0,0.0,0.0,0.0,0.0,0.0,0.0,0.0,0.0,0.0,0.0,0.0,0.0,0.0,0.0,0.0,0.0,0.0,0.0,0.0,0.0,0.0,0.0
2020,1,1,273,0.0,0.0,0.0,0.0,0.0,0.0,0.0,0.0,0.0,0.0,0.0,0.0,0.0,0.0,0.0,0.0,0.0,0.0,0.0,0.0,0.0,0.0,0.0,0.0,0.0,0.0,0.0,0.0,0.0,0.0,0.0
2020,1,1,274,0.0,0.0,0.0,0.0,0.0,0.0,0.0,0.0,0.0,0.0,0.0,0.0,0.0,0.0,0.0,0.0,0.0,0.0,0.0,0.0,0.0,0.0,0.0,0.0,0.0,0.0,0.0,0.0,0.0,0.0,0.0
2020,1,1,275,0.0,0.0,0.0,0.0,0.0,0.0,0.0,0.0,0.0,0.0,0.0,0.0,0.0,0.0,0.0,0.0,0.0,0.0,0.0,0.0,0.0,0.0,0.0,0.0,0.0,0.0,0.0,0.0,0.0,0.0,0.0
2020,1,1,276,0.0,0.0,0.0,0.0,0.0,0.0,0.0,0.0,0.0,0.0,0.0,0.0,0.0,0.0,0.0,0.0,0.0,0.0,0.0,0.0,0.0,0.0,0.0,0.0,0.0,0.0,0.0,0.0,0.0,0.0,0.0
2020,1,1,277,0.0,0.0,0.0,0.0,0.0,0.0,0.0,0.0,0.0,0.0,0.0,0.0,0.0,0.0,0.0,0.0,0.0,0.0,0.0,0.0,0.0,0.0,0.0,0.0,0.0,0.0,0.0,0.0,0.0,0.0,0.0
2020,1,1,278,0.0,0.0,0.0,0.0,0.0,0.0,0.0,0.0,0.0,0.0,0.0,0.0,0.0,0.0,0.0,0.0,0.0,0.0,0.0,0.0,0.0,0.0,0.0,0.0,0.0,0.0,0.0,0.0,0.0,0.0,0.0
2020,1,1,279,0.0,0.0,0.0,0.0,0.0,0.0,0.0,0.0,0.0,0.0,0.0,0.0,0.0,0.0,0.0,0.0,0.0,0.0,0.0,0.0,0.0,0.0,0.0,0.0,0.0,0.0,0.0,0.0,0.0,0.0,0.0
2020,1,1,280,0.0,0.0,0.0,0.0,0.0,0.0,0.0,0.0,0.0,0.0,0.0,0.0,0.0,0.0,0.0,0.0,0.0,0.0,0.0,0.0,0.0,0.0,0.0,0.0,0.0,0.0,0.0,0.0,0.0,0.0,0.0
2020,1,1,281,0.0,0.0,0.0,0.0,0.0,0.0,0.0,0.0,0.0,0.0,0.0,0.0,0.0,0.0,0.0,0.0,0.0,0.0,0.0,0.0,0.0,0.0,0.0,0.0,0.0,0.0,0.0,0.0,0.0,0.0,0.0
2020,1,1,282,0.0,0.0,0.0,0.0,0.0,0.0,0.0,0.0,0.0,0.0,0.0,0.0,0.0,0.0,0.0,0.0,0.0,0.0,0.0,0.0,0.0,0.0,0.0,0.0,0.0,0.0,0.0,0.0,0.0,0.0,0.0
2020,1,1,283,0.0,0.0,0.0,0.0,0.0,0.0,0.0,0.0,0.0,0.0,0.0,0.0,0.0,0.0,0.0,0.0,0.0,0.0,0.0,0.0,0.0,0.0,0.0,0.0,0.0,0.0,0.0,0.0,0.0,0.0,0.0
2020,1,1,284,0.0,0.0,0.0,0.0,0.0,0.0,0.0,0.0,0.0,0.0,0.0,0.0,0.0,0.0,0.0,0.0,0.0,0.0,0.0,0.0,0.0,0.0,0.0,0.0,0.0,0.0,0.0,0.0,0.0,0.0,0.0
2020,1,1,285,0.0,0.0,0.0,0.0,0.0,0.0,0.0,0.0,0.0,0.0,0.0,0.0,0.0,0.0,0.0,0.0,0.0,0.0,0.0,0.0,0.0,0.0,0.0,0.0,0.0,0.0,0.0,0.0,0.0,0.0,0.0
2020,1,1,286,0.0,0.0,0.0,0.0,0.0,0.0,0.0,0.0,0.0,0.0,0.0,0.0,0.0,0.0,0.0,0.0,0.0,0.0,0.0,0.0,0.0,0.0,0.0,0.0,0.0,0.0,0.0,0.0,0.0,0.0,0.0
2020,1,1,287,0.0,0.0,0.0,0.0,0.0,0.0,0.0,0.0,0.0,0.0,0.0,0.0,0.0,0.0,0.0,0.0,0.0,0.0,0.0,0.0,0.0,0.0,0.0,0.0,0.0,0.0,0.0,0.0,0.0,0.0,0.0
2020,1,1,288,0.0,0.0,0.0,0.0,0.0,0.0,0.0,0.0,0.0,0.0,0.0,0.0,0.0,0.0,0.0,0.0,0.0,0.0,0.0,0.0,0.0,0.0,0.0,0.0,0.0,0.0,0.0,0.0,0.0,0.0,0.0
2020,1,2,1,0.0,0.0,0.0,0.0,0.0,0.0,0.0,0.0,0.0,0.0,0.0,0.0,0.0,0.0,0.0,0.0,0.0,0.0,0.0,0.0,0.0,0.0,0.0,0.0,0.0,0.0,0.0,0.0,0.0,0.0,0.0
2020,1,2,2,0.0,0.0,0.0,0.0,0.0,0.0,0.0,0.0,0.0,0.0,0.0,0.0,0.0,0.0,0.0,0.0,0.0,0.0,0.0,0.0,0.0,0.0,0.0,0.0,0.0,0.0,0.0,0.0,0.0,0.0,0.0
2020,1,2,3,0.0,0.0,0.0,0.0,0.0,0.0,0.0,0.0,0.0,0.0,0.0,0.0,0.0,0.0,0.0,0.0,0.0,0.0,0.0,0.0,0.0,0.0,0.0,0.0,0.0,0.0,0.0,0.0,0.0,0.0,0.0
2020,1,2,4,0.0,0.0,0.0,0.0,0.0,0.0,0.0,0.0,0.0,0.0,0.0,0.0,0.0,0.0,0.0,0.0,0.0,0.0,0.0,0.0,0.0,0.0,0.0,0.0,0.0,0.0,0.0,0.0,0.0,0.0,0.0
2020,1,2,5,0.0,0.0,0.0,0.0,0.0,0.0,0.0,0.0,0.0,0.0,0.0,0.0,0.0,0.0,0.0,0.0,0.0,0.0,0.0,0.0,0.0,0.0,0.0,0.0,0.0,0.0,0.0,0.0,0.0,0.0,0.0
2020,1,2,6,0.0,0.0,0.0,0.0,0.0,0.0,0.0,0.0,0.0,0.0,0.0,0.0,0.0,0.0,0.0,0.0,0.0,0.0,0.0,0.0,0.0,0.0,0.0,0.0,0.0,0.0,0.0,0.0,0.0,0.0,0.0
2020,1,2,7,0.0,0.0,0.0,0.0,0.0,0.0,0.0,0.0,0.0,0.0,0.0,0.0,0.0,0.0,0.0,0.0,0.0,0.0,0.0,0.0,0.0,0.0,0.0,0.0,0.0,0.0,0.0,0.0,0.0,0.0,0.0
2020,1,2,8,0.0,0.0,0.0,0.0,0.0,0.0,0.0,0.0,0.0,0.0,0.0,0.0,0.0,0.0,0.0,0.0,0.0,0.0,0.0,0.0,0.0,0.0,0.0,0.0,0.0,0.0,0.0,0.0,0.0,0.0,0.0
2020,1,2,9,0.0,0.0,0.0,0.0,0.0,0.0,0.0,0.0,0.0,0.0,0.0,0.0,0.0,0.0,0.0,0.0,0.0,0.0,0.0,0.0,0.0,0.0,0.0,0.0,0.0,0.0,0.0,0.0,0.0,0.0,0.0
2020,1,2,10,0.0,0.0,0.0,0.0,0.0,0.0,0.0,0.0,0.0,0.0,0.0,0.0,0.0,0.0,0.0,0.0,0.0,0.0,0.0,0.0,0.0,0.0,0.0,0.0,0.0,0.0,0.0,0.0,0.0,0.0,0.0
2020,1,2,11,0.0,0.0,0.0,0.0,0.0,0.0,0.0,0.0,0.0,0.0,0.0,0.0,0.0,0.0,0.0,0.0,0.0,0.0,0.0,0.0,0.0,0.0,0.0,0.0,0.0,0.0,0.0,0.0,0.0,0.0,0.0
2020,1,2,12,0.0,0.0,0.0,0.0,0.0,0.0,0.0,0.0,0.0,0.0,0.0,0.0,0.0,0.0,0.0,0.0,0.0,0.0,0.0,0.0,0.0,0.0,0.0,0.0,0.0,0.0,0.0,0.0,0.0,0.0,0.0
2020,1,2,13,0.0,0.0,0.0,0.0,0.0,0.0,0.0,0.0,0.0,0.0,0.0,0.0,0.0,0.0,0.0,0.0,0.0,0.0,0.0,0.0,0.0,0.0,0.0,0.0,0.0,0.0,0.0,0.0,0.0,0.0,0.0
2020,1,2,14,0.0,0.0,0.0,0.0,0.0,0.0,0.0,0.0,0.0,0.0,0.0,0.0,0.0,0.0,0.0,0.0,0.0,0.0,0.0,0.0,0.0,0.0,0.0,0.0,0.0,0.0,0.0,0.0,0.0,0.0,0.0
2020,1,2,15,0.0,0.0,0.0,0.0,0.0,0.0,0.0,0.0,0.0,0.0,0.0,0.0,0.0,0.0,0.0,0.0,0.0,0.0,0.0,0.0,0.0,0.0,0.0,0.0,0.0,0.0,0.0,0.0,0.0,0.0,0.0
2020,1,2,16,0.0,0.0,0.0,0.0,0.0,0.0,0.0,0.0,0.0,0.0,0.0,0.0,0.0,0.0,0.0,0.0,0.0,0.0,0.0,0.0,0.0,0.0,0.0,0.0,0.0,0.0,0.0,0.0,0.0,0.0,0.0
2020,1,2,17,0.0,0.0,0.0,0.0,0.0,0.0,0.0,0.0,0.0,0.0,0.0,0.0,0.0,0.0,0.0,0.0,0.0,0.0,0.0,0.0,0.0,0.0,0.0,0.0,0.0,0.0,0.0,0.0,0.0,0.0,0.0
2020,1,2,18,0.0,0.0,0.0,0.0,0.0,0.0,0.0,0.0,0.0,0.0,0.0,0.0,0.0,0.0,0.0,0.0,0.0,0.0,0.0,0.0,0.0,0.0,0.0,0.0,0.0,0.0,0.0,0.0,0.0,0.0,0.0
2020,1,2,19,0.0,0.0,0.0,0.0,0.0,0.0,0.0,0.0,0.0,0.0,0.0,0.0,0.0,0.0,0.0,0.0,0.0,0.0,0.0,0.0,0.0,0.0,0.0,0.0,0.0,0.0,0.0,0.0,0.0,0.0,0.0
2020,1,2,20,0.0,0.0,0.0,0.0,0.0,0.0,0.0,0.0,0.0,0.0,0.0,0.0,0.0,0.0,0.0,0.0,0.0,0.0,0.0,0.0,0.0,0.0,0.0,0.0,0.0,0.0,0.0,0.0,0.0,0.0,0.0
2020,1,2,21,0.0,0.0,0.0,0.0,0.0,0.0,0.0,0.0,0.0,0.0,0.0,0.0,0.0,0.0,0.0,0.0,0.0,0.0,0.0,0.0,0.0,0.0,0.0,0.0,0.0,0.0,0.0,0.0,0.0,0.0,0.0
2020,1,2,22,0.0,0.0,0.0,0.0,0.0,0.0,0.0,0.0,0.0,0.0,0.0,0.0,0.0,0.0,0.0,0.0,0.0,0.0,0.0,0.0,0.0,0.0,0.0,0.0,0.0,0.0,0.0,0.0,0.0,0.0,0.0
2020,1,2,23,0.0,0.0,0.0,0.0,0.0,0.0,0.0,0.0,0.0,0.0,0.0,0.0,0.0,0.0,0.0,0.0,0.0,0.0,0.0,0.0,0.0,0.0,0.0,0.0,0.0,0.0,0.0,0.0,0.0,0.0,0.0
2020,1,2,24,0.0,0.0,0.0,0.0,0.0,0.0,0.0,0.0,0.0,0.0,0.0,0.0,0.0,0.0,0.0,0.0,0.0,0.0,0.0,0.0,0.0,0.0,0.0,0.0,0.0,0.0,0.0,0.0,0.0,0.0,0.0
2020,1,2,25,0.0,0.0,0.0,0.0,0.0,0.0,0.0,0.0,0.0,0.0,0.0,0.0,0.0,0.0,0.0,0.0,0.0,0.0,0.0,0.0,0.0,0.0,0.0,0.0,0.0,0.0,0.0,0.0,0.0,0.0,0.0
2020,1,2,26,0.0,0.0,0.0,0.0,0.0,0.0,0.0,0.0,0.0,0.0,0.0,0.0,0.0,0.0,0.0,0.0,0.0,0.0,0.0,0.0,0.0,0.0,0.0,0.0,0.0,0.0,0.0,0.0,0.0,0.0,0.0
2020,1,2,27,0.0,0.0,0.0,0.0,0.0,0.0,0.0,0.0,0.0,0.0,0.0,0.0,0.0,0.0,0.0,0.0,0.0,0.0,0.0,0.0,0.0,0.0,0.0,0.0,0.0,0.0,0.0,0.0,0.0,0.0,0.0
2020,1,2,28,0.0,0.0,0.0,0.0,0.0,0.0,0.0,0.0,0.0,0.0,0.0,0.0,0.0,0.0,0.0,0.0,0.0,0.0,0.0,0.0,0.0,0.0,0.0,0.0,0.0,0.0,0.0,0.0,0.0,0.0,0.0
2020,1,2,29,0.0,0.0,0.0,0.0,0.0,0.0,0.0,0.0,0.0,0.0,0.0,0.0,0.0,0.0,0.0,0.0,0.0,0.0,0.0,0.0,0.0,0.0,0.0,0.0,0.0,0.0,0.0,0.0,0.0,0.0,0.0
2020,1,2,30,0.0,0.0,0.0,0.0,0.0,0.0,0.0,0.0,0.0,0.0,0.0,0.0,0.0,0.0,0.0,0.0,0.0,0.0,0.0,0.0,0.0,0.0,0.0,0.0,0.0,0.0,0.0,0.0,0.0,0.0,0.0
2020,1,2,31,0.0,0.0,0.0,0.0,0.0,0.0,0.0,0.0,0.0,0.0,0.0,0.0,0.0,0.0,0.0,0.0,0.0,0.0,0.0,0.0,0.0,0.0,0.0,0.0,0.0,0.0,0.0,0.0,0.0,0.0,0.0
2020,1,2,32,0.0,0.0,0.0,0.0,0.0,0.0,0.0,0.0,0.0,0.0,0.0,0.0,0.0,0.0,0.0,0.0,0.0,0.0,0.0,0.0,0.0,0.0,0.0,0.0,0.0,0.0,0.0,0.0,0.0,0.0,0.0
2020,1,2,33,0.0,0.0,0.0,0.0,0.0,0.0,0.0,0.0,0.0,0.0,0.0,0.0,0.0,0.0,0.0,0.0,0.0,0.0,0.0,0.0,0.0,0.0,0.0,0.0,0.0,0.0,0.0,0.0,0.0,0.0,0.0
2020,1,2,34,0.0,0.0,0.0,0.0,0.0,0.0,0.0,0.0,0.0,0.0,0.0,0.0,0.0,0.0,0.0,0.0,0.0,0.0,0.0,0.0,0.0,0.0,0.0,0.0,0.0,0.0,0.0,0.0,0.0,0.0,0.0
2020,1,2,35,0.0,0.0,0.0,0.0,0.0,0.0,0.0,0.0,0.0,0.0,0.0,0.0,0.0,0.0,0.0,0.0,0.0,0.0,0.0,0.0,0.0,0.0,0.0,0.0,0.0,0.0,0.0,0.0,0.0,0.0,0.0
2020,1,2,36,0.0,0.0,0.0,0.0,0.0,0.0,0.0,0.0,0.0,0.0,0.0,0.0,0.0,0.0,0.0,0.0,0.0,0.0,0.0,0.0,0.0,0.0,0.0,0.0,0.0,0.0,0.0,0.0,0.0,0.0,0.0
2020,1,2,37,0.0,0.0,0.0,0.0,0.0,0.0,0.0,0.0,0.0,0.0,0.0,0.0,0.0,0.0,0.0,0.0,0.0,0.0,0.0,0.0,0.0,0.0,0.0,0.0,0.0,0.0,0.0,0.0,0.0,0.0,0.0
2020,1,2,38,0.0,0.0,0.0,0.0,0.0,0.0,0.0,0.0,0.0,0.0,0.0,0.0,0.0,0.0,0.0,0.0,0.0,0.0,0.0,0.0,0.0,0.0,0.0,0.0,0.0,0.0,0.0,0.0,0.0,0.0,0.0
2020,1,2,39,0.0,0.0,0.0,0.0,0.0,0.0,0.0,0.0,0.0,0.0,0.0,0.0,0.0,0.0,0.0,0.0,0.0,0.0,0.0,0.0,0.0,0.0,0.0,0.0,0.0,0.0,0.0,0.0,0.0,0.0,0.0
2020,1,2,40,0.0,0.0,0.0,0.0,0.0,0.0,0.0,0.0,0.0,0.0,0.0,0.0,0.0,0.0,0.0,0.0,0.0,0.0,0.0,0.0,0.0,0.0,0.0,0.0,0.0,0.0,0.0,0.0,0.0,0.0,0.0
2020,1,2,41,0.0,0.0,0.0,0.0,0.0,0.0,0.0,0.0,0.0,0.0,0.0,0.0,0.0,0.0,0.0,0.0,0.0,0.0,0.0,0.0,0.0,0.0,0.0,0.0,0.0,0.0,0.0,0.0,0.0,0.0,0.0
2020,1,2,42,0.0,0.0,0.0,0.0,0.0,0.0,0.0,0.0,0.0,0.0,0.0,0.0,0.0,0.0,0.0,0.0,0.0,0.0,0.0,0.0,0.0,0.0,0.0,0.0,0.0,0.0,0.0,0.0,0.0,0.0,0.0
2020,1,2,43,0.0,0.0,0.0,0.0,0.0,0.0,0.0,0.0,0.0,0.0,0.0,0.0,0.0,0.0,0.0,0.0,0.0,0.0,0.0,0.0,0.0,0.0,0.0,0.0,0.0,0.0,0.0,0.0,0.0,0.0,0.0
2020,1,2,44,0.0,0.0,0.0,0.0,0.0,0.0,0.0,0.0,0.0,0.0,0.0,0.0,0.0,0.0,0.0,0.0,0.0,0.0,0.0,0.0,0.0,0.0,0.0,0.0,0.0,0.0,0.0,0.0,0.0,0.0,0.0
2020,1,2,45,0.0,0.0,0.0,0.0,0.0,0.0,0.0,0.0,0.0,0.0,0.0,0.0,0.0,0.0,0.0,0.0,0.0,0.0,0.0,0.0,0.0,0.0,0.0,0.0,0.0,0.0,0.0,0.0,0.0,0.0,0.0
2020,1,2,46,0.0,0.0,0.0,0.0,0.0,0.0,0.0,0.0,0.0,0.0,0.0,0.0,0.0,0.0,0.0,0.0,0.0,0.0,0.0,0.0,0.0,0.0,0.0,0.0,0.0,0.0,0.0,0.0,0.0,0.0,0.0
2020,1,2,47,0.0,0.0,0.0,0.0,0.0,0.0,0.0,0.0,0.0,0.0,0.0,0.0,0.0,0.0,0.0,0.0,0.0,0.0,0.0,0.0,0.0,0.0,0.0,0.0,0.0,0.0,0.0,0.0,0.0,0.0,0.0
2020,1,2,48,0.0,0.0,0.0,0.0,0.0,0.0,0.0,0.0,0.0,0.0,0.0,0.0,0.0,0.0,0.0,0.0,0.0,0.0,0.0,0.0,0.0,0.0,0.0,0.0,0.0,0.0,0.0,0.0,0.0,0.0,0.0
2020,1,2,49,0.0,0.0,0.0,0.0,0.0,0.0,0.0,0.0,0.0,0.0,0.0,0.0,0.0,0.0,0.0,0.0,0.0,0.0,0.0,0.0,0.0,0.0,0.0,0.0,0.0,0.0,0.0,0.0,0.0,0.0,0.0
2020,1,2,50,0.0,0.0,0.0,0.0,0.0,0.0,0.0,0.0,0.0,0.0,0.0,0.0,0.0,0.0,0.0,0.0,0.0,0.0,0.0,0.0,0.0,0.0,0.0,0.0,0.0,0.0,0.0,0.0,0.0,0.0,0.0
2020,1,2,51,0.0,0.0,0.0,0.0,0.0,0.0,0.0,0.0,0.0,0.0,0.0,0.0,0.0,0.0,0.0,0.0,0.0,0.0,0.0,0.0,0.0,0.0,0.0,0.0,0.0,0.0,0.0,0.0,0.0,0.0,0.0
2020,1,2,52,0.0,0.0,0.0,0.0,0.0,0.0,0.0,0.0,0.0,0.0,0.0,0.0,0.0,0.0,0.0,0.0,0.0,0.0,0.0,0.0,0.0,0.0,0.0,0.0,0.0,0.0,0.0,0.0,0.0,0.0,0.0
2020,1,2,53,0.0,0.0,0.0,0.0,0.0,0.0,0.0,0.0,0.0,0.0,0.0,0.0,0.0,0.0,0.0,0.0,0.0,0.0,0.0,0.0,0.0,0.0,0.0,0.0,0.0,0.0,0.0,0.0,0.0,0.0,0.0
2020,1,2,54,0.0,0.0,0.0,0.0,0.0,0.0,0.0,0.0,0.0,0.0,0.0,0.0,0.0,0.0,0.0,0.0,0.0,0.0,0.0,0.0,0.0,0.0,0.0,0.0,0.0,0.0,0.0,0.0,0.0,0.0,0.0
2020,1,2,55,0.0,0.0,0.0,0.0,0.0,0.0,0.0,0.0,0.0,0.0,0.0,0.0,0.0,0.0,0.0,0.0,0.0,0.0,0.0,0.0,0.0,0.0,0.0,0.0,0.0,0.0,0.0,0.0,0.0,0.0,0.0
2020,1,2,56,0.0,0.0,0.0,0.0,0.0,0.0,0.0,0.0,0.0,0.0,0.0,0.0,0.0,0.0,0.0,0.0,0.0,0.0,0.0,0.0,0.0,0.0,0.0,0.0,0.0,0.0,0.0,0.0,0.0,0.0,0.0
2020,1,2,57,0.0,0.0,0.0,0.0,0.0,0.0,0.0,0.0,0.0,0.0,0.0,0.0,0.0,0.0,0.0,0.0,0.0,0.0,0.0,0.0,0.0,0.0,0.0,0.0,0.0,0.0,0.0,0.0,0.0,0.0,0.0
2020,1,2,58,0.0,0.0,0.0,0.0,0.0,0.0,0.0,0.0,0.0,0.0,0.0,0.0,0.0,0.0,0.0,0.0,0.0,0.0,0.0,0.0,0.0,0.0,0.0,0.0,0.0,0.0,0.0,0.0,0.0,0.0,0.0
2020,1,2,59,0.0,0.0,0.0,0.0,0.0,0.0,0.0,0.0,0.0,0.0,0.0,0.0,0.0,0.0,0.0,0.0,0.0,0.0,0.0,0.0,0.0,0.0,0.0,0.0,0.0,0.0,0.0,0.0,0.0,0.0,0.0
2020,1,2,60,0.0,0.0,0.0,0.0,0.0,0.0,0.0,0.0,0.0,0.0,0.0,0.0,0.0,0.0,0.0,0.0,0.0,0.0,0.0,0.0,0.0,0.0,0.0,0.0,0.0,0.0,0.0,0.0,0.0,0.0,0.0
2020,1,2,61,0.0,0.0,0.0,0.0,0.0,0.0,0.0,0.0,0.0,0.0,0.0,0.0,0.0,0.0,0.0,0.0,0.0,0.0,0.0,0.0,0.0,0.0,0.0,0.0,0.0,0.0,0.0,0.0,0.0,0.0,0.0
2020,1,2,62,0.0,0.0,0.0,0.0,0.0,0.0,0.0,0.0,0.0,0.0,0.0,0.0,0.0,0.0,0.0,0.0,0.0,0.0,0.0,0.0,0.0,0.0,0.0,0.0,0.0,0.0,0.0,0.0,0.0,0.0,0.0
2020,1,2,63,0.0,0.0,0.0,0.0,0.0,0.0,0.0,0.0,0.0,0.0,0.0,0.0,0.0,0.0,0.0,0.0,0.0,0.0,0.0,0.0,0.0,0.0,0.0,0.0,0.0,0.0,0.0,0.0,0.0,0.0,0.0
2020,1,2,64,0.0,0.0,0.0,0.0,0.0,0.0,0.0,0.0,0.0,0.0,0.0,0.0,0.0,0.0,0.0,0.0,0.0,0.0,0.0,0.0,0.0,0.0,0.0,0.0,0.0,0.0,0.0,0.0,0.0,0.0,0.0
2020,1,2,65,0.0,0.0,0.0,0.0,0.0,0.0,0.0,0.0,0.0,0.0,0.0,0.0,0.0,0.0,0.0,0.0,0.0,0.0,0.0,0.0,0.0,0.0,0.0,0.0,0.0,0.0,0.0,0.0,0.0,0.0,0.0
2020,1,2,66,0.0,0.0,0.0,0.0,0.0,0.0,0.0,0.0,0.0,0.0,0.0,0.0,0.0,0.0,0.0,0.0,0.0,0.0,0.0,0.0,0.0,0.0,0.0,0.0,0.0,0.0,0.0,0.0,0.0,0.0,0.0
2020,1,2,67,0.0,0.0,0.0,0.0,0.0,0.0,0.0,0.0,0.0,0.0,0.0,0.0,0.0,0.0,0.0,0.0,0.0,0.0,0.0,0.0,0.0,0.0,0.0,0.0,0.0,0.0,0.0,0.0,0.0,0.0,0.0
2020,1,2,68,0.0,0.0,0.0,0.0,0.0,0.0,0.0,0.0,0.0,0.0,0.0,0.0,0.0,0.0,0.0,0.0,0.0,0.0,0.0,0.0,0.0,0.0,0.0,0.0,0.0,0.0,0.0,0.0,0.0,0.0,0.0
2020,1,2,69,0.0,0.0,0.0,0.0,0.0,0.0,0.0,0.0,0.0,0.0,0.0,0.0,0.0,0.0,0.0,0.0,0.0,0.0,0.0,0.0,0.0,0.0,0.0,0.0,0.0,0.0,0.0,0.0,0.0,0.0,0.0
2020,1,2,70,0.0,0.0,0.0,0.0,0.0,0.0,0.0,0.0,0.0,0.0,0.0,0.0,0.0,0.0,0.0,0.0,0.0,0.0,0.0,0.0,0.0,0.0,0.0,0.0,0.0,0.0,0.0,0.0,0.0,0.0,0.0
2020,1,2,71,0.0,0.0,0.0,0.0,0.0,0.0,0.0,0.0,0.0,0.0,0.0,0.0,0.0,0.0,0.0,0.0,0.0,0.0,0.0,0.0,0.0,0.0,0.0,0.0,0.0,0.0,0.0,0.0,0.0,0.0,0.0
2020,1,2,72,0.0,0.0,0.0,0.0,0.0,0.0,0.0,0.0,0.0,0.0,0.0,0.0,0.0,0.0,0.0,0.0,0.0,0.0,0.0,0.0,0.0,0.0,0.0,0.0,0.0,0.0,0.0,0.0,0.0,0.0,0.0
2020,1,2,73,0.12463563362026524,0.257318299483753,0.06291170076232198,0.10947905168824487,0.355603543686826,0.39447584751526416,0.43932564772514643,0.18454809901711675,0.21014556772034382,0.23913243291406747,0.13167510332958224,0.10502381000273206,0.26607547685792876,0.13611801325524972,0.34630663882019713,0.2353398570191356,0.39465639537722996,0.3846757224610993,0.17822941367809134,0.4305031158143885,0.42895395193824176,0.20922955294280057,0.17895843065815895,0.3487874721114432,0.11052849040310922,0.12866413341032543,0.0520680348228633,0.3851952090183396,0.33569496250980374,0.3606039754884631,0.36105723329141126
2020,1,2,74,0.12463563362026524,0.257318299483753,0.06291170076232198,0.10947905168824487,0.355603543686826,0.39447584751526416,0.43932564772514643,0.18454809901711675,0.21014556772034382,0.23913243291406747,0.13167510332958224,0.10502381000273206,0.26607547685792876,0.13611801325524972,0.34630663882019713,0.2353398570191356,0.39465639537722996,0.3846757224610993,0.17822941367809134,0.4305031158143885,0.42895395193824176,0.20922955294280057,0.17895843065815895,0.3487874721114432,0.11052849040310922,0.12866413341032543,0.0520680348228633,0.3851952090183396,0.33569496250980374,0.3606039754884631,0.36105723329141126
2020,1,2,75,0.12463563362026524,0.257318299483753,0.06291170076232198,0.10947905168824487,0.355603543686826,0.39447584751526416,0.43932564772514643,0.18454809901711675,0.21014556772034382,0.23913243291406747,0.13167510332958224,0.10502381000273206,0.26607547685792876,0.13611801325524972,0.34630663882019713,0.2353398570191356,0.39465639537722996,0.3846757224610993,0.17822941367809134,0.4305031158143885,0.42895395193824176,0.20922955294280057,0.17895843065815895,0.3487874721114432,0.11052849040310922,0.12866413341032543,0.0520680348228633,0.3851952090183396,0.33569496250980374,0.3606039754884631,0.36105723329141126
2020,1,2,76,0.12463563362026524,0.257318299483753,0.06291170076232198,0.10947905168824487,0.355603543686826,0.39447584751526416,0.43932564772514643,0.18454809901711675,0.21014556772034382,0.23913243291406747,0.13167510332958224,0.10502381000273206,0.26607547685792876,0.13611801325524972,0.34630663882019713,0.2353398570191356,0.39465639537722996,0.3846757224610993,0.17822941367809134,0.4305031158143885,0.42895395193824176,0.20922955294280057,0.17895843065815895,0.3487874721114432,0.11052849040310922,0.12866413341032543,0.0520680348228633,0.3851952090183396,0.33569496250980374,0.3606039754884631,0.36105723329141126
2020,1,2,77,0.12463563362026524,0.257318299483753,0.06291170076232198,0.10947905168824487,0.355603543686826,0.39447584751526416,0.43932564772514643,0.18454809901711675,0.21014556772034382,0.23913243291406747,0.13167510332958224,0.10502381000273206,0.26607547685792876,0.13611801325524972,0.34630663882019713,0.2353398570191356,0.39465639537722996,0.3846757224610993,0.17822941367809134,0.4305031158143885,0.42895395193824176,0.20922955294280057,0.17895843065815895,0.3487874721114432,0.11052849040310922,0.12866413341032543,0.0520680348228633,0.3851952090183396,0.33569496250980374,0.3606039754884631,0.36105723329141126
2020,1,2,78,0.12463563362026524,0.257318299483753,0.06291170076232198,0.10947905168824487,0.355603543686826,0.39447584751526416,0.43932564772514643,0.18454809901711675,0.21014556772034382,0.23913243291406747,0.13167510332958224,0.10502381000273206,0.26607547685792876,0.13611801325524972,0.34630663882019713,0.2353398570191356,0.39465639537722996,0.3846757224610993,0.17822941367809134,0.4305031158143885,0.42895395193824176,0.20922955294280057,0.17895843065815895,0.3487874721114432,0.11052849040310922,0.12866413341032543,0.0520680348228633,0.3851952090183396,0.33569496250980374,0.3606039754884631,0.36105723329141126
2020,1,2,79,0.12463563362026524,0.257318299483753,0.06291170076232198,0.10947905168824487,0.355603543686826,0.39447584751526416,0.43932564772514643,0.18454809901711675,0.21014556772034382,0.23913243291406747,0.13167510332958224,0.10502381000273206,0.26607547685792876,0.13611801325524972,0.34630663882019713,0.2353398570191356,0.39465639537722996,0.3846757224610993,0.17822941367809134,0.4305031158143885,0.42895395193824176,0.20922955294280057,0.17895843065815895,0.3487874721114432,0.11052849040310922,0.12866413341032543,0.0520680348228633,0.3851952090183396,0.33569496250980374,0.3606039754884631,0.36105723329141126
2020,1,2,80,0.12463563362026524,0.257318299483753,0.06291170076232198,0.10947905168824487,0.355603543686826,0.39447584751526416,0.43932564772514643,0.18454809901711675,0.21014556772034382,0.23913243291406747,0.13167510332958224,0.10502381000273206,0.26607547685792876,0.13611801325524972,0.34630663882019713,0.2353398570191356,0.39465639537722996,0.3846757224610993,0.17822941367809134,0.4305031158143885,0.42895395193824176,0.20922955294280057,0.17895843065815895,0.3487874721114432,0.11052849040310922,0.12866413341032543,0.0520680348228633,0.3851952090183396,0.33569496250980374,0.3606039754884631,0.36105723329141126
2020,1,2,81,0.12463563362026524,0.257318299483753,0.06291170076232198,0.10947905168824487,0.355603543686826,0.39447584751526416,0.43932564772514643,0.18454809901711675,0.21014556772034382,0.23913243291406747,0.13167510332958224,0.10502381000273206,0.26607547685792876,0.13611801325524972,0.34630663882019713,0.2353398570191356,0.39465639537722996,0.3846757224610993,0.17822941367809134,0.4305031158143885,0.42895395193824176,0.20922955294280057,0.17895843065815895,0.3487874721114432,0.11052849040310922,0.12866413341032543,0.0520680348228633,0.3851952090183396,0.33569496250980374,0.3606039754884631,0.36105723329141126
2020,1,2,82,0.12463563362026524,0.257318299483753,0.06291170076232198,0.10947905168824487,0.355603543686826,0.39447584751526416,0.43932564772514643,0.18454809901711675,0.21014556772034382,0.23913243291406747,0.13167510332958224,0.10502381000273206,0.26607547685792876,0.13611801325524972,0.34630663882019713,0.2353398570191356,0.39465639537722996,0.3846757224610993,0.17822941367809134,0.4305031158143885,0.42895395193824176,0.20922955294280057,0.17895843065815895,0.3487874721114432,0.11052849040310922,0.12866413341032543,0.0520680348228633,0.3851952090183396,0.33569496250980374,0.3606039754884631,0.36105723329141126
2020,1,2,83,0.12463563362026524,0.257318299483753,0.06291170076232198,0.10947905168824487,0.355603543686826,0.39447584751526416,0.43932564772514643,0.18454809901711675,0.21014556772034382,0.23913243291406747,0.13167510332958224,0.10502381000273206,0.26607547685792876,0.13611801325524972,0.34630663882019713,0.2353398570191356,0.39465639537722996,0.3846757224610993,0.17822941367809134,0.4305031158143885,0.42895395193824176,0.20922955294280057,0.17895843065815895,0.3487874721114432,0.11052849040310922,0.12866413341032543,0.0520680348228633,0.3851952090183396,0.33569496250980374,0.3606039754884631,0.36105723329141126
2020,1,2,84,0.12463563362026524,0.257318299483753,0.06291170076232198,0.10947905168824487,0.355603543686826,0.39447584751526416,0.43932564772514643,0.18454809901711675,0.21014556772034382,0.23913243291406747,0.13167510332958224,0.10502381000273206,0.26607547685792876,0.13611801325524972,0.34630663882019713,0.2353398570191356,0.39465639537722996,0.3846757224610993,0.17822941367809134,0.4305031158143885,0.42895395193824176,0.20922955294280057,0.17895843065815895,0.3487874721114432,0.11052849040310922,0.12866413341032543,0.0520680348228633,0.3851952090183396,0.33569496250980374,0.3606039754884631,0.36105723329141126
2020,1,2,85,0.27496849500069637,0.4521843095286373,0.126603827653209,0.21655392558682388,0.677270332403427,0.7284451535086888,0.9502489885796159,0.3669128782354181,0.4123693067626822,0.5033251706356394,0.27010753012592903,0.19829582414020985,0.47475796588889824,0.2804454604270422,0.7056560808730266,0.42837056303774645,0.8155340068047351,0.6729590583052718,0.34571228632002143,0.8128073796411067,0.7293386575842282,0.43515175091296926,0.3260482266562016,0.6546527301865044,0.2274885900513506,0.2564622424248014,0.10155041413883102,0.7077705223577594,0.6523270419134721,0.6822319674432343,0.7226243740192513
2020,1,2,86,0.27496849500069637,0.4521843095286373,0.126603827653209,0.21655392558682388,0.677270332403427,0.7284451535086888,0.9502489885796159,0.3669128782354181,0.4123693067626822,0.5033251706356394,0.27010753012592903,0.19829582414020985,0.47475796588889824,0.2804454604270422,0.7056560808730266,0.42837056303774645,0.8155340068047351,0.6729590583052718,0.34571228632002143,0.8128073796411067,0.7293386575842282,0.43515175091296926,0.3260482266562016,0.6546527301865044,0.2274885900513506,0.2564622424248014,0.10155041413883102,0.7077705223577594,0.6523270419134721,0.6822319674432343,0.7226243740192513
2020,1,2,87,0.27496849500069637,0.4521843095286373,0.126603827653209,0.21655392558682388,0.677270332403427,0.7284451535086888,0.9502489885796159,0.3669128782354181,0.4123693067626822,0.5033251706356394,0.27010753012592903,0.19829582414020985,0.47475796588889824,0.2804454604270422,0.7056560808730266,0.42837056303774645,0.8155340068047351,0.6729590583052718,0.34571228632002143,0.8128073796411067,0.7293386575842282,0.43515175091296926,0.3260482266562016,0.6546527301865044,0.2274885900513506,0.2564622424248014,0.10155041413883102,0.7077705223577594,0.6523270419134721,0.6822319674432343,0.7226243740192513
2020,1,2,88,0.27496849500069637,0.4521843095286373,0.126603827653209,0.21655392558682388,0.677270332403427,0.7284451535086888,0.9502489885796159,0.3669128782354181,0.4123693067626822,0.5033251706356394,0.27010753012592903,0.19829582414020985,0.47475796588889824,0.2804454604270422,0.7056560808730266,0.42837056303774645,0.8155340068047351,0.6729590583052718,0.34571228632002143,0.8128073796411067,0.7293386575842282,0.43515175091296926,0.3260482266562016,0.6546527301865044,0.2274885900513506,0.2564622424248014,0.10155041413883102,0.7077705223577594,0.6523270419134721,0.6822319674432343,0.7226243740192513
2020,1,2,89,0.27496849500069637,0.4521843095286373,0.126603827653209,0.21655392558682388,0.677270332403427,0.7284451535086888,0.9502489885796159,0.3669128782354181,0.4123693067626822,0.5033251706356394,0.27010753012592903,0.19829582414020985,0.47475796588889824,0.2804454604270422,0.7056560808730266,0.42837056303774645,0.8155340068047351,0.6729590583052718,0.34571228632002143,0.8128073796411067,0.7293386575842282,0.43515175091296926,0.3260482266562016,0.6546527301865044,0.2274885900513506,0.2564622424248014,0.10155041413883102,0.7077705223577594,0.6523270419134721,0.6822319674432343,0.7226243740192513
2020,1,2,90,0.27496849500069637,0.4521843095286373,0.126603827653209,0.21655392558682388,0.677270332403427,0.7284451535086888,0.9502489885796159,0.3669128782354181,0.4123693067626822,0.5033251706356394,0.27010753012592903,0.19829582414020985,0.47475796588889824,0.2804454604270422,0.7056560808730266,0.42837056303774645,0.8155340068047351,0.6729590583052718,0.34571228632002143,0.8128073796411067,0.7293386575842282,0.43515175091296926,0.3260482266562016,0.6546527301865044,0.2274885900513506,0.2564622424248014,0.10155041413883102,0.7077705223577594,0.6523270419134721,0.6822319674432343,0.7226243740192513
2020,1,2,91,0.27496849500069637,0.4521843095286373,0.126603827653209,0.21655392558682388,0.677270332403427,0.7284451535086888,0.9502489885796159,0.3669128782354181,0.4123693067626822,0.5033251706356394,0.27010753012592903,0.19829582414020985,0.47475796588889824,0.2804454604270422,0.7056560808730266,0.42837056303774645,0.8155340068047351,0.6729590583052718,0.34571228632002143,0.8128073796411067,0.7293386575842282,0.43515175091296926,0.3260482266562016,0.6546527301865044,0.2274885900513506,0.2564622424248014,0.10155041413883102,0.7077705223577594,0.6523270419134721,0.6822319674432343,0.7226243740192513
2020,1,2,92,0.27496849500069637,0.4521843095286373,0.126603827653209,0.21655392558682388,0.677270332403427,0.7284451535086888,0.9502489885796159,0.3669128782354181,0.4123693067626822,0.5033251706356394,0.27010753012592903,0.19829582414020985,0.47475796588889824,0.2804454604270422,0.7056560808730266,0.42837056303774645,0.8155340068047351,0.6729590583052718,0.34571228632002143,0.8128073796411067,0.7293386575842282,0.43515175091296926,0.3260482266562016,0.6546527301865044,0.2274885900513506,0.2564622424248014,0.10155041413883102,0.7077705223577594,0.6523270419134721,0.6822319674432343,0.7226243740192513
2020,1,2,93,0.27496849500069637,0.4521843095286373,0.126603827653209,0.21655392558682388,0.677270332403427,0.7284451535086888,0.9502489885796159,0.3669128782354181,0.4123693067626822,0.5033251706356394,0.27010753012592903,0.19829582414020985,0.47475796588889824,0.2804454604270422,0.7056560808730266,0.42837056303774645,0.8155340068047351,0.6729590583052718,0.34571228632002143,0.8128073796411067,0.7293386575842282,0.43515175091296926,0.3260482266562016,0.6546527301865044,0.2274885900513506,0.2564622424248014,0.10155041413883102,0.7077705223577594,0.6523270419134721,0.6822319674432343,0.7226243740192513
2020,1,2,94,0.27496849500069637,0.4521843095286373,0.126603827653209,0.21655392558682388,0.677270332403427,0.7284451535086888,0.9502489885796159,0.3669128782354181,0.4123693067626822,0.5033251706356394,0.27010753012592903,0.19829582414020985,0.47475796588889824,0.2804454604270422,0.7056560808730266,0.42837056303774645,0.8155340068047351,0.6729590583052718,0.34571228632002143,0.8128073796411067,0.7293386575842282,0.43515175091296926,0.3260482266562016,0.6546527301865044,0.2274885900513506,0.2564622424248014,0.10155041413883102,0.7077705223577594,0.6523270419134721,0.6822319674432343,0.7226243740192513
2020,1,2,95,0.27496849500069637,0.4521843095286373,0.126603827653209,0.21655392558682388,0.677270332403427,0.7284451535086888,0.9502489885796159,0.3669128782354181,0.4123693067626822,0.5033251706356394,0.27010753012592903,0.19829582414020985,0.47475796588889824,0.2804454604270422,0.7056560808730266,0.42837056303774645,0.8155340068047351,0.6729590583052718,0.34571228632002143,0.8128073796411067,0.7293386575842282,0.43515175091296926,0.3260482266562016,0.6546527301865044,0.2274885900513506,0.2564622424248014,0.10155041413883102,0.7077705223577594,0.6523270419134721,0.6822319674432343,0.7226243740192513
2020,1,2,96,0.27496849500069637,0.4521843095286373,0.126603827653209,0.21655392558682388,0.677270332403427,0.7284451535086888,0.9502489885796159,0.3669128782354181,0.4123693067626822,0.5033251706356394,0.27010753012592903,0.19829582414020985,0.47475796588889824,0.2804454604270422,0.7056560808730266,0.42837056303774645,0.8155340068047351,0.6729590583052718,0.34571228632002143,0.8128073796411067,0.7293386575842282,0.43515175091296926,0.3260482266562016,0.6546527301865044,0.2274885900513506,0.2564622424248014,0.10155041413883102,0.7077705223577594,0.6523270419134721,0.6822319674432343,0.7226243740192513
2020,1,2,97,0.4437699576501629,0.8604595151217597,0.20871025368727703,0.38081486168497997,1.2805088760462724,1.2253155218616976,1.6750771082647808,0.6458166077438574,0.7402135559239132,0.8282596532159711,0.40856268358158726,0.38168121909087765,0.7999970803902546,0.5344841858323631,1.123965440029416,0.8015243235833713,1.4385714992382592,1.2912856402745645,0.6265220544039205,1.3551749479052277,1.3752495995531477,0.6978626967182695,0.6353598081893116,1.2245920523945815,0.3866436465680361,0.4726103646424038,0.19494799974527133,1.4721376239599726,1.1787570399220588,0.9924571921790661,1.4121245909644122
2020,1,2,98,0.4437699576501629,0.8604595151217597,0.20871025368727703,0.38081486168497997,1.2805088760462724,1.2253155218616976,1.6750771082647808,0.6458166077438574,0.7402135559239132,0.8282596532159711,0.40856268358158726,0.38168121909087765,0.7999970803902546,0.5344841858323631,1.123965440029416,0.8015243235833713,1.4385714992382592,1.2912856402745645,0.6265220544039205,1.3551749479052277,1.3752495995531477,0.6978626967182695,0.6353598081893116,1.2245920523945815,0.3866436465680361,0.4726103646424038,0.19494799974527133,1.4721376239599726,1.1787570399220588,0.9924571921790661,1.4121245909644122
2020,1,2,99,0.4437699576501629,0.8604595151217597,0.20871025368727703,0.38081486168497997,1.2805088760462724,1.2253155218616976,1.6750771082647808,0.6458166077438574,0.7402135559239132,0.8282596532159711,0.40856268358158726,0.38168121909087765,0.7999970803902546,0.5344841858323631,1.123965440029416,0.8015243235833713,1.4385714992382592,1.2912856402745645,0.6265220544039205,1.3551749479052277,1.3752495995531477,0.6978626967182695,0.6353598081893116,1.2245920523945815,0.3866436465680361,0.4726103646424038,0.19494799974527133,1.4721376239599726,1.1787570399220588,0.9924571921790661,1.4121245909644122
2020,1,2,100,0.4437699576501629,0.8604595151217597,0.20871025368727703,0.38081486168497997,1.2805088760462724,1.2253155218616976,1.6750771082647808,0.6458166077438574,0.7402135559239132,0.8282596532159711,0.40856268358158726,0.38168121909087765,0.7999970803902546,0.5344841858323631,1.123965440029416,0.8015243235833713,1.4385714992382592,1.2912856402745645,0.6265220544039205,1.3551749479052277,1.3752495995531477,0.6978626967182695,0.6353598081893116,1.2245920523945815,0.3866436465680361,0.4726103646424038,0.19494799974527133,1.4721376239599726,1.1787570399220588,0.9924571921790661,1.4121245909644122
2020,1,2,101,0.4437699576501629,0.8604595151217597,0.20871025368727703,0.38081486168497997,1.2805088760462724,1.2253155218616976,1.6750771082647808,0.6458166077438574,0.7402135559239132,0.8282596532159711,0.40856268358158726,0.38168121909087765,0.7999970803902546,0.5344841858323631,1.123965440029416,0.8015243235833713,1.4385714992382592,1.2912856402745645,0.6265220544039205,1.3551749479052277,1.3752495995531477,0.6978626967182695,0.6353598081893116,1.2245920523945815,0.3866436465680361,0.4726103646424038,0.19494799974527133,1.4721376239599726,1.1787570399220588,0.9924571921790661,1.4121245909644122
2020,1,2,102,0.4437699576501629,0.8604595151217597,0.20871025368727703,0.38081486168497997,1.2805088760462724,1.2253155218616976,1.6750771082647808,0.6458166077438574,0.7402135559239132,0.8282596532159711,0.40856268358158726,0.38168121909087765,0.7999970803902546,0.5344841858323631,1.123965440029416,0.8015243235833713,1.4385714992382592,1.2912856402745645,0.6265220544039205,1.3551749479052277,1.3752495995531477,0.6978626967182695,0.6353598081893116,1.2245920523945815,0.3866436465680361,0.4726103646424038,0.19494799974527133,1.4721376239599726,1.1787570399220588,0.9924571921790661,1.4121245909644122
2020,1,2,103,0.4437699576501629,0.8604595151217597,0.20871025368727703,0.38081486168497997,1.2805088760462724,1.2253155218616976,1.6750771082647808,0.6458166077438574,0.7402135559239132,0.8282596532159711,0.40856268358158726,0.38168121909087765,0.7999970803902546,0.5344841858323631,1.123965440029416,0.8015243235833713,1.4385714992382592,1.2912856402745645,0.6265220544039205,1.3551749479052277,1.3752495995531477,0.6978626967182695,0.6353598081893116,1.2245920523945815,0.3866436465680361,0.4726103646424038,0.19494799974527133,1.4721376239599726,1.1787570399220588,0.9924571921790661,1.4121245909644122
2020,1,2,104,0.4437699576501629,0.8604595151217597,0.20871025368727703,0.38081486168497997,1.2805088760462724,1.2253155218616976,1.6750771082647808,0.6458166077438574,0.7402135559239132,0.8282596532159711,0.40856268358158726,0.38168121909087765,0.7999970803902546,0.5344841858323631,1.123965440029416,0.8015243235833713,1.4385714992382592,1.2912856402745645,0.6265220544039205,1.3551749479052277,1.3752495995531477,0.6978626967182695,0.6353598081893116,1.2245920523945815,0.3866436465680361,0.4726103646424038,0.19494799974527133,1.4721376239599726,1.1787570399220588,0.9924571921790661,1.4121245909644122
2020,1,2,105,0.4437699576501629,0.8604595151217597,0.20871025368727703,0.38081486168497997,1.2805088760462724,1.2253155218616976,1.6750771082647808,0.6458166077438574,0.7402135559239132,0.8282596532159711,0.40856268358158726,0.38168121909087765,0.7999970803902546,0.5344841858323631,1.123965440029416,0.8015243235833713,1.4385714992382592,1.2912856402745645,0.6265220544039205,1.3551749479052277,1.3752495995531477,0.6978626967182695,0.6353598081893116,1.2245920523945815,0.3866436465680361,0.4726103646424038,0.19494799974527133,1.4721376239599726,1.1787570399220588,0.9924571921790661,1.4121245909644122
2020,1,2,106,0.4437699576501629,0.8604595151217597,0.20871025368727703,0.38081486168497997,1.2805088760462724,1.2253155218616976,1.6750771082647808,0.6458166077438574,0.7402135559239132,0.8282596532159711,0.40856268358158726,0.38168121909087765,0.7999970803902546,0.5344841858323631,1.123965440029416,0.8015243235833713,1.4385714992382592,1.2912856402745645,0.6265220544039205,1.3551749479052277,1.3752495995531477,0.6978626967182695,0.6353598081893116,1.2245920523945815,0.3866436465680361,0.4726103646424038,0.19494799974527133,1.4721376239599726,1.1787570399220588,0.9924571921790661,1.4121245909644122
2020,1,2,107,0.4437699576501629,0.8604595151217597,0.20871025368727703,0.38081486168497997,1.2805088760462724,1.2253155218616976,1.6750771082647808,0.6458166077438574,0.7402135559239132,0.8282596532159711,0.40856268358158726,0.38168121909087765,0.7999970803902546,0.5344841858323631,1.123965440029416,0.8015243235833713,1.4385714992382592,1.2912856402745645,0.6265220544039205,1.3551749479052277,1.3752495995531477,0.6978626967182695,0.6353598081893116,1.2245920523945815,0.3866436465680361,0.4726103646424038,0.19494799974527133,1.4721376239599726,1.1787570399220588,0.9924571921790661,1.4121245909644122
2020,1,2,108,0.4437699576501629,0.8604595151217597,0.20871025368727703,0.38081486168497997,1.2805088760462724,1.2253155218616976,1.6750771082647808,0.6458166077438574,0.7402135559239132,0.8282596532159711,0.40856268358158726,0.38168121909087765,0.7999970803902546,0.5344841858323631,1.123965440029416,0.8015243235833713,1.4385714992382592,1.2912856402745645,0.6265220544039205,1.3551749479052277,1.3752495995531477,0.6978626967182695,0.6353598081893116,1.2245920523945815,0.3866436465680361,0.4726103646424038,0.19494799974527133,1.4721376239599726,1.1787570399220588,0.9924571921790661,1.4121245909644122
2020,1,2,109,0.7777412074868908,1.2072944304490831,0.36049976765849645,0.600580186289064,1.7426501832849903,2.0319584518163616,2.5567661362012575,1.092456713200232,1.0866964731165865,1.3319449747799206,0.6915047921589206,0.6025533411651124,1.3150188666474432,0.7221370827782666,1.749222590438744,1.321575220803808,2.1981515311022313,1.8501638592656022,0.9607520548114604,2.1949497405895553,2.2000152538858226,1.0935173130300473,0.8442021365052661,1.8370849196665797,0.6107541330244222,0.7605648377046158,0.2437156747967413,2.099441601574622,1.8496603567247096,2.030631797375297,2.1106690021476537
2020,1,2,110,0.7777412074868908,1.2072944304490831,0.36049976765849645,0.600580186289064,1.7426501832849903,2.0319584518163616,2.5567661362012575,1.092456713200232,1.0866964731165865,1.3319449747799206,0.6915047921589206,0.6025533411651124,1.3150188666474432,0.7221370827782666,1.749222590438744,1.321575220803808,2.1981515311022313,1.8501638592656022,0.9607520548114604,2.1949497405895553,2.2000152538858226,1.0935173130300473,0.8442021365052661,1.8370849196665797,0.6107541330244222,0.7605648377046158,0.2437156747967413,2.099441601574622,1.8496603567247096,2.030631797375297,2.1106690021476537
2020,1,2,111,0.7777412074868908,1.2072944304490831,0.36049976765849645,0.600580186289064,1.7426501832849903,2.0319584518163616,2.5567661362012575,1.092456713200232,1.0866964731165865,1.3319449747799206,0.6915047921589206,0.6025533411651124,1.3150188666474432,0.7221370827782666,1.749222590438744,1.321575220803808,2.1981515311022313,1.8501638592656022,0.9607520548114604,2.1949497405895553,2.2000152538858226,1.0935173130300473,0.8442021365052661,1.8370849196665797,0.6107541330244222,0.7605648377046158,0.2437156747967413,2.099441601574622,1.8496603567247096,2.030631797375297,2.1106690021476537
2020,1,2,112,0.7777412074868908,1.2072944304490831,0.36049976765849645,0.600580186289064,1.7426501832849903,2.0319584518163616,2.5567661362012575,1.092456713200232,1.0866964731165865,1.3319449747799206,0.6915047921589206,0.6025533411651124,1.3150188666474432,0.7221370827782666,1.749222590438744,1.321575220803808,2.1981515311022313,1.8501638592656022,0.9607520548114604,2.1949497405895553,2.2000152538858226,1.0935173130300473,0.8442021365052661,1.8370849196665797,0.6107541330244222,0.7605648377046158,0.2437156747967413,2.099441601574622,1.8496603567247096,2.030631797375297,2.1106690021476537
2020,1,2,113,0.7777412074868908,1.2072944304490831,0.36049976765849645,0.600580186289064,1.7426501832849903,2.0319584518163616,2.5567661362012575,1.092456713200232,1.0866964731165865,1.3319449747799206,0.6915047921589206,0.6025533411651124,1.3150188666474432,0.7221370827782666,1.749222590438744,1.321575220803808,2.1981515311022313,1.8501638592656022,0.9607520548114604,2.1949497405895553,2.2000152538858226,1.0935173130300473,0.8442021365052661,1.8370849196665797,0.6107541330244222,0.7605648377046158,0.2437156747967413,2.099441601574622,1.8496603567247096,2.030631797375297,2.1106690021476537
2020,1,2,114,0.7777412074868908,1.2072944304490831,0.36049976765849645,0.600580186289064,1.7426501832849903,2.0319584518163616,2.5567661362012575,1.092456713200232,1.0866964731165865,1.3319449747799206,0.6915047921589206,0.6025533411651124,1.3150188666474432,0.7221370827782666,1.749222590438744,1.321575220803808,2.1981515311022313,1.8501638592656022,0.9607520548114604,2.1949497405895553,2.2000152538858226,1.0935173130300473,0.8442021365052661,1.8370849196665797,0.6107541330244222,0.7605648377046158,0.2437156747967413,2.099441601574622,1.8496603567247096,2.030631797375297,2.1106690021476537
2020,1,2,115,0.7777412074868908,1.2072944304490831,0.36049976765849645,0.600580186289064,1.7426501832849903,2.0319584518163616,2.5567661362012575,1.092456713200232,1.0866964731165865,1.3319449747799206,0.6915047921589206,0.6025533411651124,1.3150188666474432,0.7221370827782666,1.749222590438744,1.321575220803808,2.1981515311022313,1.8501638592656022,0.9607520548114604,2.1949497405895553,2.2000152538858226,1.0935173130300473,0.8442021365052661,1.8370849196665797,0.6107541330244222,0.7605648377046158,0.2437156747967413,2.099441601574622,1.8496603567247096,2.030631797375297,2.1106690021476537
2020,1,2,116,0.7777412074868908,1.2072944304490831,0.36049976765849645,0.600580186289064,1.7426501832849903,2.0319584518163616,2.5567661362012575,1.092456713200232,1.0866964731165865,1.3319449747799206,0.6915047921589206,0.6025533411651124,1.3150188666474432,0.7221370827782666,1.749222590438744,1.321575220803808,2.1981515311022313,1.8501638592656022,0.9607520548114604,2.1949497405895553,2.2000152538858226,1.0935173130300473,0.8442021365052661,1.8370849196665797,0.6107541330244222,0.7605648377046158,0.2437156747967413,2.099441601574622,1.8496603567247096,2.030631797375297,2.1106690021476537
2020,1,2,117,0.7777412074868908,1.2072944304490831,0.36049976765849645,0.600580186289064,1.7426501832849903,2.0319584518163616,2.5567661362012575,1.092456713200232,1.0866964731165865,1.3319449747799206,0.6915047921589206,0.6025533411651124,1.3150188666474432,0.7221370827782666,1.749222590438744,1.321575220803808,2.1981515311022313,1.8501638592656022,0.9607520548114604,2.1949497405895553,2.2000152538858226,1.0935173130300473,0.8442021365052661,1.8370849196665797,0.6107541330244222,0.7605648377046158,0.2437156747967413,2.099441601574622,1.8496603567247096,2.030631797375297,2.1106690021476537
2020,1,2,118,0.7777412074868908,1.2072944304490831,0.36049976765849645,0.600580186289064,1.7426501832849903,2.0319584518163616,2.5567661362012575,1.092456713200232,1.0866964731165865,1.3319449747799206,0.6915047921589206,0.6025533411651124,1.3150188666474432,0.7221370827782666,1.749222590438744,1.321575220803808,2.1981515311022313,1.8501638592656022,0.9607520548114604,2.1949497405895553,2.2000152538858226,1.0935173130300473,0.8442021365052661,1.8370849196665797,0.6107541330244222,0.7605648377046158,0.2437156747967413,2.099441601574622,1.8496603567247096,2.030631797375297,2.1106690021476537
2020,1,2,119,0.7777412074868908,1.2072944304490831,0.36049976765849645,0.600580186289064,1.7426501832849903,2.0319584518163616,2.5567661362012575,1.092456713200232,1.0866964731165865,1.3319449747799206,0.6915047921589206,0.6025533411651124,1.3150188666474432,0.7221370827782666,1.749222590438744,1.321575220803808,2.1981515311022313,1.8501638592656022,0.9607520548114604,2.1949497405895553,2.2000152538858226,1.0935173130300473,0.8442021365052661,1.8370849196665797,0.6107541330244222,0.7605648377046158,0.2437156747967413,2.099441601574622,1.8496603567247096,2.030631797375297,2.1106690021476537
2020,1,2,120,0.7777412074868908,1.2072944304490831,0.36049976765849645,0.600580186289064,1.7426501832849903,2.0319584518163616,2.5567661362012575,1.092456713200232,1.0866964731165865,1.3319449747799206,0.6915047921589206,0.6025533411651124,1.3150188666474432,0.7221370827782666,1.749222590438744,1.321575220803808,2.1981515311022313,1.8501638592656022,0.9607520548114604,2.1949497405895553,2.2000152538858226,1.0935173130300473,0.8442021365052661,1.8370849196665797,0.6107541330244222,0.7605648377046158,0.2437156747967413,2.099441601574622,1.8496603567247096,2.030631797375297,2.1106690021476537
2020,1,2,121,1.0008414660159715,1.9380726326869162,0.5560462223147142,0.8550819514658884,2.4760386473691125,2.699168766272886,3.3028177000551215,1.4500281212708481,1.445815703668638,2.0321925904617,0.9758591954663722,0.7733286957234452,1.9639742278288164,1.0713752277737847,2.6486770767516394,1.790173378015948,3.0882710552394177,2.749600182090661,1.4568075560082434,3.020605225281045,2.978291899184584,1.679699070012695,1.324454197843188,2.666244970594495,0.8114430835158613,0.8943355106151949,0.3860984620090357,2.961723243473372,2.5666381277482797,2.5405678665093694,2.7874491754226085
2020,1,2,122,1.0008414660159715,1.9380726326869162,0.5560462223147142,0.8550819514658884,2.4760386473691125,2.699168766272886,3.3028177000551215,1.4500281212708481,1.445815703668638,2.0321925904617,0.9758591954663722,0.7733286957234452,1.9639742278288164,1.0713752277737847,2.6486770767516394,1.790173378015948,3.0882710552394177,2.749600182090661,1.4568075560082434,3.020605225281045,2.978291899184584,1.679699070012695,1.324454197843188,2.666244970594495,0.8114430835158613,0.8943355106151949,0.3860984620090357,2.961723243473372,2.5666381277482797,2.5405678665093694,2.7874491754226085
2020,1,2,123,1.0008414660159715,1.9380726326869162,0.5560462223147142,0.8550819514658884,2.4760386473691125,2.699168766272886,3.3028177000551215,1.4500281212708481,1.445815703668638,2.0321925904617,0.9758591954663722,0.7733286957234452,1.9639742278288164,1.0713752277737847,2.6486770767516394,1.790173378015948,3.0882710552394177,2.749600182090661,1.4568075560082434,3.020605225281045,2.978291899184584,1.679699070012695,1.324454197843188,2.666244970594495,0.8114430835158613,0.8943355106151949,0.3860984620090357,2.961723243473372,2.5666381277482797,2.5405678665093694,2.7874491754226085
2020,1,2,124,1.0008414660159715,1.9380726326869162,0.5560462223147142,0.8550819514658884,2.4760386473691125,2.699168766272886,3.3028177000551215,1.4500281212708481,1.445815703668638,2.0321925904617,0.9758591954663722,0.7733286957234452,1.9639742278288164,1.0713752277737847,2.6486770767516394,1.790173378015948,3.0882710552394177,2.749600182090661,1.4568075560082434,3.020605225281045,2.978291899184584,1.679699070012695,1.324454197843188,2.666244970594495,0.8114430835158613,0.8943355106151949,0.3860984620090357,2.961723243473372,2.5666381277482797,2.5405678665093694,2.7874491754226085
2020,1,2,125,1.0008414660159715,1.9380726326869162,0.5560462223147142,0.8550819514658884,2.4760386473691125,2.699168766272886,3.3028177000551215,1.4500281212708481,1.445815703668638,2.0321925904617,0.9758591954663722,0.7733286957234452,1.9639742278288164,1.0713752277737847,2.6486770767516394,1.790173378015948,3.0882710552394177,2.749600182090661,1.4568075560082434,3.020605225281045,2.978291899184584,1.679699070012695,1.324454197843188,2.666244970594495,0.8114430835158613,0.8943355106151949,0.3860984620090357,2.961723243473372,2.5666381277482797,2.5405678665093694,2.7874491754226085
2020,1,2,126,1.0008414660159715,1.9380726326869162,0.5560462223147142,0.8550819514658884,2.4760386473691125,2.699168766272886,3.3028177000551215,1.4500281212708481,1.445815703668638,2.0321925904617,0.9758591954663722,0.7733286957234452,1.9639742278288164,1.0713752277737847,2.6486770767516394,1.790173378015948,3.0882710552394177,2.749600182090661,1.4568075560082434,3.020605225281045,2.978291899184584,1.679699070012695,1.324454197843188,2.666244970594495,0.8114430835158613,0.8943355106151949,0.3860984620090357,2.961723243473372,2.5666381277482797,2.5405678665093694,2.7874491754226085
2020,1,2,127,1.0008414660159715,1.9380726326869162,0.5560462223147142,0.8550819514658884,2.4760386473691125,2.699168766272886,3.3028177000551215,1.4500281212708481,1.445815703668638,2.0321925904617,0.9758591954663722,0.7733286957234452,1.9639742278288164,1.0713752277737847,2.6486770767516394,1.790173378015948,3.0882710552394177,2.749600182090661,1.4568075560082434,3.020605225281045,2.978291899184584,1.679699070012695,1.324454197843188,2.666244970594495,0.8114430835158613,0.8943355106151949,0.3860984620090357,2.961723243473372,2.5666381277482797,2.5405678665093694,2.7874491754226085
2020,1,2,128,1.0008414660159715,1.9380726326869162,0.5560462223147142,0.8550819514658884,2.4760386473691125,2.699168766272886,3.3028177000551215,1.4500281212708481,1.445815703668638,2.0321925904617,0.9758591954663722,0.7733286957234452,1.9639742278288164,1.0713752277737847,2.6486770767516394,1.790173378015948,3.0882710552394177,2.749600182090661,1.4568075560082434,3.020605225281045,2.978291899184584,1.679699070012695,1.324454197843188,2.666244970594495,0.8114430835158613,0.8943355106151949,0.3860984620090357,2.961723243473372,2.5666381277482797,2.5405678665093694,2.7874491754226085
2020,1,2,129,1.0008414660159715,1.9380726326869162,0.5560462223147142,0.8550819514658884,2.4760386473691125,2.699168766272886,3.3028177000551215,1.4500281212708481,1.445815703668638,2.0321925904617,0.9758591954663722,0.7733286957234452,1.9639742278288164,1.0713752277737847,2.6486770767516394,1.790173378015948,3.0882710552394177,2.749600182090661,1.4568075560082434,3.020605225281045,2.978291899184584,1.679699070012695,1.324454197843188,2.666244970594495,0.8114430835158613,0.8943355106151949,0.3860984620090357,2.961723243473372,2.5666381277482797,2.5405678665093694,2.7874491754226085
2020,1,2,130,1.0008414660159715,1.9380726326869162,0.5560462223147142,0.8550819514658884,2.4760386473691125,2.699168766272886,3.3028177000551215,1.4500281212708481,1.445815703668638,2.0321925904617,0.9758591954663722,0.7733286957234452,1.9639742278288164,1.0713752277737847,2.6486770767516394,1.790173378015948,3.0882710552394177,2.749600182090661,1.4568075560082434,3.020605225281045,2.978291899184584,1.679699070012695,1.324454197843188,2.666244970594495,0.8114430835158613,0.8943355106151949,0.3860984620090357,2.961723243473372,2.5666381277482797,2.5405678665093694,2.7874491754226085
2020,1,2,131,1.0008414660159715,1.9380726326869162,0.5560462223147142,0.8550819514658884,2.4760386473691125,2.699168766272886,3.3028177000551215,1.4500281212708481,1.445815703668638,2.0321925904617,0.9758591954663722,0.7733286957234452,1.9639742278288164,1.0713752277737847,2.6486770767516394,1.790173378015948,3.0882710552394177,2.749600182090661,1.4568075560082434,3.020605225281045,2.978291899184584,1.679699070012695,1.324454197843188,2.666244970594495,0.8114430835158613,0.8943355106151949,0.3860984620090357,2.961723243473372,2.5666381277482797,2.5405678665093694,2.7874491754226085
2020,1,2,132,1.0008414660159715,1.9380726326869162,0.5560462223147142,0.8550819514658884,2.4760386473691125,2.699168766272886,3.3028177000551215,1.4500281212708481,1.445815703668638,2.0321925904617,0.9758591954663722,0.7733286957234452,1.9639742278288164,1.0713752277737847,2.6486770767516394,1.790173378015948,3.0882710552394177,2.749600182090661,1.4568075560082434,3.020605225281045,2.978291899184584,1.679699070012695,1.324454197843188,2.666244970594495,0.8114430835158613,0.8943355106151949,0.3860984620090357,2.961723243473372,2.5666381277482797,2.5405678665093694,2.7874491754226085
2020,1,2,133,1.3091947417447996,2.246176469944368,0.6224246196898446,1.1199307003814483,3.2191745308024093,3.3020878805090343,4.112097232775485,1.7933179373618353,1.9744343378169484,2.1747464676922323,1.2468131586928872,1.0274152909429544,2.3225699594742357,1.3208229805770004,3.1707454934488277,2.195826167494485,3.8728363149757348,3.382984510228266,1.6921780726369249,3.9469092934176015,3.3903670277383244,1.9910325683924994,1.6341504576089223,3.0398124523436576,1.0856860127500263,1.2578744505457518,0.4707398967890309,3.5398129839913954,3.177574929431111,3.247263859913344,3.5668443855179777
2020,1,2,134,1.3091947417447996,2.246176469944368,0.6224246196898446,1.1199307003814483,3.2191745308024093,3.3020878805090343,4.112097232775485,1.7933179373618353,1.9744343378169484,2.1747464676922323,1.2468131586928872,1.0274152909429544,2.3225699594742357,1.3208229805770004,3.1707454934488277,2.195826167494485,3.8728363149757348,3.382984510228266,1.6921780726369249,3.9469092934176015,3.3903670277383244,1.9910325683924994,1.6341504576089223,3.0398124523436576,1.0856860127500263,1.2578744505457518,0.4707398967890309,3.5398129839913954,3.177574929431111,3.247263859913344,3.5668443855179777
2020,1,2,135,1.3091947417447996,2.246176469944368,0.6224246196898446,1.1199307003814483,3.2191745308024093,3.3020878805090343,4.112097232775485,1.7933179373618353,1.9744343378169484,2.1747464676922323,1.2468131586928872,1.0274152909429544,2.3225699594742357,1.3208229805770004,3.1707454934488277,2.195826167494485,3.8728363149757348,3.382984510228266,1.6921780726369249,3.9469092934176015,3.3903670277383244,1.9910325683924994,1.6341504576089223,3.0398124523436576,1.0856860127500263,1.2578744505457518,0.4707398967890309,3.5398129839913954,3.177574929431111,3.247263859913344,3.5668443855179777
2020,1,2,136,1.3091947417447996,2.246176469944368,0.6224246196898446,1.1199307003814483,3.2191745308024093,3.3020878805090343,4.112097232775485,1.7933179373618353,1.9744343378169484,2.1747464676922323,1.2468131586928872,1.0274152909429544,2.3225699594742357,1.3208229805770004,3.1707454934488277,2.195826167494485,3.8728363149757348,3.382984510228266,1.6921780726369249,3.9469092934176015,3.3903670277383244,1.9910325683924994,1.6341504576089223,3.0398124523436576,1.0856860127500263,1.2578744505457518,0.4707398967890309,3.5398129839913954,3.177574929431111,3.247263859913344,3.5668443855179777
2020,1,2,137,1.3091947417447996,2.246176469944368,0.6224246196898446,1.1199307003814483,3.2191745308024093,3.3020878805090343,4.112097232775485,1.7933179373618353,1.9744343378169484,2.1747464676922323,1.2468131586928872,1.0274152909429544,2.3225699594742357,1.3208229805770004,3.1707454934488277,2.195826167494485,3.8728363149757348,3.382984510228266,1.6921780726369249,3.9469092934176015,3.3903670277383244,1.9910325683924994,1.6341504576089223,3.0398124523436576,1.0856860127500263,1.2578744505457518,0.4707398967890309,3.5398129839913954,3.177574929431111,3.247263859913344,3.5668443855179777
2020,1,2,138,1.3091947417447996,2.246176469944368,0.6224246196898446,1.1199307003814483,3.2191745308024093,3.3020878805090343,4.112097232775485,1.7933179373618353,1.9744343378169484,2.1747464676922323,1.2468131586928872,1.0274152909429544,2.3225699594742357,1.3208229805770004,3.1707454934488277,2.195826167494485,3.8728363149757348,3.382984510228266,1.6921780726369249,3.9469092934176015,3.3903670277383244,1.9910325683924994,1.6341504576089223,3.0398124523436576,1.0856860127500263,1.2578744505457518,0.4707398967890309,3.5398129839913954,3.177574929431111,3.247263859913344,3.5668443855179777
2020,1,2,139,1.3091947417447996,2.246176469944368,0.6224246196898446,1.1199307003814483,3.2191745308024093,3.3020878805090343,4.112097232775485,1.7933179373618353,1.9744343378169484,2.1747464676922323,1.2468131586928872,1.0274152909429544,2.3225699594742357,1.3208229805770004,3.1707454934488277,2.195826167494485,3.8728363149757348,3.382984510228266,1.6921780726369249,3.9469092934176015,3.3903670277383244,1.9910325683924994,1.6341504576089223,3.0398124523436576,1.0856860127500263,1.2578744505457518,0.4707398967890309,3.5398129839913954,3.177574929431111,3.247263859913344,3.5668443855179777
2020,1,2,140,1.3091947417447996,2.246176469944368,0.6224246196898446,1.1199307003814483,3.2191745308024093,3.3020878805090343,4.112097232775485,1.7933179373618353,1.9744343378169484,2.1747464676922323,1.2468131586928872,1.0274152909429544,2.3225699594742357,1.3208229805770004,3.1707454934488277,2.195826167494485,3.8728363149757348,3.382984510228266,1.6921780726369249,3.9469092934176015,3.3903670277383244,1.9910325683924994,1.6341504576089223,3.0398124523436576,1.0856860127500263,1.2578744505457518,0.4707398967890309,3.5398129839913954,3.177574929431111,3.247263859913344,3.5668443855179777
2020,1,2,141,1.3091947417447996,2.246176469944368,0.6224246196898446,1.1199307003814483,3.2191745308024093,3.3020878805090343,4.112097232775485,1.7933179373618353,1.9744343378169484,2.1747464676922323,1.2468131586928872,1.0274152909429544,2.3225699594742357,1.3208229805770004,3.1707454934488277,2.195826167494485,3.8728363149757348,3.382984510228266,1.6921780726369249,3.9469092934176015,3.3903670277383244,1.9910325683924994,1.6341504576089223,3.0398124523436576,1.0856860127500263,1.2578744505457518,0.4707398967890309,3.5398129839913954,3.177574929431111,3.247263859913344,3.5668443855179777
2020,1,2,142,1.3091947417447996,2.246176469944368,0.6224246196898446,1.1199307003814483,3.2191745308024093,3.3020878805090343,4.112097232775485,1.7933179373618353,1.9744343378169484,2.1747464676922323,1.2468131586928872,1.0274152909429544,2.3225699594742357,1.3208229805770004,3.1707454934488277,2.195826167494485,3.8728363149757348,3.382984510228266,1.6921780726369249,3.9469092934176015,3.3903670277383244,1.9910325683924994,1.6341504576089223,3.0398124523436576,1.0856860127500263,1.2578744505457518,0.4707398967890309,3.5398129839913954,3.177574929431111,3.247263859913344,3.5668443855179777
2020,1,2,143,1.3091947417447996,2.246176469944368,0.6224246196898446,1.1199307003814483,3.2191745308024093,3.3020878805090343,4.112097232775485,1.7933179373618353,1.9744343378169484,2.1747464676922323,1.2468131586928872,1.0274152909429544,2.3225699594742357,1.3208229805770004,3.1707454934488277,2.195826167494485,3.8728363149757348,3.382984510228266,1.6921780726369249,3.9469092934176015,3.3903670277383244,1.9910325683924994,1.6341504576089223,3.0398124523436576,1.0856860127500263,1.2578744505457518,0.4707398967890309,3.5398129839913954,3.177574929431111,3.247263859913344,3.5668443855179777
2020,1,2,144,1.3091947417447996,2.246176469944368,0.6224246196898446,1.1199307003814483,3.2191745308024093,3.3020878805090343,4.112097232775485,1.7933179373618353,1.9744343378169484,2.1747464676922323,1.2468131586928872,1.0274152909429544,2.3225699594742357,1.3208229805770004,3.1707454934488277,2.195826167494485,3.8728363149757348,3.382984510228266,1.6921780726369249,3.9469092934176015,3.3903670277383244,1.9910325683924994,1.6341504576089223,3.0398124523436576,1.0856860127500263,1.2578744505457518,0.4707398967890309,3.5398129839913954,3.177574929431111,3.247263859913344,3.5668443855179777
2020,1,2,145,1.375874185333854,2.441223781105971,0.6971169460425295,1.1943027143039653,3.573720289591046,3.6847876178653327,4.853793795953945,1.9662141116216838,2.0920008943645003,2.576488709909796,1.2366226282460724,1.0846467740096224,2.6101584179762702,1.5210920707289786,3.4707632846138115,2.274140636979173,4.247051882260268,3.290261870013778,1.788945814794421,4.168658404341501,4.121439608735608,2.2436527056357853,1.7788935567266415,3.57122976788739,1.0306063377751504,1.3654969644454062,0.5274498877812426,3.7255428803454738,3.4918288546641447,3.632784722911817,3.9615602071590192
2020,1,2,146,1.375874185333854,2.441223781105971,0.6971169460425295,1.1943027143039653,3.573720289591046,3.6847876178653327,4.853793795953945,1.9662141116216838,2.0920008943645003,2.576488709909796,1.2366226282460724,1.0846467740096224,2.6101584179762702,1.5210920707289786,3.4707632846138115,2.274140636979173,4.247051882260268,3.290261870013778,1.788945814794421,4.168658404341501,4.121439608735608,2.2436527056357853,1.7788935567266415,3.57122976788739,1.0306063377751504,1.3654969644454062,0.5274498877812426,3.7255428803454738,3.4918288546641447,3.632784722911817,3.9615602071590192
2020,1,2,147,1.375874185333854,2.441223781105971,0.6971169460425295,1.1943027143039653,3.573720289591046,3.6847876178653327,4.853793795953945,1.9662141116216838,2.0920008943645003,2.576488709909796,1.2366226282460724,1.0846467740096224,2.6101584179762702,1.5210920707289786,3.4707632846138115,2.274140636979173,4.247051882260268,3.290261870013778,1.788945814794421,4.168658404341501,4.121439608735608,2.2436527056357853,1.7788935567266415,3.57122976788739,1.0306063377751504,1.3654969644454062,0.5274498877812426,3.7255428803454738,3.4918288546641447,3.632784722911817,3.9615602071590192
2020,1,2,148,1.375874185333854,2.441223781105971,0.6971169460425295,1.1943027143039653,3.573720289591046,3.6847876178653327,4.853793795953945,1.9662141116216838,2.0920008943645003,2.576488709909796,1.2366226282460724,1.0846467740096224,2.6101584179762702,1.5210920707289786,3.4707632846138115,2.274140636979173,4.247051882260268,3.290261870013778,1.788945814794421,4.168658404341501,4.121439608735608,2.2436527056357853,1.7788935567266415,3.57122976788739,1.0306063377751504,1.3654969644454062,0.5274498877812426,3.7255428803454738,3.4918288546641447,3.632784722911817,3.9615602071590192
2020,1,2,149,1.375874185333854,2.441223781105971,0.6971169460425295,1.1943027143039653,3.573720289591046,3.6847876178653327,4.853793795953945,1.9662141116216838,2.0920008943645003,2.576488709909796,1.2366226282460724,1.0846467740096224,2.6101584179762702,1.5210920707289786,3.4707632846138115,2.274140636979173,4.247051882260268,3.290261870013778,1.788945814794421,4.168658404341501,4.121439608735608,2.2436527056357853,1.7788935567266415,3.57122976788739,1.0306063377751504,1.3654969644454062,0.5274498877812426,3.7255428803454738,3.4918288546641447,3.632784722911817,3.9615602071590192
2020,1,2,150,1.375874185333854,2.441223781105971,0.6971169460425295,1.1943027143039653,3.573720289591046,3.6847876178653327,4.853793795953945,1.9662141116216838,2.0920008943645003,2.576488709909796,1.2366226282460724,1.0846467740096224,2.6101584179762702,1.5210920707289786,3.4707632846138115,2.274140636979173,4.247051882260268,3.290261870013778,1.788945814794421,4.168658404341501,4.121439608735608,2.2436527056357853,1.7788935567266415,3.57122976788739,1.0306063377751504,1.3654969644454062,0.5274498877812426,3.7255428803454738,3.4918288546641447,3.632784722911817,3.9615602071590192
2020,1,2,151,1.375874185333854,2.441223781105971,0.6971169460425295,1.1943027143039653,3.573720289591046,3.6847876178653327,4.853793795953945,1.9662141116216838,2.0920008943645003,2.576488709909796,1.2366226282460724,1.0846467740096224,2.6101584179762702,1.5210920707289786,3.4707632846138115,2.274140636979173,4.247051882260268,3.290261870013778,1.788945814794421,4.168658404341501,4.121439608735608,2.2436527056357853,1.7788935567266415,3.57122976788739,1.0306063377751504,1.3654969644454062,0.5274498877812426,3.7255428803454738,3.4918288546641447,3.632784722911817,3.9615602071590192
2020,1,2,152,1.375874185333854,2.441223781105971,0.6971169460425295,1.1943027143039653,3.573720289591046,3.6847876178653327,4.853793795953945,1.9662141116216838,2.0920008943645003,2.576488709909796,1.2366226282460724,1.0846467740096224,2.6101584179762702,1.5210920707289786,3.4707632846138115,2.274140636979173,4.247051882260268,3.290261870013778,1.788945814794421,4.168658404341501,4.121439608735608,2.2436527056357853,1.7788935567266415,3.57122976788739,1.0306063377751504,1.3654969644454062,0.5274498877812426,3.7255428803454738,3.4918288546641447,3.632784722911817,3.9615602071590192
2020,1,2,153,1.375874185333854,2.441223781105971,0.6971169460425295,1.1943027143039653,3.573720289591046,3.6847876178653327,4.853793795953945,1.9662141116216838,2.0920008943645003,2.576488709909796,1.2366226282460724,1.0846467740096224,2.6101584179762702,1.5210920707289786,3.4707632846138115,2.274140636979173,4.247051882260268,3.290261870013778,1.788945814794421,4.168658404341501,4.121439608735608,2.2436527056357853,1.7788935567266415,3.57122976788739,1.0306063377751504,1.3654969644454062,0.5274498877812426,3.7255428803454738,3.4918288546641447,3.632784722911817,3.9615602071590192
2020,1,2,154,1.375874185333854,2.441223781105971,0.6971169460425295,1.1943027143039653,3.573720289591046,3.6847876178653327,4.853793795953945,1.9662141116216838,2.0920008943645003,2.576488709909796,1.2366226282460724,1.0846467740096224,2.6101584179762702,1.5210920707289786,3.4707632846138115,2.274140636979173,4.247051882260268,3.290261870013778,1.788945814794421,4.168658404341501,4.121439608735608,2.2436527056357853,1.7788935567266415,3.57122976788739,1.0306063377751504,1.3654969644454062,0.5274498877812426,3.7255428803454738,3.4918288546641447,3.632784722911817,3.9615602071590192
2020,1,2,155,1.375874185333854,2.441223781105971,0.6971169460425295,1.1943027143039653,3.573720289591046,3.6847876178653327,4.853793795953945,1.9662141116216838,2.0920008943645003,2.576488709909796,1.2366226282460724,1.0846467740096224,2.6101584179762702,1.5210920707289786,3.4707632846138115,2.274140636979173,4.247051882260268,3.290261870013778,1.788945814794421,4.168658404341501,4.121439608735608,2.2436527056357853,1.7788935567266415,3.57122976788739,1.0306063377751504,1.3654969644454062,0.5274498877812426,3.7255428803454738,3.4918288546641447,3.632784722911817,3.9615602071590192
2020,1,2,156,1.375874185333854,2.441223781105971,0.6971169460425295,1.1943027143039653,3.573720289591046,3.6847876178653327,4.853793795953945,1.9662141116216838,2.0920008943645003,2.576488709909796,1.2366226282460724,1.0846467740096224,2.6101584179762702,1.5210920707289786,3.4707632846138115,2.274140636979173,4.247051882260268,3.290261870013778,1.788945814794421,4.168658404341501,4.121439608735608,2.2436527056357853,1.7788935567266415,3.57122976788739,1.0306063377751504,1.3654969644454062,0.5274498877812426,3.7255428803454738,3.4918288546641447,3.632784722911817,3.9615602071590192
2020,1,2,157,1.375874185333854,2.600244516771654,0.6971169460425295,1.1943027143039653,3.234000897690952,3.851429701585177,4.853793795953945,1.903964081173553,2.103218870224468,2.446468607249386,1.3350095218313238,1.082861507355012,2.640672168016702,1.480185249898082,3.5141629760712965,2.4267277337831943,4.085630037455572,3.47479887341766,1.8267959125187865,4.245169106278405,4.077885460995035,2.203339223270567,1.7143327310392877,3.57122976788739,1.128886176241894,1.2649451667922456,0.5331302138795249,4.024328161342142,3.1162465201983967,3.5292891402584456,4.013280639598856
2020,1,2,158,1.375874185333854,2.600244516771654,0.6971169460425295,1.1943027143039653,3.234000897690952,3.851429701585177,4.853793795953945,1.903964081173553,2.103218870224468,2.446468607249386,1.3350095218313238,1.082861507355012,2.640672168016702,1.480185249898082,3.5141629760712965,2.4267277337831943,4.085630037455572,3.47479887341766,1.8267959125187865,4.245169106278405,4.077885460995035,2.203339223270567,1.7143327310392877,3.57122976788739,1.128886176241894,1.2649451667922456,0.5331302138795249,4.024328161342142,3.1162465201983967,3.5292891402584456,4.013280639598856
2020,1,2,159,1.375874185333854,2.600244516771654,0.6971169460425295,1.1943027143039653,3.234000897690952,3.851429701585177,4.853793795953945,1.903964081173553,2.103218870224468,2.446468607249386,1.3350095218313238,1.082861507355012,2.640672168016702,1.480185249898082,3.5141629760712965,2.4267277337831943,4.085630037455572,3.47479887341766,1.8267959125187865,4.245169106278405,4.077885460995035,2.203339223270567,1.7143327310392877,3.57122976788739,1.128886176241894,1.2649451667922456,0.5331302138795249,4.024328161342142,3.1162465201983967,3.5292891402584456,4.013280639598856
2020,1,2,160,1.375874185333854,2.600244516771654,0.6971169460425295,1.1943027143039653,3.234000897690952,3.851429701585177,4.853793795953945,1.903964081173553,2.103218870224468,2.446468607249386,1.3350095218313238,1.082861507355012,2.640672168016702,1.480185249898082,3.5141629760712965,2.4267277337831943,4.085630037455572,3.47479887341766,1.8267959125187865,4.245169106278405,4.077885460995035,2.203339223270567,1.7143327310392877,3.57122976788739,1.128886176241894,1.2649451667922456,0.5331302138795249,4.024328161342142,3.1162465201983967,3.5292891402584456,4.013280639598856
2020,1,2,161,1.375874185333854,2.600244516771654,0.6971169460425295,1.1943027143039653,3.234000897690952,3.851429701585177,4.853793795953945,1.903964081173553,2.103218870224468,2.446468607249386,1.3350095218313238,1.082861507355012,2.640672168016702,1.480185249898082,3.5141629760712965,2.4267277337831943,4.085630037455572,3.47479887341766,1.8267959125187865,4.245169106278405,4.077885460995035,2.203339223270567,1.7143327310392877,3.57122976788739,1.128886176241894,1.2649451667922456,0.5331302138795249,4.024328161342142,3.1162465201983967,3.5292891402584456,4.013280639598856
2020,1,2,162,1.375874185333854,2.600244516771654,0.6971169460425295,1.1943027143039653,3.234000897690952,3.851429701585177,4.853793795953945,1.903964081173553,2.103218870224468,2.446468607249386,1.3350095218313238,1.082861507355012,2.640672168016702,1.480185249898082,3.5141629760712965,2.4267277337831943,4.085630037455572,3.47479887341766,1.8267959125187865,4.245169106278405,4.077885460995035,2.203339223270567,1.7143327310392877,3.57122976788739,1.128886176241894,1.2649451667922456,0.5331302138795249,4.024328161342142,3.1162465201983967,3.5292891402584456,4.013280639598856
2020,1,2,163,1.375874185333854,2.600244516771654,0.6971169460425295,1.1943027143039653,3.234000897690952,3.851429701585177,4.853793795953945,1.903964081173553,2.103218870224468,2.446468607249386,1.3350095218313238,1.082861507355012,2.640672168016702,1.480185249898082,3.5141629760712965,2.4267277337831943,4.085630037455572,3.47479887341766,1.8267959125187865,4.245169106278405,4.077885460995035,2.203339223270567,1.7143327310392877,3.57122976788739,1.128886176241894,1.2649451667922456,0.5331302138795249,4.024328161342142,3.1162465201983967,3.5292891402584456,4.013280639598856
2020,1,2,164,1.375874185333854,2.600244516771654,0.6971169460425295,1.1943027143039653,3.234000897690952,3.851429701585177,4.853793795953945,1.903964081173553,2.103218870224468,2.446468607249386,1.3350095218313238,1.082861507355012,2.640672168016702,1.480185249898082,3.5141629760712965,2.4267277337831943,4.085630037455572,3.47479887341766,1.8267959125187865,4.245169106278405,4.077885460995035,2.203339223270567,1.7143327310392877,3.57122976788739,1.128886176241894,1.2649451667922456,0.5331302138795249,4.024328161342142,3.1162465201983967,3.5292891402584456,4.013280639598856
2020,1,2,165,1.375874185333854,2.600244516771654,0.6971169460425295,1.1943027143039653,3.234000897690952,3.851429701585177,4.853793795953945,1.903964081173553,2.103218870224468,2.446468607249386,1.3350095218313238,1.082861507355012,2.640672168016702,1.480185249898082,3.5141629760712965,2.4267277337831943,4.085630037455572,3.47479887341766,1.8267959125187865,4.245169106278405,4.077885460995035,2.203339223270567,1.7143327310392877,3.57122976788739,1.128886176241894,1.2649451667922456,0.5331302138795249,4.024328161342142,3.1162465201983967,3.5292891402584456,4.013280639598856
2020,1,2,166,1.375874185333854,2.600244516771654,0.6971169460425295,1.1943027143039653,3.234000897690952,3.851429701585177,4.853793795953945,1.903964081173553,2.103218870224468,2.446468607249386,1.3350095218313238,1.082861507355012,2.640672168016702,1.480185249898082,3.5141629760712965,2.4267277337831943,4.085630037455572,3.47479887341766,1.8267959125187865,4.245169106278405,4.077885460995035,2.203339223270567,1.7143327310392877,3.57122976788739,1.128886176241894,1.2649451667922456,0.5331302138795249,4.024328161342142,3.1162465201983967,3.5292891402584456,4.013280639598856
2020,1,2,167,1.375874185333854,2.600244516771654,0.6971169460425295,1.1943027143039653,3.234000897690952,3.851429701585177,4.853793795953945,1.903964081173553,2.103218870224468,2.446468607249386,1.3350095218313238,1.082861507355012,2.640672168016702,1.480185249898082,3.5141629760712965,2.4267277337831943,4.085630037455572,3.47479887341766,1.8267959125187865,4.245169106278405,4.077885460995035,2.203339223270567,1.7143327310392877,3.57122976788739,1.128886176241894,1.2649451667922456,0.5331302138795249,4.024328161342142,3.1162465201983967,3.5292891402584456,4.013280639598856
2020,1,2,168,1.375874185333854,2.600244516771654,0.6971169460425295,1.1943027143039653,3.234000897690952,3.851429701585177,4.853793795953945,1.903964081173553,2.103218870224468,2.446468607249386,1.3350095218313238,1.082861507355012,2.640672168016702,1.480185249898082,3.5141629760712965,2.4267277337831943,4.085630037455572,3.47479887341766,1.8267959125187865,4.245169106278405,4.077885460995035,2.203339223270567,1.7143327310392877,3.57122976788739,1.128886176241894,1.2649451667922456,0.5331302138795249,4.024328161342142,3.1162465201983967,3.5292891402584456,4.013280639598856
2020,1,2,169,1.2662959944115315,2.391879073238568,0.6201805070178326,1.0835102962706633,3.2942739825175966,3.481876959651655,4.221874244977456,1.85343026479203,1.9253370565572598,2.356111465183064,1.2346140132480365,0.9768813239102755,2.267708759972249,1.3284786681465517,3.2354480940802315,2.2239503463577273,3.63903672550232,3.067719525199605,1.7875331317144003,3.6808062029622155,3.5907469798402416,2.007595630381715,1.4426391401422993,3.387029085679046,1.1188540395411983,1.1686715882751761,0.4707148379028461,3.5577469970264177,3.246156913569355,3.3264463607400714,3.433442564531153
2020,1,2,170,1.2662959944115315,2.391879073238568,0.6201805070178326,1.0835102962706633,3.2942739825175966,3.481876959651655,4.221874244977456,1.85343026479203,1.9253370565572598,2.356111465183064,1.2346140132480365,0.9768813239102755,2.267708759972249,1.3284786681465517,3.2354480940802315,2.2239503463577273,3.63903672550232,3.067719525199605,1.7875331317144003,3.6808062029622155,3.5907469798402416,2.007595630381715,1.4426391401422993,3.387029085679046,1.1188540395411983,1.1686715882751761,0.4707148379028461,3.5577469970264177,3.246156913569355,3.3264463607400714,3.433442564531153
2020,1,2,171,1.2662959944115315,2.391879073238568,0.6201805070178326,1.0835102962706633,3.2942739825175966,3.481876959651655,4.221874244977456,1.85343026479203,1.9253370565572598,2.356111465183064,1.2346140132480365,0.9768813239102755,2.267708759972249,1.3284786681465517,3.2354480940802315,2.2239503463577273,3.63903672550232,3.067719525199605,1.7875331317144003,3.6808062029622155,3.5907469798402416,2.007595630381715,1.4426391401422993,3.387029085679046,1.1188540395411983,1.1686715882751761,0.4707148379028461,3.5577469970264177,3.246156913569355,3.3264463607400714,3.433442564531153
2020,1,2,172,1.2662959944115315,2.391879073238568,0.6201805070178326,1.0835102962706633,3.2942739825175966,3.481876959651655,4.221874244977456,1.85343026479203,1.9253370565572598,2.356111465183064,1.2346140132480365,0.9768813239102755,2.267708759972249,1.3284786681465517,3.2354480940802315,2.2239503463577273,3.63903672550232,3.067719525199605,1.7875331317144003,3.6808062029622155,3.5907469798402416,2.007595630381715,1.4426391401422993,3.387029085679046,1.1188540395411983,1.1686715882751761,0.4707148379028461,3.5577469970264177,3.246156913569355,3.3264463607400714,3.433442564531153
2020,1,2,173,1.2662959944115315,2.391879073238568,0.6201805070178326,1.0835102962706633,3.2942739825175966,3.481876959651655,4.221874244977456,1.85343026479203,1.9253370565572598,2.356111465183064,1.2346140132480365,0.9768813239102755,2.267708759972249,1.3284786681465517,3.2354480940802315,2.2239503463577273,3.63903672550232,3.067719525199605,1.7875331317144003,3.6808062029622155,3.5907469798402416,2.007595630381715,1.4426391401422993,3.387029085679046,1.1188540395411983,1.1686715882751761,0.4707148379028461,3.5577469970264177,3.246156913569355,3.3264463607400714,3.433442564531153
2020,1,2,174,1.2662959944115315,2.391879073238568,0.6201805070178326,1.0835102962706633,3.2942739825175966,3.481876959651655,4.221874244977456,1.85343026479203,1.9253370565572598,2.356111465183064,1.2346140132480365,0.9768813239102755,2.267708759972249,1.3284786681465517,3.2354480940802315,2.2239503463577273,3.63903672550232,3.067719525199605,1.7875331317144003,3.6808062029622155,3.5907469798402416,2.007595630381715,1.4426391401422993,3.387029085679046,1.1188540395411983,1.1686715882751761,0.4707148379028461,3.5577469970264177,3.246156913569355,3.3264463607400714,3.433442564531153
2020,1,2,175,1.2662959944115315,2.391879073238568,0.6201805070178326,1.0835102962706633,3.2942739825175966,3.481876959651655,4.221874244977456,1.85343026479203,1.9253370565572598,2.356111465183064,1.2346140132480365,0.9768813239102755,2.267708759972249,1.3284786681465517,3.2354480940802315,2.2239503463577273,3.63903672550232,3.067719525199605,1.7875331317144003,3.6808062029622155,3.5907469798402416,2.007595630381715,1.4426391401422993,3.387029085679046,1.1188540395411983,1.1686715882751761,0.4707148379028461,3.5577469970264177,3.246156913569355,3.3264463607400714,3.433442564531153
2020,1,2,176,1.2662959944115315,2.391879073238568,0.6201805070178326,1.0835102962706633,3.2942739825175966,3.481876959651655,4.221874244977456,1.85343026479203,1.9253370565572598,2.356111465183064,1.2346140132480365,0.9768813239102755,2.267708759972249,1.3284786681465517,3.2354480940802315,2.2239503463577273,3.63903672550232,3.067719525199605,1.7875331317144003,3.6808062029622155,3.5907469798402416,2.007595630381715,1.4426391401422993,3.387029085679046,1.1188540395411983,1.1686715882751761,0.4707148379028461,3.5577469970264177,3.246156913569355,3.3264463607400714,3.433442564531153
2020,1,2,177,1.2662959944115315,2.391879073238568,0.6201805070178326,1.0835102962706633,3.2942739825175966,3.481876959651655,4.221874244977456,1.85343026479203,1.9253370565572598,2.356111465183064,1.2346140132480365,0.9768813239102755,2.267708759972249,1.3284786681465517,3.2354480940802315,2.2239503463577273,3.63903672550232,3.067719525199605,1.7875331317144003,3.6808062029622155,3.5907469798402416,2.007595630381715,1.4426391401422993,3.387029085679046,1.1188540395411983,1.1686715882751761,0.4707148379028461,3.5577469970264177,3.246156913569355,3.3264463607400714,3.433442564531153
2020,1,2,178,1.2662959944115315,2.391879073238568,0.6201805070178326,1.0835102962706633,3.2942739825175966,3.481876959651655,4.221874244977456,1.85343026479203,1.9253370565572598,2.356111465183064,1.2346140132480365,0.9768813239102755,2.267708759972249,1.3284786681465517,3.2354480940802315,2.2239503463577273,3.63903672550232,3.067719525199605,1.7875331317144003,3.6808062029622155,3.5907469798402416,2.007595630381715,1.4426391401422993,3.387029085679046,1.1188540395411983,1.1686715882751761,0.4707148379028461,3.5577469970264177,3.246156913569355,3.3264463607400714,3.433442564531153
2020,1,2,179,1.2662959944115315,2.391879073238568,0.6201805070178326,1.0835102962706633,3.2942739825175966,3.481876959651655,4.221874244977456,1.85343026479203,1.9253370565572598,2.356111465183064,1.2346140132480365,0.9768813239102755,2.267708759972249,1.3284786681465517,3.2354480940802315,2.2239503463577273,3.63903672550232,3.067719525199605,1.7875331317144003,3.6808062029622155,3.5907469798402416,2.007595630381715,1.4426391401422993,3.387029085679046,1.1188540395411983,1.1686715882751761,0.4707148379028461,3.5577469970264177,3.246156913569355,3.3264463607400714,3.433442564531153
2020,1,2,180,1.2662959944115315,2.391879073238568,0.6201805070178326,1.0835102962706633,3.2942739825175966,3.481876959651655,4.221874244977456,1.85343026479203,1.9253370565572598,2.356111465183064,1.2346140132480365,0.9768813239102755,2.267708759972249,1.3284786681465517,3.2354480940802315,2.2239503463577273,3.63903672550232,3.067719525199605,1.7875331317144003,3.6808062029622155,3.5907469798402416,2.007595630381715,1.4426391401422993,3.387029085679046,1.1188540395411983,1.1686715882751761,0.4707148379028461,3.5577469970264177,3.246156913569355,3.3264463607400714,3.433442564531153
2020,1,2,181,0.9974490744751026,1.8848063945801001,0.5086477307843053,0.882454467336187,2.592475511785594,2.9689559969872588,3.7025041402743373,1.472344161429379,1.5238798703746925,1.9704273134996237,0.9923185473123042,0.8056910579179961,1.8837274853433408,1.0337380399266274,2.494018216976912,1.6801462139329986,3.0271719447896945,2.383085031705773,1.354038668113332,2.8991602262074214,2.9072955452228118,1.6202111196557536,1.253725538954496,2.6839551909738066,0.8273497353053298,0.9743782740716914,0.3855978288442788,2.998344462083671,2.563097917727981,2.6261629791407595,2.9259198659782237
2020,1,2,182,0.9974490744751026,1.8848063945801001,0.5086477307843053,0.882454467336187,2.592475511785594,2.9689559969872588,3.7025041402743373,1.472344161429379,1.5238798703746925,1.9704273134996237,0.9923185473123042,0.8056910579179961,1.8837274853433408,1.0337380399266274,2.494018216976912,1.6801462139329986,3.0271719447896945,2.383085031705773,1.354038668113332,2.8991602262074214,2.9072955452228118,1.6202111196557536,1.253725538954496,2.6839551909738066,0.8273497353053298,0.9743782740716914,0.3855978288442788,2.998344462083671,2.563097917727981,2.6261629791407595,2.9259198659782237
2020,1,2,183,0.9974490744751026,1.8848063945801001,0.5086477307843053,0.882454467336187,2.592475511785594,2.9689559969872588,3.7025041402743373,1.472344161429379,1.5238798703746925,1.9704273134996237,0.9923185473123042,0.8056910579179961,1.8837274853433408,1.0337380399266274,2.494018216976912,1.6801462139329986,3.0271719447896945,2.383085031705773,1.354038668113332,2.8991602262074214,2.9072955452228118,1.6202111196557536,1.253725538954496,2.6839551909738066,0.8273497353053298,0.9743782740716914,0.3855978288442788,2.998344462083671,2.563097917727981,2.6261629791407595,2.9259198659782237
2020,1,2,184,0.9974490744751026,1.8848063945801001,0.5086477307843053,0.882454467336187,2.592475511785594,2.9689559969872588,3.7025041402743373,1.472344161429379,1.5238798703746925,1.9704273134996237,0.9923185473123042,0.8056910579179961,1.8837274853433408,1.0337380399266274,2.494018216976912,1.6801462139329986,3.0271719447896945,2.383085031705773,1.354038668113332,2.8991602262074214,2.9072955452228118,1.6202111196557536,1.253725538954496,2.6839551909738066,0.8273497353053298,0.9743782740716914,0.3855978288442788,2.998344462083671,2.563097917727981,2.6261629791407595,2.9259198659782237
2020,1,2,185,0.9974490744751026,1.8848063945801001,0.5086477307843053,0.882454467336187,2.592475511785594,2.9689559969872588,3.7025041402743373,1.472344161429379,1.5238798703746925,1.9704273134996237,0.9923185473123042,0.8056910579179961,1.8837274853433408,1.0337380399266274,2.494018216976912,1.6801462139329986,3.0271719447896945,2.383085031705773,1.354038668113332,2.8991602262074214,2.9072955452228118,1.6202111196557536,1.253725538954496,2.6839551909738066,0.8273497353053298,0.9743782740716914,0.3855978288442788,2.998344462083671,2.563097917727981,2.6261629791407595,2.9259198659782237
2020,1,2,186,0.9974490744751026,1.8848063945801001,0.5086477307843053,0.882454467336187,2.592475511785594,2.9689559969872588,3.7025041402743373,1.472344161429379,1.5238798703746925,1.9704273134996237,0.9923185473123042,0.8056910579179961,1.8837274853433408,1.0337380399266274,2.494018216976912,1.6801462139329986,3.0271719447896945,2.383085031705773,1.354038668113332,2.8991602262074214,2.9072955452228118,1.6202111196557536,1.253725538954496,2.6839551909738066,0.8273497353053298,0.9743782740716914,0.3855978288442788,2.998344462083671,2.563097917727981,2.6261629791407595,2.9259198659782237
2020,1,2,187,0.9974490744751026,1.8848063945801001,0.5086477307843053,0.882454467336187,2.592475511785594,2.9689559969872588,3.7025041402743373,1.472344161429379,1.5238798703746925,1.9704273134996237,0.9923185473123042,0.8056910579179961,1.8837274853433408,1.0337380399266274,2.494018216976912,1.6801462139329986,3.0271719447896945,2.383085031705773,1.354038668113332,2.8991602262074214,2.9072955452228118,1.6202111196557536,1.253725538954496,2.6839551909738066,0.8273497353053298,0.9743782740716914,0.3855978288442788,2.998344462083671,2.563097917727981,2.6261629791407595,2.9259198659782237
2020,1,2,188,0.9974490744751026,1.8848063945801001,0.5086477307843053,0.882454467336187,2.592475511785594,2.9689559969872588,3.7025041402743373,1.472344161429379,1.5238798703746925,1.9704273134996237,0.9923185473123042,0.8056910579179961,1.8837274853433408,1.0337380399266274,2.494018216976912,1.6801462139329986,3.0271719447896945,2.383085031705773,1.354038668113332,2.8991602262074214,2.9072955452228118,1.6202111196557536,1.253725538954496,2.6839551909738066,0.8273497353053298,0.9743782740716914,0.3855978288442788,2.998344462083671,2.563097917727981,2.6261629791407595,2.9259198659782237
2020,1,2,189,0.9974490744751026,1.8848063945801001,0.5086477307843053,0.882454467336187,2.592475511785594,2.9689559969872588,3.7025041402743373,1.472344161429379,1.5238798703746925,1.9704273134996237,0.9923185473123042,0.8056910579179961,1.8837274853433408,1.0337380399266274,2.494018216976912,1.6801462139329986,3.0271719447896945,2.383085031705773,1.354038668113332,2.8991602262074214,2.9072955452228118,1.6202111196557536,1.253725538954496,2.6839551909738066,0.8273497353053298,0.9743782740716914,0.3855978288442788,2.998344462083671,2.563097917727981,2.6261629791407595,2.9259198659782237
2020,1,2,190,0.9974490744751026,1.8848063945801001,0.5086477307843053,0.882454467336187,2.592475511785594,2.9689559969872588,3.7025041402743373,1.472344161429379,1.5238798703746925,1.9704273134996237,0.9923185473123042,0.8056910579179961,1.8837274853433408,1.0337380399266274,2.494018216976912,1.6801462139329986,3.0271719447896945,2.383085031705773,1.354038668113332,2.8991602262074214,2.9072955452228118,1.6202111196557536,1.253725538954496,2.6839551909738066,0.8273497353053298,0.9743782740716914,0.3855978288442788,2.998344462083671,2.563097917727981,2.6261629791407595,2.9259198659782237
2020,1,2,191,0.9974490744751026,1.8848063945801001,0.5086477307843053,0.882454467336187,2.592475511785594,2.9689559969872588,3.7025041402743373,1.472344161429379,1.5238798703746925,1.9704273134996237,0.9923185473123042,0.8056910579179961,1.8837274853433408,1.0337380399266274,2.494018216976912,1.6801462139329986,3.0271719447896945,2.383085031705773,1.354038668113332,2.8991602262074214,2.9072955452228118,1.6202111196557536,1.253725538954496,2.6839551909738066,0.8273497353053298,0.9743782740716914,0.3855978288442788,2.998344462083671,2.563097917727981,2.6261629791407595,2.9259198659782237
2020,1,2,192,0.9974490744751026,1.8848063945801001,0.5086477307843053,0.882454467336187,2.592475511785594,2.9689559969872588,3.7025041402743373,1.472344161429379,1.5238798703746925,1.9704273134996237,0.9923185473123042,0.8056910579179961,1.8837274853433408,1.0337380399266274,2.494018216976912,1.6801462139329986,3.0271719447896945,2.383085031705773,1.354038668113332,2.8991602262074214,2.9072955452228118,1.6202111196557536,1.253725538954496,2.6839551909738066,0.8273497353053298,0.9743782740716914,0.3855978288442788,2.998344462083671,2.563097917727981,2.6261629791407595,2.9259198659782237
2020,1,2,193,0.7450102442239617,1.4813076552312925,0.3649306327848787,0.5616164180708602,1.6403750943385271,1.9487089636254162,2.442086762593829,1.0544051203244653,1.174362384563882,1.3529396448565856,0.7356447539365762,0.5334167534830436,1.2531455636852256,0.7813187040564801,1.742351271350326,1.308171659271721,2.166754048765321,1.9570025026375943,0.9675961289995472,2.198235642791583,2.075586224767755,1.231832521485001,0.8991432015365943,1.8257422662733023,0.6037080221308634,0.7206850207255125,0.27339549947954295,2.1687970833770143,1.7044924474517218,1.8183404651836326,2.091403125620989
2020,1,2,194,0.7450102442239617,1.4813076552312925,0.3649306327848787,0.5616164180708602,1.6403750943385271,1.9487089636254162,2.442086762593829,1.0544051203244653,1.174362384563882,1.3529396448565856,0.7356447539365762,0.5334167534830436,1.2531455636852256,0.7813187040564801,1.742351271350326,1.308171659271721,2.166754048765321,1.9570025026375943,0.9675961289995472,2.198235642791583,2.075586224767755,1.231832521485001,0.8991432015365943,1.8257422662733023,0.6037080221308634,0.7206850207255125,0.27339549947954295,2.1687970833770143,1.7044924474517218,1.8183404651836326,2.091403125620989
2020,1,2,195,0.7450102442239617,1.4813076552312925,0.3649306327848787,0.5616164180708602,1.6403750943385271,1.9487089636254162,2.442086762593829,1.0544051203244653,1.174362384563882,1.3529396448565856,0.7356447539365762,0.5334167534830436,1.2531455636852256,0.7813187040564801,1.742351271350326,1.308171659271721,2.166754048765321,1.9570025026375943,0.9675961289995472,2.198235642791583,2.075586224767755,1.231832521485001,0.8991432015365943,1.8257422662733023,0.6037080221308634,0.7206850207255125,0.27339549947954295,2.1687970833770143,1.7044924474517218,1.8183404651836326,2.091403125620989
2020,1,2,196,0.7450102442239617,1.4813076552312925,0.3649306327848787,0.5616164180708602,1.6403750943385271,1.9487089636254162,2.442086762593829,1.0544051203244653,1.174362384563882,1.3529396448565856,0.7356447539365762,0.5334167534830436,1.2531455636852256,0.7813187040564801,1.742351271350326,1.308171659271721,2.166754048765321,1.9570025026375943,0.9675961289995472,2.198235642791583,2.075586224767755,1.231832521485001,0.8991432015365943,1.8257422662733023,0.6037080221308634,0.7206850207255125,0.27339549947954295,2.1687970833770143,1.7044924474517218,1.8183404651836326,2.091403125620989
2020,1,2,197,0.7450102442239617,1.4813076552312925,0.3649306327848787,0.5616164180708602,1.6403750943385271,1.9487089636254162,2.442086762593829,1.0544051203244653,1.174362384563882,1.3529396448565856,0.7356447539365762,0.5334167534830436,1.2531455636852256,0.7813187040564801,1.742351271350326,1.308171659271721,2.166754048765321,1.9570025026375943,0.9675961289995472,2.198235642791583,2.075586224767755,1.231832521485001,0.8991432015365943,1.8257422662733023,0.6037080221308634,0.7206850207255125,0.27339549947954295,2.1687970833770143,1.7044924474517218,1.8183404651836326,2.091403125620989
2020,1,2,198,0.7450102442239617,1.4813076552312925,0.3649306327848787,0.5616164180708602,1.6403750943385271,1.9487089636254162,2.442086762593829,1.0544051203244653,1.174362384563882,1.3529396448565856,0.7356447539365762,0.5334167534830436,1.2531455636852256,0.7813187040564801,1.742351271350326,1.308171659271721,2.166754048765321,1.9570025026375943,0.9675961289995472,2.198235642791583,2.075586224767755,1.231832521485001,0.8991432015365943,1.8257422662733023,0.6037080221308634,0.7206850207255125,0.27339549947954295,2.1687970833770143,1.7044924474517218,1.8183404651836326,2.091403125620989
2020,1,2,199,0.7450102442239617,1.4813076552312925,0.3649306327848787,0.5616164180708602,1.6403750943385271,1.9487089636254162,2.442086762593829,1.0544051203244653,1.174362384563882,1.3529396448565856,0.7356447539365762,0.5334167534830436,1.2531455636852256,0.7813187040564801,1.742351271350326,1.308171659271721,2.166754048765321,1.9570025026375943,0.9675961289995472,2.198235642791583,2.075586224767755,1.231832521485001,0.8991432015365943,1.8257422662733023,0.6037080221308634,0.7206850207255125,0.27339549947954295,2.1687970833770143,1.7044924474517218,1.8183404651836326,2.091403125620989
2020,1,2,200,0.7450102442239617,1.4813076552312925,0.3649306327848787,0.5616164180708602,1.6403750943385271,1.9487089636254162,2.442086762593829,1.0544051203244653,1.174362384563882,1.3529396448565856,0.7356447539365762,0.5334167534830436,1.2531455636852256,0.7813187040564801,1.742351271350326,1.308171659271721,2.166754048765321,1.9570025026375943,0.9675961289995472,2.198235642791583,2.075586224767755,1.231832521485001,0.8991432015365943,1.8257422662733023,0.6037080221308634,0.7206850207255125,0.27339549947954295,2.1687970833770143,1.7044924474517218,1.8183404651836326,2.091403125620989
2020,1,2,201,0.7450102442239617,1.4813076552312925,0.3649306327848787,0.5616164180708602,1.6403750943385271,1.9487089636254162,2.442086762593829,1.0544051203244653,1.174362384563882,1.3529396448565856,0.7356447539365762,0.5334167534830436,1.2531455636852256,0.7813187040564801,1.742351271350326,1.308171659271721,2.166754048765321,1.9570025026375943,0.9675961289995472,2.198235642791583,2.075586224767755,1.231832521485001,0.8991432015365943,1.8257422662733023,0.6037080221308634,0.7206850207255125,0.27339549947954295,2.1687970833770143,1.7044924474517218,1.8183404651836326,2.091403125620989
2020,1,2,202,0.7450102442239617,1.4813076552312925,0.3649306327848787,0.5616164180708602,1.6403750943385271,1.9487089636254162,2.442086762593829,1.0544051203244653,1.174362384563882,1.3529396448565856,0.7356447539365762,0.5334167534830436,1.2531455636852256,0.7813187040564801,1.742351271350326,1.308171659271721,2.166754048765321,1.9570025026375943,0.9675961289995472,2.198235642791583,2.075586224767755,1.231832521485001,0.8991432015365943,1.8257422662733023,0.6037080221308634,0.7206850207255125,0.27339549947954295,2.1687970833770143,1.7044924474517218,1.8183404651836326,2.091403125620989
2020,1,2,203,0.7450102442239617,1.4813076552312925,0.3649306327848787,0.5616164180708602,1.6403750943385271,1.9487089636254162,2.442086762593829,1.0544051203244653,1.174362384563882,1.3529396448565856,0.7356447539365762,0.5334167534830436,1.2531455636852256,0.7813187040564801,1.742351271350326,1.308171659271721,2.166754048765321,1.9570025026375943,0.9675961289995472,2.198235642791583,2.075586224767755,1.231832521485001,0.8991432015365943,1.8257422662733023,0.6037080221308634,0.7206850207255125,0.27339549947954295,2.1687970833770143,1.7044924474517218,1.8183404651836326,2.091403125620989
2020,1,2,204,0.7450102442239617,1.4813076552312925,0.3649306327848787,0.5616164180708602,1.6403750943385271,1.9487089636254162,2.442086762593829,1.0544051203244653,1.174362384563882,1.3529396448565856,0.7356447539365762,0.5334167534830436,1.2531455636852256,0.7813187040564801,1.742351271350326,1.308171659271721,2.166754048765321,1.9570025026375943,0.9675961289995472,2.198235642791583,2.075586224767755,1.231832521485001,0.8991432015365943,1.8257422662733023,0.6037080221308634,0.7206850207255125,0.27339549947954295,2.1687970833770143,1.7044924474517218,1.8183404651836326,2.091403125620989
2020,1,2,205,0.5092264694595152,0.8831596913019375,0.21978383918986996,0.4142210708192161,1.1695785657496975,1.2483924697222752,1.446543826652496,0.6422470623051485,0.7074362768588591,0.855161814158029,0.46222728941861174,0.3590236742279759,0.8832306666258369,0.5074969193782095,1.2335658104159934,0.8481212810482117,1.4281112879196554,1.3262748378210192,0.6605807718453774,1.3348191622814334,1.276010263705435,0.7868202776534228,0.6246083034243077,1.1659028851658386,0.3709153350938595,0.48395757006391915,0.16397607581491586,1.381208191223757,1.1656118376417146,1.2182330808702744,1.2650700073340049
2020,1,2,206,0.5092264694595152,0.8831596913019375,0.21978383918986996,0.4142210708192161,1.1695785657496975,1.2483924697222752,1.446543826652496,0.6422470623051485,0.7074362768588591,0.855161814158029,0.46222728941861174,0.3590236742279759,0.8832306666258369,0.5074969193782095,1.2335658104159934,0.8481212810482117,1.4281112879196554,1.3262748378210192,0.6605807718453774,1.3348191622814334,1.276010263705435,0.7868202776534228,0.6246083034243077,1.1659028851658386,0.3709153350938595,0.48395757006391915,0.16397607581491586,1.381208191223757,1.1656118376417146,1.2182330808702744,1.2650700073340049
2020,1,2,207,0.5092264694595152,0.8831596913019375,0.21978383918986996,0.4142210708192161,1.1695785657496975,1.2483924697222752,1.446543826652496,0.6422470623051485,0.7074362768588591,0.855161814158029,0.46222728941861174,0.3590236742279759,0.8832306666258369,0.5074969193782095,1.2335658104159934,0.8481212810482117,1.4281112879196554,1.3262748378210192,0.6605807718453774,1.3348191622814334,1.276010263705435,0.7868202776534228,0.6246083034243077,1.1659028851658386,0.3709153350938595,0.48395757006391915,0.16397607581491586,1.381208191223757,1.1656118376417146,1.2182330808702744,1.2650700073340049
2020,1,2,208,0.5092264694595152,0.8831596913019375,0.21978383918986996,0.4142210708192161,1.1695785657496975,1.2483924697222752,1.446543826652496,0.6422470623051485,0.7074362768588591,0.855161814158029,0.46222728941861174,0.3590236742279759,0.8832306666258369,0.5074969193782095,1.2335658104159934,0.8481212810482117,1.4281112879196554,1.3262748378210192,0.6605807718453774,1.3348191622814334,1.276010263705435,0.7868202776534228,0.6246083034243077,1.1659028851658386,0.3709153350938595,0.48395757006391915,0.16397607581491586,1.381208191223757,1.1656118376417146,1.2182330808702744,1.2650700073340049
2020,1,2,209,0.5092264694595152,0.8831596913019375,0.21978383918986996,0.4142210708192161,1.1695785657496975,1.2483924697222752,1.446543826652496,0.6422470623051485,0.7074362768588591,0.855161814158029,0.46222728941861174,0.3590236742279759,0.8832306666258369,0.5074969193782095,1.2335658104159934,0.8481212810482117,1.4281112879196554,1.3262748378210192,0.6605807718453774,1.3348191622814334,1.276010263705435,0.7868202776534228,0.6246083034243077,1.1659028851658386,0.3709153350938595,0.48395757006391915,0.16397607581491586,1.381208191223757,1.1656118376417146,1.2182330808702744,1.2650700073340049
2020,1,2,210,0.5092264694595152,0.8831596913019375,0.21978383918986996,0.4142210708192161,1.1695785657496975,1.2483924697222752,1.446543826652496,0.6422470623051485,0.7074362768588591,0.855161814158029,0.46222728941861174,0.3590236742279759,0.8832306666258369,0.5074969193782095,1.2335658104159934,0.8481212810482117,1.4281112879196554,1.3262748378210192,0.6605807718453774,1.3348191622814334,1.276010263705435,0.7868202776534228,0.6246083034243077,1.1659028851658386,0.3709153350938595,0.48395757006391915,0.16397607581491586,1.381208191223757,1.1656118376417146,1.2182330808702744,1.2650700073340049
2020,1,2,211,0.5092264694595152,0.8831596913019375,0.21978383918986996,0.4142210708192161,1.1695785657496975,1.2483924697222752,1.446543826652496,0.6422470623051485,0.7074362768588591,0.855161814158029,0.46222728941861174,0.3590236742279759,0.8832306666258369,0.5074969193782095,1.2335658104159934,0.8481212810482117,1.4281112879196554,1.3262748378210192,0.6605807718453774,1.3348191622814334,1.276010263705435,0.7868202776534228,0.6246083034243077,1.1659028851658386,0.3709153350938595,0.48395757006391915,0.16397607581491586,1.381208191223757,1.1656118376417146,1.2182330808702744,1.2650700073340049
2020,1,2,212,0.5092264694595152,0.8831596913019375,0.21978383918986996,0.4142210708192161,1.1695785657496975,1.2483924697222752,1.446543826652496,0.6422470623051485,0.7074362768588591,0.855161814158029,0.46222728941861174,0.3590236742279759,0.8832306666258369,0.5074969193782095,1.2335658104159934,0.8481212810482117,1.4281112879196554,1.3262748378210192,0.6605807718453774,1.3348191622814334,1.276010263705435,0.7868202776534228,0.6246083034243077,1.1659028851658386,0.3709153350938595,0.48395757006391915,0.16397607581491586,1.381208191223757,1.1656118376417146,1.2182330808702744,1.2650700073340049
2020,1,2,213,0.5092264694595152,0.8831596913019375,0.21978383918986996,0.4142210708192161,1.1695785657496975,1.2483924697222752,1.446543826652496,0.6422470623051485,0.7074362768588591,0.855161814158029,0.46222728941861174,0.3590236742279759,0.8832306666258369,0.5074969193782095,1.2335658104159934,0.8481212810482117,1.4281112879196554,1.3262748378210192,0.6605807718453774,1.3348191622814334,1.276010263705435,0.7868202776534228,0.6246083034243077,1.1659028851658386,0.3709153350938595,0.48395757006391915,0.16397607581491586,1.381208191223757,1.1656118376417146,1.2182330808702744,1.2650700073340049
2020,1,2,214,0.5092264694595152,0.8831596913019375,0.21978383918986996,0.4142210708192161,1.1695785657496975,1.2483924697222752,1.446543826652496,0.6422470623051485,0.7074362768588591,0.855161814158029,0.46222728941861174,0.3590236742279759,0.8832306666258369,0.5074969193782095,1.2335658104159934,0.8481212810482117,1.4281112879196554,1.3262748378210192,0.6605807718453774,1.3348191622814334,1.276010263705435,0.7868202776534228,0.6246083034243077,1.1659028851658386,0.3709153350938595,0.48395757006391915,0.16397607581491586,1.381208191223757,1.1656118376417146,1.2182330808702744,1.2650700073340049
2020,1,2,215,0.5092264694595152,0.8831596913019375,0.21978383918986996,0.4142210708192161,1.1695785657496975,1.2483924697222752,1.446543826652496,0.6422470623051485,0.7074362768588591,0.855161814158029,0.46222728941861174,0.3590236742279759,0.8832306666258369,0.5074969193782095,1.2335658104159934,0.8481212810482117,1.4281112879196554,1.3262748378210192,0.6605807718453774,1.3348191622814334,1.276010263705435,0.7868202776534228,0.6246083034243077,1.1659028851658386,0.3709153350938595,0.48395757006391915,0.16397607581491586,1.381208191223757,1.1656118376417146,1.2182330808702744,1.2650700073340049
2020,1,2,216,0.5092264694595152,0.8831596913019375,0.21978383918986996,0.4142210708192161,1.1695785657496975,1.2483924697222752,1.446543826652496,0.6422470623051485,0.7074362768588591,0.855161814158029,0.46222728941861174,0.3590236742279759,0.8832306666258369,0.5074969193782095,1.2335658104159934,0.8481212810482117,1.4281112879196554,1.3262748378210192,0.6605807718453774,1.3348191622814334,1.276010263705435,0.7868202776534228,0.6246083034243077,1.1659028851658386,0.3709153350938595,0.48395757006391915,0.16397607581491586,1.381208191223757,1.1656118376417146,1.2182330808702744,1.2650700073340049
2020,1,2,217,0.2563634722588492,0.47528509955711035,0.1310492345082205,0.21625375481838174,0.6477007596208733,0.7798035371059222,0.906492890571309,0.3632495967172416,0.4330553761332307,0.5263126316040133,0.2546998899732839,0.2268122366212741,0.5044819783896595,0.2745725045388452,0.6706092570906743,0.45367352472056394,0.8463497124580972,0.6807364491969856,0.3434682000618338,0.833904493201218,0.7848595923442828,0.4482066928190935,0.32621049843366395,0.7346525158607882,0.21098485863433974,0.2690313791796244,0.10261537873633697,0.800992725474761,0.680887740748189,0.6926398463672082,0.8181970862036252
2020,1,2,218,0.2563634722588492,0.47528509955711035,0.1310492345082205,0.21625375481838174,0.6477007596208733,0.7798035371059222,0.906492890571309,0.3632495967172416,0.4330553761332307,0.5263126316040133,0.2546998899732839,0.2268122366212741,0.5044819783896595,0.2745725045388452,0.6706092570906743,0.45367352472056394,0.8463497124580972,0.6807364491969856,0.3434682000618338,0.833904493201218,0.7848595923442828,0.4482066928190935,0.32621049843366395,0.7346525158607882,0.21098485863433974,0.2690313791796244,0.10261537873633697,0.800992725474761,0.680887740748189,0.6926398463672082,0.8181970862036252
2020,1,2,219,0.2563634722588492,0.47528509955711035,0.1310492345082205,0.21625375481838174,0.6477007596208733,0.7798035371059222,0.906492890571309,0.3632495967172416,0.4330553761332307,0.5263126316040133,0.2546998899732839,0.2268122366212741,0.5044819783896595,0.2745725045388452,0.6706092570906743,0.45367352472056394,0.8463497124580972,0.6807364491969856,0.3434682000618338,0.833904493201218,0.7848595923442828,0.4482066928190935,0.32621049843366395,0.7346525158607882,0.21098485863433974,0.2690313791796244,0.10261537873633697,0.800992725474761,0.680887740748189,0.6926398463672082,0.8181970862036252
2020,1,2,220,0.2563634722588492,0.47528509955711035,0.1310492345082205,0.21625375481838174,0.6477007596208733,0.7798035371059222,0.906492890571309,0.3632495967172416,0.4330553761332307,0.5263126316040133,0.2546998899732839,0.2268122366212741,0.5044819783896595,0.2745725045388452,0.6706092570906743,0.45367352472056394,0.8463497124580972,0.6807364491969856,0.3434682000618338,0.833904493201218,0.7848595923442828,0.4482066928190935,0.32621049843366395,0.7346525158607882,0.21098485863433974,0.2690313791796244,0.10261537873633697,0.800992725474761,0.680887740748189,0.6926398463672082,0.8181970862036252
2020,1,2,221,0.2563634722588492,0.47528509955711035,0.1310492345082205,0.21625375481838174,0.6477007596208733,0.7798035371059222,0.906492890571309,0.3632495967172416,0.4330553761332307,0.5263126316040133,0.2546998899732839,0.2268122366212741,0.5044819783896595,0.2745725045388452,0.6706092570906743,0.45367352472056394,0.8463497124580972,0.6807364491969856,0.3434682000618338,0.833904493201218,0.7848595923442828,0.4482066928190935,0.32621049843366395,0.7346525158607882,0.21098485863433974,0.2690313791796244,0.10261537873633697,0.800992725474761,0.680887740748189,0.6926398463672082,0.8181970862036252
2020,1,2,222,0.2563634722588492,0.47528509955711035,0.1310492345082205,0.21625375481838174,0.6477007596208733,0.7798035371059222,0.906492890571309,0.3632495967172416,0.4330553761332307,0.5263126316040133,0.2546998899732839,0.2268122366212741,0.5044819783896595,0.2745725045388452,0.6706092570906743,0.45367352472056394,0.8463497124580972,0.6807364491969856,0.3434682000618338,0.833904493201218,0.7848595923442828,0.4482066928190935,0.32621049843366395,0.7346525158607882,0.21098485863433974,0.2690313791796244,0.10261537873633697,0.800992725474761,0.680887740748189,0.6926398463672082,0.8181970862036252
2020,1,2,223,0.2563634722588492,0.47528509955711035,0.1310492345082205,0.21625375481838174,0.6477007596208733,0.7798035371059222,0.906492890571309,0.3632495967172416,0.4330553761332307,0.5263126316040133,0.2546998899732839,0.2268122366212741,0.5044819783896595,0.2745725045388452,0.6706092570906743,0.45367352472056394,0.8463497124580972,0.6807364491969856,0.3434682000618338,0.833904493201218,0.7848595923442828,0.4482066928190935,0.32621049843366395,0.7346525158607882,0.21098485863433974,0.2690313791796244,0.10261537873633697,0.800992725474761,0.680887740748189,0.6926398463672082,0.8181970862036252
2020,1,2,224,0.2563634722588492,0.47528509955711035,0.1310492345082205,0.21625375481838174,0.6477007596208733,0.7798035371059222,0.906492890571309,0.3632495967172416,0.4330553761332307,0.5263126316040133,0.2546998899732839,0.2268122366212741,0.5044819783896595,0.2745725045388452,0.6706092570906743,0.45367352472056394,0.8463497124580972,0.6807364491969856,0.3434682000618338,0.833904493201218,0.7848595923442828,0.4482066928190935,0.32621049843366395,0.7346525158607882,0.21098485863433974,0.2690313791796244,0.10261537873633697,0.800992725474761,0.680887740748189,0.6926398463672082,0.8181970862036252
2020,1,2,225,0.2563634722588492,0.47528509955711035,0.1310492345082205,0.21625375481838174,0.6477007596208733,0.7798035371059222,0.906492890571309,0.3632495967172416,0.4330553761332307,0.5263126316040133,0.2546998899732839,0.2268122366212741,0.5044819783896595,0.2745725045388452,0.6706092570906743,0.45367352472056394,0.8463497124580972,0.6807364491969856,0.3434682000618338,0.833904493201218,0.7848595923442828,0.4482066928190935,0.32621049843366395,0.7346525158607882,0.21098485863433974,0.2690313791796244,0.10261537873633697,0.800992725474761,0.680887740748189,0.6926398463672082,0.8181970862036252
2020,1,2,226,0.2563634722588492,0.47528509955711035,0.1310492345082205,0.21625375481838174,0.6477007596208733,0.7798035371059222,0.906492890571309,0.3632495967172416,0.4330553761332307,0.5263126316040133,0.2546998899732839,0.2268122366212741,0.5044819783896595,0.2745725045388452,0.6706092570906743,0.45367352472056394,0.8463497124580972,0.6807364491969856,0.3434682000618338,0.833904493201218,0.7848595923442828,0.4482066928190935,0.32621049843366395,0.7346525158607882,0.21098485863433974,0.2690313791796244,0.10261537873633697,0.800992725474761,0.680887740748189,0.6926398463672082,0.8181970862036252
2020,1,2,227,0.2563634722588492,0.47528509955711035,0.1310492345082205,0.21625375481838174,0.6477007596208733,0.7798035371059222,0.906492890571309,0.3632495967172416,0.4330553761332307,0.5263126316040133,0.2546998899732839,0.2268122366212741,0.5044819783896595,0.2745725045388452,0.6706092570906743,0.45367352472056394,0.8463497124580972,0.6807364491969856,0.3434682000618338,0.833904493201218,0.7848595923442828,0.4482066928190935,0.32621049843366395,0.7346525158607882,0.21098485863433974,0.2690313791796244,0.10261537873633697,0.800992725474761,0.680887740748189,0.6926398463672082,0.8181970862036252
2020,1,2,228,0.2563634722588492,0.47528509955711035,0.1310492345082205,0.21625375481838174,0.6477007596208733,0.7798035371059222,0.906492890571309,0.3632495967172416,0.4330553761332307,0.5263126316040133,0.2546998899732839,0.2268122366212741,0.5044819783896595,0.2745725045388452,0.6706092570906743,0.45367352472056394,0.8463497124580972,0.6807364491969856,0.3434682000618338,0.833904493201218,0.7848595923442828,0.4482066928190935,0.32621049843366395,0.7346525158607882,0.21098485863433974,0.2690313791796244,0.10261537873633697,0.800992725474761,0.680887740748189,0.6926398463672082,0.8181970862036252
2020,1,2,229,0.13872423400089715,0.2586967119670633,0.07010856513573102,0.11324565148826189,0.33869571459743014,0.3918867208197605,0.4819847354698098,0.18237529005815561,0.2123095774682949,0.2575751289127178,0.13559302290319192,0.10255075270743359,0.2662568724130187,0.1547952847710434,0.341193037215409,0.24793033457273903,0.418926763438986,0.36918464550171365,0.16414219184504322,0.4238523954944539,0.3877294793859673,0.21073076740775423,0.1782508355087118,0.34127785189457954,0.10612670541472269,0.14215073261127756,0.053549639679584225,0.4272201648895329,0.3584392855458013,0.37272660358810084,0.38342426434058235
2020,1,2,230,0.13872423400089715,0.2586967119670633,0.07010856513573102,0.11324565148826189,0.33869571459743014,0.3918867208197605,0.4819847354698098,0.18237529005815561,0.2123095774682949,0.2575751289127178,0.13559302290319192,0.10255075270743359,0.2662568724130187,0.1547952847710434,0.341193037215409,0.24793033457273903,0.418926763438986,0.36918464550171365,0.16414219184504322,0.4238523954944539,0.3877294793859673,0.21073076740775423,0.1782508355087118,0.34127785189457954,0.10612670541472269,0.14215073261127756,0.053549639679584225,0.4272201648895329,0.3584392855458013,0.37272660358810084,0.38342426434058235
2020,1,2,231,0.13872423400089715,0.2586967119670633,0.07010856513573102,0.11324565148826189,0.33869571459743014,0.3918867208197605,0.4819847354698098,0.18237529005815561,0.2123095774682949,0.2575751289127178,0.13559302290319192,0.10255075270743359,0.2662568724130187,0.1547952847710434,0.341193037215409,0.24793033457273903,0.418926763438986,0.36918464550171365,0.16414219184504322,0.4238523954944539,0.3877294793859673,0.21073076740775423,0.1782508355087118,0.34127785189457954,0.10612670541472269,0.14215073261127756,0.053549639679584225,0.4272201648895329,0.3584392855458013,0.37272660358810084,0.38342426434058235
2020,1,2,232,0.13872423400089715,0.2586967119670633,0.07010856513573102,0.11324565148826189,0.33869571459743014,0.3918867208197605,0.4819847354698098,0.18237529005815561,0.2123095774682949,0.2575751289127178,0.13559302290319192,0.10255075270743359,0.2662568724130187,0.1547952847710434,0.341193037215409,0.24793033457273903,0.418926763438986,0.36918464550171365,0.16414219184504322,0.4238523954944539,0.3877294793859673,0.21073076740775423,0.1782508355087118,0.34127785189457954,0.10612670541472269,0.14215073261127756,0.053549639679584225,0.4272201648895329,0.3584392855458013,0.37272660358810084,0.38342426434058235
2020,1,2,233,0.13872423400089715,0.2586967119670633,0.07010856513573102,0.11324565148826189,0.33869571459743014,0.3918867208197605,0.4819847354698098,0.18237529005815561,0.2123095774682949,0.2575751289127178,0.13559302290319192,0.10255075270743359,0.2662568724130187,0.1547952847710434,0.341193037215409,0.24793033457273903,0.418926763438986,0.36918464550171365,0.16414219184504322,0.4238523954944539,0.3877294793859673,0.21073076740775423,0.1782508355087118,0.34127785189457954,0.10612670541472269,0.14215073261127756,0.053549639679584225,0.4272201648895329,0.3584392855458013,0.37272660358810084,0.38342426434058235
2020,1,2,234,0.13872423400089715,0.2586967119670633,0.07010856513573102,0.11324565148826189,0.33869571459743014,0.3918867208197605,0.4819847354698098,0.18237529005815561,0.2123095774682949,0.2575751289127178,0.13559302290319192,0.10255075270743359,0.2662568724130187,0.1547952847710434,0.341193037215409,0.24793033457273903,0.418926763438986,0.36918464550171365,0.16414219184504322,0.4238523954944539,0.3877294793859673,0.21073076740775423,0.1782508355087118,0.34127785189457954,0.10612670541472269,0.14215073261127756,0.053549639679584225,0.4272201648895329,0.3584392855458013,0.37272660358810084,0.38342426434058235
2020,1,2,235,0.13872423400089715,0.2586967119670633,0.07010856513573102,0.11324565148826189,0.33869571459743014,0.3918867208197605,0.4819847354698098,0.18237529005815561,0.2123095774682949,0.2575751289127178,0.13559302290319192,0.10255075270743359,0.2662568724130187,0.1547952847710434,0.341193037215409,0.24793033457273903,0.418926763438986,0.36918464550171365,0.16414219184504322,0.4238523954944539,0.3877294793859673,0.21073076740775423,0.1782508355087118,0.34127785189457954,0.10612670541472269,0.14215073261127756,0.053549639679584225,0.4272201648895329,0.3584392855458013,0.37272660358810084,0.38342426434058235
2020,1,2,236,0.13872423400089715,0.2586967119670633,0.07010856513573102,0.11324565148826189,0.33869571459743014,0.3918867208197605,0.4819847354698098,0.18237529005815561,0.2123095774682949,0.2575751289127178,0.13559302290319192,0.10255075270743359,0.2662568724130187,0.1547952847710434,0.341193037215409,0.24793033457273903,0.418926763438986,0.36918464550171365,0.16414219184504322,0.4238523954944539,0.3877294793859673,0.21073076740775423,0.1782508355087118,0.34127785189457954,0.10612670541472269,0.14215073261127756,0.053549639679584225,0.4272201648895329,0.3584392855458013,0.37272660358810084,0.38342426434058235
2020,1,2,237,0.13872423400089715,0.2586967119670633,0.07010856513573102,0.11324565148826189,0.33869571459743014,0.3918867208197605,0.4819847354698098,0.18237529005815561,0.2123095774682949,0.2575751289127178,0.13559302290319192,0.10255075270743359,0.2662568724130187,0.1547952847710434,0.341193037215409,0.24793033457273903,0.418926763438986,0.36918464550171365,0.16414219184504322,0.4238523954944539,0.3877294793859673,0.21073076740775423,0.1782508355087118,0.34127785189457954,0.10612670541472269,0.14215073261127756,0.053549639679584225,0.4272201648895329,0.3584392855458013,0.37272660358810084,0.38342426434058235
2020,1,2,238,0.13872423400089715,0.2586967119670633,0.07010856513573102,0.11324565148826189,0.33869571459743014,0.3918867208197605,0.4819847354698098,0.18237529005815561,0.2123095774682949,0.2575751289127178,0.13559302290319192,0.10255075270743359,0.2662568724130187,0.1547952847710434,0.341193037215409,0.24793033457273903,0.418926763438986,0.36918464550171365,0.16414219184504322,0.4238523954944539,0.3877294793859673,0.21073076740775423,0.1782508355087118,0.34127785189457954,0.10612670541472269,0.14215073261127756,0.053549639679584225,0.4272201648895329,0.3584392855458013,0.37272660358810084,0.38342426434058235
2020,1,2,239,0.13872423400089715,0.2586967119670633,0.07010856513573102,0.11324565148826189,0.33869571459743014,0.3918867208197605,0.4819847354698098,0.18237529005815561,0.2123095774682949,0.2575751289127178,0.13559302290319192,0.10255075270743359,0.2662568724130187,0.1547952847710434,0.341193037215409,0.24793033457273903,0.418926763438986,0.36918464550171365,0.16414219184504322,0.4238523954944539,0.3877294793859673,0.21073076740775423,0.1782508355087118,0.34127785189457954,0.10612670541472269,0.14215073261127756,0.053549639679584225,0.4272201648895329,0.3584392855458013,0.37272660358810084,0.38342426434058235
2020,1,2,240,0.13872423400089715,0.2586967119670633,0.07010856513573102,0.11324565148826189,0.33869571459743014,0.3918867208197605,0.4819847354698098,0.18237529005815561,0.2123095774682949,0.2575751289127178,0.13559302290319192,0.10255075270743359,0.2662568724130187,0.1547952847710434,0.341193037215409,0.24793033457273903,0.418926763438986,0.36918464550171365,0.16414219184504322,0.4238523954944539,0.3877294793859673,0.21073076740775423,0.1782508355087118,0.34127785189457954,0.10612670541472269,0.14215073261127756,0.053549639679584225,0.4272201648895329,0.3584392855458013,0.37272660358810084,0.38342426434058235
2020,1,2,241,0.0,0.0,0.0,0.0,0.0,0.0,0.0,0.0,0.0,0.0,0.0,0.0,0.0,0.0,0.0,0.0,0.0,0.0,0.0,0.0,0.0,0.0,0.0,0.0,0.0,0.0,0.0,0.0,0.0,0.0,0.0
2020,1,2,242,0.0,0.0,0.0,0.0,0.0,0.0,0.0,0.0,0.0,0.0,0.0,0.0,0.0,0.0,0.0,0.0,0.0,0.0,0.0,0.0,0.0,0.0,0.0,0.0,0.0,0.0,0.0,0.0,0.0,0.0,0.0
2020,1,2,243,0.0,0.0,0.0,0.0,0.0,0.0,0.0,0.0,0.0,0.0,0.0,0.0,0.0,0.0,0.0,0.0,0.0,0.0,0.0,0.0,0.0,0.0,0.0,0.0,0.0,0.0,0.0,0.0,0.0,0.0,0.0
2020,1,2,244,0.0,0.0,0.0,0.0,0.0,0.0,0.0,0.0,0.0,0.0,0.0,0.0,0.0,0.0,0.0,0.0,0.0,0.0,0.0,0.0,0.0,0.0,0.0,0.0,0.0,0.0,0.0,0.0,0.0,0.0,0.0
2020,1,2,245,0.0,0.0,0.0,0.0,0.0,0.0,0.0,0.0,0.0,0.0,0.0,0.0,0.0,0.0,0.0,0.0,0.0,0.0,0.0,0.0,0.0,0.0,0.0,0.0,0.0,0.0,0.0,0.0,0.0,0.0,0.0
2020,1,2,246,0.0,0.0,0.0,0.0,0.0,0.0,0.0,0.0,0.0,0.0,0.0,0.0,0.0,0.0,0.0,0.0,0.0,0.0,0.0,0.0,0.0,0.0,0.0,0.0,0.0,0.0,0.0,0.0,0.0,0.0,0.0
2020,1,2,247,0.0,0.0,0.0,0.0,0.0,0.0,0.0,0.0,0.0,0.0,0.0,0.0,0.0,0.0,0.0,0.0,0.0,0.0,0.0,0.0,0.0,0.0,0.0,0.0,0.0,0.0,0.0,0.0,0.0,0.0,0.0
2020,1,2,248,0.0,0.0,0.0,0.0,0.0,0.0,0.0,0.0,0.0,0.0,0.0,0.0,0.0,0.0,0.0,0.0,0.0,0.0,0.0,0.0,0.0,0.0,0.0,0.0,0.0,0.0,0.0,0.0,0.0,0.0,0.0
2020,1,2,249,0.0,0.0,0.0,0.0,0.0,0.0,0.0,0.0,0.0,0.0,0.0,0.0,0.0,0.0,0.0,0.0,0.0,0.0,0.0,0.0,0.0,0.0,0.0,0.0,0.0,0.0,0.0,0.0,0.0,0.0,0.0
2020,1,2,250,0.0,0.0,0.0,0.0,0.0,0.0,0.0,0.0,0.0,0.0,0.0,0.0,0.0,0.0,0.0,0.0,0.0,0.0,0.0,0.0,0.0,0.0,0.0,0.0,0.0,0.0,0.0,0.0,0.0,0.0,0.0
2020,1,2,251,0.0,0.0,0.0,0.0,0.0,0.0,0.0,0.0,0.0,0.0,0.0,0.0,0.0,0.0,0.0,0.0,0.0,0.0,0.0,0.0,0.0,0.0,0.0,0.0,0.0,0.0,0.0,0.0,0.0,0.0,0.0
2020,1,2,252,0.0,0.0,0.0,0.0,0.0,0.0,0.0,0.0,0.0,0.0,0.0,0.0,0.0,0.0,0.0,0.0,0.0,0.0,0.0,0.0,0.0,0.0,0.0,0.0,0.0,0.0,0.0,0.0,0.0,0.0,0.0
2020,1,2,253,0.0,0.0,0.0,0.0,0.0,0.0,0.0,0.0,0.0,0.0,0.0,0.0,0.0,0.0,0.0,0.0,0.0,0.0,0.0,0.0,0.0,0.0,0.0,0.0,0.0,0.0,0.0,0.0,0.0,0.0,0.0
2020,1,2,254,0.0,0.0,0.0,0.0,0.0,0.0,0.0,0.0,0.0,0.0,0.0,0.0,0.0,0.0,0.0,0.0,0.0,0.0,0.0,0.0,0.0,0.0,0.0,0.0,0.0,0.0,0.0,0.0,0.0,0.0,0.0
2020,1,2,255,0.0,0.0,0.0,0.0,0.0,0.0,0.0,0.0,0.0,0.0,0.0,0.0,0.0,0.0,0.0,0.0,0.0,0.0,0.0,0.0,0.0,0.0,0.0,0.0,0.0,0.0,0.0,0.0,0.0,0.0,0.0
2020,1,2,256,0.0,0.0,0.0,0.0,0.0,0.0,0.0,0.0,0.0,0.0,0.0,0.0,0.0,0.0,0.0,0.0,0.0,0.0,0.0,0.0,0.0,0.0,0.0,0.0,0.0,0.0,0.0,0.0,0.0,0.0,0.0
2020,1,2,257,0.0,0.0,0.0,0.0,0.0,0.0,0.0,0.0,0.0,0.0,0.0,0.0,0.0,0.0,0.0,0.0,0.0,0.0,0.0,0.0,0.0,0.0,0.0,0.0,0.0,0.0,0.0,0.0,0.0,0.0,0.0
2020,1,2,258,0.0,0.0,0.0,0.0,0.0,0.0,0.0,0.0,0.0,0.0,0.0,0.0,0.0,0.0,0.0,0.0,0.0,0.0,0.0,0.0,0.0,0.0,0.0,0.0,0.0,0.0,0.0,0.0,0.0,0.0,0.0
2020,1,2,259,0.0,0.0,0.0,0.0,0.0,0.0,0.0,0.0,0.0,0.0,0.0,0.0,0.0,0.0,0.0,0.0,0.0,0.0,0.0,0.0,0.0,0.0,0.0,0.0,0.0,0.0,0.0,0.0,0.0,0.0,0.0
2020,1,2,260,0.0,0.0,0.0,0.0,0.0,0.0,0.0,0.0,0.0,0.0,0.0,0.0,0.0,0.0,0.0,0.0,0.0,0.0,0.0,0.0,0.0,0.0,0.0,0.0,0.0,0.0,0.0,0.0,0.0,0.0,0.0
2020,1,2,261,0.0,0.0,0.0,0.0,0.0,0.0,0.0,0.0,0.0,0.0,0.0,0.0,0.0,0.0,0.0,0.0,0.0,0.0,0.0,0.0,0.0,0.0,0.0,0.0,0.0,0.0,0.0,0.0,0.0,0.0,0.0
2020,1,2,262,0.0,0.0,0.0,0.0,0.0,0.0,0.0,0.0,0.0,0.0,0.0,0.0,0.0,0.0,0.0,0.0,0.0,0.0,0.0,0.0,0.0,0.0,0.0,0.0,0.0,0.0,0.0,0.0,0.0,0.0,0.0
2020,1,2,263,0.0,0.0,0.0,0.0,0.0,0.0,0.0,0.0,0.0,0.0,0.0,0.0,0.0,0.0,0.0,0.0,0.0,0.0,0.0,0.0,0.0,0.0,0.0,0.0,0.0,0.0,0.0,0.0,0.0,0.0,0.0
2020,1,2,264,0.0,0.0,0.0,0.0,0.0,0.0,0.0,0.0,0.0,0.0,0.0,0.0,0.0,0.0,0.0,0.0,0.0,0.0,0.0,0.0,0.0,0.0,0.0,0.0,0.0,0.0,0.0,0.0,0.0,0.0,0.0
2020,1,2,265,0.0,0.0,0.0,0.0,0.0,0.0,0.0,0.0,0.0,0.0,0.0,0.0,0.0,0.0,0.0,0.0,0.0,0.0,0.0,0.0,0.0,0.0,0.0,0.0,0.0,0.0,0.0,0.0,0.0,0.0,0.0
2020,1,2,266,0.0,0.0,0.0,0.0,0.0,0.0,0.0,0.0,0.0,0.0,0.0,0.0,0.0,0.0,0.0,0.0,0.0,0.0,0.0,0.0,0.0,0.0,0.0,0.0,0.0,0.0,0.0,0.0,0.0,0.0,0.0
2020,1,2,267,0.0,0.0,0.0,0.0,0.0,0.0,0.0,0.0,0.0,0.0,0.0,0.0,0.0,0.0,0.0,0.0,0.0,0.0,0.0,0.0,0.0,0.0,0.0,0.0,0.0,0.0,0.0,0.0,0.0,0.0,0.0
2020,1,2,268,0.0,0.0,0.0,0.0,0.0,0.0,0.0,0.0,0.0,0.0,0.0,0.0,0.0,0.0,0.0,0.0,0.0,0.0,0.0,0.0,0.0,0.0,0.0,0.0,0.0,0.0,0.0,0.0,0.0,0.0,0.0
2020,1,2,269,0.0,0.0,0.0,0.0,0.0,0.0,0.0,0.0,0.0,0.0,0.0,0.0,0.0,0.0,0.0,0.0,0.0,0.0,0.0,0.0,0.0,0.0,0.0,0.0,0.0,0.0,0.0,0.0,0.0,0.0,0.0
2020,1,2,270,0.0,0.0,0.0,0.0,0.0,0.0,0.0,0.0,0.0,0.0,0.0,0.0,0.0,0.0,0.0,0.0,0.0,0.0,0.0,0.0,0.0,0.0,0.0,0.0,0.0,0.0,0.0,0.0,0.0,0.0,0.0
2020,1,2,271,0.0,0.0,0.0,0.0,0.0,0.0,0.0,0.0,0.0,0.0,0.0,0.0,0.0,0.0,0.0,0.0,0.0,0.0,0.0,0.0,0.0,0.0,0.0,0.0,0.0,0.0,0.0,0.0,0.0,0.0,0.0
2020,1,2,272,0.0,0.0,0.0,0.0,0.0,0.0,0.0,0.0,0.0,0.0,0.0,0.0,0.0,0.0,0.0,0.0,0.0,0.0,0.0,0.0,0.0,0.0,0.0,0.0,0.0,0.0,0.0,0.0,0.0,0.0,0.0
2020,1,2,273,0.0,0.0,0.0,0.0,0.0,0.0,0.0,0.0,0.0,0.0,0.0,0.0,0.0,0.0,0.0,0.0,0.0,0.0,0.0,0.0,0.0,0.0,0.0,0.0,0.0,0.0,0.0,0.0,0.0,0.0,0.0
2020,1,2,274,0.0,0.0,0.0,0.0,0.0,0.0,0.0,0.0,0.0,0.0,0.0,0.0,0.0,0.0,0.0,0.0,0.0,0.0,0.0,0.0,0.0,0.0,0.0,0.0,0.0,0.0,0.0,0.0,0.0,0.0,0.0
2020,1,2,275,0.0,0.0,0.0,0.0,0.0,0.0,0.0,0.0,0.0,0.0,0.0,0.0,0.0,0.0,0.0,0.0,0.0,0.0,0.0,0.0,0.0,0.0,0.0,0.0,0.0,0.0,0.0,0.0,0.0,0.0,0.0
2020,1,2,276,0.0,0.0,0.0,0.0,0.0,0.0,0.0,0.0,0.0,0.0,0.0,0.0,0.0,0.0,0.0,0.0,0.0,0.0,0.0,0.0,0.0,0.0,0.0,0.0,0.0,0.0,0.0,0.0,0.0,0.0,0.0
2020,1,2,277,0.0,0.0,0.0,0.0,0.0,0.0,0.0,0.0,0.0,0.0,0.0,0.0,0.0,0.0,0.0,0.0,0.0,0.0,0.0,0.0,0.0,0.0,0.0,0.0,0.0,0.0,0.0,0.0,0.0,0.0,0.0
2020,1,2,278,0.0,0.0,0.0,0.0,0.0,0.0,0.0,0.0,0.0,0.0,0.0,0.0,0.0,0.0,0.0,0.0,0.0,0.0,0.0,0.0,0.0,0.0,0.0,0.0,0.0,0.0,0.0,0.0,0.0,0.0,0.0
2020,1,2,279,0.0,0.0,0.0,0.0,0.0,0.0,0.0,0.0,0.0,0.0,0.0,0.0,0.0,0.0,0.0,0.0,0.0,0.0,0.0,0.0,0.0,0.0,0.0,0.0,0.0,0.0,0.0,0.0,0.0,0.0,0.0
2020,1,2,280,0.0,0.0,0.0,0.0,0.0,0.0,0.0,0.0,0.0,0.0,0.0,0.0,0.0,0.0,0.0,0.0,0.0,0.0,0.0,0.0,0.0,0.0,0.0,0.0,0.0,0.0,0.0,0.0,0.0,0.0,0.0
2020,1,2,281,0.0,0.0,0.0,0.0,0.0,0.0,0.0,0.0,0.0,0.0,0.0,0.0,0.0,0.0,0.0,0.0,0.0,0.0,0.0,0.0,0.0,0.0,0.0,0.0,0.0,0.0,0.0,0.0,0.0,0.0,0.0
2020,1,2,282,0.0,0.0,0.0,0.0,0.0,0.0,0.0,0.0,0.0,0.0,0.0,0.0,0.0,0.0,0.0,0.0,0.0,0.0,0.0,0.0,0.0,0.0,0.0,0.0,0.0,0.0,0.0,0.0,0.0,0.0,0.0
2020,1,2,283,0.0,0.0,0.0,0.0,0.0,0.0,0.0,0.0,0.0,0.0,0.0,0.0,0.0,0.0,0.0,0.0,0.0,0.0,0.0,0.0,0.0,0.0,0.0,0.0,0.0,0.0,0.0,0.0,0.0,0.0,0.0
2020,1,2,284,0.0,0.0,0.0,0.0,0.0,0.0,0.0,0.0,0.0,0.0,0.0,0.0,0.0,0.0,0.0,0.0,0.0,0.0,0.0,0.0,0.0,0.0,0.0,0.0,0.0,0.0,0.0,0.0,0.0,0.0,0.0
2020,1,2,285,0.0,0.0,0.0,0.0,0.0,0.0,0.0,0.0,0.0,0.0,0.0,0.0,0.0,0.0,0.0,0.0,0.0,0.0,0.0,0.0,0.0,0.0,0.0,0.0,0.0,0.0,0.0,0.0,0.0,0.0,0.0
2020,1,2,286,0.0,0.0,0.0,0.0,0.0,0.0,0.0,0.0,0.0,0.0,0.0,0.0,0.0,0.0,0.0,0.0,0.0,0.0,0.0,0.0,0.0,0.0,0.0,0.0,0.0,0.0,0.0,0.0,0.0,0.0,0.0
2020,1,2,287,0.0,0.0,0.0,0.0,0.0,0.0,0.0,0.0,0.0,0.0,0.0,0.0,0.0,0.0,0.0,0.0,0.0,0.0,0.0,0.0,0.0,0.0,0.0,0.0,0.0,0.0,0.0,0.0,0.0,0.0,0.0
2020,1,2,288,0.0,0.0,0.0,0.0,0.0,0.0,0.0,0.0,0.0,0.0,0.0,0.0,0.0,0.0,0.0,0.0,0.0,0.0,0.0,0.0,0.0,0.0,0.0,0.0,0.0,0.0,0.0,0.0,0.0,0.0,0.0
